base_torque,imu_pitch,imu_roll,offset_front,offset_rear,omega_body,omega_rel,theta_body,theta_front,theta_rear,theta_rel,timestamp,type,u_front,u_rear
,-0.0011063215959955168,0.002888921477638116,,,-0.0031381450605170386,0.021229653053525248,-5.496282920591713e-05,-0.0014622445776566746,0.0023503019529108257,0.00044402868762707557,1.6120834350585938,state,,
-0.11571496447515016,,,-0.019285827412525026,-0.019285827412525026,,,,,,,1.6120986938476562,control,-0.05785748223757508,-0.05785748223757508
,0.00796209582704866,0.0009049509794779323,,,-0.008722381471124533,-1.0870524164107485,-0.0001438241917973732,-0.019536157362374903,-0.025724023365549326,-0.022630090363962116,1.6169171333312988,state,,
-0.5,,,-0.048900110864274524,-0.048900110864274524,,,,,,,1.616929531097412,control,-0.24999999999999997,-0.25
,0.001585253893989264,-0.013546764448031974,,,-0.005477815208858521,-2.4883166239517633,-0.0003930331000542026,-0.05675234112976106,-0.05799463087926082,-0.05737348600451094,1.621873378753662,state,,
-0.5,,,-0.07792210864698904,-0.07792210864698904,,,,,,,1.621882677078247,control,-0.25,-0.25
,-0.0013828904591103714,-0.003013391323461425,,,-0.0016665426066825141,-5.969786644429347,-0.000436190565423036,-0.13914849416757388,-0.14611497688279146,-0.14263173552518266,1.627274751663208,state,,
-0.5,,,-0.10636366647404925,-0.10636366647404925,,,,,,,1.6272876262664795,control,-0.2500000000000001,-0.24999999999999986
,-0.00042116187758472193,0.0015553874822769357,,,-0.0031778747916745608,-10.120144076935981,-0.0004769244245611762,-0.2721385547765648,-0.24643633723948397,-0.2592874460080244,1.632413387298584,state,,
-0.5,,,-0.13423639314456826,-0.13423639314456826,,,,,,,1.6324455738067627,control,-0.24999999999999986,-0.2500000000000001
,-0.0015657663837873356,-0.0007359924505262686,,,-0.0061759285805270394,-13.908032025738294,-0.0006057745071087399,-0.3864253981173283,-0.3918020323421252,-0.3891137152297267,1.6377708911895752,state,,
-0.5,,,-0.1615516652816769,-0.1615516652816769,,,,,,,1.6377854347229004,control,-0.2500000000000003,-0.24999999999999972
,-0.0056532992106857255,-0.007527187688467551,,,-0.00639854339649731,-18.976990894741355,-0.0008463201283463823,-0.5641987216764243,-0.5651485897967109,-0.5646736557365676,1.6427497863769531,state,,
-0.5,,,-0.18832063197604335,-0.18832063197604335,,,,,,,1.6427624225616455,control,-0.25,-0.25
,0.004452324706596872,-0.003569845058236108,,,-0.005222569228774092,-22.343562391225444,-0.0009059298155940514,-0.7302980036853054,-0.7296462306876286,-0.729972117186467,1.6480443477630615,state,,
-0.5,,,-0.21455421933652247,-0.21455421933652247,,,,,,,1.6480584144592285,control,-0.24999999999999944,-0.25000000000000056
,0.0006726650002645654,0.0022319688295226532,,,-0.0042135778123353436,-27.11602919682653,-0.0008823453402251562,-0.9477248722231827,-0.9352919906886968,-0.9415084314559398,1.655681848526001,state,,
-0.5,,,-0.240263134949792,-0.240263134949792,,,,,,,1.6556968688964844,control,-0.25,-0.25
,0.007025166276377871,0.013655807651824822,,,-0.0007334514538167749,-32.232411456774585,-0.0005443166315328711,-1.1837344594896577,-1.184466023473651,-1.1841002414816544,1.6582355499267578,state,,
-0.26433404964453866,,,-0.2654578722507962,-0.2654578722507962,,,,,,,1.658247709274292,control,-0.13216702482226933,-0.13216702482226933
,0.0018654706649911454,-0.004869161940498573,,,-0.0018278632826371018,-37.347812642325806,-0.0006720863369081527,-1.4615548096439335,-1.442952076658357,-1.4522534431511454,1.6633672714233398,state,,
0.49999850180134814,,,-0.23014871480578028,-0.23014871480578028,,,,,,,1.663379430770874,control,0.24999925090067518,0.24999925090067296
,-0.009294305937477772,0.007759003401973842,,,-0.005175956941187888,-39.55721675061346,-0.0006972509944563288,-1.6820139831622305,-1.6883925876704988,-1.6852032854163648,1.6684565544128418,state,,
0.49999850180134814,,,-0.19554574050966467,-0.19554574050966467,,,,,,,1.668468713760376,control,0.24999925090067518,0.24999925090067296
,-0.00882870243109519,0.0010980683312964343,,,-0.007681152482656103,-39.645627056245885,-0.0008412730226543118,-1.8803724652028944,-1.8893045636246273,-1.8848385144137607,1.6736414432525635,state,,
0.49999850180134814,,,-0.16163482569947138,-0.16163482569947138,,,,,,,1.6736559867858887,control,0.24999925090067296,0.24999925090067518
,-0.007189887778356444,-0.00016271257451857938,,,-0.008934379423455104,-38.21495436405922,-0.000980267541163056,-2.05828762259596,-2.0479992236905344,-2.053143423143247,1.6790053844451904,state,,
0.49999850180134814,,,-0.12840212918548194,-0.12840212918548194,,,,,,,1.6790199279785156,control,0.24999925090067185,0.2499992509006763
,0.007174414149600832,-0.005151470889755855,,,-0.01178990045942838,-35.16317198616184,-0.0011414090589558048,-2.1767620748523426,-2.1840152411591482,-2.1803886580057457,1.683711290359497,state,,
0.49999850180134814,,,-0.09583408660177231,-0.09583408660177231,,,,,,,1.6837241649627686,control,0.2499992509006763,0.24999925090067185
,-0.006533762066375594,0.004311962290822968,,,-0.018965533509785363,-31.191269646297187,-0.0013279601664061358,-2.266792893465136,-2.2794675408357823,-2.273130217150459,1.6887729167938232,state,,
0.49999850180134814,,,-0.06391740486973686,-0.06391740486973686,,,,,,,1.6887822151184082,control,0.24999925090067407,0.24999925090067407
,0.006147508058291061,0.0038016026816331937,,,-0.024036657769579195,-25.989154790369973,-0.0014180873791036594,-2.3320215251747913,-2.3085419982593063,-2.320281761717049,1.6941962242126465,state,,
0.49999850180134814,,,-0.03263905677234212,-0.03263905677234212,,,,,,,1.694211721420288,control,0.2499992509006763,0.24999925090067185
,0.002061201025989747,0.005454434339247411,,,-0.02389104265964101,-22.16604015342316,-0.0014239921007613676,-2.3719939012273064,-2.368536505245611,-2.3702652032364586,1.6991569995880127,state,,
0.49999850180134814,,,-0.0019862756368952753,-0.0019862756368952753,,,,,,,1.6991913318634033,control,0.24999925090067407,0.24999925090067407
,0.007994352355721745,0.00581229750257291,,,-0.022763329937147078,-17.18774553958759,-0.0013582192842425836,-2.3791775007526983,-2.374766321924157,-2.3769719113384276,1.704383134841919,state,,
0.49999850180134814,,,0.02805344987584263,0.02805344987584263,,,,,,,1.704392433166504,control,0.24999925090067407,0.24999925090067407
,-0.0004108610838625527,0.00385454634026964,,,-0.020353436300364906,-11.597102232810446,-0.0013607419175497295,-2.3567154919423454,-2.335243649595174,-2.3459795707687596,1.7094650268554688,state,,
0.49999850180134814,,,0.057492380878325776,0.057492380878325776,,,,,,,1.7094731330871582,control,0.24999925090067407,0.24999925090067407
,0.0040176605750023514,-0.006607047231731092,,,-0.023142590500559196,-6.6480001712655294,-0.0016193441442486978,-2.293149345997666,-2.3077549858602757,-2.300452165928971,1.7145798206329346,state,,
0.49999850180134814,,,0.08634253326075926,0.08634253326075926,,,,,,,1.7145893573760986,control,0.24999925090067407,0.24999925090067407
,-0.002534855793531617,0.004368447311916656,,,-0.023597968071240993,-0.058573967435329166,-0.001683466384641738,-2.1877096283300275,-2.2040324927065,-2.1958710605182636,1.7197265625,state,,
0.49999850180134814,,,0.11461568259554407,0.11461568259554407,,,,,,,1.7197353839874268,control,0.24999925090067407,0.24999925090067407
,-0.0014580102797053266,0.0011860396566968398,,,-0.02548564180535959,5.302718024574759,-0.0018289927878347373,-2.090233457800219,-2.0778262586130807,-2.08402985820665,1.7248058319091797,state,,
0.49999850180134814,,,0.14232336894363318,0.14232336894363318,,,,,,,1.7248141765594482,control,0.24999925090067407,0.24999925090067407
,0.0029592760143968347,-0.00766422088251168,,,-0.032925708601330275,10.679902351728423,-0.002226201122328866,-1.9541338676886737,-1.935965732090787,-1.9450497998897305,1.7301092147827148,state,,
0.49999850180134814,,,0.1694769015647605,0.1694769015647605,,,,,,,1.7301177978515625,control,0.24999925090067518,0.24999925090067296
,0.0041040051174553085,0.0008241587916539495,,,-0.030890012831614376,16.73765745482146,-0.0022915670768423944,-1.772705270828815,-1.7571934206629491,-1.764949345745882,1.7352838516235352,state,,
0.49999850180134814,,,0.1960873635334653,0.1960873635334653,,,,,,,1.735292911529541,control,0.24999925090067407,0.24999925090067407
,-0.0026397164371256237,0.0036138400538888865,,,-0.026941225281289335,22.02280580534983,-0.0023047258335950633,-1.5735621852552855,-1.5678769511908666,-1.5707195682230761,1.7405080795288086,state,,
0.49999850180134814,,,0.222165616262796,0.222165616262796,,,,,,,1.7405178546905518,control,0.24999925090067518,0.24999925090067296
,-0.005992293934022792,-0.005597662808938455,,,-0.027566901713643385,27.17256287619885,-0.002587991622510661,-1.3468016219971006,-1.3589900269774509,-1.3528958244872757,1.7455241680145264,state,,
0.49999850180134814,,,0.24772230393754008,0.24772230393754008,,,,,,,1.7455337047576904,control,0.24999925090067407,0.24999925090067407
,-0.0005443253024908053,6.0443575782553076e-05,,,-0.0221607627714438,32.797135647082015,-0.0025994877850770716,-1.1044103489827493,-1.0943742316677552,-1.0993922903252522,1.7505466938018799,state,,
0.49999850180134814,,,0.27276785785878926,0.27276785785878926,,,,,,,1.7505548000335693,control,0.24999925090067407,0.24999925090067407
,0.008032917695803662,0.0012306041574535649,,,-0.02292876222912773,38.31695985042689,-0.0026253768989496626,-0.8235711026307955,-0.816342418123316,-0.8199567603770557,1.7556767463684082,state,,
0.49999850180134814,,,0.2973125007016135,0.2973125007016135,,,,,,,1.7556848526000977,control,0.24999925090067351,0.24999925090067462
,0.0014723270621991443,0.005974512458356674,,,-0.017475991598771737,43.22533146367326,-0.0024876418343720043,-0.5222619659869092,-0.5291599191744494,-0.5257109425806793,1.7607836723327637,state,,
0.49999850180134814,,,0.3213662506875813,0.3213662506875813,,,,,,,1.7607924938201904,control,0.24999925090067407,0.24999925090067407
,-0.001503804499661999,0.0013326521078129226,,,-0.015185205309785186,47.730034145631265,-0.0024990580042149155,-0.21011541593102054,-0.22061698797543844,-0.21536620195322947,1.7658369541168213,state,,
0.49999850180134814,,,0.34493892567382967,0.34493892567382967,,,,,,,1.7658450603485107,control,0.24999925090067393,0.2499992509006742
,-0.0027413149315133277,0.007856224289597338,,,-0.010867464009485519,52.93871915774307,-0.0023455264296446377,0.13588472547758468,0.1285676555306397,0.1322261905041122,1.7712228298187256,state,,
0.49999850180134814,,,0.36804014716035305,0.36804014716035305,,,,,,,1.7712328433990479,control,0.24999925090067407,0.24999925090067407
,-0.004805782613655314,-0.0016008868151958595,,,-0.006867340981724529,57.67756050849704,-0.0023713674599565296,0.49051028679796416,0.5015597043953842,0.4960349955966742,1.7762877941131592,state,,
0.49999850180134814,,,0.390679344217146,0.390679344217146,,,,,,,1.776299238204956,control,0.24999925090067407,0.24999925090067407
,0.001281862166315107,-0.0030445329750977647,,,-0.00390168252287429,62.67441262742546,-0.0023798846238165475,0.8948589050260909,0.8830099553668463,0.8889344301964686,1.7815043926239014,state,,
0.49999850180134814,,,0.41286575733280306,0.41286575733280306,,,,,,,1.78151273727417,control,0.24999925090067462,0.24999925090067351
,0.006598956917851493,-0.00026056323698279884,,,0.001379354445403783,67.82700221311265,-0.0022350495691145595,1.309688552514074,1.3104623504671773,1.3100754514906257,1.7865571975708008,state,,
0.49999850180134814,,,0.434608442186147,0.434608442186147,,,,,,,1.7865660190582275,control,0.24999925090067407,0.24999925090067407
,-0.0011999778003009612,-0.0004733081985400233,,,0.00825435236144246,72.36421127900302,-0.0020964420304072366,1.7517613150255882,1.7364555508812565,1.7441084329534222,1.7915940284729004,state,,
0.49999850180134814,,,0.4559162733424241,0.4559162733424241,,,,,,,1.791602373123169,control,0.24999925090067518,0.24999925090067296
,-0.0006584797862007477,0.00302339835881847,,,0.018544969510872547,76.35768116530589,-0.0017879542183983999,2.1803183395868713,2.1985914324717792,2.189454886029325,1.7968089580535889,state,,
0.49999850180134814,,,0.4767979478755756,0.4767979478755756,,,,,,,1.7968177795410156,control,0.2499992509006763,0.24999925090067185
,-0.007468675551453263,-0.0014441795874941589,,,0.018670877035336576,81.58068562540865,-0.0017771057703712693,2.6747044734639407,2.6862655503720703,2.6804850119180053,1.8020503520965576,state,,
0.49999850180134814,,,0.49726198891806406,0.49726198891806406,,,,,,,1.8020882606506348,control,0.2499992509006763,0.24999925090067185
,-0.0030852270291554847,0.0016914056890152017,,,0.024920633117526368,85.8790964785194,-0.0015495498961089144,3.1812127085097455,3.1753709470539446,3.178291827781845,1.8072490692138672,state,,
0.26584873670363707,,,0.5173167491397027,0.5173167491397027,,,,,,,1.8072597980499268,control,0.13292436835181853,0.13292436835181853
,0.005089120422436719,0.004836170768642132,,,0.023274174554198623,89.23983326410348,-0.0013386571522910123,3.6808328556098835,3.6751247069661366,3.67797878128801,1.812408685684204,state,,
-0.5,,,0.47697041415690866,0.47697041415690866,,,,,,,1.8124175071716309,control,-0.24999999999999778,-0.2500000000000022
,0.007207076864860491,0.011809679527719061,,,0.02620765664926593,91.78521635346436,-0.0009009474297456804,4.182861194055037,4.171970592202486,4.177415893128762,1.8176014423370361,state,,
-0.5,,,0.4374310058737705,0.4374310058737705,,,,,,,1.817610263824463,control,-0.25000000000000444,-0.24999999999999556
,0.0016645114946273422,0.002572776457374056,,,0.026280205579484458,90.59322384824999,-0.0007289530400546151,4.60780690178457,4.6150148230887815,4.611410862436676,1.822779655456543,state,,
-0.5,,,0.3986823857562951,0.3986823857562951,,,,,,,1.8227896690368652,control,-0.25000000000000444,-0.24999999999999556
,-0.0053466492877810405,-0.0014432045154972426,,,0.03204370705098429,87.72564885695868,-0.0005700470340051989,4.992762027289545,5.016038439243253,5.004400233266399,1.8281283378601074,state,,
-0.5,,,0.3607087380411692,0.3607087380411692,,,,,,,1.828141689300537,control,-0.24999999999999556,-0.25000000000000444
,0.007274854136544973,-0.00037710444277358913,,,0.038628029162059874,83.40902550473416,-0.0002557063236180066,5.357009110487284,5.348479222298367,5.352744166392825,1.8329288959503174,state,,
-0.5,,,0.32349456328034587,0.32349456328034587,,,,,,,1.8329377174377441,control,-0.25,-0.25
,0.0006102393816147936,0.005385637903142435,,,0.044190907311162764,78.81202383125269,0.00012118194888514043,5.674409429374007,5.672872033776912,5.67364073157546,1.8381190299987793,state,,
-0.5,,,0.2870246720147389,0.2870246720147389,,,,,,,1.838127613067627,control,-0.25,-0.25
,0.0011123943942788778,-0.00021174993498706212,,,0.04626672989086209,73.9615330001021,0.0003461047688142954,5.9787515047035615,5.953749370008472,5.966250437356017,1.8434226512908936,state,,
-0.5,,,0.2512841785744442,0.2512841785744442,,,,,,,1.8434312343597412,control,-0.25,-0.25
,0.005793762817037715,0.006371271986961762,,,0.04763361219181628,68.52471903756357,0.0007191853632452041,6.22922622069508,6.215462681030781,6.222344450862931,1.8486089706420898,state,,
-0.5,,,0.2162584950029553,0.2162584950029553,,,,,,,1.8486199378967285,control,-0.25000000000000444,-0.24999999999999556
,0.005470420108231272,-0.004606192382278417,,,0.04989566845870154,62.42234677137311,0.0009036024897489177,6.436804370423662,6.43786345686571,6.437333913644686,1.8538384437561035,state,,
-0.5,,,0.1819333251028962,0.1819333251028962,,,,,,,1.853848934173584,control,-0.25,-0.25
,-0.00327846625586921,-0.0008977775626876038,,,0.05245780234550498,56.27601396560261,0.0011054445336672756,6.607123562190664,6.634660555169482,6.620892058680074,1.859022855758667,state,,
-0.5,,,0.14829465860083826,0.14829465860083826,,,,,,,1.8590319156646729,control,-0.25000000000000444,-0.24999999999999556
,0.0015151723574359877,0.007409603453829504,,,0.054578981809161604,49.85786431338338,0.0014966363150778507,6.761705314345108,6.774361397618028,6.768033355981569,1.864060401916504,state,,
-0.5,,,0.1153287654288215,0.1153287654288215,,,,,,,1.8640694618225098,control,-0.25000000000000444,-0.24999999999999556
,0.002656462098931928,0.0012742727029131928,,,0.05904594666728444,43.907704900599,0.0018330270915975554,6.8842794736828,6.901464830740448,6.892872152211623,1.8692800998687744,state,,
-0.5,,,0.08302219012024507,0.08302219012024507,,,,,,,1.8693037033081055,control,-0.24999999999999556,-0.25000000000000444
,-0.0035720595141605378,-0.008771880142991066,,,0.05906705977353311,37.26305726066746,0.001860634065014854,6.973151094971928,6.973718078658194,6.973434586815061,1.8744831085205078,state,,
-0.5,,,0.05136174631784017,0.05136174631784017,,,,,,,1.8744921684265137,control,-0.25,-0.25
,0.01350917388495205,-0.0004941371948521844,,,0.06160218796161884,30.613163795926834,0.002219912628069968,7.022233427975822,7.019094700423976,7.020664064199899,1.8795137405395508,state,,
-0.5,,,0.020334511391483366,0.020334511391483366,,,,,,,1.8795220851898193,control,-0.25,-0.25
,-0.0004468540214115726,0.0030067429402088203,,,0.06360819204416085,24.1386849015101,0.0025349291328041366,7.032696726587297,7.043929186829487,7.038312956708392,1.8846337795257568,state,,
-0.5,,,-0.010072178836346299,-0.010072178836346299,,,,,,,1.8846423625946045,control,-0.25,-0.25
,-0.006658641940203403,-0.004335415988684533,,,0.061677103437688466,18.155185423063553,0.002590294941655264,7.027445046897062,7.040272016953847,7.033858531925455,1.8901331424713135,state,,
-0.5,,,-0.03987073525961937,-0.03987073525961937,,,,,,,1.8901500701904297,control,-0.25000000000000444,-0.24999999999999556
,0.0034462215606632695,-0.0014288813517958174,,,0.06489691548802672,10.712025659966427,0.002869700095897975,6.972263175741879,6.965651011004774,6.9689570933733265,1.89503812789917,state,,
-0.5,,,-0.06907332055442698,-0.06907332055442698,,,,,,,1.895047903060913,control,-0.25,-0.25
,0.0011407338921190474,-0.004900320877642816,,,0.06489163364022976,5.6571829179716575,0.0030116011355286335,6.896450502510795,6.9371348716274435,6.916792687069119,1.9001939296722412,state,,
-0.5,,,-0.09769185414333845,-0.09769185414333845,,,,,,,1.900202751159668,control,-0.24999999999999556,-0.25000000000000444
,0.0027934188753214457,0.0013458332881910071,,,0.0685726371960663,-0.15248417522014002,0.003354460751953871,6.819735991269638,6.82739709399644,6.8235665426330385,1.905447244644165,state,,
-0.5,,,-0.12573801706047166,-0.12573801706047166,,,,,,,1.9055140018463135,control,-0.24999999999999556,-0.25000000000000444
,-0.001046862035407812,-0.005841329055077512,,,0.07219820458118467,-6.3173638448826175,0.0035453766633761156,6.683093805103379,6.704631427115169,6.693862616109274,1.9106650352478027,state,,
-0.5,,,-0.15322325671926224,-0.15322325671926224,,,,,,,1.9106745719909668,control,-0.25,-0.25
,-0.0026800034471260604,0.007570257673550106,,,0.07469947858670167,-11.599876556186711,0.00396411093144648,6.539370387368969,6.564208477297749,6.551789432333359,1.915778636932373,state,,
-0.5,,,-0.180158791584877,-0.180158791584877,,,,,,,1.915787696838379,control,-0.25,-0.25
,0.011239576951267751,0.0028748431013509573,,,0.07100516710978816,-17.447495473350934,0.004275935086428493,6.373731239698368,6.369237179037967,6.371484209368168,1.9209010601043701,state,,
-0.5,,,-0.20655561575317946,-0.20655561575317946,,,,,,,1.920910120010376,control,-0.25000000000000444,-0.24999999999999556
,0.002173736347895348,-0.004350544793338274,,,0.06859704879090833,-22.743228864539283,0.004388272512113245,6.1686175548894076,6.178350145900648,6.173483850395028,1.9261400699615479,state,,
-0.5,,,-0.23242450343811585,-0.23242450343811585,,,,,,,1.9261486530303955,control,-0.25000000000000444,-0.24999999999999556
,-0.008229867389354198,0.003101774070064242,,,0.06863888444362178,-29.685361561374403,0.004597890626489746,5.927505266337957,5.90163387197812,5.914569569158038,1.9311869144439697,state,,
-0.5,,,-0.2577760133693535,-0.2577760133693535,,,,,,,1.9311954975128174,control,-0.24999999999999556,-0.25000000000000444
,-0.00644023347131471,0.0069936572700475185,,,0.06630285091173793,-34.674848780172624,0.004840345273788126,5.65857177169866,5.664998567942576,5.661785169820618,1.9364206790924072,state,,
-0.5,,,-0.28262049310196646,-0.28262049310196646,,,,,,,1.9364299774169922,control,-0.25,-0.25
,-0.004809445677262404,-0.01183857407833368,,,0.06829843176078182,-39.54731445085755,0.004817697593399376,5.389662765619107,5.383339030206538,5.386500897912823,1.9417006969451904,state,,
-0.5,,,-0.3069680832399271,-0.3069680832399271,,,,,,,1.941711664199829,control,-0.25000000000000444,-0.24999999999999556
,-0.002673113555717391,-0.0014312788701835652,,,0.06168760821037546,-45.05445938063784,0.004838001051533554,5.071309798753433,5.075849535686235,5.073579667219834,1.9467380046844482,state,,
-0.5,,,-0.33082872157512855,-0.33082872157512855,,,,,,,1.9467475414276123,control,-0.25,-0.25
,0.0025762743385903853,0.006997226389504674,,,0.06149572959866977,-49.63588472882237,0.005152580591180451,4.7524256002369105,4.752543588800519,4.752484594518714,1.9519295692443848,state,,
-0.5,,,-0.3542121471436259,-0.3542121471436259,,,,,,,1.9519386291503906,control,-0.24999999999999556,-0.25000000000000444
,0.007008117735621243,0.004243090308263814,,,0.05792120257288096,-54.989062696050254,0.005372369449690615,4.390498418575746,4.394183196554192,4.392340807564969,1.9570472240447998,state,,
-0.5,,,-0.37712790420075337,-0.37712790420075337,,,,,,,1.957056999206543,control,-0.24999999999999556,-0.25000000000000444
,-0.008145742304728629,0.00019625652032048655,,,0.0507668987669343,-60.172454647577936,0.005309164140273054,4.013676433501309,4.004288144939173,4.008982289220241,1.9620850086212158,state,,
-0.5,,,-0.39958534611673835,-0.39958534611673835,,,,,,,1.9620938301086426,control,-0.25,-0.25
,0.0014892662079804108,0.0015461907757553417,,,0.04880031436940891,-64.49860145890354,0.005415135186216151,3.6171098108190125,3.618163223119692,3.6176365169693523,1.9671978950500488,state,,
-0.5,,,-0.4215936391944036,-0.4215936391944036,,,,,,,1.9672064781188965,control,-0.25,-0.25
,0.0015371278327361315,-0.004131416665059483,,,0.04595066793304872,-69.01424938471304,0.005386175246073482,3.1971389143506705,3.2042540880098547,3.2006965011802624,1.972322940826416,state,,
-0.5,,,-0.4431617664105155,-0.4431617664105155,,,,,,,1.9723527431488037,control,-0.24999999999999778,-0.2500000000000022
,-0.0008107988894538666,0.0023305982002859767,,,0.04120948377867707,-73.9682314236232,0.0054076166814512145,2.7576763138682066,2.746344228359882,2.7520102711140444,1.9776933193206787,state,,
-0.5,,,-0.46429853108230523,-0.46429853108230523,,,,,,,1.9777064323425293,control,-0.2500000000000022,-0.24999999999999778
,-0.00018758340912261646,0.0015913291103867473,,,0.03559133203263298,-78.4428933279521,0.005378323365315287,2.301650009739905,2.2755086870608743,2.28857934840039,1.9827907085418701,state,,
-0.5,,,-0.4850125604606591,-0.4850125604606591,,,,,,,1.982799768447876,control,-0.2500000000000022,-0.24999999999999778
,-0.008705624356522166,-0.006761071303302061,,,0.034460867628004516,-82.58968272836916,0.005195701325301903,1.8259203777173234,1.793345085592275,1.809632731654799,1.987989902496338,state,,
-0.5,,,-0.5053123092514459,-0.5053123092514459,,,,,,,1.9880034923553467,control,-0.2499999999999989,-0.2500000000000011
,0.00020331727141007855,0.004939526190978793,,,0.03128531412871222,-87.77177751386378,0.005252722480164651,1.2987741450724122,1.2778223429621072,1.2882982440172597,1.9930083751678467,state,,
-0.5,,,-0.5252060630664169,-0.5252060630664169,,,,,,,1.9930188655853271,control,-0.25,-0.25
,-0.0036466818829768845,0.007400840793298467,,,0.02694501694375887,-91.50424154333967,0.005286277422598661,0.7787506940129604,0.7639953585474061,0.7713730262801832,1.9980590343475342,state,,
-0.5,,,-0.5447019418050886,-0.5447019418050886,,,,,,,1.99806809425354,control,-0.25,-0.25
,-0.001222695213985274,-0.0006132012054852787,,,0.022153469616119727,-95.98580010915347,0.005157832349638659,0.21482598463079616,0.225409627137017,0.2201178058839066,2.0032050609588623,state,,
-0.5,,,-0.5638079029689869,-0.5638079029689869,,,,,,,2.003213405609131,control,-0.25,-0.25
,0.00184165657688478,-0.005209211762915793,,,0.01605809858847141,-99.61186317166562,0.004919168541609479,-0.33174110902976317,-0.3395630829914287,-0.3356520960105959,2.0083930492401123,state,,
-0.5,,,-0.5825317449096071,-0.5825317449096071,,,,,,,2.00840163230896,control,-0.25,-0.25
,0.0006867414639308602,0.0012316043796538794,,,0.013289371998845258,-104.394807505485,0.00483462199533575,-0.928799025934358,-0.9386990877938296,-0.9337490568640938,2.0136585235595703,state,,
-0.5,,,-0.600881110011415,-0.600881110011415,,,,,,,2.013669967651367,control,-0.25,-0.25
,-0.0007527912819427478,6.59280563564552e-05,,,0.008846632877673148,-107.4109814045662,0.004671548429404361,-1.5287286353238863,-1.5088870895026691,-1.5188078624132777,2.018732786178589,state,,
-0.5,,,-0.6188634878111867,-0.6188634878111867,,,,,,,2.0187416076660156,control,-0.25,-0.25
,0.0018959976520017108,0.0035028528805922028,,,-0.0029243693091442506,-110.89626624872135,0.004423254955567516,-2.126178862220795,-2.131339587299086,-2.1287592247599405,2.023688554763794,state,,
-0.5,,,-0.636486218054963,-0.636486218054963,,,,,,,2.0236971378326416,control,-0.25,-0.25
,0.0026699479016241505,-0.006165556007176794,,,-0.009817629486976905,-115.10124337611728,0.004048440330346613,-2.7793848782894086,-2.7629945840743293,-2.771189731181869,2.028886556625366,state,,
-0.5,,,-0.6537564936938637,-0.6537564936938637,,,,,,,2.0288946628570557,control,-0.25,-0.25
,-0.00405958210091337,-0.0021113433816541734,,,-0.016129179481710193,-118.97203719472884,0.003684567588132533,-3.427229731182282,-3.428081297113061,-3.4276555141476717,2.034116506576538,state,,
-0.5,,,-0.6706813638199864,-0.6706813638199864,,,,,,,2.034125566482544,control,-0.24999999999999778,-0.2500000000000022
,0.007675589976628693,-0.006309803847168973,,,-0.02351612693432313,-123.28667023771105,0.003284206302069878,-4.1108672483813296,-4.114649517574773,-4.112758382978051,2.039320707321167,state,,
-0.5,,,-0.6872677365435867,-0.6872677365435867,,,,,,,2.0393338203430176,control,-0.25,-0.25
,0.0005522524957362833,0.0019744673585705592,,,-0.030700493751550456,-125.99426037091757,0.002960732763666179,-4.79908046021061,-4.772564180168001,-4.785822320189306,2.0444209575653076,state,,
0.49999462792660787,,,-0.6435223818127149,-0.6435223818127149,,,,,,,2.0444304943084717,control,0.24999731396330394,0.24999731396330394
,-0.003674323104365045,0.0008885748833228905,,,-0.03520518559951064,-126.93337322707168,0.0026118923582077506,-5.436839599410069,-5.434031663874874,-5.435435631642472,2.0495104789733887,state,,
0.49999462792660787,,,-0.6006519341764606,-0.6006519341764606,,,,,,,2.049518585205078,control,0.24999731396330394,0.24999731396330394
,0.00422372190517676,0.005130781870755587,,,-0.03847295685021627,-125.05139802515517,0.0024107501720762414,-6.037200805498344,-6.024279306805875,-6.030740056152109,2.054748058319092,state,,
0.49999462792660787,,,-0.5586388954929313,-0.5586388954929313,,,,,,,2.0547590255737305,control,0.24999731396330394,0.24999731396330394
,0.014201951051849588,-0.007119540384672377,,,-0.04035096654468358,-121.63901767320476,0.0020727386014931497,-6.589695020894068,-6.579555827997686,-6.584625424445877,2.059924840927124,state,,
0.49999462792660787,,,-0.5174661175830727,-0.5174661175830727,,,,,,,2.0599353313446045,control,0.24999731396330394,0.24999731396330394
,-0.003334242900046013,0.00025593737945386235,,,-0.046298974904563514,-117.36941928226906,0.00165556510668573,-7.096280350325494,-7.110759153602026,-7.10351975196376,2.0650594234466553,state,,
0.49999462792660787,,,-0.47711679523141126,-0.47711679523141126,,,,,,,2.0650687217712402,control,0.24999731396330394,0.24999731396330394
,-0.0031412244359351805,0.001313906979317945,,,-0.0552606108673018,-112.28226159436372,0.001176898667474478,-7.589741547207159,-7.578191314200384,-7.5839664307037715,2.0702574253082275,state,,
0.49999462792660787,,,-0.43757445932678307,-0.43757445932678307,,,,,,,2.0702664852142334,control,0.24999731396330394,0.24999731396330394
,-0.0003805762283061949,-0.001209187498887851,,,-0.06380557783784019,-106.61526439965844,0.0006460869738683364,-8.035202522089635,-8.01849686010944,-8.026849691099539,2.075430154800415,state,,
0.49999462792660787,,,-0.39882297014024737,-0.39882297014024737,,,,,,,2.0754544734954834,control,0.24999731396331282,0.24999731396329505
,-0.007733140246356865,0.0015491907733510741,,,-0.06831766251739654,-100.46629842359724,0.00016329223218956238,-8.446973264142596,-8.41566143629365,-8.431317350218123,2.0804944038391113,state,,
0.49999462792660787,,,-0.36084651073744245,-0.36084651073744245,,,,,,,2.080503463745117,control,0.24999731396330394,0.24999731396330394
,-0.003670519705786032,-0.004517327737120076,,,-0.07260725094810164,-93.81246843232935,-0.00040987131576860627,-8.800816092881448,-8.788145305157412,-8.79448069901943,2.085597276687622,state,,
0.49999462792660787,,,-0.32362958052269364,-0.32362958052269364,,,,,,,2.085606336593628,control,0.24999731396331282,0.24999731396329505
,-0.010368538213939774,0.00249720685896273,,,-0.08174721134538525,-86.60906786459661,-0.0010115045398792909,-9.118342962633212,-9.107417752566489,-9.11288035759985,2.090855598449707,state,,
0.49999462792660787,,,-0.28715698891223973,-0.28715698891223973,,,,,,,2.0908641815185547,control,0.24999731396330394,0.24999731396330394
,0.002011983140530629,-0.010199082922918214,,,-0.0843570475968241,-79.20127510267358,-0.0016558457250069082,-9.385526995701143,-9.396449103433213,-9.390988049567177,2.095947742462158,state,,
0.49999462792660787,,,-0.2514138491339949,-0.2514138491339949,,,,,,,2.0959854125976562,control,0.24999731396329505,0.24999731396331282
,0.0027965813290104263,-0.004082309089348516,,,-0.08699096504788265,-72.9711639764179,-0.0021811683932583146,-9.65034993794845,-9.663027204599,-9.656688571273726,2.1012182235717773,state,,
0.49999462792660787,,,-0.216385572151315,-0.216385572151315,,,,,,,2.101228713989258,control,0.24999731396331282,0.24999731396329505
,0.002921617102292929,0.00023906957305379315,,,-0.09192076911076515,-66.01819514950479,-0.002674775285332999,-9.874564338704733,-9.87767488374435,-9.876119611224542,2.106433391571045,state,,
0.49999462792660787,,,-0.1820578607082887,-0.1820578607082887,,,,,,,2.1064441204071045,control,0.24999731396331282,0.24999731396329505
,0.005690960170006169,0.0009312359605128011,,,-0.09416282836269098,-58.120057389595104,-0.0030941515073632676,-10.044298521416014,-10.037735741786946,-10.04101713160148,2.111771583557129,state,,
0.49999462792660787,,,-0.14841670349412292,-0.14841670349412292,,,,,,,2.1117842197418213,control,0.24999731396330394,0.24999731396330394
,0.00026370678815454434,0.0009326563639917787,,,-0.09423494389957582,-51.245426032523746,-0.003511934808626812,-10.19161259346451,-10.184049617581197,-10.187831105522854,2.1167306900024414,state,,
0.49999462792660787,,,-0.11544836942424047,-0.11544836942424047,,,,,,,2.1167430877685547,control,0.24999731396330394,0.24999731396330394
,-0.005155335823481579,0.0022344963632947744,,,-0.09906616179394731,-45.02965481033597,-0.004035341084827434,-10.324424578105276,-10.303680038015884,-10.31405230806058,2.121729612350464,state,,
0.49999462792660787,,,-0.08313940203575566,-0.08313940203575566,,,,,,,2.121742010116577,control,0.24999731396330394,0.24999731396330394
,0.005042067893075342,-0.007887508283351007,,,-0.09925849329596076,-37.65657438305148,-0.004589084587606827,-10.383201491987572,-10.386776428800816,-10.384988960394194,2.126863718032837,state,,
0.49999462792660787,,,-0.051476613995040554,-0.051476613995040554,,,,,,,2.126877546310425,control,0.24999731396330394,0.24999731396330394
,-0.006488890915826329,0.005083599244820111,,,-0.10282111788272134,-31.253400107745623,-0.005046559555531664,-10.436996619479286,-10.441695934907802,-10.439346277193543,2.132030487060547,state,,
0.49999462792660787,,,-0.020447081715139745,-0.020447081715139745,,,,,,,2.13204288482666,control,0.24999731396329505,0.24999731396331282
,0.0035110569721935343,0.003565990046631666,,,-0.1051164452200155,-25.017285264715724,-0.00544026940626712,-10.466985245134374,-10.46337846130848,-10.465181853221427,2.13736629486084,state,,
0.49999462792660787,,,0.009961859919163048,0.009961859919163048,,,,,,,2.137378454208374,control,0.24999731396330394,0.24999731396330394
,0.00931234621974009,0.002086343082359419,,,-0.1034081016962701,-18.19688923144491,-0.005739673643526743,-10.447278729082187,-10.447953921167235,-10.447616325124711,2.142425537109375,state,,
0.49999462792660787,,,0.03976262272077979,0.03976262272077979,,,,,,,2.142475128173828,control,0.24999731396330394,0.24999731396330394
,0.0022673760606149434,0.005566137336976458,,,-0.10407904492979445,-13.004280453848521,-0.006061198159789866,-10.42780971832111,-10.43217986556743,-10.42999479194427,2.1474201679229736,state,,
0.49999462792660787,,,0.06896737026636418,0.06896737026636418,,,,,,,2.147428512573242,control,0.24999731396331282,0.24999731396329505
,0.0041551033468575985,0.010761990481152789,,,-0.10179619564564757,-5.567869915922413,-0.0062085291206451865,-10.334746610662316,-10.344213373191128,-10.339479991926723,2.152484655380249,state,,
0.49999462792660787,,,0.09758802286103689,0.09758802286103689,,,,,,,2.152493953704834,control,0.24999731396331282,0.24999731396329505
,-0.007516074221780609,0.0005916679349785959,,,-0.09796586200789381,0.4293375178893122,-0.006585557907682944,-10.240188618472555,-10.243580948634278,-10.241884783553417,2.1576733589172363,state,,
0.49999462792660787,,,0.12563626240381615,0.12563626240381615,,,,,,,2.157681941986084,control,0.24999731396330394,0.24999731396330394
,0.0005650499183103507,0.0013446062817034357,,,-0.09786566111434764,6.606171495232134,-0.006938727905641318,-10.109030920030806,-10.112062200093291,-10.110546560062048,2.1627280712127686,state,,
0.49999462792660787,,,0.15312353715573981,0.15312353715573981,,,,,,,2.1627376079559326,control,0.24999731396329505,0.24999731396331282
,-0.0042944920630365105,0.000938798894931404,,,-0.09684975750859745,12.333411345003288,-0.007309205617550065,-9.957504187016164,-9.957951113185105,-9.957727650100635,2.1678831577301025,state,,
0.49999462792660787,,,0.180061066412625,0.180061066412625,,,,,,,2.167891502380371,control,0.24999731396330394,0.24999731396330394
,-0.0021292959055229797,-0.005963251458534005,,,-0.09626121567253358,17.43828167415532,-0.007788140744703679,-9.785498937990615,-9.793080476123562,-9.789289707057089,2.173201084136963,state,,
0.49999462792660787,,,0.2064598450843725,0.2064598450843725,,,,,,,2.1732137203216553,control,0.24999731396330394,0.24999731396330394
,0.0033443187958084124,0.0030398107246923946,,,-0.09773362483144427,23.050409010303014,-0.008089017349953369,-9.588267373344612,-9.581168389304723,-9.584717881324668,2.178361415863037,state,,
0.49999462792660787,,,0.23233064818268506,0.23233064818268506,,,,,,,2.17840576171875,control,0.24999731396330394,0.24999731396330394
,-0.0009504133485511027,0.004558042345170924,,,-0.09427301327103782,28.72643363284958,-0.008293685808627858,-9.337212657588653,-9.36428529357427,-9.35074897558146,2.1834845542907715,state,,
0.49999462792660787,,,0.2576840352190314,0.2576840352190314,,,,,,,2.183497190475464,control,0.24999731396329505,0.24999731396331282
,-0.010965745351844351,0.00774472246010304,,,-0.09002614246441012,34.21903834608959,-0.008476404655080613,-9.090277447071132,-9.094195082518496,-9.092236264794813,2.1883814334869385,state,,
0.49999462792660787,,,0.2825303545146507,0.2825303545146507,,,,,,,2.1883902549743652,control,0.24999731396329505,0.24999731396331282
,-0.005190891673279373,0.0041633064030701964,,,-0.09064033733985731,39.75174197622587,-0.008757908307745449,-8.798994533410035,-8.811849150137599,-8.805421841773818,2.1936233043670654,state,,
0.49999462792660787,,,0.30687974742435764,0.30687974742435764,,,,,,,2.1936330795288086,control,0.24999731396331282,0.24999731396329505
,0.00568721341421948,-0.003026116631593277,,,-0.08802889382488895,44.19067182169219,-0.009023378635330433,-8.513149457522907,-8.514491982418985,-8.513820719970946,2.1988120079040527,state,,
0.49999462792660787,,,0.33074215247587047,0.33074215247587047,,,,,,,2.1988210678100586,control,0.24999731396330394,0.24999731396330394
,0.002102210775105398,-0.004218821323672804,,,-0.08394225961120634,50.42959672625909,-0.009289282928541268,-8.162308414053134,-8.162445910997974,-8.162377162525555,2.204123020172119,state,,
0.49999462792660787,,,0.35412730942635307,0.35412730942635307,,,,,,,2.2041330337524414,control,0.24999731396331282,0.24999731396329505
,-0.006968563466141556,-0.003770705819208884,,,-0.08337114385748566,55.095434408404785,-0.009660957582053022,-7.802016808790923,-7.823264946020554,-7.812640877405739,2.2092018127441406,state,,
0.49999462792660787,,,0.377044763237826,0.377044763237826,,,,,,,2.209211826324463,control,0.24999731396330838,0.2499973139632995
,0.007453010010472992,0.00020307182798361316,,,-0.08057662100410722,59.768187940134055,-0.009795914732977216,-7.441942185294775,-7.436919325630399,-7.4394307554625865,2.214383125305176,state,,
0.49999462792660787,,,0.39950386797306947,0.39950386797306947,,,,,,,2.2143919467926025,control,0.2499973139632995,0.24999731396330838
,0.00276392985417899,0.005722526501861467,,,-0.07688875930997109,64.65765335284814,-0.009828504560722756,-7.040107309036972,-7.03654115045766,-7.038324229747316,2.2195990085601807,state,,
0.49999462792660787,,,0.42151379061360805,0.42151379061360805,,,,,,,2.2196083068847656,control,0.2499973139632995,0.24999731396330838
,0.012790976424145908,0.0020827198360268188,,,-0.07237940340263847,68.8098296815973,-0.00981864423204384,-6.630692203254418,-6.625690081962324,-6.628191142608371,2.2247610092163086,state,,
0.49999462792660787,,,0.4430835148013359,0.4430835148013359,,,,,,,2.224769115447998,control,0.2499973139632995,0.24999731396330838
,-0.003779547389731333,0.0033177570003720598,,,-0.07094104405238208,74.32735176788165,-0.0099499807453315,-6.170588028568525,-6.166892556239227,-6.168740292403876,2.229816436767578,state,,
0.49999462792660787,,,0.4642218445053091,0.4642218445053091,,,,,,,2.2298245429992676,control,0.24999731396330394,0.24999731396330394
,0.0007338199816239574,0.0026413181839786306,,,-0.0675538123090209,79.03911792767,-0.010010732872941758,-5.701004090444655,-5.696105140081711,-5.698554615263182,2.235027313232422,state,,
0.49999462792660787,,,0.4849374076152029,0.4849374076152029,,,,,,,2.2350361347198486,control,0.2499973139632995,0.24999731396330838
,0.004451744814161423,0.0030332087756959115,,,-0.06691017109507849,82.4962080599784,-0.010075015125560522,-5.232258575080711,-5.2298459781916495,-5.231052276636181,2.2403438091278076,state,,
0.49999462792660787,,,0.5052386594628988,0.5052386594628988,,,,,,,2.240353584289551,control,0.24999731396330838,0.2499973139632995
,0.0032762095799380485,-0.0031381311440389806,,,-0.06401121659963319,87.71490808209012,-0.01021196088077037,-4.713367032075839,-4.7054720593690496,-4.709419545722444,2.245435953140259,state,,
0.49999462792660787,,,0.5251338862736408,0.5251338862736408,,,,,,,2.2454590797424316,control,0.2499973139632995,0.24999731396330838
,0.0011799675903186892,0.005045914055773292,,,-0.05633386913150786,91.05775302606021,-0.010097615832344711,-4.20201768077662,-4.199837821043147,-4.200927750909884,2.2505805492401123,state,,
0.49999462792660787,,,0.5446312085481679,0.5446312085481679,,,,,,,2.2505910396575928,control,0.24999731396330838,0.2499973139632995
,0.006708074718668156,0.005727016189610939,,,-0.051467560306883396,95.85266228170074,-0.009951847561775062,-3.6570273488586507,-3.6336748282016544,-3.6453510885301528,2.2558131217956543,state,,
0.49999462792660787,,,0.5637385843772046,0.5637385843772046,,,,,,,2.2558224201202393,control,0.24999731396330616,0.24999731396330171
,-0.009974355963431858,0.0026000660906018063,,,-0.04683630907423428,99.1601048885611,-0.009971947752083833,-3.0992585200699527,-3.0945634401298276,-3.0969109800998904,2.2609505653381348,state,,
0.49999462792660787,,,0.5824638126896605,0.5824638126896605,,,,,,,2.2609946727752686,control,0.24999731396330616,0.24999731396330171
,-0.005367406203166475,0.001294362405568082,,,-0.04248558743717731,103.78865973441347,-0.00996472961939066,-2.5008791983363525,-2.5077246879014226,-2.5043019431188878,2.2661662101745605,state,,
0.49999462792660787,,,0.6008145364358674,0.6008145364358674,,,,,,,2.2661752700805664,control,0.24999731396330616,0.24999731396330171
,-0.007224635611082289,0.005149469042796481,,,-0.038829606601393486,107.59153680008224,-0.009892785164307792,-1.8964421359857626,-1.915197045656793,-1.9058195908212778,2.2713241577148438,state,,
0.49999462792660787,,,0.61879824570715,0.61879824570715,,,,,,,2.2713332176208496,control,0.24999731396330394,0.24999731396330394
,-0.004743464034809766,0.0087423129110045,,,-0.03268069995464135,111.18632481201556,-0.00966812021662128,-1.2858259242145043,-1.2995243530145606,-1.2926751386145323,2.2765119075775146,state,,
0.49999462792660787,,,0.636422280793007,0.636422280793007,,,,,,,2.2765209674835205,control,0.24999731396330283,0.24999731396330505
,-0.0004215349995916108,-0.0010374574086263063,,,-0.02857314818003383,115.48518687068578,-0.009609164245335455,-0.6556182757740963,-0.6380431034865969,-0.6468306896303466,2.28155779838562,state,,
0.49999462792660787,,,0.6536938351771469,0.6536938351771469,,,,,,,2.281567335128784,control,0.2499973139633045,0.24999731396330338
,-0.002742737370931518,0.0024678232523559075,,,-0.018216081943088516,119.15937575479472,-0.009355312969889265,0.008288754356634582,0.0065966884824664885,0.007442721419550535,2.2867143154144287,state,,
0.49999462792660787,,,0.6706199584736039,0.6706199584736039,,,,,,,2.2867231369018555,control,0.24999731396330394,0.24999731396330394
,0.006433133773425466,-0.0023958863804359855,,,-0.01165555913802228,122.48094148325323,-0.009155767706980955,0.677362511435322,0.6680610671340723,0.6727117892846972,2.291926383972168,state,,
0.49999462792660787,,,0.6872075593041318,0.6872075593041318,,,,,,,2.2919352054595947,control,0.24999731396330338,0.2499973139633045
,0.0054648812004022065,-0.004333950288294221,,,-0.011007348112678724,126.53180524880258,-0.009092433475338654,1.36979497305847,1.369889656414756,1.369842314736613,2.2971582412719727,state,,
0.49999462792660787,,,0.7034634081180492,0.7034634081180492,,,,,,,2.2971675395965576,control,0.24999731396330394,0.24999731396330394
,0.0025195763671547085,0.005921206152438868,,,-0.002042653308771624,129.36454936782292,-0.008688168893294589,2.0579527351525937,2.065546433810178,2.061749584481386,2.3024978637695312,state,,
0.49999462792660787,,,0.7193941399556882,0.7193941399556882,,,,,,,2.3025095462799072,control,0.24999731396330394,0.24999731396330394
,-0.0016007833123659887,-0.00020695749800530186,,,0.0026596174086264326,132.78717487449245,-0.008479832696453839,2.7663505326698776,2.793965938585591,2.7801582356277343,2.3077468872070312,state,,
0.49999462792660787,,,0.7350062571565745,0.7350062571565745,,,,,,,2.30776047706604,control,0.24999731396330394,0.24999731396330394
,-0.0039405218713307235,-0.002812562925706249,,,0.010199621759241877,136.2643075340211,-0.008260220567234633,3.515479623588763,3.518160493116967,3.516820058352865,2.312521457672119,state,,
0.49999462792660787,,,0.7503061320134431,0.7503061320134431,,,,,,,2.312530279159546,control,0.24999731396330616,0.24999731396330171
,0.0015601522850972125,0.0006123742549266801,,,0.01565466612577742,140.2496060826117,-0.007946332999883603,4.273913197755161,4.289078972517718,4.281496085136439,2.317819595336914,state,,
0.49999462792660787,,,0.7653000093731742,0.7653000093731742,,,,,,,2.317828893661499,control,0.24999731396330838,0.2499973139632995
,-0.007171207941178912,0.003948159453347535,,,0.025564819165975014,142.76757527699723,-0.007523587221922871,5.031988314468879,5.0388290573418875,5.035408685905383,2.3229286670684814,state,,
0.49999462792660787,,,0.7799940091857107,0.7799940091857107,,,,,,,2.322939157485962,control,0.24999731396330838,0.2499973139632995
,-0.0019450838113242003,-0.0047942293561857655,,,0.03325773722366156,146.02428471103707,-0.0072297070931102644,5.809303654193178,5.825420845656249,5.817362249924713,2.3282508850097656,state,,
-0.5,,,0.7343941290019964,0.7343941290019964,,,,,,,2.3282647132873535,control,-0.24999999999999556,-0.25000000000000444
,-0.0017435112109185913,0.0031684649661875685,,,0.03884190939120151,146.2936865786359,-0.0067978718566154926,6.554357251082617,6.551879442334476,6.553118346708547,2.3331518173217773,state,,
-0.5,,,0.6897062464219564,0.6897062464219564,,,,,,,2.3331611156463623,control,-0.25,-0.25
,0.0068585584242482605,0.002948692901309288,,,0.047504447919039995,144.1953980083593,-0.0062243995338150055,7.222323805499795,7.2590762684023415,7.240700036951068,2.3383171558380127,state,,
-0.5,,,0.6459121214935173,0.6459121214935173,,,,,,,2.3383264541625977,control,-0.25,-0.25
,0.004506951677410695,0.005963399254229305,,,0.05328382462166775,140.68824709705012,-0.005640532523170372,7.8835436148348625,7.893102849296955,7.888323232065909,2.3435728549957275,state,,
-0.5,,,0.6029938790636469,0.6029938790636469,,,,,,,2.34358286857605,control,-0.25000000000000444,-0.24999999999999556
,-0.0029746947886463643,-0.010117533638279283,,,0.06196404889248276,135.63821421928623,-0.0053347524013007035,8.49317158668883,8.47910948058131,8.48614053363507,2.3487133979797363,state,,
-0.5,,,0.5609340014823739,0.5609340014823739,,,,,,,2.348752737045288,control,-0.25,-0.25
,0.0008891170443156673,-0.0034339135261934445,,,0.06685227954740544,129.24476034259732,-0.004917468591922193,9.028832975628761,9.032385737486337,9.030609356557548,2.353839635848999,state,,
-0.5,,,0.5197153214527264,0.5197153214527264,,,,,,,2.353849172592163,control,-0.24999999999999112,-0.2500000000000089
,-0.005300165175810559,-0.005425147874995308,,,0.07578149856613658,124.41932176120056,-0.004484698372554564,9.57600470431028,9.575808745853694,9.575906725081987,2.3590071201324463,state,,
-0.5,,,0.47932101502367175,0.47932101502367175,,,,,,,2.3590164184570312,control,-0.25,-0.25
,0.0008250538298816868,-0.007371409560852852,,,0.08044909699547777,117.13665905354453,-0.004094825795150924,10.036582562368496,10.05478312457203,10.045682843470264,2.364198684692383,state,,
-0.5,,,0.4397345947231983,0.4397345947231983,,,,,,,2.364208936691284,control,-0.2500000000000089,-0.24999999999999112
,-0.008683691415965996,0.002267034115987175,,,0.08293471413575551,110.65659540417863,-0.003626251690636623,10.500210701704821,10.491454107008154,10.495832404356488,2.369368553161621,state,,
-0.5,,,0.4009399028287344,0.4009399028287344,,,,,,,2.3693788051605225,control,-0.25,-0.25
,0.0034575113026198024,0.003104857549717447,,,0.08760161817591104,102.97919858841797,-0.0030044187239848877,10.889337138431202,10.887740525504697,10.88853883196795,2.374560832977295,state,,
-0.5,,,0.36292110477215966,0.36292110477215966,,,,,,,2.374570608139038,control,-0.25,-0.25
,-0.003239158003858409,0.0060457927292925295,,,0.09069602347983613,95.58257644839583,-0.0023995161990591402,11.258141592430496,11.239320040835866,11.24873081663318,2.379626512527466,state,,
-0.5,,,0.3256626826767165,0.3256626826767165,,,,,,,2.3796353340148926,control,-0.25,-0.25
,-0.0033878586218184137,-0.002796220393032683,,,0.09469696091350033,88.23553955310626,-0.0019382643645472122,11.571391105664695,11.574562475339956,11.572976790502326,2.384777545928955,state,,
-0.5,,,0.2891494290231822,0.2891494290231822,,,,,,,2.384787082672119,control,-0.25,-0.25
,0.008415202481691355,-0.0034285761188052235,,,0.09637600153513202,80.91719966895923,-0.0014382969345769136,11.86638865233061,11.855786931805918,11.861087792068265,2.3900680541992188,state,,
-0.5,,,0.2533664404427185,0.2533664404427185,,,,,,,2.3900787830352783,control,-0.2500000000000089,-0.24999999999999112
,-0.005036728770830329,-6.494155004956706e-07,,,0.10208811491362105,73.55222331446585,-0.0008936983541525477,12.111110968391003,12.112152370375677,12.111631669383339,2.395009994506836,state,,
-0.5,,,0.21829911163386412,0.21829911163386412,,,,,,,2.39501953125,control,-0.24999999999999112,-0.2500000000000089
,-0.0033974018446800464,-0.0030438716417525843,,,0.10713890007593722,66.77859605741895,-0.00038989235952091675,12.3447473702062,12.330690677010466,12.337719023608333,2.40036678314209,state,,
-0.5,,,0.18393312940118683,0.18393312940118683,,,,,,,2.4003796577453613,control,-0.25,-0.25
,-0.003442699217238564,0.0028235307817916317,,,0.11099990730500868,59.613432806667184,0.00021281773208274967,12.53604255450757,12.50745559089226,12.521749072699915,2.4054934978485107,state,,
-0.5,,,0.1502544668131631,0.1502544668131631,,,,,,,2.4055049419403076,control,-0.25,-0.25
,-0.013740743484386626,-0.0032510077475057138,,,0.11724998884704155,52.68705101019934,0.0006820685529130759,12.66635324950144,12.683541825870467,12.674947537685954,2.4105513095855713,state,,
-0.5,,,0.11724937747689984,0.11724937747689984,,,,,,,2.410560131072998,control,-0.25,-0.25
,-0.004368068046806574,-0.001915203843608574,,,0.12257782397092606,45.969789732635455,0.0012480800431339612,12.803584440916978,12.792191464508472,12.797887952712724,2.4157919883728027,state,,
-0.5,,,0.08490438992736184,0.08490438992736184,,,,,,,2.4158310890197754,control,-0.24999999999999112,-0.2500000000000089
,0.005021949015086181,0.010460032959078132,,,0.12458328410027975,38.72372486045786,0.002060328036733641,12.887576324704197,12.864787420851508,12.876181872777853,2.420949697494507,state,,
-0.5,,,0.053206302128814595,0.053206302128814595,,,,,,,2.4209868907928467,control,-0.25,-0.25
,0.005638885989539326,-0.003110330422720184,,,0.12479562458385716,31.930491348963308,0.0025819910920905176,12.929644135820496,12.925789184638468,12.927716660229482,2.4260966777801514,state,,
-0.5,,,0.0221421760862383,0.0221421760862383,,,,,,,2.4261064529418945,control,-0.25,-0.25
,-0.0011831210736443884,0.0068323519198402426,,,0.12770695669091015,25.333892056631107,0.0032835414634254222,12.943945072178733,12.954850891852308,12.94939798201552,2.4311041831970215,state,,
-0.5,,,-0.008300667435486464,-0.008300667435486464,,,,,,,2.4311130046844482,control,-0.25,-0.25
,-0.003340834947739083,0.00481866052276622,,,0.13098145738710953,19.259043405280455,0.003939349881408604,12.9486847902466,12.949333169557727,12.949008979902164,2.4363815784454346,state,,
-0.5,,,-0.038134654086776736,-0.038134654086776736,,,,,,,2.4363906383514404,control,-0.25,-0.25
,-0.0011275771120920547,-4.571949763920286e-05,,,0.12906082878342934,11.98164806658243,0.004417712058281958,12.896385458085229,12.88980229418738,12.893093876136305,2.441516637802124,state,,
-0.5,,,-0.0673719610050412,-0.0673719610050412,,,,,,,2.441526174545288,control,-0.2500000000000089,-0.24999999999999112
,0.0037118947228600508,0.008385754522403343,,,0.12930795729287672,6.443606680462707,0.005114044065099744,12.829732089541901,12.84461039720565,12.837171243373774,2.4466919898986816,state,,
-0.5,,,-0.09602452178494038,-0.09602452178494038,,,,,,,2.446702003479004,control,-0.24999999999999112,-0.2500000000000089
,-0.0016043461176887617,0.0013404151408436728,,,0.1284172565673226,0.19325762192903895,0.005604021352274015,12.72983418437721,12.747486088846546,12.738660136611879,2.451817512512207,state,,
-0.5,,,-0.12410403134924157,-0.12410403134924157,,,,,,,2.451857089996338,control,-0.25,-0.25
,-0.0005853222238462058,-0.0036761263793281336,,,0.1253547692127443,-5.734323739820732,0.0059497334311434105,12.616060466954137,12.61523579401104,12.615648130482588,2.457099199295044,state,,
-0.5,,,-0.15162195072225673,-0.15162195072225673,,,,,,,2.4571146965026855,control,-0.25,-0.25
,0.002176208863861065,-0.006243742839371624,,,0.12547042447419313,-11.436172743770506,0.006311500753004361,12.466735385076099,12.468703657702932,12.467719521389515,2.46229887008667,state,,
-0.5,,,-0.1785895117078116,-0.1785895117078116,,,,,,,2.462310314178467,control,-0.25,-0.25
,0.0004107658309482217,0.004813860994355173,,,0.12666050951408278,-17.4253697399526,0.006880843391219477,12.292319103339924,12.278224180620878,12.285271641980401,2.4674601554870605,state,,
-0.5,,,-0.20501772147365535,-0.20501772147365535,,,,,,,2.467470645904541,control,-0.25,-0.25
,-0.0037245599346072203,0.00830841614187091,,,0.12877200750815468,-22.910152462385017,0.007497692795946716,12.097042709623588,12.069812993301335,12.083427851462462,2.472604990005493,state,,
-0.5,,,-0.23091736704418223,-0.23091736704418223,,,,,,,2.4726147651672363,control,-0.25,-0.25
,0.0034512395067637014,0.0017913376301607832,,,0.12487055840091568,-28.91131527498553,0.007921584457431416,11.832133830829772,11.85458577416037,11.84335980249507,2.4776477813720703,state,,
-0.5,,,-0.2562990197032986,-0.2562990197032986,,,,,,,2.4776573181152344,control,-0.25,-0.25
,-0.00046673406589754275,-0.003932779080713581,,,0.12094131776948397,-34.358636535769804,0.008181915381123341,11.590060879501396,11.57967873907837,11.584869809289883,2.482747793197632,state,,
-0.5,,,-0.28117303930923265,-0.28117303930923265,,,,,,,2.482757568359375,control,-0.25,-0.25
,-0.005112702001749721,0.007076881546886035,,,0.1183542047371043,-39.702493457715356,0.008615231126029743,11.29009026022147,11.312524174920448,11.301307217570958,2.487894296646118,state,,
-0.5,,,-0.305549578523048,-0.305549578523048,,,,,,,2.487903594970703,control,-0.24999999999999112,-0.2500000000000089
,-0.0007949096849777783,0.005240823462136762,,,0.11919470946272548,-43.943854527795615,0.009095437228978298,11.009419703006195,11.018749470909603,11.0140845869579,2.4930875301361084,state,,
-0.5,,,-0.329438586952587,-0.329438586952587,,,,,,,2.4930994510650635,control,-0.2500000000000089,-0.24999999999999112
,0.00019554377811807942,0.0031010719265447367,,,0.1178889162531688,-49.54430475096238,0.009493787333548834,10.670058409326915,10.684399849767841,10.677229129547378,2.498225450515747,state,,
-0.5,,,-0.3528498152135352,-0.3528498152135352,,,,,,,2.498234748840332,control,-0.25,-0.25
,-0.002326196655027298,-0.009665753586558124,,,0.11715595028435326,-54.489992671586606,0.00963370837908571,10.317122446147673,10.335009750319772,10.326066098233722,2.503272771835327,state,,
-0.5,,,-0.3757928189092645,-0.3757928189092645,,,,,,,2.503281354904175,control,-0.25,-0.25
,0.01551413502478786,0.007360279745279277,,,0.11227606130619447,-59.23532551935694,0.010130919383470032,9.940378100312612,9.968352205093465,9.954365152703039,2.5084640979766846,state,,
-0.5,,,-0.39827696253107925,-0.39827696253107925,,,,,,,2.5084731578826904,control,-0.25,-0.25
,-0.003008078047938862,-0.002698242759811709,,,0.10720922701173416,-64.85170062539443,0.010266081240520909,9.547736058746583,9.533702468328723,9.540719263537653,2.513747215270996,state,,
-0.5,,,-0.4203114232804577,-0.4203114232804577,,,,,,,2.5137569904327393,control,-0.25,-0.25
,-0.0016102015153960387,0.00037051820714753217,,,0.09884566208237859,-69.09030695583243,0.010373507303343507,9.124300814710894,9.131315612944125,9.12780821382751,2.5188770294189453,state,,
-0.5,,,-0.44190519481484847,-0.44190519481484847,,,,,,,2.5189270973205566,control,-0.2500000000000089,-0.24999999999999112
,-0.002366063075306315,0.0012283205336789365,,,0.09657156992886311,-73.50278589105018,0.010572935013873207,8.690920015413102,8.689214986565663,8.690067500989382,2.5241355895996094,state,,
-0.5,,,-0.46306709091855147,-0.46306709091855147,,,,,,,2.5241456031799316,control,-0.25,-0.25
,0.00544910371564462,-0.0012517930242844902,,,0.09206733498679164,-77.90223730350709,0.010723514519633293,8.22826307723076,8.232810663875904,8.230536870553333,2.529240131378174,state,,
-0.5,,,-0.4838057491001805,-0.4838057491001805,,,,,,,2.529249906539917,control,-0.2500000000000089,-0.24999999999999112
,0.0021222689875408903,-0.004130630606543505,,,0.09023421288723726,-82.79396210898766,0.010825592196774545,7.727992463379021,7.749433220030275,7.738712841704648,2.534298896789551,state,,
-0.5,,,-0.5041296341181769,-0.5041296341181769,,,,,,,2.5343081951141357,control,-0.25,-0.25
,0.0002846198692282674,0.0003260871199194507,,,0.08647792207451757,-87.14728567485791,0.010946335933853338,7.23263692358802,7.2347453101953585,7.2336911168916895,2.539543390274048,state,,
-0.5,,,-0.5240470414358134,-0.5240470414358134,,,,,,,2.5395567417144775,control,-0.25000000000000444,-0.24999999999999556
,0.0011381331256441608,0.0066241469671060324,,,0.08456602831813533,-90.62967428027008,0.011207355690451039,6.737224534072792,6.713013084844239,6.7251188094585155,2.5447795391082764,state,,
-0.5,,,-0.5435661006070971,-0.5435661006070971,,,,,,,2.5447890758514404,control,-0.25,-0.25
,0.003224118064256788,0.00756547508237447,,,0.0763405653526864,-96.23732816152847,0.011357350711479213,6.161579269344393,6.1477879010872085,6.154683585215801,2.5502676963806152,state,,
-0.5,,,-0.5626947785949552,-0.5626947785949552,,,,,,,2.550281524658203,control,-0.25,-0.25
,-0.0005966289555565321,0.004630774629011786,,,0.06590872317276386,-99.20194373783451,0.011335940686179092,5.602382422838746,5.620598665547243,5.6114905441929945,2.5550119876861572,state,,
-0.5,,,-0.5814408830230561,-0.5814408830230561,,,,,,,2.555025339126587,control,-0.25,-0.25
,-0.004129222079083407,0.000200901115888094,,,0.06065877025255921,-103.4206121064727,0.011261556845520665,5.0232832845220345,5.031207297972389,5.027245291247212,2.560384511947632,state,,
-0.5,,,-0.599812065362595,-0.599812065362595,,,,,,,2.5603978633880615,control,-0.25,-0.25
,0.0059588933864509405,0.0004482471053061437,,,0.05470637126361282,-107.21048773744238,0.011228063485981023,4.434589377120207,4.427160839925325,4.430875108522766,2.5652554035186768,state,,
-0.5,,,-0.6178158240553431,-0.6178158240553431,,,,,,,2.565264940261841,control,-0.25000000000000444,-0.24999999999999556
,-0.0007002890515045171,0.004067634708104313,,,0.04827059618967638,-110.83675597857786,0.011173912564924216,3.825246399031895,3.812708555117086,3.8189774770744904,2.5704140663146973,state,,
-0.5,,,-0.6354595075742362,-0.6354595075742362,,,,,,,2.570422649383545,control,-0.25,-0.25
,-0.006425444648519086,-0.002720577656941719,,,0.046124324234134824,-114.89086196498026,0.011008652773664413,3.1740003559870362,3.185999777001264,3.1800000664941503,2.575756072998047,state,,
-0.5,,,-0.6527503174227515,-0.6527503174227515,,,,,,,2.5757694244384766,control,-0.2500000000000022,-0.24999999999999778
,-0.002223524095237315,0.005387784471225524,,,0.042336618433729,-118.43199786728943,0.010984316260481899,2.5392825329399096,2.52367976477296,2.531481148856435,2.5808308124542236,state,,
-0.5,,,-0.6696953110742965,-0.6696953110742965,,,,,,,2.5808398723602295,control,-0.2500000000000022,-0.24999999999999778
,-0.003378677459210463,-0.0014454912933531494,,,0.03079895532683558,-122.61187842069307,0.010647583405780725,1.8541741606974296,1.849619622486934,1.8518968915921818,2.5859034061431885,state,,
-0.5,,,-0.6863014048528105,-0.6863014048528105,,,,,,,2.5859131813049316,control,-0.2500000000000011,-0.2499999999999989
,-0.012210051029533795,-0.003134573284356933,,,0.024602737181441778,-126.70183835268307,0.010273571980189806,1.159167793467889,1.1474201381448441,1.1532939658063666,2.591383457183838,state,,
-0.5,,,-0.7025753767557543,-0.7025753767557543,,,,,,,2.591397285461426,control,-0.25,-0.25
,0.0050825545758475255,-0.008815789052926097,,,0.01916745717911043,-129.67302469913136,0.009915225125145147,0.4631822837996345,0.4520996020449061,0.4576409429222703,2.596259117126465,state,,
-0.5,,,-0.7185238692206393,-0.7185238692206393,,,,,,,2.596268653869629,control,-0.25,-0.25
,0.0016093499742391565,-0.000500674898660866,,,0.013216685605033819,-132.52008962172016,0.00965545568673895,-0.2578264944044787,-0.24271740711489295,-0.25027195075968584,2.6013023853302,state,,
-0.5,,,-0.7341533918362265,-0.7341533918362265,,,,,,,2.601311206817627,control,-0.24999999999999986,-0.2500000000000001
,-0.006028864076244163,-0.004688569959550308,,,0.0035586379336555903,-136.1337051546002,0.009161231645909393,-0.9785232984469758,-0.9983826095166999,-0.9884529539818379,2.6064610481262207,state,,
-0.5,,,-0.749470323999502,-0.749470323999502,,,,,,,2.6064696311950684,control,-0.25,-0.25
,0.002396513484218367,-0.0003624834853796335,,,-0.0026827238661766496,-139.45597937957314,0.008842515635226034,-1.7376075614524518,-1.739609413349203,-1.7386084874008274,2.6118617057800293,state,,
-0.5,,,-0.764480917519512,-0.764480917519512,,,,,,,2.6118764877319336,control,-0.25,-0.25
,-0.0061167335975736885,-0.0053141157059566355,,,-0.007764320973270286,-143.08582343346617,0.00836817886892515,-2.504154803446415,-2.519461930455861,-2.511808366951138,2.6169028282165527,state,,
-0.5,,,-0.7791912991691218,-0.7791912991691218,,,,,,,2.616915702819824,control,-0.24999999999999778,-0.2500000000000022
,-0.0008994632717805635,-0.003845743097689049,,,-0.013087930026498044,-145.73103233504736,0.00793948835453963,-3.2761571567622227,-3.288969514929993,-3.282563335846108,2.6220014095306396,state,,
-0.5,,,-0.7936074731857393,-0.7936074731857393,,,,,,,2.6220364570617676,control,-0.25,-0.25
,0.0067610518380188155,0.002569447178587134,,,-0.021314007646076362,-149.23276998585317,0.007609821503133848,-4.0788104628944275,-4.090107679963669,-4.084459071429048,2.6271464824676514,state,,
-0.5,,,-0.8077353237220245,-0.8077353237220245,,,,,,,2.6271591186523438,control,-0.25,-0.25
,0.00847286759506657,0.0028659771170661086,,,-0.030266377606155116,-151.50838336297264,0.007249774731328613,-4.869959943840006,-4.886477056154738,-4.878218499997372,2.6322572231292725,state,,
-0.5,,,-0.821580617247584,-0.821580617247584,,,,,,,2.6322696208953857,control,-0.25,-0.25
,0.0015109733858728127,-0.004812975043803861,,,-0.03740601978511042,-154.1551344431781,0.006695911883976511,-5.683820722041787,-5.69841632589444,-5.691118523968114,2.6375629901885986,state,,
0.49999462792660787,,,-0.7751490049026323,-0.7751490049026323,,,,,,,2.6375770568847656,control,0.24999731396330394,0.24999731396330394
,-0.008977610053537439,-0.00419431158298473,,,-0.04317599511535328,-155.63015192878981,0.006079797410996985,-6.50234761599079,-6.483142216029752,-6.492744916010271,2.6426732540130615,state,,
0.49999462792660787,,,-0.7296460248045796,-0.7296460248045796,,,,,,,2.6426892280578613,control,0.24999731396330394,0.24999731396330394
,-0.001393213188505548,-0.003146460763803869,,,-0.0501249493930621,-151.89692264256792,0.00549936018629334,-7.20594063661922,-7.179686042907473,-7.1928133397633465,2.64780592918396,state,,
0.49999462792660787,,,-0.685053104308488,-0.685053104308488,,,,,,,2.647819757461548,control,0.24999731396330394,0.24999731396330394
,0.0014252565212631721,-0.009649398287817787,,,-0.05558836485079671,-148.92688396365452,0.004827109742452831,-7.892747743672076,-7.887608508106525,-7.8901781258893005,2.6526904106140137,state,,
0.49999462792660787,,,-0.6413520422223182,-0.6413520422223182,,,,,,,2.6526994705200195,control,0.24999731396330394,0.24999731396330394
,-0.002017886627351696,0.006143944521013618,,,-0.06230531014205663,-144.4767294526911,0.00438353972769697,-8.532835144738772,-8.550635583978234,-8.541735364358503,2.6581881046295166,state,,
0.49999462792660787,,,-0.5985250013778718,-0.5985250013778718,,,,,,,2.658198595046997,control,0.24999731396330394,0.24999731396330394
,-9.942952970672786e-05,0.0009375452480654342,,,-0.06932349932509835,-138.28654759395596,0.0038273229639164234,-9.128000234630353,-9.141296361735117,-9.134648298182736,2.663325548171997,state,,
0.49999462792660787,,,-0.5565545013503144,-0.5565545013503144,,,,,,,2.663339853286743,control,0.24999731396331282,0.24999731396329505
,0.0025810243515767307,-0.004762748797477829,,,-0.075826907946204,-131.94971793760402,0.0031724510690785035,-9.70954463314267,-9.677541589930899,-9.693543111536783,2.6681275367736816,state,,
0.49999462792660787,,,-0.515423411323308,-0.515423411323308,,,,,,,2.668137311935425,control,0.24999731396329505,0.24999731396331282
,-0.005529573517455917,-0.006613076843082828,,,-0.0793041183966834,-125.21291771982058,0.002466234714116779,-10.22518429850435,-10.199592090710864,-10.212388194607607,2.6732306480407715,state,,
0.49999462792660787,,,-0.4751149430968419,-0.4751149430968419,,,,,,,2.6732406616210938,control,0.24999731396330394,0.24999731396330394
,-0.003874546938795107,0.00829133163355222,,,-0.08405173308007133,-117.23721709012281,0.00202012579124167,-10.666076557774227,-10.677197566374707,-10.671637062074467,2.6784331798553467,state,,
0.49999462792660787,,,-0.4356126442349051,-0.4356126442349051,,,,,,,2.678443193435669,control,0.24999731396330394,0.24999731396330394
,-0.00551181476913265,0.0007206965098296193,,,-0.08886108247577379,-110.64652972276757,0.001405665862002739,-11.121273981343728,-11.118677345455303,-11.119975663399515,2.683759927749634,state,,
0.49999462792660787,,,-0.39690039135020694,-0.39690039135020694,,,,,,,2.683769941329956,control,0.24999731396329505,0.24999731396331282
,0.011620049017696168,0.0032163915882070983,,,-0.09512784893260942,-103.55832383918688,0.000923652556762909,-11.530095268286361,-11.519814696099553,-11.524954982192957,2.6885907649993896,state,,
0.49999462792660787,,,-0.35896238352320275,-0.35896238352320275,,,,,,,2.6886141300201416,control,0.24999731396330394,0.24999731396330394
,0.0057167744048807825,0.0018535390777925655,,,-0.10373111565342794,-95.44312353737205,0.00030352472637028445,-11.868397877752752,-11.877628473563949,-11.87301317565835,2.6937053203582764,state,,
0.49999462792660787,,,-0.32178313585273866,-0.32178313585273866,,,,,,,2.6937153339385986,control,0.24999731396330394,0.24999731396330394
,0.002136677457137048,-0.0011463785090051134,,,-0.10782082371681552,-87.64026419288018,-0.0003361406737561663,-12.185907138673928,-12.188149127586243,-12.187028133130084,2.69881272315979,state,,
0.49999462792660787,,,-0.28534747313568387,-0.28534747313568387,,,,,,,2.698822021484375,control,0.24999731396329505,0.24999731396331282
,0.0062567105193328575,0.006335689668768969,,,-0.11361934257924453,-81.07080640836243,-0.000848536790117708,-12.486693887052976,-12.488958107322913,-12.487825997187944,2.70382022857666,state,,
0.49999462792660787,,,-0.2496405236729702,-0.2496405236729702,,,,,,,2.703829288482666,control,0.24999731396329505,0.24999731396331282
,-0.002063379427959009,-0.0055574557433447245,,,-0.11547988212793642,-73.80451233807736,-0.0015810304809164347,-12.73348036185068,-12.748923432056944,-12.741201896953811,2.7091481685638428,state,,
0.49999462792660787,,,-0.21464771319951081,-0.21464771319951081,,,,,,,2.7091596126556396,control,0.24999731396329505,0.24999731396331282
,0.00027849001211334684,-0.0001388318061389635,,,-0.12184629062455832,-66.45170286104623,-0.0022823322785463945,-12.971944294947482,-12.940929332794115,-12.956436813870798,2.7141783237457275,state,,
0.49999462792660787,,,-0.1803547589355206,-0.1803547589355206,,,,,,,2.7141878604888916,control,0.24999731396330394,0.24999731396330394
,0.005728499946816408,-0.00039626268420741694,,,-0.12481507511248782,-58.93373071423028,-0.0028954604298312967,-13.125181332944605,-13.137725116100704,-13.131453224522655,2.7193548679351807,state,,
0.49999462792660787,,,-0.1467476637568102,-0.1467476637568102,,,,,,,2.7193639278411865,control,0.24999731396331282,0.24999731396329505
,-0.0008620435260669617,0.000166755348884473,,,-0.1268080841490341,-51.368095351195514,-0.0035293707582521395,-13.27074384469541,-13.265021904730288,-13.26788287471285,2.7244999408721924,state,,
0.49999462792660787,,,-0.11381271048167399,-0.11381271048167399,,,,,,,2.7245352268218994,control,0.24999731396331282,0.24999731396329505
,-0.007376891474658348,-0.007277690875246369,,,-0.1270395339195808,-44.92594971613392,-0.0043108925908689096,-13.391990126939755,-13.387975255259699,-13.389982691099727,2.7300071716308594,state,,
0.49999462792660787,,,-0.08153645627204051,-0.08153645627204051,,,,,,,2.73002290725708,control,0.24999731396330394,0.24999731396330394
,0.003127909726565046,-0.008863719490579616,,,-0.12836248948170495,-38.20304631280576,-0.005051714993764289,-13.46482318962435,-13.48317599398936,-13.473999591806855,2.7347986698150635,state,,
0.49999462792660787,,,-0.0499057271465997,-0.0499057271465997,,,,,,,2.7348082065582275,control,0.24999731396330394,0.24999731396330394
,-0.0065151977590163935,0.006897819230385971,,,-0.13136819075783562,-30.90529696013236,-0.005597637758019651,-13.512910213535017,-13.511847363095287,-13.512378788315152,2.740133047103882,state,,
0.49999462792660787,,,-0.01890761260366771,-0.01890761260366771,,,,,,,2.7401459217071533,control,0.24999731396330394,0.24999731396330394
,-0.003912367235222504,0.0003780229261107566,,,-0.13445036904709998,-24.4391245322418,-0.006250673804868718,-13.52093627978884,-13.54238788120722,-13.53166208049803,2.7451231479644775,state,,
0.49999462792660787,,,0.011470539648405643,0.011470539648405643,,,,,,,2.7451326847076416,control,0.24999731396330394,0.24999731396330394
,0.0023446098493180587,-0.003093281460959133,,,-0.13277450478950076,-18.6186845843244,-0.006826210174002676,-13.531664823282169,-13.532575825821018,-13.532120324551594,2.750162363052368,state,,
0.49999462792660787,,,0.04124112885543753,0.04124112885543753,,,,,,,2.750171422958374,control,0.24999731396330394,0.24999731396330394
,-0.002429128034886912,0.009718544375745602,,,-0.1355096275818332,-11.434633580052425,-0.0072699856976314635,-13.475319666018065,-13.47459187313481,-13.474955769576438,2.755354642868042,state,,
0.49999462792660787,,,0.07041630627832877,0.07041630627832877,,,,,,,2.755363702774048,control,0.24999731396330394,0.24999731396330394
,-0.0045013928182003875,0.005628998455933363,,,-0.1356777180921539,-5.382580055286275,-0.0077570042360121045,-13.404845064336351,-13.406249428504735,-13.405547246420543,2.760596513748169,state,,
0.49999462792660787,,,0.0990079801527622,0.0990079801527622,,,,,,,2.7606053352355957,control,0.24999731396330394,0.24999731396330394
,-0.002087778611360638,-0.00456283958402528,,,-0.13497150362988558,-0.07544786015595761,-0.008388515061753461,-13.328978032797114,-13.313939674146106,-13.32145885347161,2.7657289505004883,state,,
0.49999462792660787,,,0.12702782054970696,0.12702782054970696,,,,,,,2.7657382488250732,control,0.24999731396330394,0.24999731396330394
,0.006333826532778322,-0.0009043063359839233,,,-0.13302660662155694,6.349992523314605,-0.008848054346044635,-13.185666606124165,-13.189223055871583,-13.187444830997874,2.770892381668091,state,,
0.49999462792660787,,,0.15448726413871283,0.15448726413871283,,,,,,,2.770902395248413,control,0.24999731396330394,0.24999731396330394
,0.0030101606928907834,-0.004029316393654099,,,-0.13654915203630327,12.485407869644856,-0.0094836575750087,-13.028683742926482,-13.026055504314751,-13.027369623620617,2.7758948802948,state,,
0.49999462792660787,,,0.18139751885593858,0.18139751885593858,,,,,,,2.7759041786193848,control,0.24999731396330394,0.24999731396330394
,0.0030616558955930597,-0.005171228077759103,,,-0.13224682762946663,17.882058288825696,-0.009984243682978353,-12.841568529346812,-12.862569416935848,-12.85206897314133,2.7811708450317383,state,,
0.49999462792660787,,,0.2077695684788198,0.2077695684788198,,,,,,,2.7811806201934814,control,0.24999731396330394,0.24999731396330394
,-0.004390409766167849,0.003336888283736369,,,-0.13231889067202662,23.05091250240847,-0.010440760105110448,-12.652235826813898,-12.656863254802062,-12.654549540807981,2.786442518234253,state,,
0.49999462792660787,,,0.2336141771092434,0.2336141771092434,,,,,,,2.786454916000366,control,0.24999731396331282,0.24999731396329505
,-0.0035799029875918796,-0.0007812457217342515,,,-0.12869446508129667,29.22564259792607,-0.010883183233941086,-12.407125832412875,-12.413169059831842,-12.410147446122359,2.7914795875549316,state,,
0.49999462792660787,,,0.25894189356705855,0.25894189356705855,,,,,,,2.791513681411743,control,0.24999731396330394,0.24999731396330394
,0.0030935321866611375,-0.003821001334088251,,,-0.12618423280565835,34.74804858782396,-0.011328713853244595,-12.167345821609077,-12.129684942546893,-12.148515382077985,2.7966551780700684,state,,
0.49999462792660787,,,0.28376305569571736,0.28376305569571736,,,,,,,2.7966651916503906,control,0.24999731396330394,0.24999731396330394
,0.0017041961761337437,-0.004371465175417857,,,-0.1254292788319425,39.42623057834128,-0.011809553570809261,-11.87352307477566,-11.880334225902036,-11.876928650338847,2.8017578125,state,,
0.49999462792660787,,,0.308087794581803,0.308087794581803,,,,,,,2.8017678260803223,control,0.24999731396329505,0.24999731396331282
,0.004458052762198869,0.0030853117228557265,,,-0.1251304569328497,45.18852929678657,-0.012127502638821031,-11.569822468168903,-11.548729874618394,-11.559276171393648,2.807161569595337,state,,
0.49999462792660787,,,0.3319260386901669,0.3319260386901669,,,,,,,2.8071746826171875,control,0.24999731396330394,0.24999731396330394
,-0.0010120548925227476,-0.0017825279291812718,,,-0.1197678382932354,49.75155666965357,-0.012464859375165928,-11.246246052838051,-11.229545050881628,-11.23789555185984,2.81193470954895,state,,
0.49999462792660787,,,0.3552875179163636,0.3552875179163636,,,,,,,2.811944007873535,control,0.24999731396330394,0.24999731396330394
,-0.0031735043455077307,-0.0005660459106603709,,,-0.11367694507836129,55.50102924569089,-0.012747729906673564,-10.877817010278461,-10.859952404854782,-10.868884707566622,2.8171164989471436,state,,
0.49999462792660787,,,0.37818176755803634,0.37818176755803634,,,,,,,2.8171255588531494,control,0.24999731396330394,0.24999731396330394
,0.0030426246533658066,-0.004771207014915248,,,-0.11427192493021869,60.09820902870726,-0.013164054858346206,-10.506424184240903,-10.484030363255432,-10.495227273748167,2.8223214149475098,state,,
0.49999462792660787,,,0.4006181322068756,0.4006181322068756,,,,,,,2.822331190109253,control,0.24999731396330394,0.24999731396330394
,0.0021963031509956653,-0.006000745639733584,,,-0.10853854420997719,65.11893062016904,-0.013474373415895212,-10.084497082393105,-10.094953627067667,-10.089725354730387,2.8277060985565186,state,,
0.49999462792660787,,,0.4226057695627381,0.4226057695627381,,,,,,,2.8277194499969482,control,0.24999731396331282,0.24999731396329505
,-0.0008774952195978335,-0.004773058174175936,,,-0.11025955330793194,69.0536494444997,-0.01390322005683597,-9.674123271574956,-9.68954495332703,-9.681834112450993,2.832822799682617,state,,
0.49999462792660787,,,0.44415365417148334,0.44415365417148334,,,,,,,2.8328354358673096,control,0.24999731396330394,0.24999731396330394
,-0.005277946173607789,-0.012737421407466547,,,-0.10444834801852776,74.30690774802137,-0.014358113763645113,-9.235580993521655,-9.217801748631313,-9.226691371076484,2.8378355503082275,state,,
0.49999462792660787,,,0.46527058108805364,0.46527058108805364,,,,,,,2.8378448486328125,control,0.24999731396330394,0.24999731396330394
,4.7744791577469055e-05,0.012081937890341057,,,-0.10136908779775056,78.2201862362206,-0.014330989701098485,-8.780072763222169,-8.766544593550178,-8.773308678386172,2.8428382873535156,state,,
0.49999462792660787,,,0.48596516946629253,0.48596516946629253,,,,,,,2.8428478240966797,control,0.24999731396329505,0.24999731396331282
,0.008518820755326909,0.0038037637334485093,,,-0.09830277283334207,83.12646269590819,-0.014380385348350965,-8.277235355022125,-8.281945744644199,-8.279590549833163,2.8481411933898926,state,,
0.49999462792660787,,,0.5062458660769666,0.5062458660769666,,,,,,,2.848151445388794,control,0.24999731396331282,0.24999731396329505
,-0.009491603064463368,0.0004068478297945855,,,-0.09116517799028981,88.15545119714122,-0.014527175579248482,-7.759081599624251,-7.758467312325955,-7.758774455975103,2.853266477584839,state,,
0.49999462792660787,,,0.5261209487554273,0.5261209487554273,,,,,,,2.853276252746582,control,0.24999731396330394,0.24999731396330394
,-0.0008488187221109214,-0.0016706909718831923,,,-0.0871166368954672,91.69898773457521,-0.014673754631752705,-7.238300878439356,-7.249463884973227,-7.243882381706291,2.858701229095459,state,,
0.49999462792660787,,,0.5455985297803188,0.5455985297803188,,,,,,,2.858710765838623,control,0.2499973139632995,0.24999731396330838
,-0.00498693778513702,0.007447810383378815,,,-0.07993845680425304,95.64037812898687,-0.014594826321625435,-6.707452444909928,-6.698450184427678,-6.702951314668804,2.8636314868927,state,,
0.49999462792660787,,,0.5646865591847124,0.5646865591847124,,,,,,,2.8636415004730225,control,0.24999731396330838,0.2499973139632995
,-0.004463589728818344,-0.007646604954369377,,,-0.07778411462247899,100.41131000005531,-0.014861686951695551,-6.125795943717116,-6.124130107532896,-6.124963025625006,2.8687584400177,state,,
0.49999462792660787,,,0.5833928280010182,0.5833928280010182,,,,,,,2.8687679767608643,control,0.24999731396330394,0.24999731396330394
,0.0021691628087545938,0.00030554900378575373,,,-0.06924686503520495,103.68688910716743,-0.014784887821358136,-5.553337860374647,-5.555454378526604,-5.554396119450626,2.8742408752441406,state,,
0.49999462792660787,,,0.6017249714409979,0.6017249714409979,,,,,,,2.8742542266845703,control,0.24999731396330838,0.2499973139632995
,-0.003535674669710466,0.0022525095041154995,,,-0.059357403229122134,108.2499544537823,-0.0146462959275616,-4.942284642990694,-4.938761170259717,-4.940522906625206,2.879021644592285,state,,
0.49999462792660787,,,0.619690472012178,0.619690472012178,,,,,,,2.879031181335449,control,0.24999731396330394,0.24999731396330394
,-0.001976331365267802,-0.003921606003210756,,,-0.0537416981650994,111.24824485433851,-0.014652685424329868,-4.341316470131123,-4.3318083469612025,-4.336562408546163,2.8842051029205322,state,,
0.49999462792660787,,,0.6372966625719344,0.6372966625719344,,,,,,,2.8842360973358154,control,0.24999731396330394,0.24999731396330394
,0.0010196495900847056,-0.0019748957634998254,,,-0.050087721597426395,115.73882311595538,-0.014613236997629972,-3.6855821006974354,-3.687214939699869,-3.686398520198652,2.889625310897827,state,,
0.49999462792660787,,,0.6545507293204957,0.6545507293204957,,,,,,,2.889634847640991,control,0.24999731396330394,0.24999731396330394
,-0.0023643459231128612,-0.0047142730331031675,,,-0.04762609761579999,119.23148590782168,-0.014657117571631788,-3.0329781339799715,-3.036329137763384,-3.0346536358716776,2.89462947845459,state,,
0.49999462792660787,,,0.6714597147340858,0.6714597147340858,,,,,,,2.894666910171509,control,0.24999731396330171,0.24999731396330616
,-0.002290207440567741,-0.002081511153076305,,,-0.0425207710596971,122.66944997377583,-0.014584430269826329,-2.3698058923259646,-2.3633730846258496,-2.366589488475907,2.8997490406036377,state,,
0.49999462792660787,,,0.6880305204394042,0.6880305204394042,,,,,,,2.8997788429260254,control,0.24999731396330394,0.24999731396330394
,-0.004643394561469487,-0.005786205506929599,,,-0.03649889003326309,125.74251776774526,-0.014555667310136498,-1.690490911447914,-1.687444101853099,-1.6889675066505065,2.9048848152160645,state,,
0.49999462792660787,,,0.7042699100306161,0.7042699100306161,,,,,,,2.9048943519592285,control,0.24999731396330394,0.24999731396330394
,-0.002955074991768066,-0.012017136153636821,,,-0.029081791241312476,130.13121602521716,-0.014572539311182828,-0.9639784640856252,-0.9729477846801279,-0.9684631243828765,2.910064697265625,state,,
0.49999462792660787,,,0.7201845118300038,0.7201845118300038,,,,,,,2.910074472427368,control,0.24999731396330394,0.24999731396330394
,0.0074947769164618976,-0.0008965401510499391,,,-0.024023201375361312,133.27078668408,-0.014316949045644161,-0.25539954326070435,-0.24888320075538897,-0.25214137200804665,2.915249824523926,state,,
0.49999462792660787,,,0.7357808215934037,0.7357808215934037,,,,,,,2.9152591228485107,control,0.2499973139633038,0.24999731396330407
,0.0046985633622191264,0.0013456586489825873,,,-0.016666711653392705,136.3937476213386,-0.01397371618435831,0.46454983992869797,0.49451182631811563,0.47953083312340683,2.920454502105713,state,,
0.49999462792660787,,,0.7510652051615356,0.7510652051615356,,,,,,,2.920463800430298,control,0.24999731396330366,0.2499973139633042
,-0.005435518724252671,0.0018004979211240864,,,-0.010234757356724435,139.59966369589216,-0.013687079472539318,1.2239412729381305,1.233164508348197,1.2285528906431638,2.9258508682250977,state,,
0.49999462792660787,,,0.7660439010583049,0.7660439010583049,,,,,,,2.92586350440979,control,0.24999731396330394,0.24999731396330394
,-0.0017993143871706614,0.01091858713665554,,,-0.001998176027036649,143.14195031035285,-0.01314134143198961,2.004161744240377,1.9971180250574128,2.000639884648895,2.9309537410736084,state,,
0.49999462792660787,,,0.7807230230371388,0.7807230230371388,,,,,,,2.930996894836426,control,0.24999731396330283,0.24999731396330505
,0.005451706795478548,-0.0026024958759541927,,,0.009652609119665966,145.8940572696864,-0.01269339831346936,2.774422229142909,2.773400398150854,2.773911313646882,2.9357473850250244,state,,
0.49999462792660787,,,0.7951085625763961,0.7951085625763961,,,,,,,2.9357571601867676,control,0.24999731396330171,0.24999731396330616
,0.00498312797680267,0.00023058823815081073,,,0.01437316497104953,149.38983319654676,-0.01229024686288313,3.577022173153535,3.5759727898459914,3.5764974814997634,2.9411232471466064,state,,
0.49999462792660787,,,0.8092063913248682,0.8092063913248682,,,,,,,2.9411380290985107,control,0.24999731396330171,0.24999731396330616
,-0.0036245465671644397,-0.0026834327497326942,,,0.020298137965658,152.63988592497287,-0.01196538877002434,4.384549381916203,4.398296831740716,4.3914231068284595,2.946131467819214,state,,
0.49999462792660787,,,0.8230222634983708,0.8230222634983708,,,,,,,2.9461612701416016,control,0.24999731396330394,0.24999731396330394
,-0.0005981148973859726,-0.0001195447482705051,,,0.02882160439968174,155.51602096995862,-0.011494643697055948,5.203558093743444,5.225998551494923,5.214778322619184,2.9512147903442383,state,,
0.49999462792660787,,,0.8365618182284034,0.8365618182284034,,,,,,,2.951225996017456,control,0.24999731396330394,0.24999731396330394
,-0.0005628962605108081,-0.0029052528762652735,,,0.03935554439045847,158.28947343628678,-0.011001807196571534,6.050364494273921,6.050368619216622,6.050366556745272,2.956350326538086,state,,
-0.5,,,0.7898305818638353,0.7898305818638353,,,,,,,2.956360340118408,control,-0.25,-0.25
,6.561580242852455e-05,0.005155815564295891,,,0.04472843408974746,157.6186995272388,-0.010418639366366162,6.8228070750491705,6.832761637049349,6.82778435604926,2.9614927768707275,state,,
-0.5,,,0.7440339702265585,0.7440339702265585,,,,,,,2.961524248123169,control,-0.25,-0.25
,0.0014256124151626744,-0.005506033604913653,,,0.053102125755390195,155.31856368367716,-0.009947183509387166,7.570240954357705,7.565297796720449,7.567769375539077,2.966590642929077,state,,
-0.5,,,0.6991532908220273,0.6991532908220273,,,,,,,2.966599464416504,control,-0.25000000000000444,-0.24999999999999556
,-0.010167556659323198,0.0009686062002539106,,,0.062167279317809424,151.77420696788664,-0.009395833513620088,8.267415083607544,8.273045358869675,8.27023022123861,2.971909523010254,state,,
-0.5,,,0.6551702250055866,0.6551702250055866,,,,,,,2.971919536590576,control,-0.25,-0.25
,-0.0007000136503763988,0.0035130554461446145,,,0.07141524527588056,147.4467259925127,-0.008689771745574922,8.945748450579599,8.93143125414937,8.938589852364483,2.9773476123809814,state,,
-0.5,,,0.6120668205054749,0.6120668205054749,,,,,,,2.977362871170044,control,-0.24999999999999112,-0.2500000000000089
,-0.002648743354833548,0.003132761144200029,,,0.07245641917620707,141.1893645816287,-0.008142268998784993,9.544914933437695,9.544980417256626,9.54494767534716,2.9821369647979736,state,,
-0.5,,,0.5698254840953654,0.5698254840953654,,,,,,,2.982147216796875,control,-0.24999999999999112,-0.2500000000000089
,-0.0035935048259767024,-0.0031786104672374515,,,0.07927893880193698,134.7629883471189,-0.007606329985882431,10.114277697957256,10.118689627430149,10.116483662693703,2.9872984886169434,state,,
-0.5,,,0.528428974413458,0.528428974413458,,,,,,,2.987311601638794,control,-0.2500000000000089,-0.24999999999999112
,0.00045923114321966176,0.0009918978873161425,,,0.08559477106539926,127.3422024854578,-0.006950517708400454,10.631966507546663,10.638211892393358,10.635089199970011,2.9924657344818115,state,,
-0.5,,,0.48786039492518884,0.48786039492518884,,,,,,,2.992475748062134,control,-0.2500000000000089,-0.24999999999999112
,0.017410240984064497,-0.0010967266413429578,,,0.09296825058527745,120.50635878338257,-0.006168071151131805,11.13298236336246,11.124667961333614,11.128825162348036,2.9974565505981445,state,,
-0.5,,,0.44810318702668506,0.44810318702668506,,,,,,,2.9974849224090576,control,-0.24999999999999112,-0.2500000000000089
,0.004274024651941309,-0.009024021312743569,,,0.09866843354034076,113.74601967470264,-0.005644220875494427,11.583099156038664,11.596823088179661,11.589961122109163,3.0025699138641357,state,,
-0.5,,,0.4091411232861514,0.4091411232861514,,,,,,,3.0025787353515625,control,-0.25,-0.25
,-1.0534317699265859e-05,0.0010917369448888291,,,0.10513583429011689,105.69643201113743,-0.004931170894274588,11.99299921062365,11.987661020404463,11.990330115514055,3.0080037117004395,state,,
-0.5,,,0.37095830082042835,0.37095830082042835,,,,,,,3.0080196857452393,control,-0.24999999999999112,-0.2500000000000089
,-0.005925666739611856,0.0070103242386540185,,,0.11101579964275425,97.6209595366133,-0.004146763514390348,12.34761243274278,12.352207121226854,12.349909776984816,3.012809991836548,state,,
-0.5,,,0.33353913480401975,0.33353913480401975,,,,,,,3.012819290161133,control,-0.24999999999999112,-0.2500000000000089
,-0.0029083698665237807,0.0011542537650165148,,,0.11457532716547775,90.13310346163183,-0.003483127474187665,12.688996379872442,12.673808347214713,12.681402363543578,3.0179061889648438,state,,
-0.5,,,0.2968683521079394,0.2968683521079394,,,,,,,3.0179147720336914,control,-0.25,-0.25
,-0.001310968527219244,0.000979054353631009,,,0.11602555656415446,83.85533123477174,-0.002849945314697677,13.007209202256815,12.994321140876096,13.000765171566457,3.023130178451538,state,,
-0.5,,,0.2609309850657806,0.2609309850657806,,,,,,,3.023139715194702,control,-0.2500000000000089,-0.24999999999999112
,0.0013662708097444093,5.42540873017899e-05,,,0.12099697874819096,75.69176087209219,-0.0021474332116913847,13.253770031222539,13.244823405331505,13.249296718277023,3.028316020965576,state,,
-0.5,,,0.225712365364465,0.225712365364465,,,,,,,3.0283257961273193,control,-0.2500000000000089,-0.24999999999999112
,0.0042188665864308725,-0.011326905509457322,,,0.11993113543168629,68.0381093789492,-0.001748512604938031,13.465319120908118,13.470032115868147,13.467675618388132,3.0335307121276855,state,,
-0.5,,,0.1911981180571757,0.1911981180571757,,,,,,,3.0335400104522705,control,-0.24999999999999112,-0.2500000000000089
,-0.0034226674430936385,0.003984191160626527,,,0.1232272578463279,60.99251661509636,-0.0010458249889633655,13.66378609067842,13.657222129172876,13.660504109925647,3.0385475158691406,state,,
-0.5,,,0.1573741556960322,0.1573741556960322,,,,,,,3.0385565757751465,control,-0.24999999999999112,-0.2500000000000089
,0.005866827526707399,3.482145313824642e-05,,,0.12675182932291412,54.01139310840591,-0.00034069488086788314,13.823354453569772,13.815551634480618,13.819453044025195,3.04374361038208,state,,
-0.5,,,0.12422667258211154,0.12422667258211154,,,,,,,3.043752670288086,control,-0.25,-0.25
,0.0057630398611897195,0.008437480343178469,,,0.1301523508705171,46.974670461829376,0.0005203228940202987,13.944841806270022,13.939825147924795,13.942333477097408,3.0489237308502197,state,,
-0.5,,,0.0917421391304693,0.0917421391304693,,,,,,,3.0489330291748047,control,-0.25,-0.25
,-0.0013281873594726448,0.002889485047445957,,,0.12736057083994856,40.03042350373243,0.001098162121805497,14.028374176833946,14.035554766511797,14.031964471672872,3.0542333126068115,state,,
-0.5,,,0.05990729634785992,0.05990729634785992,,,,,,,3.054248332977295,control,-0.25,-0.25
,-0.005651558961361124,0.008202173432169906,,,0.12981206051577765,32.98932181543586,0.0018247780575927478,14.089165606148965,14.08053132765012,14.084848466899542,3.059309720993042,state,,
-0.5,,,0.028709150420902725,0.028709150420902725,,,,,,,3.059319496154785,control,-0.25,-0.25
,-0.008571511609275667,2.4081892719641227e-05,,,0.1334094232609741,26.706901536125713,0.0023988089345212665,14.130074045868326,14.106716254885418,14.118395150376873,3.06451416015625,state,,
-0.5,,,-0.0018650325875153272,-0.0018650325875153272,,,,,,,3.064551830291748,control,-0.2500000000000089,-0.24999999999999112
,0.009958909502627596,-0.006544767258225845,,,0.13461522950308946,21.357689371319847,0.0029456261428066214,14.121637871433967,14.158458611497748,14.140048241465857,3.069689989089966,state,,
-0.5,,,-0.03182773193576502,-0.03182773193576502,,,,,,,3.069700241088867,control,-0.25,-0.25
,-0.005102573925140368,0.0038946393714757903,,,0.13618898592505513,14.471069179817817,0.003576938424311827,14.113000295891494,14.0925989499036,14.102799622897546,3.074852228164673,state,,
-0.5,,,-0.06119117729704972,-0.06119117729704972,,,,,,,3.074862003326416,control,-0.24999999999999112,-0.2500000000000089
,-0.00020890084749680937,0.003976404275308983,,,0.1354877454613437,7.678851680792061,0.004194572463157143,14.02552098636661,14.040663778331359,14.033092382348984,3.0802114009857178,state,,
-0.5,,,-0.08996735375110873,-0.08996735375110873,,,,,,,3.0802242755889893,control,-0.25,-0.25
,0.007191019231650645,0.0013449179709623573,,,0.13520353004982652,1.6720083549121831,0.004811065334901031,13.947738975288663,13.94396211141996,13.945850543354311,3.08502197265625,state,,
-0.5,,,-0.11816800667608655,-0.11816800667608655,,,,,,,3.085031270980835,control,-0.24999999999999112,-0.2500000000000089
,-0.0005788010906387499,-0.0006387419845657725,,,0.1400593968958062,-4.185112377005053,0.005424644490555035,13.834564994345593,13.828847025238849,13.83170600979222,3.0902938842773438,state,,
-0.5,,,-0.1458046465425648,-0.1458046465425648,,,,,,,3.090303421020508,control,-0.25,-0.25
,-0.006700129942199843,0.014658348917880013,,,0.14040781943015626,-10.004690124370013,0.006195947650887493,13.692385051227609,13.685737154072987,13.689061102650298,3.0954606533050537,state,,
-0.5,,,-0.1728885536117135,-0.1728885536117135,,,,,,,3.095470666885376,control,-0.25,-0.25
,0.0012152225829837409,0.004227699351554961,,,0.13440745576656957,-16.578668269423805,0.00668850123956595,13.49860808654011,13.504471212553566,13.501539649546839,3.1006674766540527,state,,
-0.5,,,-0.19943078253947924,-0.19943078253947924,,,,,,,3.100677013397217,control,-0.2500000000000089,-0.24999999999999112
,-0.005428014212500463,-0.004488383791778534,,,0.1343180910687964,-21.922271224778466,0.007051762485624571,13.304101882457665,13.309662539535198,13.30688221099643,3.1058311462402344,state,,
-0.5,,,-0.22544216688868965,-0.22544216688868965,,,,,,,3.1058411598205566,control,-0.24999999999999112,-0.2500000000000089
,-0.007163832890607932,-0.0012470842351415008,,,0.13099400433410158,-27.65365449575789,0.007388314009867464,13.07594226746432,13.078850013904848,13.077396140684584,3.110954761505127,state,,
-0.5,,,-0.25093332355091585,-0.25093332355091585,,,,,,,3.111009120941162,control,-0.25,-0.25
,7.175518534962854e-05,-0.006261039076496274,,,0.131172428139059,-33.40395871049517,0.007734275878100274,12.81944277747853,12.818272048774167,12.818857413126349,3.115922212600708,state,,
-0.5,,,-0.27591465707989754,-0.27591465707989754,,,,,,,3.115931510925293,control,-0.25,-0.25
,0.004998056203562096,0.006427417751724209,,,0.1350178482996042,-38.49338331756859,0.00842156625969938,12.552464886108334,12.538314690226825,12.54538978816758,3.121126651763916,state,,
-0.5,,,-0.3003963639382996,-0.3003963639382996,,,,,,,3.1211366653442383,control,-0.25,-0.25
,-0.002333814369692883,0.0015076298861300178,,,0.12839160681691955,-43.1126958349209,0.008753495877967653,12.262570570027572,12.2500447637938,12.256307666910686,3.126267194747925,state,,
-0.5,,,-0.32438843665953365,-0.32438843665953365,,,,,,,3.1262764930725098,control,-0.25,-0.25
,-0.007082097019029099,0.003724744821854708,,,0.12677067044638804,-48.17522412985099,0.009154814415266152,11.946186496634146,11.923531315352575,11.93485890599336,3.1314504146575928,state,,
-0.5,,,-0.347900667926343,-0.347900667926343,,,,,,,3.131460428237915,control,-0.25,-0.25
,-0.01144079377229914,-0.0009422638594482576,,,0.12189630688272297,-53.24545779221968,0.00935443813417923,11.593268836712555,11.582603847352589,11.587936342032572,3.136810302734375,state,,
-0.5,,,-0.37094265456781617,-0.37094265456781617,,,,,,,3.136821985244751,control,-0.25,-0.25
,-0.002706429331640584,-0.005197984191249734,,,0.11930247730193978,-58.13208776062193,0.009558780010604853,11.22885035381225,11.210155189740231,11.219502771776241,3.1418936252593994,state,,
-0.5,,,-0.3935238014764598,-0.3935238014764598,,,,,,,3.1419029235839844,control,-0.2500000000000089,-0.24999999999999112
,0.0006843760025029,0.0010182719937826313,,,0.1187534701217444,-63.131484685415344,0.0099288576355894,10.826596587961156,10.821958362125317,10.824277475043235,3.146991729736328,state,,
-0.5,,,-0.41565332544693057,-0.41565332544693057,,,,,,,3.147005558013916,control,-0.24999999999999112,-0.2500000000000089
,0.00028024519686123016,-0.004334670234574013,,,0.11214160895575381,-68.47155549540136,0.010062168686616151,10.402082288739143,10.39177737321931,10.396929830979227,3.1520490646362305,state,,
-0.5,,,-0.437340258937992,-0.437340258937992,,,,,,,3.1520583629608154,control,-0.25,-0.25
,-0.004590752637420242,-0.005442431282985217,,,0.10885610740848795,-72.89306442199594,0.010171844933616982,9.962872735527771,9.961315281892228,9.96209400871,3.157419204711914,state,,
-0.5,,,-0.4585934537592321,-0.4585934537592321,,,,,,,3.157428503036499,control,-0.2500000000000089,-0.24999999999999112
,-0.002589151823642473,0.0018610269763158324,,,0.10140080631602362,-77.47659844140331,0.01032824888054398,9.496441151313737,9.50708246248852,9.50176180690113,3.1625423431396484,state,,
-0.5,,,-0.4794215846840475,-0.4794215846840475,,,,,,,3.1625516414642334,control,-0.25,-0.25
,0.002364291360427243,-0.004052629190977656,,,0.10198863622768857,-81.22098429403269,0.010536834726812825,9.035861113987053,9.036265153417013,9.036063133702033,3.167546033859253,state,,
-0.5,,,-0.49983315299036657,-0.49983315299036657,,,,,,,3.167576551437378,control,-0.25,-0.25
,0.007631575684605731,-0.0024246170501637148,,,0.1018550126110834,-86.1090173372083,0.010798697288960471,8.518002875703186,8.537442294165213,8.5277225849342,3.1726346015930176,state,,
-0.5,,,-0.5198364899305592,-0.5198364899305592,,,,,,,3.1726431846618652,control,-0.25,-0.25
,0.0010846246973683085,-0.006859501583262828,,,0.09548436865551145,-89.98610022228038,0.010795843218586811,8.014107982497682,8.018064803960673,8.016086393229177,3.178152084350586,state,,
-0.5,,,-0.539439760131948,-0.539439760131948,,,,,,,3.178166151046753,control,-0.24999999999999112,-0.2500000000000089
,0.008372396993789675,0.002868031263972378,,,0.08909913499911344,-94.29885756287446,0.010996298990265038,7.466601902789505,7.485302978217823,7.475952440503664,3.1833126544952393,state,,
-0.5,,,-0.5586509649293091,-0.5586509649293091,,,,,,,3.183326482772827,control,-0.25,-0.25
,-0.0005140428512287694,0.006025439793412797,,,0.0808128304070312,-98.88807506716117,0.011115116186398741,6.930298111419701,6.8866466887698,6.90847240009475,3.1882879734039307,state,,
-0.5,,,-0.577477945630723,-0.577477945630723,,,,,,,3.188298225402832,control,-0.24999999999999556,-0.25000000000000444
,0.0003358388095678478,0.0024456473396418984,,,0.07658882297397486,-103.26626109210527,0.011214057485623992,6.3316665072079505,6.3132536925313545,6.3224600998696525,3.1935880184173584,state,,
-0.5,,,-0.5959283867181085,-0.5959283867181085,,,,,,,3.193598508834839,control,-0.25,-0.25
,-0.00732227889504773,0.0013446884961895566,,,0.06842852870881479,-106.34409553937806,0.011132312162549562,5.752965330760593,5.730543400324536,5.7417543655425645,3.1985087394714355,state,,
-0.5,,,-0.6140098189837464,-0.6140098189837464,,,,,,,3.1985177993774414,control,-0.25,-0.25
,-0.0006271130474184887,0.0005738044341926281,,,0.06688233738734851,-110.27600979474862,0.01118320227765727,5.12860363066213,5.126988284564371,5.12779595761325,3.203763723373413,state,,
-0.5,,,-0.6317296226040715,-0.6317296226040715,,,,,,,3.203773260116577,control,-0.24999999999999556,-0.25000000000000444
,-0.0015314396972840145,-0.004483142350793063,,,0.062167651058517404,-114.06939256924741,0.01105993071241741,4.489595310885739,4.50455555472806,4.497075432806899,3.2092435359954834,state,,
-0.5,,,-0.6490950301519901,-0.6490950301519901,,,,,,,3.209257125854492,control,-0.25,-0.25
,0.008524164410124761,-0.002094058630726775,,,0.06035441574336969,-119.1617543524116,0.011094549515137954,3.8305948411393973,3.8098435709897176,3.8202192060645572,3.2139229774475098,state,,
-0.5,,,-0.6661131295489503,-0.6661131295489503,,,,,,,3.2139317989349365,control,-0.24999999999999778,-0.2500000000000022
,-0.001522516472271505,0.0029298247629192986,,,0.053460789410675925,-121.01406840971899,0.011034123677546217,3.1879219508878736,3.1834147894682356,3.1856683701780546,3.219235420227051,state,,
-0.5,,,-0.6827908669579713,-0.6827908669579713,,,,,,,3.219245672225952,control,-0.25,-0.25
,1.1607824792332323e-05,-0.0016380154808162135,,,0.04311386286162603,-125.37397333399123,0.010796917181599494,2.4871696863986466,2.4916472365958255,2.489408461497236,3.2244277000427246,state,,
-0.5,,,-0.6991350496188119,-0.6991350496188119,,,,,,,3.2244372367858887,control,-0.25,-0.25
,-0.001803080809751648,-0.005676650095277462,,,0.03910529077554888,-128.6460179873635,0.010555198565009593,1.785925686436732,1.8022786405637843,1.7941021635002583,3.2297301292419434,state,,
-0.5,,,-0.7151523486264357,-0.7151523486264357,,,,,,,3.2297427654266357,control,-0.2500000000000011,-0.2499999999999989
,-0.0051956154183083,-0.0011394876058297037,,,0.030782899642011887,-132.25116450543302,0.010269305050774145,1.077550893981014,1.073386410180913,1.0754686520809633,3.2346246242523193,state,,
-0.5,,,-0.730849301653907,-0.730849301653907,,,,,,,3.234656810760498,control,-0.2499999999999989,-0.2500000000000011
,5.860322210309515e-05,-0.005396890161960017,,,0.021883431397289207,-135.28425793481625,0.009896490609844655,0.3545571386429658,0.34699122374162095,0.35077418119229337,3.240002393722534,state,,
-0.5,,,-0.7462323156208289,-0.7462323156208289,,,,,,,3.2400121688842773,control,-0.25,-0.25
,0.004168487463569152,0.004886428164651158,,,0.016642734691179908,-138.75289356572318,0.009784003459510953,-0.3901497095678134,-0.4062409649935348,-0.39819533728067413,3.2450342178344727,state,,
-0.5,,,-0.7613076693084123,-0.7613076693084123,,,,,,,3.245046377182007,control,-0.24999999999999972,-0.2500000000000003
,0.0029194081932267042,-0.0026175218718045923,,,0.01448697634434711,-141.8921607735133,0.009562696406938704,-1.1494858256688036,-1.165752435388896,-1.15761913052885,3.250345468521118,state,,
-0.5,,,-0.7760815159222441,-0.7760815159222441,,,,,,,3.250357151031494,control,-0.2499999999999989,-0.2500000000000011
,-0.005764017616741809,0.004283478733249918,,,0.01029631409238468,-145.37807222977244,0.009357191975310746,-1.9432356955149208,-1.9367432957293655,-1.939989495622143,3.255528688430786,state,,
-0.5,,,-0.7905598856037992,-0.7905598856037992,,,,,,,3.2555391788482666,control,-0.2500000000000011,-0.2499999999999989
,-0.004543480346398685,-0.006796096501973793,,,-0.0031655530925155002,-148.7685922958122,0.008748553166177493,-2.7355957158965856,-2.73999280393832,-2.737794259917453,3.260711431503296,state,,
-0.5,,,-0.8047486878917233,-0.8047486878917233,,,,,,,3.2607219219207764,control,-0.24999999999999778,-0.2500000000000022
,-0.006788520584225254,0.002043972543519631,,,-0.012114414848298758,-151.6412848753136,0.008326108109447297,-3.5508856459381977,-3.5325563674520564,-3.541721006695127,3.265883445739746,state,,
-0.5,,,-0.8186537141338888,-0.8186537141338888,,,,,,,3.265895366668701,control,-0.25,-0.25
,0.00566742702322527,-0.0027733164487177115,,,-0.016599320292873875,-153.96014980112903,0.007962826712295678,-4.345329795093942,-4.351525479368793,-4.348427637231367,3.271118640899658,state,,
-0.5,,,-0.832280639851211,-0.832280639851211,,,,,,,3.2711427211761475,control,-0.25000000000000444,-0.24999999999999556
,-0.003337664289987719,-0.008704894208207838,,,-0.023478645776414606,-157.2585846831377,0.007358721264417762,-5.176390771692726,-5.198042792789067,-5.187216782240897,3.2762556076049805,state,,
-0.5,,,-0.8456350270541868,-0.8456350270541868,,,,,,,3.276266574859619,control,-0.24999999999999556,-0.25000000000000444
,-0.006687076769386294,-0.006619064849762763,,,-0.032734075623006925,-159.6266286802139,0.006698139848777632,-6.0233404701636495,-6.022736562639038,-6.023038516401344,3.2815768718719482,state,,
0.49999462792660787,,,-0.798722326513103,-0.798722326513103,,,,,,,3.2815916538238525,control,0.24999731396330394,0.24999731396330394
,-0.005342986586111042,-0.0008995509126095613,,,-0.042740995230244175,-159.67649603133052,0.006106207389707814,-6.819187872568747,-6.825241447633067,-6.822214660100907,3.2864127159118652,state,,
0.49999462792660787,,,-0.752747879982841,-0.752747879982841,,,,,,,3.286424160003662,control,0.24999731396330394,0.24999731396330394
,-0.002091083466052858,0.0034590949184465742,,,-0.04781478330999041,-157.84536953809874,0.005683287531588983,-7.5893501704983395,-7.575246278519588,-7.582298224508964,3.2918851375579834,state,,
0.49999462792660787,,,-0.7076929223831842,-0.7076929223831842,,,,,,,3.291903018951416,control,0.24999731396330838,0.2499973139632995
,-0.002245019711996148,-0.011074966729295992,,,-0.05685638954972498,-153.5549432696293,0.004891601249453247,-8.276907337247076,-8.286670034747502,-8.281788685997288,3.2967777252197266,state,,
0.49999462792660787,,,-0.6635390639355204,-0.6635390639355204,,,,,,,3.296787977218628,control,0.24999731396329505,0.24999731396331282
,0.00237262567220072,0.0017687058209299232,,,-0.06726621508673349,-149.1181751127013,0.004316200199731144,-8.962897132782073,-8.950635273633955,-8.956766203208014,3.301788568496704,state,,
0.49999462792660787,,,-0.62026828265681,-0.62026828265681,,,,,,,3.3017971515655518,control,0.24999731396330394,0.24999731396330394
,0.0011307281791099366,0.0016069844060217955,,,-0.07291556460267647,-142.3217309542369,0.003786647706535605,-9.557971338431928,-9.56244084087294,-9.560206089652434,3.3072633743286133,state,,
0.49999462792660787,,,-0.5778629170036738,-0.5778629170036738,,,,,,,3.3072738647460938,control,0.24999731396330394,0.24999731396330394
,0.006205266455584383,0.005834521549961029,,,-0.08107273568266038,-135.8757780330074,0.003304797287491396,-10.139794649345435,-10.134194256219246,-10.13699445278234,3.3122739791870117,state,,
0.49999462792660787,,,-0.5363056586636002,-0.5363056586636002,,,,,,,3.3122851848602295,control,0.24999731396329505,0.24999731396331282
,-0.006628328539928361,-0.0006610536263666851,,,-0.08851330597533685,-129.60004416028505,0.002591356683620236,-10.68799839081831,-10.682228142874617,-10.685113266846464,3.3174071311950684,state,,
0.49999462792660787,,,-0.49557954549032823,-0.49557954549032823,,,,,,,3.317418336868286,control,0.24999731396331282,0.24999731396329505
,0.0010264009873093593,0.0027698482726064115,,,-0.09579201186140841,-122.7250177793594,0.001979612014352866,-11.192002076873159,-11.186635748131064,-11.189318912502111,3.3225841522216797,state,,
0.49999462792660787,,,-0.4556679545805217,-0.4556679545805217,,,,,,,3.32259464263916,control,0.24999731396330394,0.24999731396330394
,-0.0022075579007652625,0.0023716446837468816,,,-0.10186803601426203,-114.7448995478032,0.001337672470332515,-11.629410920883796,-11.642660846996476,-11.636035883940135,3.3278849124908447,state,,
0.49999462792660787,,,-0.4165545954889113,-0.4165545954889113,,,,,,,3.3278961181640625,control,0.24999731396329505,0.24999731396331282
,-0.005437856668698644,0.003207426526932792,,,-0.10642039369365928,-107.33468530571636,0.0007015560938654665,-12.062393742605328,-12.047150433132487,-12.054772087868908,3.333217144012451,state,,
0.49999462792660787,,,-0.37822350357913304,-0.37822350357913304,,,,,,,3.333233118057251,control,0.24999731396331282,0.24999731396329505
,-0.003951732235239089,-0.010443312854655194,,,-0.11389937139354428,-100.18854935726634,-0.0002465811894105859,-12.433527292259829,-12.45043380501015,-12.441980548634989,3.338353395462036,state,,
0.49999462792660787,,,-0.34065903350755034,-0.34065903350755034,,,,,,,3.338390588760376,control,0.24999731396330394,0.24999731396330394
,-0.004728983019989166,0.001752334977755831,,,-0.11433637995970229,-92.0544211284213,-0.0008473679567555601,-12.774663738405915,-12.770924227075472,-12.772793982740694,3.343263626098633,state,,
0.49999462792660787,,,-0.3038458528373993,-0.3038458528373993,,,,,,,3.3433303833007812,control,0.24999731396331282,0.24999731396329505
,-0.0037674539365827727,0.004679827714573491,,,-0.11692477304748986,-83.91784187044856,-0.0014208734219226188,-13.067809030483302,-13.057961991949503,-13.062885511216402,3.348586082458496,state,,
0.49999462792660787,,,-0.2677689357806513,-0.2677689357806513,,,,,,,3.3485970497131348,control,0.24999731396330394,0.24999731396330394
,0.0073260626843851895,-0.009511791077249754,,,-0.11803067617000697,-76.8838545435669,-0.0021463362059556987,-13.330711528145127,-13.339999269179552,-13.33535539866234,3.35379695892334,state,,
0.49999462792660787,,,-0.23241355706503827,-0.23241355706503827,,,,,,,3.3538079261779785,control,0.24999731396331282,0.24999731396329505
,0.006791524653527875,-0.004913460759691384,,,-0.12054909664920317,-69.74452967446136,-0.0028102428868484607,-13.575172362025636,-13.56573196339225,-13.570452162708943,3.358992099761963,state,,
0.49999462792660787,,,-0.19776528592373752,-0.19776528592373752,,,,,,,3.359006643295288,control,0.24999731396329505,0.24999731396331282
,-0.0014159238566641922,0.003960021112705937,,,-0.12813151620923097,-62.998141116770114,-0.0034731963929057245,-13.785442653335105,-13.770698865855449,-13.778070759595277,3.3641018867492676,state,,
0.49999462792660787,,,-0.16380998020526277,-0.16380998020526277,,,,,,,3.3641135692596436,control,0.24999731396330394,0.24999731396330394
,-0.008540447039435567,0.004536913825971999,,,-0.13395579052678488,-55.26170641798151,-0.004166214658331378,-13.920983859915774,-13.941516358610622,-13.931250109263198,3.3692636489868164,state,,
0.49999462792660787,,,-0.13053378060115753,-0.13053378060115753,,,,,,,3.369274377822876,control,0.24999731396330394,0.24999731396330394
,0.005652525384056932,0.003953501447054621,,,-0.13450970616790625,-49.055146274408884,-0.0046712949321815606,-14.086524061275771,-14.068966674705367,-14.07774536799057,3.3741867542266846,state,,
0.49999462792660787,,,-0.09792310498913437,-0.09792310498913437,,,,,,,3.3741962909698486,control,0.24999731396331282,0.24999731396329505
,0.002025360699654277,0.0017341843584595849,,,-0.13842306548633046,-41.23338970176602,-0.0053060005104452485,-14.15516282600046,-14.163687562558813,-14.159425194279637,3.379443883895874,state,,
0.49999462792660787,,,-0.06596464288935168,-0.06596464288935168,,,,,,,3.379453420639038,control,0.24999731396330394,0.24999731396330394
,0.0009843846117735362,-0.0029828330204055994,,,-0.13430762802282856,-34.592440186299655,-0.005877944699472436,-14.23015531259106,-14.223231489389168,-14.226693400990115,3.3848893642425537,state,,
0.49999462792660787,,,-0.034645350031564645,-0.034645350031564645,,,,,,,3.384903907775879,control,0.24999731396331282,0.24999731396329505
,0.0004713396485351082,0.004474761138507507,,,-0.13429470899663085,-28.077163168483246,-0.006367701193541413,-14.253295763487241,-14.27347496157812,-14.26338536253268,3.389760971069336,state,,
0.49999462792660787,,,-0.003952443030933353,-0.003952443030933353,,,,,,,3.3897705078125,control,0.24999731396330394,0.24999731396330394
,0.004245523619273522,-0.00026213407632199627,,,-0.1402095925358531,-21.109183010964344,-0.0070290305180383756,-14.25492095889459,-14.261143899193337,-14.258032429043965,3.394773006439209,state,,
0.49999462792660787,,,0.026126605829685314,0.026126605829685314,,,,,,,3.394782781600952,control,0.24999731396331282,0.24999731396329505
,0.0033822680786488204,-0.0037392298216232843,,,-0.14347595393363977,-15.33583674156097,-0.00772280908681792,-14.240545426061797,-14.245106480050403,-14.2428259530561,3.3998262882232666,state,,
0.49999462792660787,,,0.055604073713091604,0.055604073713091604,,,,,,,3.3998351097106934,control,0.24999731396330394,0.24999731396330394
,-0.00047550902860282285,0.007795849014255525,,,-0.1394025096184017,-8.942163475289279,-0.008082725716191093,-14.184307921225006,-14.187248678671756,-14.185778299948382,3.404953718185425,state,,
0.49999462792660787,,,0.08449199223882978,0.08449199223882978,,,,,,,3.4050025939941406,control,0.24999731396331282,0.24999731396329505
,-0.001002247852030168,-0.001487320189457415,,,-0.1411898475036516,-2.706017167048066,-0.008711910311680329,-14.105978633580165,-14.094135435826907,-14.100057034703536,3.410460948944092,state,,
0.49999462792660787,,,0.11280215239405318,0.11280215239405318,,,,,,,3.410475015640259,control,0.24999731396330394,0.24999731396330394
,0.0022086011174963665,8.868261507920707e-05,,,-0.13961395216132097,3.5808624109571934,-0.009215217134389296,-13.984447257478717,-13.979740595526179,-13.982093926502447,3.4153363704681396,state,,
0.49999462792660787,,,0.14054610934617212,0.14054610934617212,,,,,,,3.4153456687927246,control,0.24999731396329505,0.24999731396331282
,-0.002833238259048208,0.001823450752241973,,,-0.13851562547184215,9.368904767464896,-0.009715760753352365,-13.839832465407605,-13.846427229549947,-13.843129847478776,3.4204094409942627,state,,
0.49999462792660787,,,0.16773518715924868,0.16773518715924868,,,,,,,3.4204187393188477,control,0.24999731396330394,0.24999731396330394
,0.007535443645171405,-0.0034628968388855587,,,-0.13620459960733508,14.800377009549592,-0.01019720315517696,-13.67902180251734,-13.686344991225877,-13.682683396871608,3.425898551940918,state,,
0.49999462792660787,,,0.1943804834160637,0.1943804834160637,,,,,,,3.4259119033813477,control,0.24999731396330394,0.24999731396330394
,-0.001107190053564972,-0.0036299606946964035,,,-0.14080810942855132,20.30425222307504,-0.010866719364795987,-13.489894337151902,-13.497236145081857,-13.49356524111688,3.430715560913086,state,,
0.49999462792660787,,,0.22049287374774243,0.22049287374774243,,,,,,,3.430725574493408,control,0.24999731396330394,0.24999731396330394
,0.0010295072113307795,-0.001206236978803061,,,-0.13748082939045772,26.03634994899652,-0.011321965177625688,-13.266302826094751,-13.2780058191758,-13.272154322635275,3.43576717376709,state,,
0.49999462792660787,,,0.24608301627278759,0.24608301627278759,,,,,,,3.4357759952545166,control,0.24999731396330394,0.24999731396330394
,0.010477850363359712,-0.006373263065815858,,,-0.136870062924166,31.23043205959668,-0.011833252016267554,-13.021025476464349,-13.045646079664795,-13.033335778064572,3.4408774375915527,state,,
0.49999462792660787,,,0.2711613559473318,0.2711613559473318,,,,,,,3.4409139156341553,control,0.24999731396330394,0.24999731396330394
,-0.007953034772848385,0.002712423771141797,,,-0.1299989209563269,37.01266396212139,-0.012171184500194129,-12.762414931878133,-12.750075826751702,-12.756245379314919,3.4460220336914062,state,,
0.49999462792660787,,,0.2957381288283851,0.2957381288283851,,,,,,,3.446031332015991,control,0.24999731396331282,0.24999731396329505
,0.009558784718133694,0.004912594630311233,,,-0.12997100344808832,42.70117257573876,-0.012438025895723204,-12.443418544867702,-12.46098963506914,-12.452204089968422,3.451369285583496,state,,
0.49999462792660787,,,0.3198233662518174,0.3198233662518174,,,,,,,3.4513790607452393,control,0.24999731396331282,0.24999731396329505
,-0.007863004860591603,-0.0026988112729890708,,,-0.1294604995535359,47.176481039942146,-0.01296024806901147,-12.147214059172557,-12.14297581757707,-12.145094938374815,3.456620931625366,state,,
0.49999462792660787,,,0.343426898926781,0.343426898926781,,,,,,,3.4566314220428467,control,0.24999731396331282,0.24999731396329505
,-0.0010196772835580211,0.0023794840519452696,,,-0.1280289623952886,52.83106209206595,-0.013305513203165382,-11.779856318263523,-11.802032032453594,-11.790944175358558,3.4617650508880615,state,,
0.49999462792660787,,,0.36655836094824534,0.36655836094824534,,,,,,,3.4617743492126465,control,0.24999731396329505,0.24999731396331282
,-0.006414391724873514,-0.00615310177276271,,,-0.1225648500511535,57.57971826583279,-0.013752719139202358,-11.42260021693368,-11.43233653050534,-11.42746837371951,3.4668915271759033,state,,
0.49999462792660787,,,0.3892271937292804,0.3892271937292804,,,,,,,3.4669008255004883,control,0.24999731396329505,0.24999731396331282
,0.005773322534970665,0.009994855913039712,,,-0.12142856996286344,62.3891952094022,-0.01386252706675536,-11.037891476956698,-11.040062912537184,-11.038977194746941,3.472261667251587,state,,
0.49999462792660787,,,0.4114426498546948,0.4114426498546948,,,,,,,3.472273349761963,control,0.24999731396330394,0.24999731396330394
,-0.004760912480098553,0.002198741159369762,,,-0.11940802645041682,67.27984822648955,-0.014169462702748601,-10.628891573009112,-10.620590013696527,-10.624740793352819,3.477407217025757,state,,
0.49999462792660787,,,0.43321379685760086,0.43321379685760086,,,,,,,3.4774203300476074,control,0.24999731396330394,0.24999731396330394
,0.0019856402268372303,0.003485306212144547,,,-0.11531811701622754,71.98692176005883,-0.01434393973916042,-10.193864845363642,-10.18591671966849,-10.189890782516066,3.4827497005462646,state,,
0.49999462792660787,,,0.45454952092044887,0.45454952092044887,,,,,,,3.482764720916748,control,0.24999731396330394,0.24999731396330394
,-0.009687345348544804,0.0012654361090836254,,,-0.11188385022510743,76.61563148229506,-0.014636252219895009,-9.736464632370515,-9.729824211352385,-9.73314442186145,3.487699270248413,state,,
0.49999462792660787,,,0.4754585305020399,0.4754585305020399,,,,,,,3.487715005874634,control,0.24999731396330394,0.24999731396330394
,-0.00418520096818458,0.00013520540878411594,,,-0.1104240156464332,80.21717819241809,-0.014926479799682266,-9.278401062018247,-9.271075207441985,-9.274738134730116,3.4932150840759277,state,,
0.49999462792660787,,,0.49594935989199906,0.49594935989199906,,,,,,,3.4932315349578857,control,0.24999731396330394,0.24999731396330394
,-0.001786216442438991,0.00414416359457908,,,-0.10547544897916089,84.83942240924095,-0.015039976759099342,-8.778885951034125,-8.77506549127664,-8.776975721155383,3.4978411197662354,state,,
0.49999462792660787,,,0.5160303726941591,0.5160303726941591,,,,,,,3.497850179672241,control,0.24999731396330394,0.24999731396330394
,0.003982978773733444,-0.0010640495694784024,,,-0.10168425768053771,90.17675069437416,-0.015204540323249006,-8.240233878961034,-8.242057620509362,-8.241145749735198,3.5030617713928223,state,,
0.49999462792660787,,,0.5357097652402759,0.5357097652402759,,,,,,,3.5030710697174072,control,0.24999731396330394,0.24999731396330394
,-0.001369484000416986,0.0072556132728103994,,,-0.09694195198829039,93.840532583707,-0.015213005446514187,-7.705000813002907,-7.722263561010841,-7.7136321870068745,3.508350133895874,state,,
0.49999462792660787,,,0.5549955699354704,0.5549955699354704,,,,,,,3.508392810821533,control,0.24999731396330838,0.2499973139632995
,-0.009067239222145607,-0.002706289766889833,,,-0.09043390487866855,97.91299999330776,-0.015404036627695322,-7.168096073211528,-7.150407637105422,-7.159251855158475,3.513572931289673,state,,
0.49999462792660787,,,0.5738956585367609,0.5738956585367609,,,,,,,3.5135838985443115,control,0.24999731396330394,0.24999731396330394
,-0.0046075475251965035,-0.002801516024044146,,,-0.08534607976438546,101.39970547408643,-0.015557110855465104,-6.592468046861639,-6.60105332624014,-6.59676068655089,3.5186712741851807,state,,
0.49999462792660787,,,0.5924177453660258,0.5924177453660258,,,,,,,3.5186829566955566,control,0.24999731396330394,0.24999731396330394
,0.00861743882527624,0.002962851123186645,,,-0.07878766669156158,105.72030223779214,-0.015446775999835351,-5.994966906481154,-6.003822577832583,-5.999394742156868,3.523573398590088,state,,
0.49999462792660787,,,0.6105693904587053,0.6105693904587053,,,,,,,3.5235822200775146,control,0.2499973139632995,0.24999731396330838
,0.0006912249563797,-0.0005580388610020848,,,-0.07293649799441555,110.57205118321554,-0.015445263859885507,-5.3701173538142735,-5.368515653206303,-5.369316503510288,3.5292561054229736,state,,
0.49999462792660787,,,0.6283580026495312,0.6283580026495312,,,,,,,3.52927303314209,control,0.24999731396330394,0.24999731396330394
,-0.0015262873651513242,-0.006827133429094476,,,-0.07140980559573074,113.27016747206696,-0.01563663625594804,-4.74802703298538,-4.772020590433033,-4.760023811709207,3.5338668823242188,state,,
0.49999462792660787,,,0.6457908425965406,0.6457908425965406,,,,,,,3.5338752269744873,control,0.24999731396330838,0.2499973139632995
,-0.003989539182295261,0.004496880509025362,,,-0.0641774212979426,117.7313192360948,-0.01550776470761091,-4.101346630152568,-4.099384929879265,-4.100365780015917,3.5389955043792725,state,,
0.49999462792660787,,,0.6628750257446099,0.6628750257446099,,,,,,,3.5390055179595947,control,0.24999731396330838,0.2499973139632995
,-0.0015599543432328086,0.003593297135263494,,,-0.05865343067400776,121.17506794038049,-0.015379781786264833,-3.446141565174981,-3.4332213896423727,-3.439681477408677,3.5442464351654053,state,,
0.49999462792660787,,,0.6796175252297177,0.6796175252297177,,,,,,,3.544278383255005,control,0.24999731396330394,0.24999731396330394
,0.0007174370644673359,-0.004329244691032344,,,-0.051556355337618126,124.25225862311595,-0.015325249031485208,-2.7692898530666072,-2.7696004939208527,-2.7694451734937298,3.549224853515625,state,,
0.49999462792660787,,,0.6960251747251234,0.6960251747251234,,,,,,,3.54923415184021,control,0.24999731396330171,0.24999731396330616
,0.0017412315187872428,0.0030632122603389046,,,-0.043850776145474966,128.0283332318033,-0.01507967961324821,-2.0744522819390125,-2.0639585448391378,-2.069205413389075,3.5546116828918457,state,,
0.49999462792660787,,,0.7121046712306209,0.7121046712306209,,,,,,,3.5546250343322754,control,0.24999731396330394,0.24999731396330394
,-0.0015675800464802034,-0.007979644715234002,,,-0.03728566328588376,131.2288514271784,-0.015054278535436037,-1.3713825894700642,-1.3528640647864016,-1.362123327128233,3.5595712661743164,state,,
0.49999462792660787,,,0.7278625778060085,0.7278625778060085,,,,,,,3.5595808029174805,control,0.24999731396330394,0.24999731396330394
,0.007839799449800474,0.0031961753365701818,,,-0.031177594610530452,134.5426736682471,-0.014729178516032464,-0.6403137701935429,-0.6330239093416627,-0.6366688397676028,3.564560890197754,state,,
0.49999462792660787,,,0.7433053262498883,0.7433053262498883,,,,,,,3.5645697116851807,control,0.24999731396330394,0.24999731396330394
,-0.001574281012997357,0.0014660551590054576,,,-0.02257027655863411,137.93721241135898,-0.014431476944470239,0.12079349031058619,0.09329247836444023,0.1070429843375132,3.5696563720703125,state,,
0.49999462792660787,,,0.7584392197248906,0.7584392197248906,,,,,,,3.5696663856506348,control,0.24999731396330394,0.24999731396330394
,-0.00047402660237942076,0.0019481366080417758,,,-0.011610882405619836,141.79023757364206,-0.014032218095898217,0.8694804256649339,0.8851535188334733,0.8773169722492036,3.574786901473999,state,,
0.49999462792660787,,,0.7732704353303927,0.7732704353303927,,,,,,,3.574795961380005,control,0.24999731396330394,0.24999731396330394
,-0.0016554057379142403,-0.002749366336944632,,,-0.0046988827971425635,144.87705513949604,-0.013766209089079141,1.6663104515855227,1.635350499113556,1.6508304753495393,3.580362319946289,state,,
0.49999462792660787,,,0.7878050266237849,0.7878050266237849,,,,,,,3.580376148223877,control,0.24999731396330394,0.24999731396330394
,0.002280750254835475,0.0035833262586650316,,,-0.0034402451155901787,148.14966000308166,-0.01344069728430213,2.44080689894804,2.4465208999471013,2.4436638994475706,3.585233211517334,state,,
0.49999462792660787,,,0.8020489260913093,0.8020489260913093,,,,,,,3.5852432250976562,control,0.24999731396330394,0.24999731396330394
,0.007994049612376505,-0.0020196246364228014,,,0.002621507119226648,150.63885770106788,-0.013078684930051031,3.23429355729448,3.238656442204835,3.2364749997496576,3.5903615951538086,state,,
0.49999462792660787,,,0.8160079475694831,0.8160079475694831,,,,,,,3.5903708934783936,control,0.24999731396330394,0.24999731396330394
,-0.005179724824309601,0.0007819166765833304,,,0.011998521445254862,153.613902060825,-0.012672085722250172,4.043711242319536,4.060076380942632,4.051893811631084,3.595820903778076,state,,
0.49999462792660787,,,0.8296877886180934,0.8296877886180934,,,,,,,3.5958359241485596,control,0.24999731396330394,0.24999731396330394
,0.001435948784188775,0.003090986817480583,,,0.020010823338950726,157.06164968986621,-0.012163625544828869,4.88968880430819,4.894460531391692,4.892074667849942,3.6006274223327637,state,,
0.49999462792660787,,,0.8430940328457316,0.8430940328457316,,,,,,,3.6006369590759277,control,0.2499973139632995,0.24999731396330838
,-0.0023876083108441614,0.005231947750745766,,,0.02824157412456027,159.30465656663534,-0.01161024072711173,5.727485740475476,5.721107287256144,5.72429651386581,3.6056485176086426,state,,
0.49999462792660787,,,0.856232152188817,0.856232152188817,,,,,,,3.6056582927703857,control,0.24999731396330394,0.24999731396330394
,-0.009044363211133912,0.000871488531329303,,,0.03603661419183705,162.21142524619415,-0.011166940598878714,6.589928363407146,6.573304237541715,6.58161630047443,3.610804319381714,state,,
-0.5,,,0.8091075091450406,0.8091075091450406,,,,,,,3.610835313796997,control,-0.24999999999999556,-0.25000000000000444
,0.00586144850405456,-0.003445600428677398,,,0.04824577616899363,161.5243751326942,-0.010573282445574936,7.367972456489458,7.388634411443269,7.378303433966364,3.6160216331481934,state,,
-0.5,,,0.7629253589621398,0.7629253589621398,,,,,,,3.616032361984253,control,-0.25000000000000444,-0.24999999999999556
,-0.002536264514553036,0.008534579529552213,,,0.05703461896211115,159.58089413205104,-0.009841689764229587,8.148666358123709,8.14188652951802,8.145276443820865,3.6212127208709717,state,,
-0.5,,,0.7176668517828969,0.7176668517828969,,,,,,,3.621222496032715,control,-0.2500000000000089,-0.24999999999999112
,0.0026689439826354387,-0.0007831969854422215,,,0.06496718983960313,156.47538960923112,-0.009233578218209994,8.871061950396408,8.885393554217428,8.878227752306918,3.6263105869293213,state,,
-0.5,,,0.6733135147472389,0.6733135147472389,,,,,,,3.6263208389282227,control,-0.25,-0.25
,-0.0004630999145053391,-0.00445301228341785,,,0.07531958570922959,150.63101495245252,-0.008640570703982992,9.526115559205618,9.550617871751284,9.53836671547845,3.6313998699188232,state,,
-0.5,,,0.6298472444522941,0.6298472444522941,,,,,,,3.631408214569092,control,-0.24999999999999112,-0.2500000000000089
,0.0023619092058501778,0.005103468850543278,,,0.08296049385265847,145.09459215202,-0.00786583142371029,10.164162230207591,10.187287311122406,10.175724770665,3.636528491973877,state,,
-0.5,,,0.5872502995632481,0.5872502995632481,,,,,,,3.6365370750427246,control,-0.2500000000000089,-0.24999999999999112
,-0.0019980343874936553,0.006949946848713842,,,0.09054238557087466,139.0429902617412,-0.007068452762061087,10.78846304650706,10.760787926547925,10.774625486527492,3.641698122024536,state,,
-0.5,,,0.5455052935719832,0.5455052935719832,,,,,,,3.6417088508605957,control,-0.25,-0.25
,0.009631567508333558,0.0054706164882315726,,,0.09610312202860051,130.99662662590754,-0.006232386357227537,11.304703861068024,11.298389668934476,11.30154676500125,3.6473140716552734,state,,
-0.5,,,0.5045951877005435,0.5045951877005435,,,,,,,3.6473283767700195,control,-0.25,-0.25
,0.0014635067606007452,0.004528710526795623,,,0.0988948202238442,124.37847915691019,-0.005520712746504278,11.812992466513077,11.823223678298117,11.818108072405597,3.6520917415618896,state,,
-0.5,,,0.4645032839465326,0.4645032839465326,,,,,,,3.6521012783050537,control,-0.25,-0.25
,-0.00751081664025928,-0.0028530634694783857,,,0.10508317178954361,115.93358359785157,-0.00494370715889532,12.260430004967548,12.266312601398365,12.263371303182957,3.657217502593994,state,,
-0.5,,,0.42521321826760194,0.42521321826760194,,,,,,,3.6572282314300537,control,-0.2500000000000089,-0.24999999999999112
,0.0023050171378249753,0.015757018135190995,,,0.11016388686964056,108.78806829643038,-0.003952131467061052,12.682294465991795,12.70488000710643,12.693587236549114,3.6625454425811768,state,,
-0.5,,,0.3867089539022499,0.3867089539022499,,,,,,,3.66255521774292,control,-0.2500000000000089,-0.24999999999999112
,-0.013446661145577393,5.264239756328008e-05,,,0.11754091260632714,101.7962509391794,-0.003317047347523892,13.096726619018394,13.085853904751186,13.09129026188479,3.667536497116089,state,,
-0.5,,,0.3489747748242049,0.3489747748242049,,,,,,,3.667546033859253,control,-0.25,-0.25
,0.005168558223727011,-0.0030301087873292804,,,0.12358372324207267,93.69037642988634,-0.002604840011390173,13.415645816076848,13.445820472744277,13.430733144410564,3.6726534366607666,state,,
-0.5,,,0.31199527932772086,0.31199527932772086,,,,,,,3.6726632118225098,control,-0.2500000000000089,-0.24999999999999112
,0.0011633747046293427,0.004342397718879649,,,0.12746875141443365,86.33558291510735,-0.0018143412623939973,13.739686822274345,13.751024947038397,13.745355884656371,3.6777563095092773,state,,
-0.5,,,0.27575537374116643,0.27575537374116643,,,,,,,3.677765130996704,control,-0.25,-0.25
,-0.0015545565323547784,-0.0012384605405428345,,,0.1280416651505988,78.43703057757311,-0.0012123270933498964,14.005562920481946,14.018100425048805,14.011831672765375,3.682847023010254,state,,
-0.5,,,0.24024026626634312,0.24024026626634312,,,,,,,3.682856321334839,control,-0.24999999999999112,-0.2500000000000089
,-0.006150720181596378,0.003946883458513409,,,0.13319931871148055,72.01040530623561,-0.00046342169844036354,14.268549312237639,14.270652250488938,14.269600781363287,3.6879496574401855,state,,
-0.5,,,0.20543546094101625,0.20543546094101625,,,,,,,3.687987804412842,control,-0.24999999999999112,-0.2500000000000089
,-0.0016504798657864107,-0.005985651262045409,,,0.13723300394883273,65.19021051780334,0.00012172431151024265,14.479043032708939,14.494967092509954,14.487005062609446,3.693526268005371,state,,
-0.5,,,0.1713267517221959,0.1713267517221959,,,,,,,3.6935412883758545,control,-0.25,-0.25
,0.0019150677869928631,0.0018848975092368128,,,0.1408710251336487,56.572572543711104,0.0008794591045294665,14.637217169843337,14.628210744542024,14.632713957192681,3.6987569332122803,state,,
-0.5,,,0.137900216687752,0.137900216687752,,,,,,,3.6987709999084473,control,-0.2500000000000089,-0.24999999999999112
,0.00037867488387433225,0.006936861778012177,,,0.14379303802405607,49.89558697797804,0.0017075899327811755,14.777906703813418,14.773942028803795,14.775924366308606,3.703756332397461,state,,
-0.5,,,0.10514221235399696,0.10514221235399696,,,,,,,3.703770399093628,control,-0.25,-0.25
,0.004118101459827907,0.004678172337940766,,,0.14284067276125112,43.74066360803232,0.0024398951174632874,14.90486849058742,14.888469582374379,14.8966690364809,3.7088584899902344,state,,
-0.5,,,0.07303936810691701,0.07303936810691701,,,,,,,3.7088727951049805,control,-0.25,-0.25
,0.0002833170517588104,0.005718527292015516,,,0.14479119482638747,36.39606665758678,0.003203223468586441,14.979376154664772,14.944136802936681,14.961756478800726,3.714020013809204,state,,
-0.5,,,0.04157858074477867,0.04157858074477867,,,,,,,3.714053153991699,control,-0.25,-0.25
,-0.00825612298776761,-0.0019662998209837054,,,0.14457334588127077,29.44492711102286,0.0037102642851142864,15.011551862087767,14.985148722832474,14.99835029246012,3.7187881469726562,state,,
-0.5,,,0.0107470091298831,0.0107470091298831,,,,,,,3.718796968460083,control,-0.25,-0.25
,0.0015023570759086344,0.002382507721798295,,,0.14557427813137164,22.916308351499303,0.004384317907363286,15.00789824735135,15.010153031655754,15.009025639503552,3.7239513397216797,state,,
-0.5,,,-0.019467931052714563,-0.019467931052714563,,,,,,,3.723991632461548,control,-0.25,-0.25
,-0.0019003585618982885,0.003127789901153942,,,0.1430996503098813,16.509876123999277,0.004967120634822121,14.977389222455297,15.00183774647383,14.989613484464563,3.7290077209472656,state,,
-0.5,,,-0.04907857243166027,-0.04907857243166027,,,,,,,3.729017496109009,control,-0.24999999999999112,-0.2500000000000089
,-0.004540329551681717,-4.236762867252739e-05,,,0.14631428319064996,10.680144744399506,0.005564277897564656,14.964435426950779,14.936026876230095,14.950231151590437,3.734017848968506,state,,
-0.5,,,-0.07809700098302706,-0.07809700098302706,,,,,,,3.734025001525879,control,-0.25,-0.25
,0.005362182022431602,-0.004486574689970331,,,0.15003656498129517,3.177938616315771,0.006166676245600616,14.850699154591162,14.842739896877102,14.846719525734132,3.7390058040618896,state,,
-0.5,,,-0.10653506096336651,-0.10653506096336651,,,,,,,3.73901104927063,control,-0.25,-0.25
,0.010328010090883879,-0.00243911471150118,,,0.14942942241869006,-1.9319360851004124,0.006761430420246588,14.758341008644447,14.75312631851069,14.755733663577569,3.744155168533325,state,,
-0.5,,,-0.1344043597440992,-0.1344043597440992,,,,,,,3.7441604137420654,control,-0.2500000000000089,-0.24999999999999112
,0.00537253852443083,0.0022560102293286096,,,0.14607571868893376,-7.611064427804468,0.007335395704703431,14.628724781640521,14.625859631597645,14.627292206619083,3.749356746673584,state,,
-0.5,,,-0.16171627254921722,-0.16171627254921722,,,,,,,3.7493631839752197,control,-0.25,-0.25
,0.007685221191395342,0.0006444727900263702,,,0.1451572971130125,-13.890789113336206,0.007918617639244448,14.446930867516254,14.468855809596837,14.457893338556545,3.7542476654052734,state,,
-0.5,,,-0.18848194709823288,-0.18848194709823288,,,,,,,3.7542519569396973,control,-0.24999999999999112,-0.2500000000000089
,0.0008383844750265941,0.004258610393206557,,,0.1486522874659982,-19.175617314147296,0.008592393211678661,14.284125323702845,14.271683873958665,14.277904598830755,3.759308099746704,state,,
-0.5,,,-0.2147123081562682,-0.2147123081562682,,,,,,,3.7593119144439697,control,-0.25,-0.25
,0.00553003431226057,0.0021822798587062186,,,0.14567981126040508,-25.71962976810779,0.009133546080641207,14.047598398220686,14.042712115819198,14.045155257019942,3.764404535293579,state,,
-0.5,,,-0.24041806199314283,-0.24041806199314283,,,,,,,3.764409065246582,control,-0.2500000000000089,-0.24999999999999112
,-0.0060601675094772494,-0.0050191364902351255,,,0.14119424869787478,-30.57999028990482,0.009398479946410864,13.813619450829373,13.816181079860923,13.814900265345148,3.769641637802124,state,,
-0.5,,,-0.26560970075327994,-0.26560970075327994,,,,,,,3.769646406173706,control,-0.25,-0.25
,0.0018723860813992712,0.00403851225633628,,,0.14220697510906521,-34.95395713403896,0.009975953164989032,13.575691668221413,13.565341602295694,13.570516635258553,3.7747440338134766,state,,
-0.5,,,-0.2902975067382143,-0.2902975067382143,,,,,,,3.774749755859375,control,-0.24999999999999112,-0.2500000000000089
,-0.0011665246620065713,-0.004016809082565166,,,0.13777480202130934,-41.815325407811144,0.010263078145073157,13.240592055143008,13.263883825867035,13.252237940505022,3.779796838760376,state,,
-0.5,,,-0.31449155660344996,-0.31449155660344996,,,,,,,3.779811143875122,control,-0.2500000000000089,-0.24999999999999112
,-0.008384612007166033,-0.0014926982197246013,,,0.135909116111146,-46.427532069380874,0.010568605693629109,12.952925240752187,12.94046422181401,12.946694731283099,3.7847890853881836,state,,
-0.5,,,-0.33820172547138094,-0.33820172547138094,,,,,,,3.784792900085449,control,-0.2500000000000089,-0.24999999999999112
,-0.007293864946739,0.002788570940693313,,,0.1310621052192155,-51.23518729047776,0.01088537510050509,12.624207219708698,12.603797951328897,12.614002585518797,3.7898740768432617,state,,
-0.5,,,-0.36143769096195333,-0.36143769096195333,,,,,,,3.7898778915405273,control,-0.25,-0.25
,0.006393625284920585,-0.00015042690206651467,,,0.12635357626585153,-56.32824751651036,0.01122198956097038,12.246169494763299,12.25643605902163,12.251302776892464,3.7950246334075928,state,,
-0.5,,,-0.3842089371427142,-0.3842089371427142,,,,,,,3.7950284481048584,control,-0.25,-0.25
,-0.008035583171305538,-0.000851159006198832,,,0.12540002508165218,-61.14545485688173,0.011485576673932652,11.86726155872537,11.870552974467007,11.868907266596189,3.8001015186309814,state,,
-0.5,,,-0.4065247583998599,-0.4065247583998599,,,,,,,3.800105333328247,control,-0.2500000000000089,-0.24999999999999112
,0.0001336096398669513,-0.0037581355907189687,,,0.12307746691845808,-66.12052126976916,0.01171785689618291,11.458074251812757,11.460173786317629,11.459124019065193,3.805219888687134,state,,
-0.5,,,-0.4283942632318627,-0.4283942632318627,,,,,,,3.8052239418029785,control,-0.25,-0.25
,-0.0033769765912938982,0.00427441063689423,,,0.11729209343585958,-71.09994502625555,0.011986217673684008,11.01822578358648,11.030522823362546,11.024374303474513,3.8103039264678955,state,,
-0.5,,,-0.44982637796722547,-0.44982637796722547,,,,,,,3.8103082180023193,control,-0.25,-0.25
,-0.013235693260557313,0.0020917395318096137,,,0.11155546166762882,-75.79263595942312,0.01210810207954442,10.571172383218453,10.570276872453116,10.570724627835784,3.815350294113159,state,,
-0.5,,,-0.47082985040788095,-0.47082985040788095,,,,,,,3.8153622150421143,control,-0.24999999999999112,-0.2500000000000089
,-0.0014954921520829308,-0.010251725485213692,,,0.11208626717009165,-80.46617127431608,0.012185895752763236,10.084545171647749,10.103479121864705,10.094012146756228,3.8204312324523926,state,,
-0.5,,,-0.4914132533997233,-0.4914132533997233,,,,,,,3.8204345703125,control,-0.2500000000000089,-0.24999999999999112
,0.008365313573528564,0.0017320341746891836,,,0.10978631971868276,-84.28774783271317,0.012502489090552706,9.601569625290002,9.62193262996072,9.61175112762536,3.825542449951172,state,,
-0.5,,,-0.5115849883317288,-0.5115849883317288,,,,,,,3.8255460262298584,control,-0.25,-0.25
,-0.0011647187370852111,-0.006792199656764801,,,0.1011709877145063,-87.93530651755785,0.01244295486588069,9.11257790194961,9.115465889143373,9.114021895546491,3.8306849002838135,state,,
-0.5,,,-0.5313532885650942,-0.5313532885650942,,,,,,,3.830688714981079,control,-0.25,-0.25
,0.000756774082639002,0.005205229564342035,,,0.0952722540439328,-93.20623928749136,0.012635137973934145,8.556271734061053,8.571930663149024,8.564101198605037,3.8357584476470947,state,,
-0.5,,,-0.5507262227937924,-0.5507262227937924,,,,,,,3.835761547088623,control,-0.24999999999999112,-0.2500000000000089
,-0.0018984105037781144,-0.010858529099920005,,,0.09422376998720833,-97.15601456987827,0.012575971359930039,8.012813510303179,8.0181034891493,8.01545849972624,3.8410778045654297,state,,
-0.5,,,-0.5697116983379166,-0.5697116983379166,,,,,,,3.84108304977417,control,-0.25,-0.25
,-0.0066061158186810146,-0.0027776723787156584,,,0.09031341663373552,-101.0688626177868,0.012569280028498959,7.451308450063925,7.444370101532263,7.447839275798094,3.8461313247680664,state,,
-0.5,,,-0.5883174643711583,-0.5883174643711583,,,,,,,3.846135377883911,control,-0.25,-0.25
,0.0010402391765155568,0.0005063125942919618,,,0.08610907831005232,-105.31684147310357,0.012655313697191783,6.849771143791084,6.8575216264793655,6.8536463851352245,3.8512916564941406,state,,
-0.5,,,-0.6065511150837352,-0.6065511150837352,,,,,,,3.8512959480285645,control,-0.24999999999999556,-0.25000000000000444
,0.0020188021134386895,0.005999534134707662,,,0.08164150155728643,-109.46548929536101,0.012822904934279448,6.239991161371689,6.2405911543332095,6.240291157852449,3.856494665145874,state,,
-0.5,,,-0.6244200927820605,-0.6244200927820605,,,,,,,3.856499195098877,control,-0.25,-0.25
,-0.0010659030316948048,0.009353194363497281,,,0.07526314121656713,-111.8432450901472,0.012965450829369594,5.650366590190714,5.6360969569715875,5.643231773581151,3.8616366386413574,state,,
-0.5,,,-0.6419316909264192,-0.6419316909264192,,,,,,,3.8616409301757812,control,-0.25000000000000444,-0.24999999999999556
,-0.00343066479066418,0.0034383414220434208,,,0.0684003780708834,-116.20108347633115,0.012936561876155354,4.990335515804779,4.995402892522854,4.992869204163817,3.8667664527893066,state,,
-0.5,,,-0.6590930571078909,-0.6590930571078909,,,,,,,3.8667709827423096,control,-0.25000000000000444,-0.24999999999999556
,-0.003535053432907474,-0.0031857276268612623,,,0.06365713973945689,-120.03248960385017,0.012794286200015138,4.319201126368572,4.344254941083116,4.3317280337258435,3.8719282150268555,state,,
-0.5,,,-0.6759111959657331,-0.6759111959657331,,,,,,,3.8719334602355957,control,-0.24999999999999556,-0.25000000000000444
,0.005019356193020038,-0.002445532259273313,,,0.05437418786312224,-123.65248648806909,0.012615848466261936,3.6583741613309346,3.6533289616199207,3.6558515614754277,3.8772051334381104,state,,
-0.5,,,-0.6923929720464185,-0.6923929720464185,,,,,,,3.8772106170654297,control,-0.25,-0.25
,-0.0019749900677921185,0.009461648131777543,,,0.04564492934565175,-127.49021045241949,0.01257600026705617,2.9570960193792066,2.957546451217735,2.957321235298471,3.882317066192627,state,,
-0.5,,,-0.7085451126054901,-0.7085451126054901,,,,,,,3.882333993911743,control,-0.25,-0.25
,0.005850363174077419,0.002194606563363673,,,0.04012479589499401,-130.45924455367503,0.012483133383934687,2.2605563966877176,2.25498633768783,2.2577713671877735,3.887561082839966,state,,
-0.5,,,-0.7243742103533803,-0.7243742103533803,,,,,,,3.887568235397339,control,-0.24999999999999778,-0.2500000000000022
,-0.0020932211708203532,0.0015796948017536899,,,0.03483701378204128,-134.19475404597964,0.012299415644784612,1.5289913369941805,1.5256988967881755,1.527345116891178,3.8926637172698975,state,,
-0.5,,,-0.7398867261463128,-0.7398867261463128,,,,,,,3.8926711082458496,control,-0.25,-0.25
,-0.0013219843202068582,-0.0049448400016012285,,,0.030534791653973607,-136.66643778274263,0.011998234366670071,0.8062089430655569,0.8031407759962368,0.8046748595308968,3.8978681564331055,state,,
-0.5,,,-0.7550889916233865,-0.7550889916233865,,,,,,,3.8978781700134277,control,-0.24999999999999944,-0.25000000000000056
,0.006118146972759074,0.00478520920648529,,,0.02127403537716375,-141.00565314989137,0.011816306222454408,0.036801164807691474,0.024370507790780913,0.030585836299236193,3.903071165084839,state,,
-0.5,,,-0.7699872117909188,-0.7699872117909188,,,,,,,3.903080940246582,control,-0.25,-0.25
,0.0038953594921298197,0.004022722364627234,,,0.009405842827160484,-143.9329168075931,0.011508524357091925,-0.7270861267483243,-0.7442490649004331,-0.7356675958243787,3.9083588123321533,state,,
-0.5,,,-0.7845874675551004,-0.7845874675551004,,,,,,,3.908367872238159,control,-0.25,-0.25
,0.0001824515692252313,0.0008393653326306875,,,0.006540511362354241,-146.6792237406911,0.01124658504578561,-1.5064862726965147,-1.5190588210891711,-1.512772546892843,3.913524627685547,state,,
-0.5,,,-0.7988957182039984,-0.7988957182039984,,,,,,,3.913534641265869,control,-0.2499999999999989,-0.2500000000000011
,0.00969914921969772,-0.010398755654139549,,,0.0011513375139287694,-150.99822245257442,0.010786114321566264,-2.3429959774417926,-2.33000933971039,-2.3365026585760913,3.9186925888061523,state,,
-0.5,,,-0.8129178038399184,-0.8129178038399184,,,,,,,3.9187026023864746,control,-0.25,-0.25
,-0.0057529353774507675,-0.0013850920173657678,,,-0.007125703943896692,-152.75794185695048,0.0103018572337271,-3.1343917637454712,-3.1222065803084518,-3.1282991720269617,3.9238312244415283,state,,
-0.5,,,-0.8266594477631201,-0.8266594477631201,,,,,,,3.923841714859009,control,-0.24999999999999778,-0.2500000000000022
,-0.005763110651693845,-0.0019257304442308577,,,-0.011713734537860726,-156.0785802730421,0.009852227136925927,-3.962168902668281,-3.9609144477444276,-3.9615416752063544,3.928858757019043,state,,
-0.5,,,-0.8401262588078576,-0.8401262588078576,,,,,,,3.928868293762207,control,-0.25,-0.25
,-0.0053401225088412305,0.00025044187940403886,,,-0.019064253297574742,-158.62789676662305,0.009376037445356773,-4.799578507214937,-4.790931075155824,-4.79525479118538,3.933981418609619,state,,
-0.5,,,-0.8533237336317004,-0.8533237336317004,,,,,,,3.933992862701416,control,-0.25000000000000444,-0.24999999999999556
,-0.00011338508541472682,-0.011618632063216665,,,-0.029841429812205937,-161.4377641254108,0.008621537230713237,-5.651641149078775,-5.642686930462822,-5.647164039770798,3.9391114711761475,state,,
-0.5,,,-0.8662572589590665,-0.8662572589590665,,,,,,,3.9391210079193115,control,-0.25,-0.25
,0.005959657392318465,0.007075236780937537,,,-0.040927917348037725,-164.26486657616115,0.008215224707147181,-6.525157225429376,-6.501808985806659,-6.513483105618017,3.9443392753601074,state,,
0.49999462792660787,,,-0.8189321137798851,-0.8189321137798851,,,,,,,3.9443488121032715,control,0.24999731396330394,0.24999731396330394
,-3.485820144257975e-05,0.0011029436117098728,,,-0.04852382571611279,-164.71569537521134,0.007678832846080616,-7.346311590093385,-7.342161901266168,-7.344236745679776,3.9496231079101562,state,,
0.49999462792660787,,,-0.7725534715042873,-0.7725534715042873,,,,,,,3.9496326446533203,control,0.2499973139632995,0.24999731396330838
,0.0019776991217294237,0.00041104887340710495,,,-0.05023995557425725,-161.5172364090212,0.007238568513484168,-8.107831581424438,-8.094004163076177,-8.100917872250307,3.954805850982666,state,,
0.49999462792660787,,,-0.7271024020742015,-0.7271024020742015,,,,,,,3.9548161029815674,control,0.24999731396329505,0.24999731396331282
,-0.0063701439489206,0.0009023561204600959,,,-0.05437475124552177,-157.93564281230988,0.006696241716862502,-8.826693956145592,-8.840492551465545,-8.833593253805567,3.9598960876464844,state,,
0.49999462792660787,,,-0.6825603540327174,-0.6825603540327174,,,,,,,3.9599077701568604,control,0.24999731396329505,0.24999731396331282
,0.0011498121923528915,0.009944991955333517,,,-0.06600137565929268,-152.67875104857308,0.006214713925869433,-9.50992620546936,-9.516715750727949,-9.513320978098655,3.9651377201080322,state,,
0.49999462792660787,,,-0.638909146952063,-0.638909146952063,,,,,,,3.9651479721069336,control,0.24999731396330394,0.24999731396330394
,0.004065524645758462,-0.0008149553766601717,,,-0.07390015274517292,-147.1251139998867,0.005584106767793638,-10.162780551918374,-10.15833478659046,-10.160557669254416,3.9702346324920654,state,,
0.49999462792660787,,,-0.5961309640130217,-0.5961309640130217,,,,,,,3.9702446460723877,control,0.24999731396329505,0.24999731396331282
,-0.0069037069765501,0.0036152987850807724,,,-0.0790137357303895,-140.58141187283698,0.004985286729745313,-10.762214802804321,-10.756422146504699,-10.75931847465451,3.9755306243896484,state,,
0.49999462792660787,,,-0.5542083447327613,-0.5542083447327613,,,,,,,3.97554087638855,control,0.24999731396330394,0.24999731396330394
,-0.005124189113345492,-0.00888181050621117,,,-0.08457906240552565,-133.53412045451822,0.004145279495353975,-11.317052837186015,-11.31260306374128,-11.314827950463648,3.980586290359497,state,,
0.49999462792660787,,,-0.513124177838106,-0.513124177838106,,,,,,,3.980597734451294,control,0.24999731396331282,0.24999731396329505
,0.0007479529759362429,-0.006756432914848096,,,-0.09153577078705158,-125.65633979976657,0.0033493673450055526,-11.819589758533377,-11.815871994032099,-11.817730876282738,3.985860586166382,state,,
0.49999462792660787,,,-0.47286169428134384,-0.47286169428134384,,,,,,,3.9858968257904053,control,0.24999731396330394,0.24999731396330394
,-0.006968811739896286,-0.00022103766600560079,,,-0.09794757540490859,-117.91411877101493,0.002610495113275214,-12.279892599322753,-12.288267791505703,-12.284080195414228,3.9911768436431885,state,,
0.49999462792660787,,,-0.433404460395717,-0.433404460395717,,,,,,,3.9911885261535645,control,0.24999731396330394,0.24999731396330394
,-0.005615051949435235,0.006151290419843687,,,-0.10851658412105247,-110.8394953068574,0.0018981581416370186,-12.731978851710982,-12.719384233219133,-12.725681542465058,3.9962961673736572,state,,
0.49999462792660787,,,-0.3947363711878027,-0.3947363711878027,,,,,,,3.996307849884033,control,0.24999731396330394,0.24999731396330394
,0.004748282596859945,-0.0010080188679957613,,,-0.11130423890333227,-103.118284647465,0.0012518074939622784,-13.128499819526466,-13.108272343259072,-13.118386081392769,4.001504182815552,state,,
0.49999462792660787,,,-0.3568416437640466,-0.3568416437640466,,,,,,,4.001514673233032,control,0.24999731396330394,0.24999731396330394
,-0.006623650052417898,-0.0009333967576035682,,,-0.11471965510470197,-95.68545392609016,0.0005087741118682325,-13.473076731586291,-13.483955620365728,-13.47851617597601,4.006627082824707,state,,
0.49999462792660787,,,-0.3197048108887657,-0.3197048108887657,,,,,,,4.006637096405029,control,0.24999731396330394,0.24999731396330394
,-0.002387101072921841,0.0042715510523134706,,,-0.11825465974293262,-88.46764855971095,-0.00011046361802215022,-13.801700727709456,-13.810258229372783,-13.805979478541119,4.011770963668823,state,,
0.49999462792660787,,,-0.28331071467099034,-0.28331071467099034,,,,,,,4.011782169342041,control,0.24999731396329505,0.24999731396331282
,0.005200637825145334,-0.000412186261853958,,,-0.1193627830864472,-80.35404539726832,-0.0007155083913931667,-14.083973566532022,-14.073261834605141,-14.078617700568582,4.016850471496582,state,,
0.49999462792660787,,,-0.24764450037757055,-0.24764450037757055,,,,,,,4.016860246658325,control,0.24999731396331282,0.24999731396329505
,0.00698695203210693,-0.002896409069007767,,,-0.12502188181283092,-72.71420658632272,-0.0014400267060052808,-14.326128521011443,-14.315065323751488,-14.320596922381466,4.022114276885986,state,,
0.49999462792660787,,,-0.21269161037001913,-0.21269161037001913,,,,,,,4.02212381362915,control,0.24999731396330394,0.24999731396330394
,-0.00753853090046657,-0.005475623137926872,,,-0.13032385236630048,-66.02294426420478,-0.002326251497551424,-14.552806548108197,-14.535627244478857,-14.544216896293527,4.027259111404419,state,,
0.49999462792660787,,,-0.17843777816261874,-0.17843777816261874,,,,,,,4.027269124984741,control,0.24999731396330394,0.24999731396330394
,0.0006427279885486125,-0.0041663839708976184,,,-0.13707483826695777,-58.765893609800095,-0.003165351357349717,-14.720276912883445,-14.724816719018252,-14.72254681595085,4.032507658004761,state,,
0.49999462792660787,,,-0.14486902259936638,-0.14486902259936638,,,,,,,4.03251838684082,control,0.24999731396331282,0.24999731396329505
,0.0005770117229091698,-0.0002686698044335721,,,-0.1368707989227211,-51.79791036230217,-0.0038063000088949758,-14.862021105887496,-14.87925383419306,-14.870637470040279,4.0376667976379395,state,,
0.49999462792660787,,,-0.11197164214737904,-0.11197164214737904,,,,,,,4.037680387496948,control,0.24999731396331282,0.24999731396329505
,-0.003017051992218951,0.0002820831705368649,,,-0.1430195784294343,-45.02825539290895,-0.004580113603302945,-14.996187390582497,-14.979885293146044,-14.98803634186427,4.042839050292969,state,,
0.49999462792660787,,,-0.07973220930443145,-0.07973220930443145,,,,,,,4.042850971221924,control,0.24999731396329505,0.24999731396331282
,-0.0003099465678827356,0.0036897032483815453,,,-0.14221182638893493,-36.89131657171992,-0.005142604844774425,-15.053508126205559,-15.032470916234464,-15.042989521220012,4.047838449478149,state,,
0.49999462792660787,,,-0.048137565118342815,-0.048137565118342815,,,,,,,4.047849416732788,control,0.24999731396330394,0.24999731396330394
,0.0024317207676560794,-0.0153064967264123,,,-0.1430150028267889,-31.01955397774778,-0.0060552937586492595,-15.105128895915175,-15.104141678003774,-15.104635286959475,4.053004026412964,state,,
0.49999462792660787,,,-0.017174813815975958,-0.017174813815975958,,,,,,,4.053038597106934,control,0.24999731396330394,0.24999731396330394
,-0.007776543771226825,-0.0018794717515894857,,,-0.14422631295309832,-24.043981125526287,-0.006788521541362398,-15.111371611257143,-15.116299393851335,-15.113835502554238,4.058261871337891,state,,
0.49999462792660787,,,0.01316868246034356,0.01316868246034356,,,,,,,4.058273077011108,control,0.24999731396329505,0.24999731396331282
,-0.0033550272811692233,-0.0004564484564267975,,,-0.14579777993845683,-18.596865234318976,-0.007461135310403357,-15.129821151659497,-15.110431421856156,-15.120126286757827,4.0633323192596436,state,,
0.49999462792660787,,,0.04290530881113669,0.04290530881113669,,,,,,,4.06334376335144,control,0.24999731396331282,0.24999731396329505
,-0.0013108129275722,0.0048930059020892164,,,-0.14809405133865405,-11.930552436355166,-0.008028332525408676,-15.08533595218057,-15.062026818900096,-15.073681385540333,4.068247079849243,state,,
0.49999462792660787,,,0.07204720263491396,0.07204720263491396,,,,,,,4.068256378173828,control,0.24999731396330394,0.24999731396330394
,-0.004425298756372958,-0.006591605660323009,,,-0.14790625047127598,-5.393282107643363,-0.008780918741346783,-15.001027904758828,-14.992179909969776,-14.996603907364303,4.0733864307403564,state,,
0.49999462792660787,,,0.10060625858221568,0.10060625858221568,,,,,,,4.073395013809204,control,0.24999731396331282,0.24999731396329505
,0.004570218771840862,0.009403298326868145,,,-0.1489255455426116,1.228521652535556,-0.009178440139507785,-14.885802005595203,-14.884342032484655,-14.885072019039928,4.078737020492554,state,,
0.49999462792660787,,,0.12859413341057135,0.12859413341057135,,,,,,,4.078746557235718,control,0.24999731396329505,0.24999731396331282
,-0.000616394312223503,-0.003265108004684569,,,-0.15145975712861426,6.575814206801024,-0.009877828773357454,-14.761308675990799,-14.772867611587078,-14.76708814378894,4.083885908126831,state,,
0.49999462792660787,,,0.15602225074235992,0.15602225074235992,,,,,,,4.083895921707153,control,0.24999731396331282,0.24999731396329505
,-0.0017348613964622943,0.003187092435195971,,,-0.146678132520977,12.407205916415503,-0.010314186638302936,-14.616344311731755,-14.608140953543918,-14.612242632637837,4.0889177322387695,state,,
0.49999462792660787,,,0.18290180572751272,0.18290180572751272,,,,,,,4.088943004608154,control,0.24999731396331282,0.24999731396329505
,0.001529215202643296,0.00026576347054267315,,,-0.14658035741679926,18.204477388463772,-0.0108443958771396,-14.426630352348491,-14.431277256798124,-14.428953804573307,4.094212770462036,state,,
0.49999462792660787,,,0.20924376961296245,0.20924376961296245,,,,,,,4.094222784042358,control,0.24999731396330394,0.24999731396330394
,-0.0031197275711592793,0.0018048133185296987,,,-0.14787174805217837,24.23670341406173,-0.011397947861369431,-14.214899189835066,-14.208629667206633,-14.21176442852085,4.099310398101807,state,,
0.49999462792660787,,,0.2350588942207032,0.2350588942207032,,,,,,,4.099323749542236,control,0.24999731396330394,0.24999731396330394
,-0.0029661134800933655,-0.0012296341474739923,,,-0.14486130085274426,29.857187866637226,-0.01191378831458443,-13.984775660158666,-13.961275741576953,-13.97302570086781,4.104488849639893,state,,
0.49999462792660787,,,0.2603577163362891,0.2603577163362891,,,,,,,4.104497909545898,control,0.24999731396330394,0.24999731396330394
,-0.0072769575623318474,-0.00807584099496144,,,-0.14378584831642865,34.78710292791237,-0.012603373725489987,-13.721491167379302,-13.71976513487217,-13.720628151125736,4.109812498092651,state,,
0.49999462792660787,,,0.28515056200956335,0.28515056200956335,,,,,,,4.109825372695923,control,0.24999731396330394,0.24999731396330394
,-0.0005545058281391743,-0.0011934551356042407,,,-0.14191369135092308,39.36174159029855,-0.013079831698245531,-13.459203698442343,-13.442819916710532,-13.451011807576437,4.114874601364136,state,,
0.49999462792660787,,,0.309447550769372,0.309447550769372,,,,,,,4.11488938331604,control,0.24999731396330394,0.24999731396330394
,0.011296611860733783,0.0022109369646582696,,,-0.1372877985710816,45.35906003286068,-0.013329897245061303,-13.12777462347178,-13.129757816266496,-13.128766219869139,4.119945049285889,state,,
0.49999462792660787,,,0.33325859975398453,0.33325859975398453,,,,,,,4.1199846267700195,control,0.24999731396331282,0.24999731396329505
,-0.0073258549938920794,0.002301885577924916,,,-0.13600555336136566,50.282059030807716,-0.013757465305070634,-12.804511158798833,-12.793496765559425,-12.799003962179128,4.1251890659332275,state,,
0.49999462792660787,,,0.3565934277589048,0.3565934277589048,,,,,,,4.125201225280762,control,0.24999731396329505,0.24999731396331282
,-0.0017176966167776761,0.00901131048328453,,,-0.13241367252433478,55.3485742292801,-0.013956610727616172,-12.446487266164379,-12.436762728283657,-12.441624997224018,4.130242824554443,state,,
0.49999462792660787,,,0.3794615592037267,0.3794615592037267,,,,,,,4.130254745483398,control,0.24999731396330394,0.24999731396330394
,-0.0033304942237968836,-0.0013972031044285796,,,-0.12780864998545918,60.66050030071794,-0.014318667278240946,-12.05089310609736,-12.056668027021887,-12.053780566559624,4.13538670539856,state,,
0.49999462792660787,,,0.4018723280196521,0.4018723280196521,,,,,,,4.135396957397461,control,0.24999731396330394,0.24999731396330394
,0.0014187018987800288,0.0020461616402163026,,,-0.1258208298241292,65.7211236740947,-0.014605345545943197,-11.643934594477038,-11.645330656901404,-11.644632625689221,4.140731334686279,state,,
0.49999462792660787,,,0.42383488145925907,0.42383488145925907,,,,,,,4.14074444770813,control,0.24999731396330394,0.24999731396330394
,-0.0009360695027926817,0.007344733556803992,,,-0.12289632129590584,69.9100220873242,-0.014776449247776957,-11.210424194384954,-11.24640405840519,-11.228414126395073,4.145861387252808,state,,
0.49999462792660787,,,0.44535818383007386,0.44535818383007386,,,,,,,4.145876407623291,control,0.24999731396331282,0.24999731396329505
,-0.004343900409303588,0.00040834521875713053,,,-0.11818340211255286,74.40669820146609,-0.015047261631084975,-10.776460852078714,-10.793166772486982,-10.784813812282849,4.15077018737793,state,,
0.49999462792660787,,,0.4664510201534724,0.4664510201534724,,,,,,,4.150779724121094,control,0.24999731396331282,0.24999731396329505
,-0.0006543818055031656,0.006326150845234574,,,-0.11442186431686817,78.91654342161904,-0.015171769154586847,-10.315496379810389,-10.321412978665776,-10.318454679238084,4.155744791030884,state,,
0.49999462792660787,,,0.48712199975040293,0.48712199975040293,,,,,,,4.155775785446167,control,0.24999731396331282,0.24999731396329505
,-0.004497711786079458,0.008675145122041285,,,-0.10903582557999547,83.374796788459,-0.015226985106790956,-9.818982103759872,-9.84226867465397,-9.830625389206922,4.161040544509888,state,,
0.49999462792660787,,,0.5073795597553948,0.5073795597553948,,,,,,,4.161050796508789,control,0.24999731396331282,0.24999731396329505
,-0.009672108465909114,0.0005953580772193393,,,-0.10754406090652285,87.52888921494088,-0.01552299913623315,-9.330194283662129,-9.323538733855269,-9.326866508758698,4.1661903858184814,state,,
0.49999462792660787,,,0.527231968560287,0.527231968560287,,,,,,,4.1661999225616455,control,0.24999731396329505,0.24999731396331282
,0.002076422672923169,0.0054038223285561085,,,-0.09912301347644795,91.837079484827,-0.015487195613562465,-8.795229026182273,-8.802999241040297,-8.799114133611285,4.171444654464722,state,,
0.49999462792660787,,,0.5466873291890813,0.5466873291890813,,,,,,,4.171454191207886,control,0.24999731396330394,0.24999731396330394
,-0.005552442772806516,-0.0011569855736793583,,,-0.09889798688733621,96.46882383568652,-0.015757337313815956,-8.254622344073447,-8.231484683076808,-8.243053513575127,4.176587820053101,state,,
0.49999462792660787,,,0.5657535826052996,0.5657535826052996,,,,,,,4.176597595214844,control,0.24999731396330394,0.24999731396330394
,-0.0006844590039246693,-0.0029444603240770402,,,-0.095813640657574,100.27404330127524,-0.01595939964491668,-7.685990164221873,-7.676252532416039,-7.681121348318956,4.1816086769104,state,,
0.49999462792660787,,,0.5844385109531937,0.5844385109531937,,,,,,,4.1816184520721436,control,0.24999731396330394,0.24999731396330394
,-0.00014693855998693345,0.00036892837892989086,,,-0.09207957734160986,103.3457031190351,-0.016063469376734644,-7.112969332809699,-7.1180423639392165,-7.1155058483744575,4.186630010604858,state,,
0.49999462792660787,,,0.6027497407341298,0.6027497407341298,,,,,,,4.186638832092285,control,0.24999731396330394,0.24999731396330394
,-0.0073234945692610826,-0.002204618713618087,,,-0.08654088493719413,107.87898543638943,-0.01621126667799699,-6.50058677319884,-6.507336211338576,-6.503961492268708,4.191766262054443,state,,
0.49999462792660787,,,0.6206947459194472,0.6206947459194472,,,,,,,4.1917760372161865,control,0.2499973139632995,0.24999731396330838
,0.005571583289530925,0.0014093559562475975,,,-0.08386094076901493,112.16124243079486,-0.01622467267166882,-5.871103435617055,-5.87889865096252,-5.875001043289787,4.196929216384888,state,,
0.49999462792660787,,,0.6382808510010582,0.6382808510010582,,,,,,,4.196938514709473,control,0.2499973139632995,0.24999731396330838
,-0.0009366548950994563,-0.008554082240217318,,,-0.07345023426526563,116.05355165468893,-0.016299578339875668,-5.234664992110211,-5.230905527317488,-5.23278525971385,4.202173471450806,state,,
0.49999462792660787,,,0.6555152339810371,0.6555152339810371,,,,,,,4.202183485031128,control,0.24999731396330838,0.2499973139632995
,0.00495357919381871,0.0018266250816181548,,,-0.07079549091625074,119.43257868296598,-0.016244432383902767,-4.601474783905956,-4.5622121778138025,-4.581843480859879,4.207514524459839,state,,
0.49999462792660787,,,0.6724049293014164,0.6724049293014164,,,,,,,4.207525014877319,control,0.24999731396330394,0.24999731396330394
,-0.005212892643508081,0.01148106903717708,,,-0.06650319659545699,123.20228332238148,-0.01604005205388063,-3.8961195853968618,-3.915551117627196,-3.905835351512029,4.21258544921875,state,,
0.49999462792660787,,,0.688956830715388,0.688956830715388,,,,,,,4.212595224380493,control,0.24999731396330394,0.24999731396330394
,-0.003850263484726751,0.0010346586771552604,,,-0.06399481029103818,126.64763616143844,-0.016039155795048426,-3.2241831508032166,-3.2113422036001347,-3.2177626772016756,4.217742443084717,state,,
0.49999462792660787,,,0.7051776941010803,0.7051776941010803,,,,,,,4.217752695083618,control,0.24999731396330394,0.24999731396330394
,0.0006908895892104812,-0.00013324132667724836,,,-0.053627125089422405,129.86354150091137,-0.01585284938995556,-2.5234167001266505,-2.51110779300904,-2.5172622465678454,4.222942590713501,state,,
0.49999462792660787,,,0.7210741402190587,0.7210741402190587,,,,,,,4.222952127456665,control,0.24999731396330394,0.24999731396330394
,-0.00947458593770826,-0.005853487576182452,,,-0.0454521221595785,133.69439267980485,-0.015846140831186056,-1.7885519560340961,-1.7870888300294836,-1.7878203930317897,4.22838568687439,state,,
0.49999462792660787,,,0.7366526574146776,0.7366526574146776,,,,,,,4.228399991989136,control,0.24999731396330283,0.24999731396330505
,-0.0008778005558638852,0.0031206400858124596,,,-0.03767855410216959,136.1213359973534,-0.015577236527997328,-1.0683776530543663,-1.0687977679173395,-1.0685877104858528,4.233122110366821,state,,
0.49999462792660787,,,0.751919604266384,0.751919604266384,,,,,,,4.233131647109985,control,0.24999731396330283,0.24999731396330505
,-0.00592157165099372,-0.0048831719738484615,,,-0.027928270364205462,139.88393912930366,-0.015421193971415226,-0.31964012763112865,-0.2989285245789541,-0.30928432610504136,4.238344192504883,state,,
0.49999462792660787,,,0.7668812121810564,0.7668812121810564,,,,,,,4.23835301399231,control,0.24999731396330394,0.24999731396330394
,-0.0089851533064338,0.0033065770367472986,,,-0.022288348473085525,143.66999529126522,-0.015175422612519616,0.4739318055632754,0.4647134057392365,0.46932260565125594,4.2434844970703125,state,,
0.49999462792660787,,,0.7815435879374353,0.7815435879374353,,,,,,,4.243495464324951,control,0.24999731396330394,0.24999731396330394
,0.0011204026227875966,0.006838287424084147,,,-0.012860468942926417,146.13455930338156,-0.014688644196719763,1.2532516027758138,1.2251887105794559,1.2392201566776349,4.248591423034668,state,,
0.49999462792660787,,,0.7959127161786866,0.7959127161786866,,,,,,,4.248600482940674,control,0.24999731396330394,0.24999731396330394
,-0.0001312794387558215,0.005005776348095596,,,-0.005661058295928058,149.70159876137882,-0.01425440821456243,2.0436025183029116,2.0453961750549667,2.044499346678939,4.253822326660156,state,,
0.49999462792660787,,,0.8099944618551129,0.8099944618551129,,,,,,,4.253830909729004,control,0.24999731396330616,0.24999731396330171
,-0.00031739307616810347,-0.00574904817750749,,,0.00533751178607461,152.39822631225707,-0.013916802263411484,2.857307555046099,2.8415097223143624,2.849408638680231,4.259047508239746,state,,
0.49999462792660787,,,0.8237945726180107,0.8237945726180107,,,,,,,4.2590720653533936,control,0.24999731396330171,0.24999731396330616
,0.0035589934200934204,0.0008061805297462367,,,0.012065338317940507,155.0193807091328,-0.01346907303883699,3.657005604326998,3.675439415898757,3.6662225101128776,4.2640299797058105,state,,
0.49999462792660787,,,0.8373186811656504,0.8373186811656504,,,,,,,4.264038801193237,control,0.24999731396330394,0.24999731396330394
,-0.0032191240586057217,0.0013175493110250255,,,0.02044177305355236,158.22880776029587,-0.01300439093517354,4.52325109038122,4.493641243384582,4.5084461668829015,4.269370079040527,state,,
0.49999462792660787,,,0.8505723075423375,0.8505723075423375,,,,,,,4.26938009262085,control,0.2499973139632995,0.24999731396330838
,-0.005749975581501099,0.0021954322936385347,,,0.03267797200652978,160.69880887320213,-0.01243134045982937,5.363593507769419,5.338909492040708,5.3512514999050635,4.27459192276001,state,,
0.49999462792660787,,,0.8635608613914908,0.8635608613914908,,,,,,,4.274601459503174,control,0.24999731396330394,0.24999731396330394
,-0.0018667001590088115,0.001919547408685813,,,0.038263547158083035,164.2927093517623,-0.011922391489696666,6.22812582689809,6.231701671658296,6.229913749278193,4.279647588729858,state,,
-0.5,,,0.8162896441636609,0.8162896441636609,,,,,,,4.2796571254730225,control,-0.25,-0.25
,-0.0037152723191921267,-0.006198310912825554,,,0.04714724580941053,163.58829976280748,-0.011493125629025125,7.043529885951862,7.0297585566239,7.036644221287881,4.284756898880005,state,,
-0.5,,,0.7699638512803877,0.7699638512803877,,,,,,,4.284765720367432,control,-0.25000000000000444,-0.24999999999999556
,0.000369814807873749,0.002657473842914025,,,0.05320975274336608,161.17256274145353,-0.010891950389173387,7.811774566117397,7.796344206241185,7.804059386179292,4.290004014968872,state,,
-0.5,,,0.7245645742547799,0.7245645742547799,,,,,,,4.290014266967773,control,-0.25000000000000444,-0.24999999999999556
,0.002181964489983302,-0.0035841494854624563,,,0.06005431000245171,157.2869838103007,-0.010359506265951831,8.536550898699286,8.520755893028964,8.528653395864126,4.295170545578003,state,,
-0.5,,,0.6800732827696843,0.6800732827696843,,,,,,,4.295179843902588,control,-0.2500000000000089,-0.24999999999999112
,0.00968085274441431,0.005791512314654911,,,0.06583563472186722,152.03976193667802,-0.00959616395560036,9.191336477450244,9.219343673907394,9.20534007567882,4.30037522315979,state,,
-0.5,,,0.6364718171142906,0.6364718171142906,,,,,,,4.300384044647217,control,-0.25,-0.25
,0.004813885792992028,0.0012485660007728481,,,0.0706988023271774,146.5206650806206,-0.008959090954193184,9.85668145049078,9.843527042464167,9.850104246477475,4.305532217025757,state,,
-0.5,,,0.5937423807720047,0.5937423807720047,,,,,,,4.305541515350342,control,-0.2500000000000089,-0.24999999999999112
,-0.007401070417878835,-0.008971935191854154,,,0.07821287543790126,140.2782999574832,-0.008537114152021909,10.450324917605155,10.453965921738273,10.452145419671714,4.310815095901489,state,,
-0.5,,,0.5518675331565646,0.5518675331565646,,,,,,,4.3108251094818115,control,-0.25,-0.25
,-0.0021225413525266684,0.005571390334666386,,,0.08580228747891908,132.36527040900296,-0.00777594298692171,10.979653459154806,10.996410530784079,10.988031994969443,4.31599760055542,state,,
-0.5,,,0.5108301824934333,0.5108301824934333,,,,,,,4.316009998321533,control,-0.2500000000000089,-0.24999999999999112
,-3.397540554977904e-05,0.0028251376721627314,,,0.09137942159594209,125.67536854611521,-0.007069536311136158,11.514622068765945,11.50524941657844,11.509935742672193,4.321202516555786,state,,
-0.5,,,0.4706135788435646,0.4706135788435646,,,,,,,4.321213960647583,control,-0.25,-0.25
,-0.00016731240798360109,-0.0010394834286417784,,,0.0979929625851431,118.11871459954551,-0.006401441003510946,11.972421556240002,11.98810130933355,11.980261432786776,4.326372385025024,state,,
-0.5,,,0.43120130726669326,0.43120130726669326,,,,,,,4.326417922973633,control,-0.25,-0.25
,-0.00049797899593282,0.0025624881607073224,,,0.10141835328359046,110.02669378697092,-0.005715218552185083,12.404485331962873,12.398727449095638,12.401606390529256,4.331462383270264,state,,
-0.5,,,0.39257728112135937,0.39257728112135937,,,,,,,4.331471681594849,control,-0.2500000000000089,-0.24999999999999112
,0.001153459847894824,-0.007743099948638998,,,0.10701443354745374,103.37917972507844,-0.005160546498240436,12.803755674019467,12.821651959845214,12.812703816932341,4.336599826812744,state,,
-0.5,,,0.35472573549893216,0.35472573549893216,,,,,,,4.336610317230225,control,-0.2500000000000089,-0.24999999999999112
,0.007167511293224321,0.0061458471406311485,,,0.1115300769787526,95.0398704578486,-0.004309110479751527,13.15339202310004,13.156965856972793,13.155178940036416,4.341788291931152,state,,
-0.5,,,0.31763122078895356,0.31763122078895356,,,,,,,4.341798782348633,control,-0.25,-0.25
,-0.0005052657986913433,-0.0028012353727379473,,,0.1178974795183853,87.1917857040351,-0.003637755789643955,13.465368001045341,13.46709543959313,13.466231720319236,4.3468852043151855,state,,
-0.5,,,0.28127859637317454,0.28127859637317454,,,,,,,4.346895217895508,control,-0.25,-0.25
,-0.001710880879654168,-0.003663782318201263,,,0.12297619277700428,79.91038374915611,-0.003000014601431193,13.750227409096306,13.74956564628213,13.749896527689218,4.352059841156006,state,,
-0.5,,,0.24565302444571105,0.24565302444571105,,,,,,,4.352069854736328,control,-0.25,-0.25
,-0.007072138036134913,-0.002577640964659369,,,0.1250615074453182,72.60858399459799,-0.00243115206480617,13.991822976805356,14.001632413638038,13.996727695221697,4.357408046722412,state,,
-0.5,,,0.21073996395679684,0.21073996395679684,,,,,,,4.357420444488525,control,-0.25,-0.25
,-4.818905933057744e-05,0.00017177982700222882,,,0.13200863290068426,65.24089153827241,-0.001660567259113639,14.206834415704682,14.204508955400419,14.20567168555255,4.362488746643066,state,,
-0.5,,,0.1765251646776609,0.1765251646776609,,,,,,,4.3625311851501465,control,-0.25,-0.25
,0.00020244728597147767,-0.0023192162056707762,,,0.1340991396506081,58.17707953404546,-0.0010152951991138114,14.39315980155767,14.375106245378966,14.38413302346832,4.367704153060913,state,,
-0.5,,,0.14299466138410769,0.14299466138410769,,,,,,,4.3677144050598145,control,-0.2500000000000089,-0.24999999999999112
,-0.006840932277533483,0.0002496745434910809,,,0.138489964553758,51.38578169853212,-0.0003301488581787152,14.53032521409859,14.53562492571712,14.532975069907856,4.372754335403442,state,,
-0.5,,,0.11013476815642553,0.11013476815642553,,,,,,,4.372764348983765,control,-0.2500000000000089,-0.24999999999999112
,0.0037260570806258715,-0.0027820601690631114,,,0.13682076927332532,44.09541054961792,0.0002607879728770664,14.634833296757822,14.64001122748922,14.637422262123522,4.378081560134888,state,,
-0.5,,,0.07793207279329702,0.07793207279329702,,,,,,,4.378092288970947,control,-0.2500000000000089,-0.24999999999999112
,0.003705868977146056,0.0021781152946853386,,,0.14204081044787822,37.841625429040924,0.0010648951531368612,14.718047404953591,14.736149210588987,14.72709830777129,4.383008241653442,state,,
-0.5,,,0.046373431337431076,0.046373431337431076,,,,,,,4.383018493652344,control,-0.25,-0.25
,-0.00209831179260598,0.001639375853865412,,,0.14800421210466042,30.504577564590285,0.0018406186757433662,14.768914866105655,14.756782038016995,14.762848452061325,4.3885743618011475,state,,
-0.5,,,0.015445962710682458,0.015445962710682458,,,,,,,4.388586521148682,control,-0.25,-0.25
,0.0056294382617272185,-0.0042647064414476025,,,0.14962853665162562,24.100889243971178,0.0024888737628125674,14.781111461231571,14.781758605281517,14.781435033256544,4.3935019969940186,state,,
-0.5,,,-0.01486295654353119,-0.01486295654353119,,,,,,,4.393512487411499,control,-0.25,-0.25
,-0.005553171036057954,-0.008343096879857275,,,0.1487051910714743,17.24837076029107,0.002921106728198009,14.759949527033717,14.75728180922103,14.758615668127373,4.398829221725464,state,,
-0.5,,,-0.04456569741266057,-0.04456569741266057,,,,,,,4.398839473724365,control,-0.24999999999999112,-0.2500000000000089
,0.0017463987235874373,0.003250031509420449,,,0.1492877759059718,11.090368085465482,0.0036405368070505347,14.726383301178927,14.705736402876152,14.71605985202754,4.4039223194122314,state,,
-0.5,,,-0.07367438346440736,-0.07367438346440736,,,,,,,4.403932809829712,control,-0.25,-0.25
,-0.013938038449216206,-0.009025648113209836,,,0.15190775645333945,4.799110629815685,0.004045739103199821,14.633991110699446,14.645862755187709,14.639926932943577,4.40920352935791,state,,
-0.5,,,-0.1022008957951192,-0.1022008957951192,,,,,,,4.409214496612549,control,-0.25,-0.25
,0.0060632244977549534,0.00069844753690774,,,0.1485347633649729,-1.0758777181347843,0.004661973746752064,14.536203056968063,14.545885344501023,14.541044200734543,4.4142773151397705,state,,
-0.5,,,-0.13015687787921681,-0.13015687787921681,,,,,,,4.414288282394409,control,-0.25,-0.25
,-0.011267065716445923,8.146203063155912e-05,,,0.1499421703183933,-7.347708703675169,0.005207157475267388,14.39188630943017,14.417086424285033,14.4044863668576,4.419445037841797,state,,
-0.5,,,-0.15755374032163247,-0.15755374032163247,,,,,,,4.4194557666778564,control,-0.24999999999999112,-0.2500000000000089
,-0.0011713476249754669,0.009806574863610222,,,0.14892119113960348,-13.194366273472394,0.005954138667920411,14.236444171131847,14.254480009288855,14.245462090210351,4.424682140350342,state,,
-0.5,,,-0.18440266551519982,-0.18440266551519982,,,,,,,4.424694299697876,control,-0.25,-0.25
,-8.548584367591004e-05,-0.00723009088701714,,,0.14474118516431048,-17.87706151197224,0.006308128921929624,14.070726694226122,14.09237205223483,14.081549373230477,4.429677963256836,state,,
-0.5,,,-0.21071461220489582,-0.21071461220489582,,,,,,,4.429720401763916,control,-0.25,-0.25
,0.004728927302353338,0.0006247726097682445,,,0.1375405197123401,-23.62961433139583,0.006754264043635213,13.870590087559291,13.873103072266007,13.87184657991265,4.434778451919556,state,,
-0.5,,,-0.2365003199607979,-0.2365003199607979,,,,,,,4.43478798866272,control,-0.25,-0.25
,-0.005853430017712311,-0.002232185581515759,,,0.13649053300974084,-29.372842311383874,0.0071506086402453395,13.641528671503114,13.62562344074459,13.633576056123852,4.439831733703613,state,,
-0.5,,,-0.2617703135615819,-0.2617703135615819,,,,,,,4.439841270446777,control,-0.25,-0.25
,-0.0025966787993526104,0.0032693411117220854,,,0.1376539584186213,-35.30295767206826,0.007705601453066803,13.344906956155153,13.380454144820249,13.3626805504877,4.445085525512695,state,,
-0.5,,,-0.28653490729035025,-0.28653490729035025,,,,,,,4.445122957229614,control,-0.25,-0.25
,-0.0006034316433687171,-0.004874322144653178,,,0.13672094206212973,-40.57229150467786,0.0080758054785872,13.083764068952492,13.068146011723893,13.075955040338194,4.450346946716309,state,,
-0.5,,,-0.3108042091445432,-0.3108042091445432,,,,,,,4.450357913970947,control,-0.2500000000000089,-0.24999999999999112
,-0.00978245259767226,-0.01117382220659073,,,0.135953779044319,-45.8979633942562,0.008252274334475961,12.767597671735865,12.755811373695568,12.761704522715718,4.455682992935181,state,,
-0.5,,,-0.33458812496165236,-0.33458812496165236,,,,,,,4.455694198608398,control,-0.2500000000000089,-0.24999999999999112
,0.0020654163455807047,-0.0033818922563766595,,,0.13181162127768598,-50.44506163735899,0.00858497309258587,12.429194740402506,12.445025056232481,12.437109898317495,4.460621118545532,state,,
-0.5,,,-0.3578963624624193,-0.3578963624624193,,,,,,,4.460630893707275,control,-0.2500000000000089,-0.24999999999999112
,0.0022859318287706903,0.006522460310147122,,,0.1298391807543807,-55.796023317014885,0.009120751554774851,12.079704477052513,12.066228686089818,12.072966581571166,4.4659528732299805,state,,
-0.5,,,-0.38073843521317086,-0.38073843521317086,,,,,,,4.465996980667114,control,-0.25,-0.25
,0.00031389141821252153,0.0023058538700438634,,,0.12623682985351187,-61.06154498528031,0.009509792551231017,11.691075876258425,11.67663507673872,11.683855476498572,4.471091985702515,state,,
-0.5,,,-0.4031236665089074,-0.4031236665089074,,,,,,,4.4711034297943115,control,-0.24999999999999112,-0.2500000000000089
,-0.0049838677228684495,0.00022971144567380898,,,0.12111402077064316,-65.28134300019235,0.009764332332608826,11.288070170502294,11.292507009908402,11.290288590205348,4.476266622543335,state,,
-0.5,,,-0.42506119317872926,-0.42506119317872926,,,,,,,4.4762773513793945,control,-0.25,-0.25
,0.005852589586809313,0.0024937566959330323,,,0.11972374908151756,-70.83133924378618,0.010187719510208316,10.854308254791071,10.841293665919881,10.847800960355476,4.481312990188599,state,,
-0.5,,,-0.4465599693151546,-0.4465599693151546,,,,,,,4.481323003768921,control,-0.25,-0.25
,-0.007092577068337325,-0.008702035930232924,,,0.11574536658533015,-74.42133401216569,0.010238722694680548,10.426441827563215,10.410673670413754,10.418557748988484,4.486446142196655,state,,
-0.5,,,-0.4676287699288515,-0.4676287699288515,,,,,,,4.486456632614136,control,-0.24999999999999112,-0.2500000000000089
,0.003329148007284571,-0.004409573135245488,,,0.11011535718644135,-79.40531605903504,0.010392477703534344,9.943777370708347,9.940639890870164,9.942208630789256,4.491640567779541,state,,
-0.5,,,-0.4882761945302745,-0.4882761945302745,,,,,,,4.4916510581970215,control,-0.2500000000000089,-0.24999999999999112
,0.002158778972578459,-0.008709606440090577,,,0.10833110987256533,-83.01237793459214,0.010505854964040773,9.461466079536368,9.478011057189576,9.469738568362972,4.496734380722046,state,,
-0.5,,,-0.508510670639669,-0.508510670639669,,,,,,,4.496744394302368,control,-0.25,-0.25
,-0.0013448970413535632,0.0008186853052134524,,,0.108548361415503,-87.69614117606045,0.010800158242388213,8.949144278923601,8.964282631611377,8.95671345526749,4.501757621765137,state,,
-0.5,,,-0.5283404572268756,-0.5283404572268756,,,,,,,4.501766204833984,control,-0.2500000000000089,-0.24999999999999112
,0.009437177561255745,-0.002074353900511601,,,0.10678356024562508,-92.48748394230242,0.01107537833795501,8.407284315066201,8.428754578986755,8.418019447026477,4.507074594497681,state,,
-0.5,,,-0.5477736480823381,-0.5477736480823381,,,,,,,4.507086277008057,control,-0.24999999999999112,-0.2500000000000089
,0.0012998512185213849,0.0038645810389484783,,,0.09853796465647066,-95.96025509603682,0.011253449177975182,7.886338603720333,7.879556000303498,7.882947302011916,4.512234210968018,state,,
-0.5,,,-0.5668181751206913,-0.5668181751206913,,,,,,,4.512243747711182,control,-0.25000000000000444,-0.24999999999999556
,-0.0029529602499037376,0.0018571606507399962,,,0.09433065176616014,-100.15170157360339,0.011401462656700046,7.320398682910786,7.310561020255045,7.315479851582915,4.517425775527954,state,,
-0.5,,,-0.5854818116182775,-0.5854818116182775,,,,,,,4.517435073852539,control,-0.25,-0.25
,0.001251892156273072,0.005443094911391831,,,0.09114733873477385,-104.30761841492071,0.011644711133748617,6.720231980562697,6.735364596779024,6.7277982886708605,4.522665023803711,state,,
-0.5,,,-0.603772175385912,-0.603772175385912,,,,,,,4.522674083709717,control,-0.25,-0.25
,-0.00642342856388737,0.0036903173176271197,,,0.08517388022762436,-108.57871222946216,0.01172074716714646,6.106889159212302,6.126967157236099,6.1169281582242006,4.527840852737427,state,,
-0.5,,,-0.6216967318781937,-0.6216967318781937,,,,,,,4.527851343154907,control,-0.25,-0.25
,0.0018839009942183199,0.0007570781383933919,,,0.07814718031028488,-111.60483614382758,0.01175164046049613,5.511268661353669,5.510214777780487,5.510741719567077,4.53309440612793,state,,
-0.5,,,-0.6392627972406298,-0.6392627972406298,,,,,,,4.533130168914795,control,-0.24999999999999556,-0.25000000000000444
,-0.00449558376448356,-0.0008869584007461763,,,0.07134776568406292,-115.91440620836916,0.011674229151614922,4.863121908346972,4.8620395930289595,4.862580750687966,4.538466691970825,state,,
-0.5,,,-0.6564775412958173,-0.6564775412958173,,,,,,,4.5384767055511475,control,-0.25000000000000444,-0.24999999999999556
,-0.00159763793772442,-0.0023786120086426075,,,0.06373413635960373,-119.83086137324513,0.011542185917509778,4.200795301736067,4.2013929461298565,4.201094123932961,4.54366660118103,state,,
-0.5,,,-0.6733479904699009,-0.6733479904699009,,,,,,,4.543677091598511,control,-0.24999999999999556,-0.25000000000000444
,-0.0037768871014164586,0.0017090108965161705,,,0.05607540335109676,-123.17126056450371,0.011434270461221219,3.5354137031109265,3.528733730472164,3.5320737167915452,4.548709392547607,state,,
-0.5,,,-0.6898810306605029,-0.6898810306605029,,,,,,,4.548719644546509,control,-0.25,-0.25
,0.006458741074869512,-0.002062272659052993,,,0.04984280393348022,-126.95060205634172,0.011326214605445776,2.8316025715974606,2.842738665410549,2.837170618504005,4.553656816482544,state,,
-0.5,,,-0.7060834100472928,-0.7060834100472928,,,,,,,4.553665399551392,control,-0.25,-0.25
,0.0007426650556874919,-0.015798542978992126,,,0.04828204191880444,-129.98069205057715,0.010988005559469532,2.140058361085983,2.1380251952970832,2.139041778191533,4.559203386306763,state,,
-0.5,,,-0.721961741846347,-0.721961741846347,,,,,,,4.559220552444458,control,-0.25,-0.25
,0.001566601061186112,-0.010409407893875249,,,0.04106995914465593,-133.72542852661303,0.010639270565918782,1.4093734228480712,1.4122571841213372,1.4108153034847042,4.563953161239624,state,,
-0.5,,,-0.73752250700942,-0.73752250700942,,,,,,,4.563995361328125,control,-0.25,-0.25
,-0.0039256474135882695,0.005600461293674605,,,0.0361402789074988,-137.3775222405354,0.010565454302154186,0.6732641775560857,0.6583414535668517,0.6658028155614687,4.569101810455322,state,,
-0.5,,,-0.7527720568692317,-0.7527720568692317,,,,,,,4.569110631942749,control,-0.25,-0.25
,0.009699141864659205,-0.0013026244896529422,,,0.029236599417036206,-140.0066598181889,0.010401512812961523,-0.07132817354487382,-0.0808208418245188,-0.07607450768469631,4.57435417175293,state,,
-0.5,,,-0.767716615731847,-0.767716615731847,,,,,,,4.574363946914673,control,-0.25,-0.25
,0.0028811726388931476,0.0019448044010588353,,,0.019437573630029747,-143.34621086556564,0.010157336313605011,-0.8543268363296693,-0.837585499074924,-0.8459561677022966,4.5798985958099365,state,,
-0.5,,,-0.78236228341721,-0.78236228341721,,,,,,,4.579914093017578,control,-0.25,-0.25
,-0.008370233267250605,-0.0022992143863548435,,,0.00808508004129379,-146.83945560893022,0.009675803606467845,-1.6368492402373689,-1.6346510849237768,-1.6357501625805728,4.584604978561401,state,,
-0.5,,,-0.7967150377488659,-0.7967150377488659,,,,,,,4.584614038467407,control,-0.25,-0.25
,0.0005775650564441666,-0.004595170430456818,,,0.001511699269356511,-149.6340772326905,0.009270060435694316,-2.42322433684001,-2.43357232974663,-2.4283983332933197,4.5896995067596436,state,,
-0.5,,,-0.8107807369938885,-0.8107807369938885,,,,,,,4.5897088050842285,control,-0.2500000000000022,-0.24999999999999778
,-0.004591238889901407,-0.0024377579598177336,,,-0.005821697757763611,-152.80231782285148,0.00882631360116757,-3.2375393698249524,-3.248128705155903,-3.242834037490428,4.5948498249053955,state,,
-0.5,,,-0.8245651222540108,-0.8245651222540108,,,,,,,4.5948591232299805,control,-0.24999999999999778,-0.2500000000000022
,-0.004421484867583986,-0.0016733902714981838,,,-0.011962637130821586,-155.43429066762562,0.008395404935211064,-4.06722103848661,-4.05656824083639,-4.0618946396615,4.600140571594238,state,,
-0.5,,,-0.8380738198089306,-0.8380738198089306,,,,,,,4.600183486938477,control,-0.25,-0.25
,-0.004417674084606802,-0.0050919278637313005,,,-0.020571918039603697,-157.83444758572958,0.00782897744432828,-4.88829745465648,-4.890235668066307,-4.889266561361394,4.605164289474487,state,,
-0.5,,,-0.851312343412752,-0.851312343412752,,,,,,,4.6051764488220215,control,-0.24999999999999556,-0.25000000000000444
,0.0008293968218452924,-0.0020888993565123673,,,-0.029686947590302597,-160.80454479378,0.007316065707301904,-5.740836340668163,-5.740283360417357,-5.74055985054276,4.61053729057312,state,,
-0.5,,,-0.864286096544497,-0.864286096544497,,,,,,,4.610549688339233,control,-0.25,-0.25
,-0.006934651032384469,0.0035315857639253248,,,-0.03798038612084375,-164.0876640354066,0.006832288751717405,-6.607763598878444,-6.61873767377414,-6.613250636326292,4.615466833114624,state,,
0.49999462792660787,,,-0.817000374613607,-0.817000374613607,,,,,,,4.615479230880737,control,0.24999731396330394,0.24999731396330394
,0.0018181824516594017,-0.001129396024014311,,,-0.04476308668420187,-163.9624114805481,0.006326977517191358,-7.429336634778649,-7.432801840031294,-7.431069237404971,4.620513200759888,state,,
0.49999462792660787,,,-0.7706603671213348,-0.7706603671213348,,,,,,,4.6205244064331055,control,0.2499973139632995,0.24999731396330838
,0.00047735352612854944,0.0003104187367455654,,,-0.05172023970210001,-161.39504027658066,0.005811738752122223,-8.194364462416686,-8.20000245158642,-8.197183457001554,4.625631809234619,state,,
0.49999462792660787,,,-0.7252471597789081,-0.7252471597789081,,,,,,,4.625643253326416,control,0.24999731396331282,0.24999731396329505
,0.0021915224034772572,-0.0017187950234539026,,,-0.06254577181766821,-157.35680237868866,0.005168474806015224,-8.913501606556931,-8.925892226666955,-8.919696916611944,4.630734443664551,state,,
0.49999462792660787,,,-0.6807422165833299,-0.6807422165833299,,,,,,,4.630747079849243,control,0.24999731396331282,0.24999731396329505
,-0.0074482024971773255,0.010593745544577664,,,-0.0713560185263611,-152.74943823952623,0.004683374767559294,-9.608970002692237,-9.611261257452506,-9.610115630072372,4.635739803314209,state,,
0.49999462792660787,,,-0.6371273722516633,-0.6371273722516633,,,,,,,4.6357738971710205,control,0.24999731396330394,0.24999731396330394
,-0.0030224627142708,0.0037584761181137555,,,-0.07613993862907664,-146.51515748235187,0.00415328068304883,-10.25694240867759,-10.229997106465277,-10.243469757571432,4.6408679485321045,state,,
0.49999462792660787,,,-0.59438482480663,-0.59438482480663,,,,,,,4.6408774852752686,control,0.24999731396329505,0.24999731396331282
,0.0037074307706702597,0.004270265824322076,,,-0.08350172432562653,-139.57683111179182,0.0036170003753509808,-10.833982041647252,-10.827871996881637,-10.830927019264443,4.646101236343384,state,,
0.49999462792660787,,,-0.5524971283104974,-0.5524971283104974,,,,,,,4.646114110946655,control,0.24999731396329505,0.24999731396331282
,0.004037333173243438,0.003980484812402768,,,-0.08821757194205176,-133.07664024847384,0.0031066765599220485,-11.39750992898056,-11.388203010645501,-11.39285646981303,4.651240825653076,state,,
0.49999462792660787,,,-0.5114471857442874,-0.5114471857442874,,,,,,,4.651250123977661,control,0.24999731396329505,0.24999731396331282
,-0.004889327810329753,0.004817434898010761,,,-0.08903446035304592,-126.21366163735382,0.0026126054530856762,-11.911854894780669,-11.917539267160189,-11.914697080970429,4.656264781951904,state,,
0.49999462792660787,,,-0.47121824202940155,-0.47121824202940155,,,,,,,4.656274080276489,control,0.24999731396330394,0.24999731396330394
,-0.0010595472996203117,0.0010445818372940426,,,-0.09658542389511002,-117.8427992148128,0.0019447702082752343,-12.372025628313834,-12.369343699277232,-12.370684663795533,4.661528825759888,state,,
0.49999462792660787,,,-0.43179387718881346,-0.43179387718881346,,,,,,,4.661540985107422,control,0.24999731396330394,0.24999731396330394
,-0.00926442738119239,-0.002337156980771019,,,-0.10944540781596052,-110.60612560767254,0.0010207303445927136,-12.804104177032922,-12.812975931411065,-12.808540054221993,4.666625261306763,state,,
0.49999462792660787,,,-0.39315799964503717,-0.39315799964503717,,,,,,,4.666634559631348,control,0.24999731396329505,0.24999731396331282
,0.0014380490063836886,-0.011809256530729235,,,-0.11406805798802763,-102.38528502586078,0.00012460303194163265,-13.1847305049696,-13.194524970739833,-13.189627737854718,4.671671628952026,state,,
0.49999462792660787,,,-0.3552948396521364,-0.3552948396521364,,,,,,,4.671680450439453,control,0.24999731396331282,0.24999731396329505
,-0.005389398336014003,0.0013734231646574224,,,-0.118508274438807,-95.89034505429947,-0.0005784301319831892,-13.566822899040034,-13.564595666900573,-13.565709282970303,4.676852464675903,state,,
0.49999462792660787,,,-0.3181889428590936,-0.3181889428590936,,,,,,,4.676861763000488,control,0.24999731396330394,0.24999731396330394
,0.0010351241755071495,-0.0009829313381210759,,,-0.12303138833961522,-87.9915175052815,-0.001286895106969499,-13.88056789182253,-13.879338359359561,-13.879953125591046,4.681991100311279,state,,
0.49999462792660787,,,-0.2818251640019117,-0.2818251640019117,,,,,,,4.682002782821655,control,0.24999731396330394,0.24999731396330394
,-0.0016114753938999396,-0.0023721680841314024,,,-0.13079032194832502,-80.1559791963142,-0.0021151351607007467,-14.158218631231334,-14.153834481182287,-14.156026556206811,4.687175512313843,state,,
0.49999462792660787,,,-0.24618866072187348,-0.24618866072187348,,,,,,,4.687184810638428,control,0.24999731396331282,0.24999731396329505
,0.0022845345122087675,0.011219492219152898,,,-0.13328728167572118,-72.24186920030422,-0.0025756439082428835,-14.379207656464354,-14.403350202744717,-14.391278929604535,4.692380905151367,state,,
0.49999462792660787,,,-0.21126488750743602,-0.21126488750743602,,,,,,,4.692390441894531,control,0.24999731396330394,0.24999731396330394
,0.008847947298277056,-0.0011948431133554176,,,-0.13748827356795756,-66.06703860097616,-0.0032558820585490466,-14.632431833142721,-14.614245449548482,-14.623338641345601,4.697537422180176,state,,
0.49999462792660787,,,-0.17703958975728729,-0.17703958975728729,,,,,,,4.697546482086182,control,0.24999731396329505,0.24999731396331282
,0.0017376830963407952,0.0021550601512283487,,,-0.13869904478722714,-58.025899845983176,-0.003872416776184301,-14.792679919193736,-14.778298965768307,-14.785489442481023,4.70263147354126,state,,
0.49999462792660787,,,-0.14349879796214154,-0.14349879796214154,,,,,,,4.70266580581665,control,0.24999731396331282,0.24999731396329505
,-0.0027187508654062794,-0.013953848496962795,,,-0.14245129973905457,-51.35731220947984,-0.0048668833235881,-14.933431852030042,-14.9388524178686,-14.936142134949321,4.708161115646362,state,,
0.49999462792660787,,,-0.11062882200289872,-0.11062882200289872,,,,,,,4.708173990249634,control,0.24999731396330394,0.24999731396330394
,0.0026078470365162093,-0.00668004229880378,,,-0.14590799034990676,-44.1342387726518,-0.005679152186372569,-15.04551059577972,-15.038198493488048,-15.041854544633885,4.713220596313477,state,,
0.49999462792660787,,,-0.07841624556284076,-0.07841624556284076,,,,,,,4.713231086730957,control,0.24999731396331282,0.24999731396329505
,0.0011801438683449153,0.0036415133129900756,,,-0.1453068347496112,-37.20543283348692,-0.006227877270665104,-15.105975231032966,-15.129237443581157,-15.117606337307063,4.718243360519409,state,,
0.49999462792660787,,,-0.04684792065158394,-0.04684792065158394,,,,,,,4.7182533740997314,control,0.24999731396331282,0.24999731396329505
,-0.004358879641716875,-0.0027618610524618547,,,-0.14880505967380353,-30.789640140334463,-0.007006758460042395,-15.162367019007757,-15.176521032816098,-15.169444025911927,4.72320032119751,state,,
0.49999462792660787,,,-0.015910962238552262,-0.015910962238552262,,,,,,,4.723209619522095,control,0.24999731396330394,0.24999731396330394
,0.0034562300729520934,-0.0002818870793258137,,,-0.15148560325842003,-24.12318960272641,-0.007666342024328719,-15.186022271245939,-15.181897965417589,-15.183960118331765,4.728685140609741,state,,
0.49999462792660787,,,0.014407257006218782,0.014407257006218782,,,,,,,4.728694677352905,control,0.24999731396331282,0.24999731396329505
,0.000496145644440903,9.866310851763023e-05,,,-0.15462908073077442,-17.848955570494315,-0.008350277737743467,-15.178664052043667,-15.168030668255781,-15.173347360149723,4.733936309814453,state,,
0.49999462792660787,,,0.04411911186609441,0.04411911186609441,,,,,,,4.733948469161987,control,0.24999731396329505,0.24999731396331282
,0.0017723824081937564,-0.0017458796725681913,,,-0.16016135365985817,-10.814123134075164,-0.009109674008383892,-15.124710651599944,-15.106199628824392,-15.115455140212168,4.7391581535339355,state,,
0.49999462792660787,,,0.0732367296287725,0.0732367296287725,,,,,,,4.7391676902771,control,0.24999731396330394,0.24999731396330394
,-0.006862079090737578,0.007672281599715101,,,-0.15565958273250197,-5.003297278551436,-0.009564565149204606,-15.059764010325589,-15.036214911213705,-15.047989460769646,4.743929624557495,state,,
0.49999462792660787,,,0.10177199503619705,0.10177199503619705,,,,,,,4.743938207626343,control,0.24999731396329505,0.24999731396331282
,-4.634641280097277e-06,-0.004863086477498375,,,-0.15187955817031007,1.0412091345944008,-0.010184933680802572,-14.9623237831682,-14.930840432184585,-14.946582107676392,4.74911642074585,state,,
0.49999462792660787,,,0.1297365551354731,0.1297365551354731,,,,,,,4.749125719070435,control,0.24999731396329505,0.24999731396331282
,0.00029837231705352036,0.0032528843329407008,,,-0.1461075912229637,6.745662098568337,-0.01058058303737346,-14.81991754132442,-14.824211675672348,-14.822064608498383,4.754446744918823,state,,
0.49999462792660787,,,0.15714182403276364,0.15714182403276364,,,,,,,4.754456043243408,control,0.24999731396329505,0.24999731396331282
,-0.008456315865236423,-0.003137556120870787,,,-0.1521323761135536,12.843707522447247,-0.011365532658208425,-14.654316967512319,-14.667268359778127,-14.660792663645223,4.759549856185913,state,,
0.49999462792660787,,,0.18399898755210836,0.18399898755210836,,,,,,,4.759558439254761,control,0.24999731396330394,0.24999731396330394
,-0.007106485595322453,0.010573183052145703,,,-0.1505983043280389,18.061784760777314,-0.011744741130996198,-14.501142836869397,-14.473728085630169,-14.487435461249783,4.764721155166626,state,,
0.49999462792660787,,,0.2103190078010662,0.2103190078010662,,,,,,,4.764730453491211,control,0.24999731396330394,0.24999731396330394
,-0.0005937195238436383,0.0033722724275444082,,,-0.14899402555399352,23.603513735633882,-0.012192751378424854,-14.292739677795447,-14.269697395422977,-14.281218536609213,4.769867897033691,state,,
0.49999462792660787,,,0.23611262764504487,0.23611262764504487,,,,,,,4.769877195358276,control,0.24999731396331282,0.24999731396329505
,-0.0011891020069394354,-0.009263150101963526,,,-0.15113511379042016,30.059928490631393,-0.012939766229282019,-14.031183603452089,-14.025140120278161,-14.028161861865126,4.7750067710876465,state,,
0.49999462792660787,,,0.26139037509214397,0.26139037509214397,,,,,,,4.775016784667969,control,0.24999731396331282,0.24999731396329505
,-0.0021271551418202326,0.0015475488511267114,,,-0.1496971856855553,34.937679258591515,-0.013415190401442078,-13.772481120935987,-13.779202181030122,-13.775841650983054,4.7803566455841064,state,,
0.49999462792660787,,,0.2861625675903011,0.2861625675903011,,,,,,,4.780369997024536,control,0.24999731396329505,0.24999731396331282
,0.0031621150056762772,-0.002150044565240331,,,-0.14248674081134052,39.838230484081734,-0.013785114775278225,-13.502936443410022,-13.494375163432906,-13.498655803421464,4.785213232040405,state,,
0.49999462792660787,,,0.3104393162384951,0.3104393162384951,,,,,,,4.78522253036499,control,0.24999731396330394,0.24999731396330394
,0.004328310905073855,0.0012298948110152621,,,-0.14182169164536915,45.59643938278683,-0.014175045480481468,-13.180141711667332,-13.177916019430794,-13.179028865549064,4.790480136871338,state,,
0.49999462792660787,,,0.33423052991372515,0.33423052991372515,,,,,,,4.790489196777344,control,0.24999731396331282,0.24999731396329505
,0.006409317780474575,0.002197551901105985,,,-0.14491569540747576,51.022275105756606,-0.014597542559712604,-12.842978767038852,-12.832146497858664,-12.837562632448758,4.795831680297852,state,,
0.49999462792660787,,,0.35754591931545066,0.35754591931545066,,,,,,,4.7958455085754395,control,0.24999731396330394,0.24999731396330394
,0.007638910013246647,-0.005135274364308598,,,-0.13814397910334147,56.319159358998824,-0.014951564815625549,-12.475368757497339,-12.467959851432363,-12.471664304464852,4.800640344619751,state,,
0.49999462792660787,,,0.3803950009291416,0.3803950009291416,,,,,,,4.800648927688599,control,0.24999731396331282,0.24999731396329505
,-0.008284026821701875,0.0035863050172355087,,,-0.13511782951397044,60.23430917793845,-0.01529841573059527,-12.105993190105245,-12.110369237719159,-12.108181213912202,4.805762529373169,state,,
0.49999462792660787,,,0.4027871009105587,0.4027871009105587,,,,,,,4.805793285369873,control,0.24999731396330394,0.24999731396330394
,-0.006517117764645826,0.0021308595527383682,,,-0.1277958624915732,65.43372750386487,-0.015549352004883056,-11.692233261476972,-11.704289265754028,-11.6982612636155,4.810905456542969,state,,
0.49999462792660787,,,0.4247313588923475,0.4247313588923475,,,,,,,4.8109142780303955,control,0.24999731396330394,0.24999731396330394
,0.0021542804816715552,0.0056920771257586425,,,-0.12660180144563885,70.18989087585857,-0.015754457054854624,-11.262771901414371,-11.280458334896961,-11.271615118155665,4.816106796264648,state,,
0.49999462792660787,,,0.4462367317145005,0.4462367317145005,,,,,,,4.816116809844971,control,0.24999731396329505,0.24999731396331282
,0.0032046784248267136,-0.0034928766215628322,,,-0.12271043130697404,74.32931867756487,-0.01605708001195609,-10.839245258897876,-10.828929711395093,-10.834087485146483,4.821211814880371,state,,
0.49999462792660787,,,0.46731199708021054,0.46731199708021054,,,,,,,4.821220636367798,control,0.24999731396329505,0.24999731396331282
,-0.0031384536082545173,-0.009324152688942126,,,-0.12459667608540963,78.66755154213176,-0.016608407314769952,-10.371655419072864,-10.37175379486288,-10.37170460696787,4.826445579528809,state,,
0.49999462792660787,,,0.48796575713860635,0.48796575713860635,,,,,,,4.8264548778533936,control,0.24999731396329505,0.24999731396331282
,0.002763360007938963,0.006713018825465798,,,-0.11615812149555763,83.5061473735503,-0.016604680984369728,-9.886491145336988,-9.867839306024429,-9.87716522568071,4.83186149597168,state,,
0.49999462792660787,,,0.5082064419958342,0.5082064419958342,,,,,,,4.831873416900635,control,0.24999731396331282,0.24999731396329505
,0.004430524765262491,0.0025137205388233753,,,-0.1157350941151107,88.0218747328097,-0.016789571625154147,-9.371372243629843,-9.358999394227189,-9.365185818928516,4.836665868759155,state,,
0.49999462792660787,,,0.5280423131559175,0.5280423131559175,,,,,,,4.836674928665161,control,0.24999731396331282,0.24999731396329505
,-0.006605943776289864,-0.008066699570761192,,,-0.11094062935434945,92.08139530476417,-0.017157539760135378,-8.835703136941815,-8.844635994745618,-8.840169565843716,4.842111349105835,state,,
0.49999462792660787,,,0.5474814668927992,0.5474814668927992,,,,,,,4.8421242237091064,control,0.24999731396330394,0.24999731396330394
,0.0018337080196731462,-0.004923235735346431,,,-0.10687969801725954,95.73544191468164,-0.0173886302071843,-8.296484863245388,-8.31018793324392,-8.303336398244653,4.846909761428833,state,,
0.49999462792660787,,,0.5665318375549432,0.5665318375549432,,,,,,,4.84691858291626,control,0.24999731396329505,0.24999731396331282
,-0.00302856248513165,0.009957689891521144,,,-0.1008605433710706,100.03182445787226,-0.01731484640439352,-7.742328938747422,-7.727267509330659,-7.73479822403904,4.8521177768707275,state,,
0.49999462792660787,,,0.5852012008038443,0.5852012008038443,,,,,,,4.8521270751953125,control,0.24999731396330394,0.24999731396330394
,0.0023113693048372763,-0.007180281738963063,,,-0.09368392801153637,104.50957812584458,-0.01746789986036433,-7.141430570573949,-7.140538770204554,-7.140984670389251,4.857352256774902,state,,
0.49999462792660787,,,0.6034971767877675,0.6034971767877675,,,,,,,4.857362985610962,control,0.24999731396330394,0.24999731396330394
,0.0015538714669196146,-0.001663195376728825,,,-0.08482018517908285,108.05170238602544,-0.017451322299904974,-6.53788025276354,-6.550822747144006,-6.544351499953773,4.862498760223389,state,,
0.49999462792660787,,,0.6214272332520121,0.6214272332520121,,,,,,,4.862507343292236,control,0.24999731396330394,0.24999731396330394
,0.0029782132727229557,-0.01017664055855351,,,-0.07621214120584896,112.61199423893972,-0.017544396020326695,-5.901821718026937,-5.915602741424611,-5.908712229725774,4.867595911026001,state,,
0.49999462792660787,,,0.6389986885869718,0.6389986885869718,,,,,,,4.867604494094849,control,0.24999731396330394,0.24999731396330394
,0.007854453300420526,0.0013896512920644041,,,-0.07255048184816992,115.81667856875475,-0.017443815359258753,-5.283652806619034,-5.273596596717126,-5.27862470166808,4.872712850570679,state,,
0.49999462792660787,,,0.6562187148152324,0.6562187148152324,,,,,,,4.872735261917114,control,0.24999731396330394,0.24999731396330394
,0.0035363712760803964,0.00727224011631312,,,-0.06571689208293885,119.28266414404524,-0.01718512551398291,-4.63023944282342,-4.62385757167375,-4.627048507248585,4.878005743026733,state,,
0.49999462792660787,,,0.6730943405189278,0.6730943405189278,,,,,,,4.878015041351318,control,0.2499973139632995,0.24999731396330838
,0.005007504168866937,3.096277505842632e-05,,,-0.06024094144579689,123.12855789432757,-0.017049492499021924,-3.9521159842097,-3.948276851151462,-3.950196417680581,4.8829381465911865,state,,
0.49999462792660787,,,0.6896324537085493,0.6896324537085493,,,,,,,4.882946968078613,control,0.24999731396330171,0.24999731396330616
,-0.0003690991142019558,0.0032734091869370263,,,-0.052806700094484585,127.06558740169177,-0.01682932622861421,-3.260803845754896,-3.243613574150216,-3.252208709952556,4.888023853302002,state,,
0.49999462792660787,,,0.7058398046343783,0.7058398046343783,,,,,,,4.8880298137664795,control,0.24999731396330171,0.24999731396330616
,-0.0009624675321190794,0.005343224027628983,,,-0.043917594433862436,129.9353182105313,-0.016513286812215373,-2.5535176116523934,-2.5602002574334226,-2.556858934542908,4.8930463790893555,state,,
0.49999462792660787,,,0.7217230085416908,0.7217230085416908,,,,,,,4.8930511474609375,control,0.24999731396330394,0.24999731396330394
,0.0037960259182914487,-0.00046305463600372285,,,-0.041330100726162645,133.92057451920806,-0.016361651554748592,-1.818058145109699,-1.8295993305812235,-1.8238287378454614,4.898160457611084,state,,
0.49999462792660787,,,0.737288548370857,0.737288548370857,,,,,,,4.898164987564087,control,0.24999731396330505,0.24999731396330283
,-0.007056891907658845,-0.0009298754547687268,,,-0.03484516594334039,136.27673140476134,-0.0162097658095856,-1.1028589126365826,-1.1070324459995646,-1.1049456793180736,4.903176784515381,state,,
0.49999462792660787,,,0.7525427774034399,0.7525427774034399,,,,,,,4.903180360794067,control,0.24999731396330394,0.24999731396330394
,0.002926956709162769,-0.006882993738836597,,,-0.026387690003459204,140.11348731983958,-0.016025098524500264,-0.3598326322380131,-0.32679611933538455,-0.3433143757866988,4.908257484436035,state,,
0.49999462792660787,,,0.7674919218553711,0.7674919218553711,,,,,,,4.908270597457886,control,0.24999731396330394,0.24999731396330394
,-0.001827422235844372,-0.005726291747166278,,,-0.018387288946274716,143.88048741098052,-0.015825886924666244,0.4214437771258171,0.450639682437131,0.43604172978147404,4.913348436355591,state,,
0.49999462792660787,,,0.7821420834182636,0.7821420834182636,,,,,,,4.913351535797119,control,0.24999731396330394,0.24999731396330394
,0.0006364893000473018,-0.0008854932807001508,,,-0.008934064149317961,146.27100328926872,-0.015453485949256902,1.1933043952184916,1.2175815809509896,1.2054429880847406,4.918409585952759,state,,
0.49999462792660787,,,0.7964992417498984,0.7964992417498984,,,,,,,4.918412685394287,control,0.24999731396330394,0.24999731396330394
,0.0035898860576650373,-0.0012130258680024628,,,-0.006645575844284695,149.2349357700088,-0.01517321396413709,2.0022612150290304,1.9953190199006203,1.9987901174648255,4.923486948013306,state,,
0.49999462792660787,,,0.8105692569149004,0.8105692569149004,,,,,,,4.923490762710571,control,0.24999731396330283,0.24999731396330505
,-0.004643073567322124,0.011499977037695104,,,0.0033240861133042284,153.1830210223245,-0.01455496974457191,2.8257475387764477,2.8293343631073,2.8275409509418736,4.9286558628082275,state,,
0.49999462792660787,,,0.8243578717766025,0.8243578717766025,,,,,,,4.928659200668335,control,0.24999731396330616,0.24999731396330171
,-0.003204060640679487,0.005008278226823401,,,0.014926303785074596,155.75811362133928,-0.013976635371172115,3.656755053473369,3.637875727834283,3.6473153906538256,4.933748245239258,state,,
0.49999462792660787,,,0.8378707143410704,0.8378707143410704,,,,,,,4.933751344680786,control,0.24999731396330616,0.24999731396330171
,0.002801090474965997,-0.0008805000747070708,,,0.02171742591473504,158.5169778459594,-0.013516377456378246,4.492062494681978,4.475555440818804,4.483808967750391,4.938793182373047,state,,
0.49999462792660787,,,0.851113300054249,0.851113300054249,,,,,,,4.938796281814575,control,0.24999731396330394,0.24999731396330394
,-0.0021859492328974877,-0.006911804915395903,,,0.030325233775950464,161.00834492839167,-0.013143852579172815,5.318757678200307,5.338246383829497,5.328502031014902,4.944015979766846,state,,
0.49999462792660787,,,0.864091034053164,0.864091034053164,,,,,,,4.944019556045532,control,0.24999731396330394,0.24999731396330394
,0.0023461271364125223,-0.0067436377926408265,,,0.03540814093898533,164.02035053011983,-0.012772064277440171,6.1941223101976215,6.198960373160484,6.196541341679053,4.949106693267822,state,,
-0.5,,,0.8168092133721007,0.8168092133721007,,,,,,,4.949109792709351,control,-0.25,-0.25
,-0.0018233537150187413,0.0009502925476766666,,,0.04701617770523026,164.3929831084596,-0.012137156138405873,7.032286873556402,7.016586904246269,7.024436888901336,4.9543681144714355,state,,
-0.5,,,0.7704730291046586,0.7704730291046586,,,,,,,4.954371452331543,control,-0.25000000000000444,-0.24999999999999556
,-0.0013691447209606357,0.00850877906676213,,,0.05717479400357447,160.9005713711477,-0.01134404446989769,7.756860156009442,7.7898524172436385,7.773356286626541,4.959479808807373,state,,
-0.5,,,0.7250635685225655,0.7250635685225655,,,,,,,4.95948338508606,control,-0.25000000000000444,-0.24999999999999556
,-0.0006597205397202074,0.002687565663618318,,,0.06419416396036175,157.3831760003616,-0.010684191274729823,8.508381011990533,8.500201149252334,8.504291080621433,4.964593172073364,state,,
-0.5,,,0.6805622971521141,0.6805622971521141,,,,,,,4.96459698677063,control,-0.25,-0.25
,-0.0016378683573271126,0.0011961261964194747,,,0.06388184576590353,152.32977251613087,-0.010188380030059415,9.187055802005021,9.18396925560853,9.185512528806775,4.969752311706543,state,,
-0.5,,,0.6369510512090718,0.6369510512090718,,,,,,,4.969756126403809,control,-0.25,-0.25
,-0.0024073584317709303,0.007757386855725694,,,0.07171594806019312,146.21093416363138,-0.00942091276337419,9.806463024666861,9.83190270062689,9.819182862646876,4.97505521774292,state,,
-0.5,,,0.5942120301848903,0.5942120301848903,,,,,,,4.975076675415039,control,-0.2500000000000089,-0.24999999999999112
,0.005265856213931299,3.0412286647470015e-05,,,0.07791697079703379,139.92441768415875,-0.008750372381674615,10.42210551391548,10.415398353712513,10.418751933813997,4.980124235153198,state,,
-0.5,,,0.5523277895811924,0.5523277895811924,,,,,,,4.980128765106201,control,-0.2500000000000089,-0.24999999999999112
,-0.006776887795682328,-0.0022163794667124713,,,0.08568930622197139,133.09261870086715,-0.008161823442547532,10.973242844140469,10.977724294815989,10.975483569478229,4.985255718231201,state,,
-0.5,,,0.5112812337895686,0.5112812337895686,,,,,,,4.985260963439941,control,-0.25,-0.25
,-0.0065440610778587085,0.005177017234168493,,,0.09101769071810581,125.52780170063161,-0.007458033828020418,11.474746923721424,11.49070262840673,11.482724776064078,4.990797996520996,state,,
-0.5,,,0.4710556091137772,0.4710556091137772,,,,,,,4.99080753326416,control,-0.2500000000000089,-0.24999999999999112
,-0.007025408174357163,0.01144109274492079,,,0.09454431349701142,118.41330720139915,-0.006666396358398156,11.964975855799782,11.958145374911776,11.96156061535578,4.9956746101379395,state,,
-0.5,,,0.4316344969315017,0.4316344969315017,,,,,,,4.995681524276733,control,-0.25,-0.25
,0.0019702685574269443,-0.0004928954983703811,,,0.10304304918389404,110.39137541885592,-0.00592618726025518,12.38451805904633,12.387170906586238,12.385844482816285,5.000999689102173,state,,
-0.5,,,0.3930018069928717,0.3930018069928717,,,,,,,5.001013517379761,control,-0.2500000000000089,-0.24999999999999112
,0.0009561664063654214,0.00016864115850406228,,,0.11127538464148296,102.60267895356147,-0.005159847128193517,12.76723074654861,12.782563100080779,12.774896923314694,5.006159782409668,state,,
-0.5,,,0.35514177085301424,0.35514177085301424,,,,,,,5.006169319152832,control,-0.25,-0.25
,-0.01008938643380903,-0.00305185353709715,,,0.11701519919067108,95.61362446571002,-0.004561432407728646,13.164208197210527,13.119253380219929,13.141730788715229,5.011259317398071,state,,
-0.5,,,0.31803893543595396,0.31803893543595396,,,,,,,5.011268615722656,control,-0.2500000000000089,-0.24999999999999112
,0.008679043471697298,0.005164135645037193,,,0.12196673604612371,87.64089594853434,-0.003671042877149332,13.454551339046567,13.45153936718159,13.453045353114078,5.016524791717529,state,,
-0.5,,,0.28167815672723484,0.28167815672723484,,,,,,,5.016533613204956,control,-0.24999999999999112,-0.2500000000000089
,0.007630892595800286,0.002331267376549545,,,0.1269026096876627,80.31438273725772,-0.0028349101707413286,13.744678706814833,13.731345668145352,13.738012187480091,5.0217108726501465,state,,
-0.5,,,0.24604459359269013,0.24604459359269013,,,,,,,5.021721601486206,control,-0.24999999999999112,-0.2500000000000089
,-0.0046289766275963195,0.000715044633669676,,,0.13033202181943634,72.2244843745346,-0.0021432690823484186,13.954654279774584,13.986105476223262,13.970379877998923,5.027115106582642,state,,
-0.5,,,0.21112370172083633,0.21112370172083633,,,,,,,5.027132272720337,control,-0.25,-0.25
,0.003203516947680776,0.009931632090323012,,,0.13364941237950154,65.15711777319582,-0.0012216267889029505,14.182836504161331,14.184533163719346,14.183684833940339,5.031923770904541,state,,
-0.5,,,0.1769012276864196,0.1769012276864196,,,,,,,5.031933069229126,control,-0.25,-0.25
,-0.0020293211115601085,-0.004396310666972318,,,0.1361889861200743,58.61402838886387,-0.0006230369452697239,14.36898571252149,14.37625123552612,14.372618474023804,5.037078857421875,state,,
-0.5,,,0.1433632031326912,0.1433632031326912,,,,,,,5.03708815574646,control,-0.25,-0.25
,-0.0029053120024852505,-0.004134626244875557,,,0.13970546825287916,51.30079586089988,-5.598454963913246e-06,14.520915945075263,14.504541540220162,14.512728742647713,5.0424323081970215,state,,
-0.5,,,0.11049593907003738,0.11049593907003738,,,,,,,5.042449712753296,control,-0.2500000000000089,-0.24999999999999112
,0.0015740657770522374,-0.01285051034242242,,,0.139481831137561,44.24735894875874,0.00041148219235687713,14.618821396046034,14.62459180866616,14.621706602356097,5.047360181808472,state,,
-0.5,,,0.07828602028863663,0.07828602028863663,,,,,,,5.047369003295898,control,-0.25,-0.25
,0.004343430037907137,0.004187109630261808,,,0.1441451036296254,36.95148741199632,0.0012562442739214373,14.690518918395407,14.69017435658891,14.690346637492159,5.052566289901733,state,,
-0.5,,,0.0467202998828639,0.0467202998828639,,,,,,,5.052576303482056,control,-0.25,-0.25
,0.0005308468392111817,0.000491861270909771,,,0.14702923240923177,30.988380002682202,0.001973555515846331,14.739835269486308,14.760930201448781,14.750382735467545,5.057770729064941,state,,
-0.5,,,0.015785893885206626,0.015785893885206626,,,,,,,5.057783365249634,control,-0.25,-0.25
,0.001192578009749345,0.00047253374440084616,,,0.1478588362383973,23.907674608882797,0.0026530970997246405,14.746028671300014,14.76842769292378,14.757228182111897,5.062834978103638,state,,
-0.5,,,-0.014529823992497507,-0.014529823992497507,,,,,,,5.0628437995910645,control,-0.25,-0.25
,-0.0061025909320404975,0.0005734280659981042,,,0.1460605559269101,17.7309792521923,0.0032169350907837835,14.740999783689336,14.754156053458372,14.747577918573853,5.067834377288818,state,,
-0.5,,,-0.044239227512647555,-0.044239227512647555,,,,,,,5.067843675613403,control,-0.24999999999999112,-0.2500000000000089
,-0.0012422676860977828,0.007794156408935083,,,0.14453207895531134,10.733732698770504,0.0039364020912159275,14.69319127947721,14.686572609256242,14.689881944366725,5.073015451431274,state,,
-0.5,,,-0.0733544429623946,-0.0733544429623946,,,,,,,5.073028326034546,control,-0.24999999999999112,-0.2500000000000089
,0.0008174588537004591,0.0008038558342711121,,,0.14493323571112163,5.004325914719489,0.0045590349145954055,14.61921503083879,14.628219434908665,14.623717232873727,5.078427791595459,state,,
-0.5,,,-0.10188735410314671,-0.10188735410314671,,,,,,,5.07849645614624,control,-0.24999999999999112,-0.2500000000000089
,0.00323548557090265,0.005759973442928662,,,0.148698278786573,-1.1425041497510464,0.005350124392979846,14.510765068723844,14.529584677704827,14.520174873214335,5.083676338195801,state,,
-0.5,,,-0.12984960702108378,-0.12984960702108378,,,,,,,5.083688497543335,control,-0.25,-0.25
,0.004481488734967569,0.007059447696905675,,,0.1480679222353474,-6.332820935219664,0.006087133186366793,14.407952000744304,14.403856621808139,14.40590431127622,5.088783025741577,state,,
-0.5,,,-0.1572526148806621,-0.1572526148806621,,,,,,,5.088792324066162,control,-0.24999999999999112,-0.2500000000000089
,0.0005299875784566214,-0.0013300897426376263,,,0.15373410701163845,-12.780959915883733,0.0067502336126610656,14.241147438355918,14.237600946534439,14.23937419244518,5.093998432159424,state,,
-0.5,,,-0.18410756258304886,-0.18410756258304886,,,,,,,5.094012260437012,control,-0.2500000000000089,-0.24999999999999112
,-0.007755544649390524,0.00075691273987885,,,0.15219541964194952,-18.018766594219308,0.007257368017528598,14.066020477580176,14.065815676604618,14.065918077092398,5.098851442337036,state,,
-0.5,,,-0.21042541133138787,-0.21042541133138787,,,,,,,5.098860263824463,control,-0.2500000000000089,-0.24999999999999112
,0.0030117752973946505,-0.0006476717243398451,,,0.14972572787187544,-24.65318945458189,0.007781632363336999,13.827044980725033,13.847079040356231,13.837062010540631,5.103762149810791,state,,
-0.5,,,-0.2362169031047601,-0.2362169031047601,,,,,,,5.103770971298218,control,-0.24999999999999112,-0.2500000000000089
,-0.002591667158278935,-0.0007032111396741172,,,0.1442307325918833,-29.726346033890287,0.008178647061855766,13.611043197437105,13.604333773970033,13.60768848570357,5.108896017074585,state,,
-0.5,,,-0.2614925650426649,-0.2614925650426649,,,,,,,5.10890531539917,control,-0.25,-0.25
,0.005729519538168063,0.002631550842149317,,,0.1441451587539858,-35.21204403696448,0.008775407096953286,13.34586850433256,13.342772836005217,13.344320670168887,5.114112854003906,state,,
-0.5,,,-0.28626271374181156,-0.28626271374181156,,,,,,,5.114121198654175,control,-0.24999999999999112,-0.2500000000000089
,-0.006612741635085843,0.0017668784546305558,,,0.14227964792636164,-40.33201729703228,0.009215596345164659,13.065867043960209,13.056480312839618,13.061173678399914,5.119234561920166,state,,
-0.5,,,-0.3105374594669753,-0.3105374594669753,,,,,,,5.119243621826172,control,-0.2500000000000089,-0.24999999999999112
,0.005135530050532077,-0.00355350973507937,,,0.1362105454602455,-44.66396003424069,0.009540145855237402,12.78083778032327,12.756979956170602,12.768908868246935,5.124452590942383,state,,
-0.5,,,-0.33432671027763583,-0.33432671027763583,,,,,,,5.12446141242981,control,-0.25,-0.25
,0.002747616442021404,-0.006697898458612606,,,0.1352733157607691,-51.025784468694724,0.009857527905817474,12.41118570763777,12.413871023003923,12.412528365320846,5.1295061111450195,state,,
-0.5,,,-0.3576401760720831,-0.3576401760720831,,,,,,,5.129514694213867,control,-0.24999999999999112,-0.2500000000000089
,0.010826286165276009,0.003657473425728007,,,0.13215737107086317,-55.7046457449467,0.010371613647546907,12.063959024051188,12.055118469109686,12.059538746580436,5.1346189975738525,state,,
-0.5,,,-0.38048737255064147,-0.38048737255064147,,,,,,,5.1346275806427,control,-0.24999999999999112,-0.2500000000000089
,-0.006041801797100493,-0.014226986904729578,,,0.12586212838195765,-59.780124040914714,0.010337583785179235,11.69449141423191,11.697058335266407,11.695774874749159,5.139927387237549,state,,
-0.5,,,-0.40287762509962866,-0.40287762509962866,,,,,,,5.139936685562134,control,-0.25,-0.25
,-0.0010826790559409203,-0.0015829595410893644,,,0.12243063386696122,-65.32731918685083,0.010603715738045291,11.265554966815637,11.29614888525995,11.280851926037794,5.1451404094696045,state,,
-0.5,,,-0.4248200725976361,-0.4248200725976361,,,,,,,5.145168781280518,control,-0.2500000000000089,-0.24999999999999112
,-0.004134818614754321,0.00036542048783482634,,,0.11987342030018495,-69.92861522725812,0.010879140811899085,10.861070766058821,10.854883131852189,10.857976948955505,5.150144815444946,state,,
-0.5,,,-0.4463236711456834,-0.4463236711456834,,,,,,,5.150154113769531,control,-0.25,-0.25
,-8.81819449697904e-05,0.008520170615514832,,,0.11887706597982843,-74.48623111339,0.011350007828496721,10.403639282108916,10.422378885269787,10.413009083689351,5.155430316925049,state,,
-0.5,,,-0.46739719772276966,-0.46739719772276966,,,,,,,5.155439853668213,control,-0.25,-0.25
,0.008241744839971272,0.004021885066076716,,,0.1127593366595136,-79.22070578241478,0.011679943677939942,9.949031097979164,9.934077002271659,9.941554050125411,5.160566806793213,state,,
-0.5,,,-0.4880492537683142,-0.4880492537683142,,,,,,,5.160576105117798,control,-0.25,-0.25
,-0.0050790729688021865,-0.0024393814931142218,,,0.10608404074629064,-83.21348388938684,0.011742948132853905,9.452968752509223,9.47091043436899,9.461939593439107,5.165786981582642,state,,
-0.5,,,-0.508288268692948,-0.508288268692948,,,,,,,5.165796279907227,control,-0.25,-0.25
,-0.00254966747407488,-0.003275816823934843,,,0.1019436260712753,-88.17335725830108,0.01182719721511197,8.94098023892483,8.943287702615864,8.942133970770346,5.17106294631958,state,,
-0.5,,,-0.5281225033190889,-0.5281225033190889,,,,,,,5.171071767807007,control,-0.24999999999999112,-0.2500000000000089
,0.00154275454532463,-0.003685081950343178,,,0.09736859361957909,-92.55671410377357,0.01190336272812413,8.404147045954794,8.415027172689632,8.409587109322214,5.176333427429199,state,,
-0.5,,,-0.5475600532527072,-0.5475600532527072,,,,,,,5.176346778869629,control,-0.2500000000000089,-0.24999999999999112
,-0.0024138400233545553,0.011082157796471455,,,0.09366211318791018,-96.83828271378773,0.012218222054012429,7.855215207631708,7.859289622180674,7.85725241490619,5.181422233581543,state,,
-0.5,,,-0.566608852187653,-0.566608852187653,,,,,,,5.18145489692688,control,-0.24999999999999556,-0.25000000000000444
,-0.0003983411309759631,-0.016050983949095182,,,0.087435552769844,-100.03185307403386,0.011968088851737614,7.306451730223875,7.306080067059178,7.306265898641527,5.186628103256226,state,,
-0.5,,,-0.5852766751438999,-0.5852766751438999,,,,,,,5.1866374015808105,control,-0.25000000000000444,-0.24999999999999556
,0.002601509289097769,0.004688918589798869,,,0.07910166118330589,-104.43306719190716,0.012056666462960604,6.7258526822592595,6.702253446611648,6.714053064435454,5.191652536392212,state,,
-0.5,,,-0.6035711416410219,-0.6035711416410219,,,,,,,5.19166111946106,control,-0.25000000000000444,-0.24999999999999556
,-0.00504501071385496,-0.0016281573223126242,,,0.07750313584259538,-108.0264353409188,0.012066590417790313,6.114592626188477,6.118868688620407,6.116730657404442,5.196908235549927,state,,
-0.5,,,-0.6214997188082014,-0.6214997188082014,,,,,,,5.196917772293091,control,-0.25000000000000444,-0.24999999999999556
,0.0037775817849641687,-0.0017636849994969862,,,0.06792042067627342,-111.99089211304525,0.011967845594152053,5.501974272571446,5.485385542715373,5.4936799076434095,5.202097177505493,state,,
-0.5,,,-0.6390697244320375,-0.6390697244320375,,,,,,,5.202106475830078,control,-0.25,-0.25
,0.000558293493599302,0.002569866626901624,,,0.06569169114122726,-115.8465779994559,0.01203141612275898,4.839565577370406,4.866598164355471,4.853081870862939,5.207210540771484,state,,
-0.5,,,-0.6562883299433967,-0.6562883299433967,,,,,,,5.207219362258911,control,-0.25,-0.25
,0.004178528077910117,0.00453066302211261,,,0.058958902648115305,-119.32856238421623,0.012053775441343532,4.195865166691109,4.206177945871927,4.201021556281518,5.212416648864746,state,,
-0.5,,,-0.6731625633445287,-0.6731625633445287,,,,,,,5.212424993515015,control,-0.24999999999999556,-0.25000000000000444
,0.00046836737607873274,-0.007809160105018654,,,0.050522245327694164,-122.5260460430625,0.011751069251641705,3.5365908032340334,3.5384127829461884,3.5375017930901107,5.217560291290283,state,,
-0.5,,,-0.6896993120776381,-0.6896993120776381,,,,,,,5.21756911277771,control,-0.24999999999999778,-0.2500000000000022
,-0.002851114227370256,0.001967452884799518,,,0.04201719269350971,-127.13811917664984,0.01156856630868402,2.8313754463019585,2.8254401006894136,2.828407773495686,5.22279953956604,state,,
-0.5,,,-0.7059053258360853,-0.7059053258360853,,,,,,,5.222809076309204,control,-0.25,-0.25
,-0.006276717573575288,0.008424732424916457,,,0.03862327682775293,-130.24958829272146,0.01154726650754887,2.1210975219318486,2.134181004112195,2.1276392630220218,5.227896213531494,state,,
-0.5,,,-0.7217872193193636,-0.7217872193193636,,,,,,,5.227906942367554,control,-0.25,-0.25
,-0.005079894319762094,-0.006914604837929443,,,0.030998019038638733,-133.97474554079878,0.01114707735684496,1.3827929413227567,1.4141626913480776,1.3984778163354172,5.232928276062012,state,,
-0.5,,,-0.7373514749329764,-0.7373514749329764,,,,,,,5.232937574386597,control,-0.2500000000000011,-0.2499999999999989
,0.004448810046314179,-0.0003576060422542993,,,0.023243222800678774,-136.6738992211631,0.010907410902577457,0.6725219089066639,0.6717780014736062,0.6721499551901351,5.238154888153076,state,,
-0.5,,,-0.7526044454343168,-0.7526044454343168,,,,,,,5.238164663314819,control,-0.25000000000000056,-0.24999999999999944
,0.005145568092203135,0.0018540000771847477,,,0.019948224757404296,-139.94796394398344,0.01077219646537988,-0.07910195404118872,-0.08029449194630552,-0.07969822299374713,5.243332147598267,state,,
-0.5,,,-0.7675523565256305,-0.7675523565256305,,,,,,,5.24334192276001,control,-0.24999999999999994,-0.25000000000000006
,0.007964977348474706,0.00948597889692215,,,0.011557233390259086,-143.35368990913096,0.010681751646537663,-0.8534059997480085,-0.8479349697647246,-0.8506704847563665,5.248475074768066,state,,
-0.5,,,-0.7822013093951179,-0.7822013093951179,,,,,,,5.2485105991363525,control,-0.25,-0.25
,-0.01054265057975192,-0.0005482585664776378,,,0.009460400230339507,-147.15199059863397,0.010357210066943387,-1.6491226907928251,-1.6446418507230005,-1.6468822707579127,5.253543853759766,state,,
-0.5,,,-0.7965572832072155,-0.7965572832072155,,,,,,,5.253552675247192,control,-0.2500000000000011,-0.2499999999999989
,0.006878869785179529,0.00011981539834700033,,,-0.0013539097564436763,-149.73271967115014,0.009992010732945401,-2.4463423348297004,-2.426896561132009,-2.4366194479808545,5.258670330047607,state,,
-0.5,,,-0.8106261375430712,-0.8106261375430712,,,,,,,5.258679151535034,control,-0.2500000000000022,-0.24999999999999778
,0.001078978290078309,-0.0036082277832267737,,,-0.01236835194854536,-152.50073330491117,0.009464714583533722,-3.236422146791435,-3.2499326926911514,-3.2431774197412935,5.263925790786743,state,,
-0.5,,,-0.8244136147922098,-0.8244136147922098,,,,,,,5.263934850692749,control,-0.24999999999999778,-0.2500000000000022
,0.0019274292926983838,-0.002236305810035608,,,-0.022540788666482243,-155.52945026283368,0.008943030419168867,-4.077616352427046,-4.060440044699802,-4.069028198563424,5.269183158874512,state,,
-0.5,,,-0.8379253424963655,-0.8379253424963655,,,,,,,5.269193887710571,control,-0.25,-0.25
,0.001209524015923741,0.0062985734512036795,,,-0.024604109883212277,-158.24382618313027,0.008701305296654735,-4.919334060691498,-4.887561867291615,-4.903447963991557,5.274563550949097,state,,
-0.5,,,-0.8511668356464382,-0.8511668356464382,,,,,,,5.274577856063843,control,-0.25,-0.25
,0.003170314131742862,-0.002176964416128726,,,-0.03232878390669224,-161.35817795756762,0.008195440206360633,-5.754990106452984,-5.76462049699155,-5.759805301722267,5.279455661773682,state,,
-0.5,,,-0.8641434989335095,-0.8641434989335095,,,,,,,5.279464960098267,control,-0.25,-0.25
,0.00461067192212663,-0.006849330987181224,,,-0.042373378211987084,-163.9939809031429,0.007538224721323707,-6.6311461401947955,-6.612304485842063,-6.6217253130184295,5.28466796875,state,,
0.49999462792660787,,,-0.8168606289548392,-0.8168606289548392,,,,,,,5.2846784591674805,control,0.24999731396330394,0.24999731396330394
,-0.0041793188139057375,0.0019668630377914624,,,-0.04814996428876454,-163.88297047282117,0.0070308393866685545,-7.434587443667202,-7.444159315353777,-7.4393733795104895,5.2896811962127686,state,,
0.49999462792660787,,,-0.7705234163757424,-0.7705234163757424,,,,,,,5.289691209793091,control,0.24999731396330394,0.24999731396330394
,-0.00015111914335112162,0.00011426508657174648,,,-0.0578035741980298,-161.6571207641345,0.0064213472501203515,-8.222622956492454,-8.201844013426443,-8.212233484959448,5.295098781585693,state,,
0.49999462792660787,,,-0.7251129480482275,-0.7251129480482275,,,,,,,5.295109987258911,control,0.24999731396329505,0.24999731396331282
,-0.0034020900914354313,0.012706485139509689,,,-0.06614579682440334,-156.82934923286342,0.0060133060648638135,-8.92604072809862,-8.913046993484887,-8.919543860791753,5.300461292266846,state,,
0.49999462792660787,,,-0.6806106890872629,-0.6806106890872629,,,,,,,5.300473213195801,control,0.24999731396330394,0.24999731396330394
,0.002472444622329062,-0.0012011277706014242,,,-0.0702101009509574,-152.04744867973702,0.005445611157034916,-9.606712018702096,-9.600637567597992,-9.603674793150045,5.308119535446167,state,,
0.49999462792660787,,,-0.6369984753055176,-0.6369984753055176,,,,,,,5.308131694793701,control,0.24999731396331282,0.24999731396329505
,0.00267308796814605,0.0008656134509720725,,,-0.07450731057713163,-146.0310315153423,0.004904449912528267,-10.238761494275128,-10.237389900895117,-10.238075697585122,5.310612678527832,state,,
0.49999462792660787,,,-0.5942585057994072,-0.5942585057994072,,,,,,,5.310622215270996,control,0.24999731396330394,0.24999731396330394
,0.003879546909825373,-0.0025393163232405136,,,-0.07967001614750792,-139.8997651030507,0.004281048729215548,-10.832090848555964,-10.847893926258886,-10.839992387407424,5.3158910274505615,state,,
0.49999462792660787,,,-0.5523733356834191,-0.5523733356834191,,,,,,,5.315901279449463,control,0.24999731396329505,0.24999731396331282
,0.00203889095163,0.00514150105952227,,,-0.08939253316894391,-133.70128603705106,0.0036803121649395787,-11.408518909161305,-11.411175009422958,-11.409846959292132,5.321133136749268,state,,
0.49999462792660787,,,-0.5113258689697506,-0.5113258689697506,,,,,,,5.321145534515381,control,0.24999731396330394,0.24999731396330394
,-0.002264987115336208,-0.01143920764242538,,,-0.09824014587702434,-125.71280690889353,0.002722018638920365,-11.91696012789604,-11.90558067157062,-11.91127039973333,5.326288223266602,state,,
0.49999462792660787,,,-0.47109935159035554,-0.47109935159035554,,,,,,,5.326302766799927,control,0.24999731396329505,0.24999731396331282
,0.007322383750627077,0.00034348480110108626,,,-0.10334261851727738,-117.61099663284521,0.002106314816613227,-12.372830529569887,-12.367931605540063,-12.370381067554975,5.3314197063446045,state,,
0.49999462792660787,,,-0.43167736455854844,-0.43167736455854844,,,,,,,5.331430673599243,control,0.24999731396330394,0.24999731396330394
,-0.0011453179849436263,-0.004519486786639735,,,-0.11112650368409735,-110.38384421563167,0.0012697619228959304,-12.811219728970046,-12.803333441960605,-12.807276585465326,5.336587190628052,state,,
0.49999462792660787,,,-0.39304381726737747,-0.39304381726737747,,,,,,,5.336597919464111,control,0.24999731396330394,0.24999731396330394
,0.0021102864216771826,0.002255427596017462,,,-0.11952725112958776,-103.43927235412237,0.0005491441340371941,-13.232288058535888,-13.195605248052772,-13.213946653294329,5.341832876205444,state,,
0.49999462792660787,,,-0.35518294092202995,-0.35518294092202995,,,,,,,5.341843366622925,control,0.24999731396329505,0.24999731396331282
,0.002813283301177575,0.005134673313316701,,,-0.12375209784097137,-95.64767267512971,-5.39427736001975e-05,-13.568589560220138,-13.567766152418836,-13.568177856319487,5.347193717956543,state,,
0.49999462792660787,,,-0.3180792821035894,-0.3180792821035894,,,,,,,5.347204685211182,control,0.24999731396330394,0.24999731396330394
,0.002714079760750155,0.0055265427428782985,,,-0.11907819536165966,-87.6683473989255,-0.0004767304214500182,-13.887550157099422,-13.871499217479606,-13.879524687289514,5.352022886276245,state,,
0.49999462792660787,,,-0.28171769646151756,-0.28171769646151756,,,,,,,5.352048397064209,control,0.24999731396330394,0.24999731396330394
,0.0033246160666745516,-1.6689612495303286e-06,,,-0.12415247509300736,-79.9828430462457,-0.0011660918471144803,-14.1648658152677,-14.149374788197132,-14.157120301732416,5.357372999191284,state,,
0.49999462792660787,,,-0.24608334253228722,-0.24608334253228722,,,,,,,5.35738468170166,control,0.24999731396330394,0.24999731396330394
,-0.00400079791743097,0.00015029109731313982,,,-0.1295392581503338,-73.20536728901727,-0.0019245254348908404,-14.414399335925632,-14.416161186739695,-14.415280261332663,5.3622331619262695,state,,
0.49999462792660787,,,-0.2111616756816415,-0.2111616756816415,,,,,,,5.362242937088013,control,0.24999731396330394,0.24999731396330394
,-0.009555794817014449,0.003125487356320905,,,-0.13157652427824507,-66.01334384466925,-0.0026115433952300414,-14.633428223851396,-14.628336520860465,-14.63088237235593,5.367297649383545,state,,
0.49999462792660787,,,-0.17693844216800866,-0.17693844216800866,,,,,,,5.367305755615234,control,0.24999731396330394,0.24999731396330394
,-0.0005415254349945265,0.005989016616816099,,,-0.13407638753732,-57.13202760297957,-0.003184154823606955,-14.778753477939532,-14.771630466596676,-14.775191972268104,5.372454643249512,state,,
0.49999462792660787,,,-0.14339967332464848,-0.14339967332464848,,,,,,,5.372463226318359,control,0.24999731396330394,0.24999731396330394
,-0.005992316497849425,0.0019086732805362293,,,-0.13837440081603458,-51.14153921533637,-0.003910677899119452,-14.933975613856095,-14.937140555147874,-14.935558084501984,5.377654790878296,state,,
0.49999462792660787,,,-0.11053167985815551,-0.11053167985815551,,,,,,,5.377663612365723,control,0.24999731396330394,0.24999731396330394
,0.0016529456683855887,0.0009445909232123081,,,-0.14506815448529672,-44.55809893456747,-0.004653951689003027,-15.051520474378908,-15.0556192713238,-15.053569872851355,5.383054733276367,state,,
0.49999462792660787,,,-0.0783210462609924,-0.0783210462609924,,,,,,,5.383065462112427,control,0.24999731396331282,0.24999731396329505
,0.0002296201064215115,0.0013851352541996462,,,-0.14980415257872193,-37.78141145645366,-0.00537742241298535,-15.129459830009647,-15.139785368271447,-15.134622599140547,5.388317346572876,state,,
0.49999462792660787,,,-0.04675462533577256,-0.04675462533577256,,,,,,,5.388326168060303,control,0.24999731396330394,0.24999731396330394
,0.002119550464098733,0.003337502747518404,,,-0.14876315357781597,-30.605601535989734,-0.005940925333824365,-15.167251978606483,-15.179636111128568,-15.173444044867527,5.393485069274902,state,,
0.49999462792660787,,,-0.015819532829057105,-0.015819532829057105,,,,,,,5.393494129180908,control,0.24999731396331282,0.24999731396329505
,-9.875853691766651e-05,-0.008437325295099609,,,-0.1486638190054955,-24.160914040569313,-0.006742489023739519,-15.1998138714548,-15.183542584370208,-15.191678227912504,5.3987226486206055,state,,
0.49999462792660787,,,0.014496857827524036,0.014496857827524036,,,,,,,5.398731708526611,control,0.24999731396330394,0.24999731396330394
,0.007402596742407647,0.0008386572084166118,,,-0.15305281615246677,-17.79161280471986,-0.00739156352444724,-15.183983406414697,-15.174548022312157,-15.179265714363428,5.403781890869141,state,,
0.49999462792660787,,,0.04420692067097355,0.04420692067097355,,,,,,,5.4037909507751465,control,0.24999731396331282,0.24999731396329505
,-0.0017764125408268388,0.0024649547944771612,,,-0.15431025305537793,-11.213101408769734,-0.008022954834603932,-15.132620609579005,-15.128641311865183,-15.130630960722094,5.409025192260742,state,,
0.49999462792660787,,,0.07332278225755408,0.07332278225755408,,,,,,,5.409037113189697,control,0.24999731396330394,0.24999731396330394
,0.0064208771382679155,0.0002349535142570783,,,-0.15121776575467952,-5.166274362890952,-0.008539240705777053,-15.058002684302233,-15.062445497896192,-15.060224091099212,5.4142234325408936,state,,
0.49999462792660787,,,0.101856326612403,0.101856326612403,,,,,,,5.414233684539795,control,0.24999731396329505,0.24999731396331282
,-0.00676878157110909,0.0009804122299358988,,,-0.15555508307317448,1.1461862713688835,-0.009266465251808404,-14.94827322265626,-14.959781234225385,-14.954027228440822,5.4194135665893555,state,,
0.49999462792660787,,,0.12981920008015493,0.12981920008015493,,,,,,,5.41945743560791,control,0.24999731396329505,0.24999731396331282
,0.002305812805845657,0.005640377371595745,,,-0.15230394588552149,6.686869412136891,-0.009690918435128341,-14.834719307383944,-14.830101033384501,-14.832410170384222,5.424817800521851,state,,
0.49999462792660787,,,0.15722281607855182,0.15722281607855182,,,,,,,5.424829006195068,control,0.24999731396329505,0.24999731396331282
,0.008806836692732937,-0.00048608477936578135,,,-0.15380954708860314,12.804654829559484,-0.010253928879537525,-14.6737835648172,-14.668255069663985,-14.671019317240592,5.429754972457886,state,,
0.49999462792660787,,,0.18407835975698078,0.18407835975698078,,,,,,,5.4297661781311035,control,0.24999731396330394,0.24999731396330394
,0.002829313212722125,-0.0011690118698393967,,,-0.15226430555556628,18.990984990674832,-0.01080760444221067,-14.474470158280859,-14.48074162134558,-14.47760588981322,5.434877872467041,state,,
0.49999462792660787,,,0.21039679256184116,0.21039679256184116,,,,,,,5.4348883628845215,control,0.24999731396330394,0.24999731396330394
,-0.002219748332099917,0.008932627730247885,,,-0.1518655810000214,24.562315033163486,-0.011216055929523837,-14.261573296580856,-14.270674389542258,-14.266123843061557,5.440167188644409,state,,
0.49999462792660787,,,0.23618885671060433,0.23618885671060433,,,,,,,5.440178155899048,control,0.24999731396330394,0.24999731396330394
,0.0008484004076578385,0.002731229926520265,,,-0.150988929793513,29.264692859409468,-0.011696955915584194,-14.049362834734008,-14.040556587728457,-14.044959711231233,5.445253133773804,state,,
0.49999462792660787,,,0.2614650795763922,0.2614650795763922,,,,,,,5.445263624191284,control,0.24999731396330394,0.24999731396330394
,-0.002473357808014685,0.002333333613523306,,,-0.1501163911338597,35.60633341363693,-0.012196088756290996,-13.763904823940242,-13.76809057608239,-13.765997700011315,5.450418949127197,state,,
0.49999462792660787,,,0.2862357779848643,0.2862357779848643,,,,,,,5.450430154800415,control,0.24999731396329505,0.24999731396331282
,0.001319201105935801,0.005502364115225755,,,-0.1476974416466216,40.32739078303963,-0.012562248593350622,-13.477730777511299,-13.500714791288761,-13.489222784400031,5.455750465393066,state,,
0.49999462792660787,,,0.310511062425167,0.310511062425167,,,,,,,5.4557945728302,control,0.24999731396331282,0.24999731396329505
,0.007633389572691929,-0.0035868755689862078,,,-0.14372625585852827,45.25161782690911,-0.01299929823664216,-13.184247088452251,-13.184939287090996,-13.184593187771624,5.460908651351929,state,,
0.49999462792660787,,,0.3343008411766637,0.3343008411766637,,,,,,,5.460919618606567,control,0.24999731396330394,0.24999731396330394
,0.001453721454191913,0.009294543331325643,,,-0.13775023646678314,50.30535919794181,-0.013173754111148824,-12.8461299365688,-12.859137262933455,-12.852633599751128,5.466103553771973,state,,
0.49999462792660787,,,0.3576148243531304,0.3576148243531304,,,,,,,5.466114044189453,control,0.24999731396330394,0.24999731396330394
,-0.007125603200070896,0.0012664050855281065,,,-0.13594738972386647,55.85101533593292,-0.013613781070926596,-12.496785045255555,-12.47344828347753,-12.485116664366544,5.471258640289307,state,,
0.49999462792660787,,,0.3804625278660678,0.3804625278660678,,,,,,,5.471268892288208,control,0.24999731396331282,0.24999731396329505
,0.002720970760898213,0.0029692311574454544,,,-0.1317684511029767,60.948275169653456,-0.013882711147448861,-12.111643103892323,-12.08685665339215,-12.099249878642237,5.476467847824097,state,,
0.49999462792660787,,,0.4028532773087464,0.4028532773087464,,,,,,,5.476478338241577,control,0.24999731396330394,0.24999731396330394
,-0.002538736631776779,-0.002583772975343155,,,-0.1293927799982425,64.89324823477453,-0.014304932553794458,-11.707718593198313,-11.716276289002733,-11.711997441100523,5.4816436767578125,state,,
0.49999462792660787,,,0.42479621176257154,0.42479621176257154,,,,,,,5.481654167175293,control,0.24999731396330394,0.24999731396330394
,-0.003573431863424347,0.003983060342690478,,,-0.12258657515626185,68.93061196588164,-0.014501997766358833,-11.303700936982505,-11.302474546586597,-11.303087741784552,5.486705541610718,state,,
0.49999462792660787,,,0.4463002875273201,0.4463002875273201,,,,,,,5.486715793609619,control,0.24999731396331282,0.24999731396329505
,-0.00047760914024620965,0.0003729392680816687,,,-0.12244521395573779,74.4881167680117,-0.01484242487169594,-10.853272650158164,-10.831120793627633,-10.842196721892899,5.492103815078735,state,,
0.49999462792660787,,,0.46737428177677365,0.46737428177677365,,,,,,,5.492114782333374,control,0.24999731396330394,0.24999731396330394
,-0.002760298464378865,-0.0016902011606506953,,,-0.11967943818018817,79.47933195529946,-0.01517682460209895,-10.375405645658088,-10.35531916475628,-10.365362405207183,5.497016191482544,state,,
0.49999462792660787,,,0.4880267961412381,0.4880267961412381,,,,,,,5.497027635574341,control,0.24999731396329505,0.24999731396331282
,-0.003564314842473225,0.0009452524011419175,,,-0.11539948817328136,83.71910044258189,-0.015416980667813522,-9.888878318452534,-9.869699465072765,-9.879288891762648,5.502089738845825,state,,
0.49999462792660787,,,0.5082662602184134,0.5082662602184134,,,,,,,5.5020997524261475,control,0.24999731396329505,0.24999731396331282
,-0.0013762542072987892,0.006024428859904947,,,-0.11612790211580717,87.90327291084148,-0.015623448771307894,-9.37655295849754,-9.369805749704836,-9.373179354101188,5.507689476013184,state,,
0.49999462792660787,,,0.5281009350140451,0.5281009350140451,,,,,,,5.507702112197876,control,0.24999731396330394,0.24999731396330394
,0.0017327095359006173,0.001728236269631325,,,-0.10867344365251112,92.46342996702833,-0.01571831638688422,-8.836945051325092,-8.839625049853495,-8.838285050589294,5.512781381607056,state,,
0.49999462792660787,,,0.5475389163137642,0.5475389163137642,,,,,,,5.51279616355896,control,0.24999731396330394,0.24999731396330394
,0.003192447568434562,-0.006143998348083314,,,-0.10024461637854318,96.48348379786472,-0.015890129051521006,-8.28249408160492,-8.301278893860395,-8.291886487732658,5.5180089473724365,state,,
0.49999462792660787,,,0.5665881379874889,0.5665881379874889,,,,,,,5.518020391464233,control,0.24999731396330394,0.24999731396330394
,3.219949015514197e-05,-0.0015543163564494305,,,-0.09670500097281948,100.29891757333195,-0.016055664765037787,-7.717643904765417,-7.741690865885502,-7.72966738532546,5.523110628128052,state,,
0.49999462792660787,,,0.5852563752277391,0.5852563752277391,,,,,,,5.5231547355651855,control,0.24999731396330394,0.24999731396330394
,0.0016673593305798692,0.001397000246918728,,,-0.08790254704812356,103.97908870786763,-0.01602572204122967,-7.1536556716188295,-7.148744726456321,-7.151200199037575,5.528329610824585,state,,
0.49999462792660787,,,0.6035512477231844,0.6035512477231844,,,,,,,5.528340101242065,control,0.24999731396330394,0.24999731396330394
,-0.0007761369427701315,-0.00907123765488442,,,-0.0863643097812401,108.22847468310889,-0.016314682268592437,-6.543903760839695,-6.540949733791362,-6.542426747315528,5.533214330673218,state,,
0.49999462792660787,,,0.6214802227687207,0.6214802227687207,,,,,,,5.53322434425354,control,0.24999731396330394,0.24999731396330394
,-0.00118663292842264,0.0018660306362222757,,,-0.08048618480056838,111.92012722861001,-0.01630131956418559,-5.91528941746489,-5.932853854721209,-5.92407163609305,5.538590908050537,state,,
0.49999462792660787,,,0.6390506183133463,0.6390506183133463,,,,,,,5.538602113723755,control,0.24999731396330838,0.2499973139632995
,0.003577957139197882,-0.0015748013721196472,,,-0.07523982338794455,115.75964201061683,-0.01630087483561227,-5.274952862152149,-5.293378438601626,-5.284165650376887,5.544249534606934,state,,
0.49999462792660787,,,0.6562696059470794,0.6562696059470794,,,,,,,5.544260263442993,control,0.24999731396330394,0.24999731396330394
,-0.00492664331643624,-0.0032673935795708366,,,-0.06646238947213817,119.59781464702377,-0.016296956020922463,-4.622309810353915,-4.627870514424777,-4.625090162389347,5.548819065093994,state,,
0.49999462792660787,,,0.6731442138281378,0.6731442138281378,,,,,,,5.548829078674316,control,0.24999731396330838,0.2499973139632995
,0.00945301381951508,0.0036251498015838508,,,-0.06151157681148041,123.62235782696962,-0.0160937403887272,-3.9418725450259506,-3.943979013328015,-3.9429257791769827,5.553880453109741,state,,
0.49999462792660787,,,0.6896813295515751,0.6896813295515751,,,,,,,5.553890228271484,control,0.24999731396330394,0.24999731396330394
,0.00040728828350792765,-0.0016412539171296934,,,-0.0521643365541654,127.17291650483779,-0.01594520032433851,-3.255938141711604,-3.2451664587298747,-3.2505523002207393,5.559213161468506,state,,
0.49999462792660787,,,0.7058877029605436,0.7058877029605436,,,,,,,5.559223890304565,control,0.24999731396330394,0.24999731396330394
,0.0029577953243595783,-0.0051935631586231676,,,-0.0455039570481336,130.7985376423178,-0.01585592270020664,-2.538902724309478,-2.5388093945471417,-2.53885605942831,5.564381837844849,state,,
0.49999462792660787,,,0.7217699489013327,0.7217699489013327,,,,,,,5.5643932819366455,control,0.24999731396330394,0.24999731396330394
,0.00210785730537725,-0.00666621325277653,,,-0.0391865205083062,132.66486224200727,-0.015776483741042326,-1.8489737970241211,-1.8426827423215082,-1.8458282696728148,5.569588661193848,state,,
0.49999462792660787,,,0.737334549923306,0.737334549923306,,,,,,,5.569599151611328,control,0.24999731396330505,0.24999731396330283
,-0.0006028297993534876,0.005217727415453851,,,-0.03562086049047162,136.9632299152106,-0.015523537033096226,-1.0963977032902028,-1.0888052444199767,-1.0926014738550898,5.5750672817230225,state,,
0.49999462792660787,,,0.7525878589248399,0.7525878589248399,,,,,,,5.575079441070557,control,0.24999731396330394,0.24999731396330394
,-0.005815342834732403,-0.0011044004906272862,,,-0.029293533809414348,140.59162879998456,-0.015357687677096827,-0.33138478920688885,-0.3324063468992656,-0.33189556805307724,5.58001708984375,state,,
0.49999462792660787,,,0.7675361017463431,0.7675361017463431,,,,,,,5.58003044128418,control,0.24999731396330394,0.24999731396330394
,-0.0038142619608148806,0.0008971231272865703,,,-0.022769068680556094,142.95508168830392,-0.015108079608264937,0.4201182018646593,0.42087252090039395,0.42049536138252663,5.584931135177612,state,,
0.49999462792660787,,,0.7821853797114163,0.7821853797114163,,,,,,,5.584941625595093,control,0.24999731396330394,0.24999731396330394
,-0.0035843775199605092,0.0010696098822802066,,,-0.013369006450306945,146.37581877261408,-0.014767641640175404,1.2113820854920656,1.2022522681962724,1.2068171768441691,5.590128660202026,state,,
0.49999462792660787,,,0.796541672117188,0.796541672117188,,,,,,,5.590137958526611,control,0.24999731396330283,0.24999731396330505
,0.01394930027540993,-0.0017591031432845287,,,-0.005871974414815832,149.4683845688208,-0.014349249880464803,1.995726286359542,2.0110313396776487,2.003378813018595,5.595428705215454,state,,
0.49999462792660787,,,0.8106108386748442,0.8106108386748442,,,,,,,5.595440149307251,control,0.24999731396330505,0.24999731396330283
,0.0009213222586257633,-0.009566663791620527,,,0.0032241985195264446,152.29404221528313,-0.01411146476588904,2.8091336906495954,2.810507833924405,2.809820762287,5.600639581680298,state,,
0.49999462792660787,,,0.8243986219013473,0.8243986219013473,,,,,,,5.600650072097778,control,0.24999731396330616,0.24999731396330171
,-0.0005383637161918027,0.004714893265741003,,,0.009988394606532659,156.06673159627326,-0.013627303484219424,3.658150093722177,3.6422471795615325,3.650198636641855,5.605533838272095,state,,
0.49999462792660787,,,0.8379106494633204,0.8379106494633204,,,,,,,5.605542421340942,control,0.24999731396330394,0.24999731396330394
,0.00423878852651078,0.003531320897937623,,,0.02144108386045481,157.81802471827044,-0.01301007454930894,4.46999558267952,4.464327329220632,4.467161455950076,5.610615968704224,state,,
0.49999462792660787,,,0.851152436474054,0.851152436474054,,,,,,,5.61062479019165,control,0.24999731396330394,0.24999731396330394
