base_torque,imu_pitch,imu_roll,offset_front,offset_rear,omega_body,omega_rel,theta_body,theta_front,theta_rear,theta_rel,timestamp,type,u_front,u_rear
,0.004210757937599631,0.007357346129260131,,,0.0029884863552918106,0.2031015611352461,0.00023953867599889585,0.008466261512485024,0.002060693191090937,0.005263477351787981,3.7166426181793213,state,,
0.20744592539119044,,,0.03457432089853174,0.03457432089853174,,,,,,,3.7166550159454346,control,0.10372296269559522,0.10372296269559522
,0.009893326878761339,0.0009368628941740356,,,-0.004162911134842262,1.4131564508131063,0.00016903292659933259,0.036446969457215865,0.04086035768357212,0.038653663570393994,3.7267746925354004,state,,
0.15644144359619164,,,0.05995640841325971,0.05995640841325971,,,,,,,3.726785659790039,control,0.07822072179809582,0.07822072179809582
,0.011376787856087043,-0.004892333636789726,,,-0.01040030427817458,3.016052688272422,-4.415985685390337e-05,0.09744018283039263,0.0912099699668539,0.09432507639862327,3.737086296081543,state,,
-0.047855524051649174,,,0.05078135956971965,0.05078135956971965,,,,,,,3.7371013164520264,control,-0.023927762025824587,-0.023927762025824587
,-0.007150953253643301,0.0016508151772175394,,,-0.006715192257956519,3.7884892250236146,-7.832892673095982e-05,0.13374590456222912,0.15526145134523706,0.1445036779537331,3.747272253036499,state,,
-0.3405467824582908,,,-0.006992064698056535,-0.006992064698056535,,,,,,,3.7472898960113525,control,-0.1702733912291454,-0.1702733912291454
,-0.0074652373111482855,0.007324151717091665,,,0.0003236751607502619,1.9596100442359217,0.00011249219831546441,0.13459767682056387,0.13538684758357722,0.13499226220207056,3.757096767425537,state,,
-0.49999856958590494,,,-0.0668522234040954,-0.0668522234040954,,,,,,,3.757143497467041,control,-0.2499992847929526,-0.24999928479295233
,0.0032625892857778335,-0.003358938616820209,,,-0.0028892184432084216,-1.2119857765877662,-1.0583775509267497e-05,0.08101220068433468,0.06377757771331369,0.07239488919882418,3.7672348022460938,state,,
-0.49999856958590494,,,-0.1255151789360135,-0.1255151789360135,,,,,,,3.767245292663574,control,-0.24999928479295247,-0.24999928479295247
,0.0014457079048287977,-0.004534915192158473,,,-0.003821780259751279,-5.535989111751442,-0.00014010337310874766,-0.04883724431684081,-0.05473006046796772,-0.05178365239240426,3.7774817943573,state,,
-0.49999856958590494,,,-0.1830048753572932,-0.1830048753572932,,,,,,,3.7774953842163086,control,-0.2499992847929525,-0.24999928479295244
,-0.0017264970856497158,-0.0018131038088641585,,,-0.00231939891013098,-10.931252553766553,-0.00018735076251922986,-0.24730360264889142,-0.24662532242718793,-0.24696446253803966,3.7874555587768555,state,,
-0.49999856958590494,,,-0.23934477785014735,-0.23934477785014735,,,,,,,3.7874643802642822,control,-0.2499992847929526,-0.24999928479295233
,-0.004513097336968429,0.005896708044196941,,,0.00029432197219428596,-15.803183643005264,-6.823570695429137e-05,-0.47717353133734336,-0.4878974496499258,-0.4825354904936346,3.7977213859558105,state,,
-0.49999856958590494,,,-0.2945578822931444,-0.2945578822931444,,,,,,,3.7977311611175537,control,-0.24999928479295247,-0.24999928479295247
,-0.00084904656396624,-0.0032223916366719454,,,-5.456820332241848e-05,-21.073527635306434,-0.00014325201127881102,-0.780180310083187,-0.7741214832440916,-0.7771508966636393,3.8081917762756348,state,,
-0.046118724376658385,,,-0.29635317871005773,-0.29635317871005806,,,,,,,3.8082549571990967,control,-0.023059362188328637,-0.023059362188329748
,0.010934123977596006,0.000204572203699047,,,-0.006531787423721159,-24.290696670675324,-0.00022466910172828247,-1.0709672253381253,-1.0715541723508888,-1.071260698844507,3.8187413215637207,state,,
0.5,,,-0.2304261151358566,-0.23042611513585692,,,,,,,3.8187522888183594,control,0.25,0.25
,0.0031679394229969307,-4.9226379568964387e-05,,,-0.012186579165697032,-24.02780707640901,-0.00040944594844796695,-1.3083691451406563,-1.3063403583935564,-1.3073547517671065,3.8291215896606445,state,,
0.5,,,-0.16581759283313946,-0.1658175928331398,,,,,,,3.829132556915283,control,0.2500000000000011,0.2499999999999989
,-0.0068297717449346505,0.0019658954889344494,,,-0.011431297533658707,-20.47154362733549,-0.0005199876622288343,-1.4725590385541332,-1.4383819561553728,-1.455470497354753,3.8397774696350098,state,,
0.5,,,-0.10250124097647667,-0.102501240976477,,,,,,,3.8397889137268066,control,0.25,0.25
,-0.004595794197098687,-0.006682555916912374,,,-0.015249605107890056,-16.911524736815416,-0.0008810772124894473,-1.568750163107379,-1.5671024055530764,-1.5679262843302277,3.8499879837036133,state,,
0.5,,,-0.040451216156947134,-0.04045121615694747,,,,,,,3.8499979972839355,control,0.25,0.25
,-0.00270110076541653,0.0013506887852772632,,,-0.01813507216574116,-11.863021473087686,-0.0010854258246758204,-1.6078942906268772,-1.6045198575677653,-1.606207074097321,3.8601784706115723,state,,
0.5,,,0.02035780816619181,0.020357808166191482,,,,,,,3.86018967628479,control,0.2499999999999989,0.2500000000000011
,-0.006960880742530757,0.0005397247993352784,,,-0.01708779663472977,-6.448590762966445,-0.00126078452746615,-1.5822509444557042,-1.5867883366893956,-1.58451964057255,3.8705904483795166,state,,
0.5,,,0.07995065200286797,0.07995065200286765,,,,,,,3.8706037998199463,control,0.25,0.25
,0.0004037454959401858,-0.007029567437577374,,,-0.02383414999840721,-1.001637764923823,-0.0017061641441330649,-1.5078562405029359,-1.5078338970551,-1.507845068779018,3.8805556297302246,state,,
0.5,,,0.1383516389628106,0.13835163896281027,,,,,,,3.8805665969848633,control,0.25,0.25
,-0.0017192849084461392,-0.0005270553373696471,,,-0.017827964226616404,4.567409970293466,-0.0017798926987568579,-1.3602308205963067,-1.3868428224809486,-1.3735368215386277,3.8905434608459473,state,,
0.5,,,0.1955846061835544,0.19558460618355406,,,,,,,3.890551805496216,control,0.25,0.25
,0.003201172224546425,0.0012460359694438487,,,-0.015954102550117887,10.554576716433065,-0.0018287617418327718,-1.1721666674788718,-1.173238004717015,-1.1727023360979434,3.9004907608032227,state,,
0.5,,,0.2516729140598833,0.25167291405988296,,,,,,,3.900496244430542,control,0.25,0.25
,0.0017308397223648581,-0.0004502297548492592,,,-0.011654285089488922,15.987920142519329,-0.001839097332545951,-0.921193335286893,-0.9315042413031106,-0.9263487882950018,3.9104437828063965,state,,
0.5,,,0.3066394557786856,0.3066394557786853,,,,,,,3.910447120666504,control,0.25,0.25
,0.007019365277263853,0.0008312048514685578,,,-0.007819335123571696,21.976074511250978,-0.0017558165009139632,-0.6187527577087769,-0.6038144551000131,-0.6112836064043949,3.9204578399658203,state,,
0.5,,,0.3605066666631119,0.3605066666631116,,,,,,,3.9204604625701904,control,0.24999999999999944,0.25000000000000056
,0.009440626878023198,-0.003248725896333794,,,-0.0022900834318009024,27.119118796397423,-0.0016513660151733927,-0.265496285820606,-0.2509803669559194,-0.2582383263882627,3.930539608001709,state,,
0.5,,,0.4132965333298496,0.41329653332984934,,,,,,,3.9305419921875,control,0.25,0.25
,-0.002667142989175286,0.0016607113413235183,,,0.0018398911710453543,32.650210474905414,-0.001529123866846378,0.15762090493603165,0.15496676805135026,0.15629383649369094,3.940626621246338,state,,
0.5,,,0.46503060266325263,0.46503060266325236,,,,,,,3.94062876701355,control,0.2500000000000001,0.24999999999999986
,0.00010929824089361308,0.002042379529070004,,,-0.0009897930890711865,38.15238131582071,-0.001517898261996528,0.6310788845974173,0.6196959521199308,0.6253874183586741,3.950731039047241,state,,
0.5,,,0.5157299906099876,0.5157299906099873,,,,,,,3.9507334232330322,control,0.25,0.25
,0.0025618676819553726,0.0020829497340030664,,,-0.0011188396979501772,43.49644168088588,-0.0014470688842417015,1.1422266915976993,1.1485837033936868,1.145405197495693,3.9608991146087646,state,,
0.5,,,0.5654153907977879,0.5654153907977875,,,,,,,3.9609014987945557,control,0.2500000000000011,0.2499999999999989
,-0.003964391892959552,-0.00838711332584788,,,0.009354665181194205,48.41537544930806,-0.0013525458245284522,1.7146293608411203,1.7010630679336336,1.707846214387377,3.971184015274048,state,,
0.5,,,0.614107082981832,0.6141070829818318,,,,,,,3.9711878299713135,control,0.25,0.25
,-0.005206254866166641,-0.0016552967345022165,,,0.012587446049964828,53.30863833344484,-0.0012253845119849888,2.3093141351076345,2.3283084555077105,2.3188112953076727,3.9813599586486816,state,,
-0.4999992858459613,,,0.5418249413221954,0.5418249413221952,,,,,,,3.9813742637634277,control,-0.24999964292298288,-0.24999964292297844
,0.0010860270397728246,-1.1071304630198135e-05,,,0.018222142738601302,53.79051625627602,-0.0009308128777516843,2.8674833463536715,2.861288220064282,2.8643857832089767,3.99192476272583,state,,
-0.4999992858459613,,,0.4709884424957515,0.4709884424957513,,,,,,,3.9919273853302,control,-0.24999964292298066,-0.24999964292298066
,-0.0024686471855502076,-0.00012234345424084442,,,0.025429699898258377,51.43576460441709,-0.0005754361504406305,3.3297589110595505,3.3527738744173137,3.341266392738432,4.002283811569214,state,,
-0.4999992858459613,,,0.4015686736458365,0.40156867364583626,,,,,,,4.002287149429321,control,-0.24999964292298066,-0.24999964292298066
,0.004778344031624227,-0.010924654856541894,,,0.03666465625438516,46.61377097623718,-0.00020101288487419066,3.732136492495022,3.729182888210094,3.7306596903525584,4.012497663497925,state,,
-0.4999992858459613,,,0.33353730017291977,0.33353730017291955,,,,,,,4.012501955032349,control,-0.24999964292298288,-0.24999964292297844
,-0.0038260721548135685,0.005181511671450566,,,0.03491125789866544,41.42340212949776,0.0001813288527756624,4.050085121399304,4.074487730210016,4.06228642580466,4.022972106933594,state,,
-0.4999992858459613,,,0.26686655416946137,0.26686655416946115,,,,,,,4.022977590560913,control,-0.24999964292298066,-0.24999964292298066
,-0.002383241308336961,-0.0027484332602938292,,,0.04381526024486801,36.42602924539361,0.0006729701207792389,4.351190053857094,4.342832063264384,4.347011058560739,4.03352427482605,state,,
-0.4999992858459613,,,0.20152922308607213,0.2015292230860719,,,,,,,4.0335307121276855,control,-0.24999964292297622,-0.2499996429229851
,-0.00919852204645298,-0.008490535276791996,,,0.04402616493724488,29.5361953599946,0.0008640067900566032,4.532209107082175,4.533226693250536,4.532717900166356,4.044281005859375,state,,
-0.4999992858459613,,,0.1374986386243507,0.13749863862435047,,,,,,,4.044293403625488,control,-0.24999964292298066,-0.24999964292298066
,-0.01112687247860591,0.001732898139092676,,,0.043350906973803185,23.50000968817767,0.0012063045206595368,4.668385289256326,4.67491294742191,4.6716491183391184,4.054471731185913,state,,
-0.4999992858459613,,,0.07474866585186368,0.07474866585186346,,,,,,,4.054480791091919,control,-0.2499996429229851,-0.24999964292297622
,-0.009710065567857945,-0.002779243751981958,,,0.035021302514090205,17.757152086365437,0.0012674753251056157,4.753783775758126,4.761856667687162,4.757820221722644,4.064645290374756,state,,
-0.4999992858459613,,,0.013253692534826417,0.013253692534826195,,,,,,,4.064654588699341,control,-0.2499996429229851,-0.24999964292297622
,-0.003101553666010522,0.005776164094120267,,,0.04252884127973332,11.520878284734078,0.0018559681664063914,4.770411665704825,4.777139583034322,4.7737756243695735,4.074886083602905,state,,
-0.4999992858459613,,,-0.04701138131587011,-0.04701138131587033,,,,,,,4.0748984813690186,control,-0.24999964292298066,-0.24999964292298066
,0.0010157144998822543,-0.00460938568700616,,,0.041372581229435317,4.65187203658611,0.0021239564167533334,4.707191628738739,4.714749801027757,4.710970714883248,4.085461854934692,state,,
-0.4999992858459613,,,-0.10607115368955271,-0.10607115368955292,,,,,,,4.085473299026489,control,-0.24999964292298066,-0.24999964292298066
,0.0023072967395655498,0.0028114441377728263,,,0.04580167486662064,-1.151819656772251,0.002664500793687073,4.610340184861802,4.603827607533379,4.60708389619759,4.095999479293823,state,,
-0.4999992858459613,,,-0.16394973061576165,-0.16394973061576185,,,,,,,4.096011400222778,control,-0.24999964292297622,-0.2499996429229851
,0.00021381641359175592,-0.0015983846981406555,,,0.04706582114141815,-7.0093701887326985,0.0030598202016921495,4.443560191576188,4.443968572729925,4.443764382153057,4.106250762939453,state,,
-0.4999992858459613,,,-0.22067073600344642,-0.2206707360034466,,,,,,,4.10626482963562,control,-0.24999964292298066,-0.24999964292298066
,0.0008182055861795465,-0.00037589974261291605,,,0.045075367498789445,-12.42766300749706,0.0034041544464992455,4.242909742973367,4.223596144137671,4.233252943555519,4.116719961166382,state,,
-0.4999992858459613,,,-0.2762573212833775,-0.27625732128337765,,,,,,,4.1167309284210205,control,-0.24999964292298066,-0.24999964292298066
,0.004991305258501857,0.00020017850644534025,,,0.039829309694639686,-18.268917446557023,0.0036811068921374515,3.947735540484181,3.9674590941289436,3.957597317306562,4.12729024887085,state,,
-0.4999992858459613,,,-0.33073217485770995,-0.3307321748577101,,,,,,,4.1273016929626465,control,-0.24999964292297844,-0.24999964292298288
,-0.007449004579280268,-0.0025210328154716645,,,0.04182888628028798,-24.039048107021415,0.00394219170787997,3.6329913326744694,3.617753376418425,3.625372354546447,4.137866258621216,state,,
-0.4999992858459613,,,-0.38411753136055576,-0.38411753136055593,,,,,,,4.137876749038696,control,-0.24999964292297844,-0.24999964292298288
,-0.0016477860741978749,-0.0034794415005001203,,,0.0398255913048184,-30.216035688067457,0.004141282177385467,3.2216009834412187,3.2282033905021805,3.2249021869716996,4.148265361785889,state,,
-0.4999992858459613,,,-0.43643518073334464,-0.4364351807333448,,,,,,,4.148276090621948,control,-0.24999964292298066,-0.24999964292298066
,0.006129313988223778,-0.009468448373330657,,,0.03292311879962635,-35.57840932406583,0.004138887014883476,2.774393081097021,2.793153452190101,2.783773266643561,4.158855438232422,state,,
-0.4999992858459613,,,-0.48770647711867776,-0.48770647711867793,,,,,,,4.158865928649902,control,-0.24999964292298066,-0.24999964292298066
,-0.008261273813593362,-0.007928300983125264,,,0.02775588351282801,-40.286490591515665,0.0040346748810435205,2.315228119459195,2.296725720759015,2.3059769201091047,4.169415712356567,state,,
-0.4999992858459613,,,-0.5379523475763042,-0.5379523475763044,,,,,,,4.169426202774048,control,-0.24999964292297844,-0.24999964292298288
,0.0020820609681165263,0.009065853488849522,,,0.015146022373112097,-45.54124678908914,0.004085288230869127,1.7716019997311085,1.7622628199879995,1.766932409859554,4.179924726486206,state,,
-0.4999992858459613,,,-0.587193300624778,-0.5871933006247783,,,,,,,4.179935693740845,control,-0.24999964292298066,-0.24999964292298066
,-0.00061656279630797,-0.004155589476626641,,,0.01143464309274045,-50.64589060539565,0.003971748153027377,1.1820168320852946,1.1764443163081688,1.1792305741967317,4.1903228759765625,state,,
-0.4999992858459613,,,-0.6354494346122825,-0.6354494346122828,,,,,,,4.190336227416992,control,-0.24999964292298066,-0.24999964292298066
,-0.004509418345938217,-0.005273165967548907,,,0.005483326003521285,-55.945249303560324,0.0037175509666148815,0.536140674401199,0.5347316615150701,0.5354361679581345,4.200811862945557,state,,
-0.4999992858459613,,,-0.6827404459200368,-0.682740445920037,,,,,,,4.200822591781616,control,-0.24999964292298066,-0.24999964292298066
,0.0076177736514747695,-0.0016392715171288702,,,-0.004960227726788454,-59.77849732856516,0.003453582900661679,-0.12218353763280261,-0.12453014727758456,-0.12335684245519359,4.21144962310791,state,,
-0.4999992858459613,,,-0.7290856370016361,-0.7290856370016363,,,,,,,4.211461782455444,control,-0.24999964292298066,-0.24999964292298066
,-0.004498391909496556,-0.00368710242408434,,,-0.007512089480385127,-65.86944976547527,0.003164950242282841,-0.8769288054290761,-0.8810549124851906,-0.8789918589571334,4.221935033798218,state,,
-0.4999992858459613,,,-0.7745039242616034,-0.7745039242616036,,,,,,,4.221946716308594,control,-0.24999964292298066,-0.24999964292298066
,-0.0036583021194197137,-0.001959562126348936,,,-0.008016202277727091,-69.95479161088059,0.002947408698067293,-1.6442141407324444,-1.6429058791827185,-1.6435600099575813,4.2323901653289795,state,,
-0.4999992858459613,,,-0.8190138457763714,-0.8190138457763716,,,,,,,4.232402563095093,control,-0.24999964292298177,-0.24999964292297955
,-0.0035206022851682808,0.00010744171916866883,,,-0.013451152636840807,-74.48939651516801,0.0026434543949080997,-2.456343562444876,-2.464905344870866,-2.460624453657871,4.241893291473389,state,,
-0.4999992858459613,,,-0.862633568860844,-0.8626335688608442,,,,,,,4.2418999671936035,control,-0.24999964292298066,-0.24999964292298066
,0.0018675567314333206,-0.014101255449587718,,,-0.030574939581807854,-78.68738933555287,0.0017716264836803108,-3.3181820486329094,-3.3104409070795966,-3.3143114778562532,4.251754999160767,state,,
0.5,,,-0.7853808974836272,-0.7853808974836274,,,,,,,4.251758337020874,control,0.2500000000000022,0.24999999999999778
,0.0021974231840728724,0.002607887698841567,,,-0.037442491598408706,-78.74540774927247,0.0013226326938364712,-4.093754791698028,-4.111623102466694,-4.102688947082361,4.261828660964966,state,,
0.5,,,-0.7096732795339546,-0.7096732795339549,,,,,,,4.261831998825073,control,0.25,0.25
,-0.0001512472275701324,0.010485232613561952,,,-0.045207680427889904,-76.04713708252714,0.0009213524592785877,-4.813433590122928,-4.82699842280986,-4.820216006466394,4.27193284034729,state,,
0.5,,,-0.6354798139432756,-0.6354798139432758,,,,,,,4.271935939788818,control,0.25,0.25
,0.00934675043733765,0.011036449968027799,,,-0.05300431570251683,-71.29545321439709,0.0005319855325563876,-5.4549787222738155,-5.460111559822331,-5.457545141048073,4.282044410705566,state,,
0.5,,,-0.56277021766441,-0.5627702176644103,,,,,,,4.282047271728516,control,0.25,0.25
,0.00794682813817025,0.008640243306386762,,,-0.053684696828300356,-65.21806345988674,0.00019983693526827003,-6.020317142515981,-6.005685084672629,-6.013001113594305,4.292078018188477,state,,
0.5,,,-0.49151481331112185,-0.49151481331112207,,,,,,,4.2920801639556885,control,0.25,0.25
,2.6350849382331217e-05,0.002178008764065839,,,-0.05494449682749763,-58.89957798895048,-0.000325884544311199,-6.515336628370821,-6.487533519486033,-6.501435073928427,4.3021650314331055,state,,
0.5,,,-0.4216845170448994,-0.4216845170448996,,,,,,,4.302167177200317,control,0.25,0.25
,-0.007916893167924348,0.001978864251284544,,,-0.05992108711976207,-52.67909365345999,-0.0010105325989512438,-6.92671742111418,-6.931730433728069,-6.929223927421125,4.312268018722534,state,,
0.5,,,-0.35325082670400143,-0.3532508267040016,,,,,,,4.312269926071167,control,0.25000000000000444,0.24999999999999556
,0.006423436263797741,-0.007407487714553855,,,-0.05893912786741905,-46.0318669648545,-0.0016467107830034275,-7.276739346554417,-7.2907580505161365,-7.283748698535277,4.322487831115723,state,,
0.5,,,-0.2861858101699214,-0.28618581016992156,,,,,,,4.3224897384643555,control,0.25,0.25
,-0.0006379238538669826,-0.0011786005198178378,,,-0.06682202912890121,-39.271658556909934,-0.0024224676348477124,-7.577606849702159,-7.56013960161544,-7.568873225658799,4.332674026489258,state,,
0.5,,,-0.22046209396652294,-0.2204620939665231,,,,,,,4.332676887512207,control,0.25,0.25
,0.009800068855794273,-0.0029244079592495153,,,-0.07165765519729722,-32.44961349591882,-0.003137456938792499,-7.792246075720279,-7.777340206825218,-7.784793141272749,4.342886686325073,state,,
0.5,,,-0.1560528520871925,-0.15605285208719263,,,,,,,4.342889785766602,control,0.25,0.25
,0.002115721179204848,0.0024190792452490886,,,-0.06949933544109294,-26.086475780387495,-0.003665760895447346,-7.949559949490552,-7.939210884462439,-7.944385416976496,4.353449821472168,state,,
0.5,,,-0.09293179504544866,-0.09293179504544877,,,,,,,4.353453874588013,control,0.25,0.25
,0.002736204663478824,-5.758824035367001e-05,,,-0.06929818966270791,-19.516051211442957,-0.004253435672832168,-8.041769952656944,-8.028178795852915,-8.03497437425493,4.363731622695923,state,,
0.5,,,-0.03107315914453969,-0.031073159144539786,,,,,,,4.363738059997559,control,0.25,0.25
,-0.002897413979010579,-0.0002571546959283284,,,-0.0772170359964513,-13.075978909258966,-0.005079161988030977,-8.063483501536854,-8.062990957005828,-8.06323722927134,4.374154806137085,state,,
0.5,,,0.029548304038351104,0.029548304038351007,,,,,,,4.37416672706604,control,0.24999999999999112,0.2500000000000089
,0.0021459692448356714,-0.002636925855837611,,,-0.07437223690567552,-7.5389232884944075,-0.005699342113986129,-8.049142761865074,-8.051860208003609,-8.05050148493434,4.384180307388306,state,,
0.5,,,0.08895733795758408,0.08895733795758398,,,,,,,4.38418984413147,control,0.24999999999999112,0.2500000000000089
,-0.0035927442890646933,0.00557312093389994,,,-0.08431521136256316,-0.6201365218418209,-0.0064941824019903996,-7.9469843012787935,-7.9461895762044135,-7.9465869387416035,4.394694566726685,state,,
0.5,,,0.1471781911984324,0.14717819119843228,,,,,,,4.39470362663269,control,0.25,0.25
,0.012233960431534774,0.0028319436958380187,,,-0.07722092251059325,5.274055389591288,-0.006871213087603432,-7.8066369142085765,-7.7934378998354354,-7.800037407022006,4.405093669891357,state,,
0.5,,,0.20423462737446374,0.20423462737446363,,,,,,,4.405104160308838,control,0.25,0.25
,-0.0047915977735433525,-0.005648177481078185,,,-0.07616148776946147,11.200174109373753,-0.007608382000088574,-7.599936726907658,-7.58750038742832,-7.593718557167989,4.415511846542358,state,,
0.5,,,0.26014993482697446,0.26014993482697435,,,,,,,4.415524005889893,control,0.25,0.25
,-0.002192395471570462,-0.0048825733199235714,,,-0.07251962305083574,16.750986600094546,-0.008221315321083254,-7.3357696567035555,-7.339959876415642,-7.337864766559599,4.425737619400024,state,,
0.5,,,0.31494693613043495,0.31494693613043484,,,,,,,4.425751686096191,control,0.25,0.25
,0.005890868134155647,0.003483354060788167,,,-0.07247324207773073,22.68707660900262,-0.008662222519024244,-7.015938617374558,-7.01709777005336,-7.016518193713959,4.435884237289429,state,,
0.5,,,0.3686479974078262,0.3686479974078261,,,,,,,4.435930490493774,control,0.25,0.25
,0.008666711172189517,-0.0035461328012357115,,,-0.07396408432608553,28.43349390677664,-0.00924281403066323,-6.65429733772628,-6.6271550279642035,-6.640726182845242,4.446488618850708,state,,
0.5,,,0.4212750374596697,0.4212750374596696,,,,,,,4.446499824523926,control,0.25,0.25
,-0.0013359481999203006,0.005726369192020775,,,-0.06627520790865453,33.27337141098292,-0.009495376807449479,-6.235875490805275,-6.226051360914813,-6.230963425860043,4.456957817077637,state,,
0.5,,,0.4728495367104763,0.4728495367104762,,,,,,,4.456968307495117,control,0.24999999999999556,0.25000000000000444
,-0.002708649878837809,0.0049819081150072955,,,-0.06264918121824053,38.57162185279712,-0.009794742750854067,-5.769139760631436,-5.752706104521999,-5.760922932576717,4.467557907104492,state,,
0.5,,,0.5233925459762667,0.5233925459762667,,,,,,,4.467568397521973,control,0.24999999999999556,0.25000000000000444
,0.009183431210137384,0.0016511167123413743,,,-0.05879981257587111,43.950735048110715,-0.010020433139894978,-5.244754953783692,-5.226853719510527,-5.23580433664711,4.477664947509766,state,,
0.5,,,0.5729246950567415,0.5729246950567415,,,,,,,4.4776787757873535,control,0.25000000000000444,0.24999999999999556
,-0.005337913067134657,0.00011198394991832366,,,-0.052423910736548174,49.00926994191147,-0.010276161894241867,-4.661845767551995,-4.668559340273751,-4.665202553912873,4.487207651138306,state,,
0.5,,,0.6214662011556067,0.6214662011556067,,,,,,,4.487210750579834,control,0.25,0.25
,0.005006409095806742,-0.003378249048061884,,,-0.045256453604663106,54.526138392289994,-0.01043216526332752,-4.030858727957648,-4.033416235169203,-4.032137481563426,4.49734091758728,state,,
0.5,,,0.6690368771324946,0.6690368771324946,,,,,,,4.497344493865967,control,0.25000000000000444,0.24999999999999556
,0.004002481798266342,-0.002771578300206236,,,-0.04585409526581808,58.98896708887982,-0.010708210523041044,-3.366438916182158,-3.3760004557201713,-3.3712196859511647,4.507476329803467,state,,
0.5,,,0.7156561395898446,0.7156561395898446,,,,,,,4.507478952407837,control,0.25,0.25
,-0.01495954019156,-0.001984100425464209,,,-0.045425913425241035,63.785961150285274,-0.011084762003591818,-2.658507747543377,-2.6555193379822173,-2.6570135427627974,4.517487287521362,state,,
0.5,,,0.7613430167980477,0.7613430167980477,,,,,,,4.517489671707153,control,0.2500000000000022,0.24999999999999778
,-0.0027186638040605266,0.008444827142638932,,,-0.040758016866920856,68.37752158442933,-0.011057326185533768,-1.8975034663053774,-1.902819279611792,-1.9001613729585847,4.5276198387146,state,,
0.5,,,0.8061161564620867,0.8061161564620867,,,,,,,4.527623414993286,control,0.25,0.25
,-0.011201182920523634,0.0004207085231533689,,,-0.031605747390759296,73.1194392412661,-0.011082813963848205,-1.100787750938576,-1.0862062831892092,-1.0934970170638927,4.538029432296753,state,,
0.5,,,0.849993833332845,0.849993833332845,,,,,,,4.538037300109863,control,0.2500000000000011,0.2499999999999989
,0.004426640678239957,-0.00500229995136709,,,-0.022877153022333778,77.31947784394873,-0.011013482080312139,-0.2541682245218737,-0.2527448717681929,-0.25345654814503327,4.5486063957214355,state,,
0.5,,,0.892993956666188,0.892993956666188,,,,,,,4.548615455627441,control,0.24999999999999972,0.2500000000000003
,-0.005496474023422209,0.001955693376927411,,,-0.012348043350272422,82.29019594322726,-0.010758768943612003,0.6567441142503431,0.6403695795674412,0.6485568469088921,4.558827877044678,state,,
0.5,,,0.9351340775328643,0.9351340775328643,,,,,,,4.558837652206421,control,0.25,0.25
,0.0029281688235142877,-0.002333810852574724,,,0.0009949851938620214,87.00333680504973,-0.01035157659606587,1.5999437790045046,1.5872605840437624,1.5936021815241335,4.568947076797485,state,,
0.5,,,0.9764313959822069,0.9764313959822069,,,,,,,4.568956613540649,control,0.25,0.25
,-0.002670682791343621,0.005743414339369618,,,0.00598793661046613,90.44185095222599,-0.009925431783898288,2.5512369049524923,2.5542557818231986,2.5527463433878452,4.579078435897827,state,,
0.5,,,1.0169027680625626,1.0169027680625626,,,,,,,4.579087495803833,control,0.2500000000000022,0.24999999999999778
,-0.0002467351183762363,-0.005038435222647667,,,0.015801190780630452,95.74261312675729,-0.009518666114829532,3.590385847033819,3.5986876027232575,3.5945367248785383,4.58911395072937,state,,
-0.4999992858459613,,,0.9365647127013115,0.9365647127013115,,,,,,,4.58912205696106,control,-0.24999964292298066,-0.24999964292298066
,0.0004307462329557125,-0.0021746164302507156,,,0.02852396686334841,94.6109164402423,-0.008891760218619675,4.523707426516952,4.521561327697055,4.5226343771070034,4.599350214004517,state,,
-0.4999992858459613,,,0.8578334184472853,0.8578334184472853,,,,,,,4.599360942840576,control,-0.24999964292297622,-0.2499996429229851
,-0.0011512148298005519,-0.0011060683309149265,,,0.045215408339435464,91.16961698586688,-0.008043824379529581,5.380599438068801,5.378521692097887,5.379560565083343,4.609543323516846,state,,
-0.4999992858459613,,,0.7806767500783396,0.7806767500783396,,,,,,,4.609551668167114,control,-0.24999964292297622,-0.2499996429229851
,-0.0006785803950856705,-0.007935344316047465,,,0.05152873700254137,86.20178498397168,-0.0074361518067384965,6.156007762043076,6.169018063892699,6.1625129129678875,4.620004653930664,state,,
-0.4999992858459613,,,0.7050632150767728,0.7050632150767728,,,,,,,4.620014429092407,control,-0.24999964292298066,-0.24999964292298066
,-0.009682810630435695,0.003426044323392855,,,0.05566633844610679,80.29045291167117,-0.006689925462540536,6.87309490232579,6.869576437930552,6.871335670128171,4.630158185958862,state,,
-0.4999992858459613,,,0.6309619507752373,0.6309619507752373,,,,,,,4.630167484283447,control,-0.24999964292298066,-0.24999964292298066
,-0.004559423729235767,-0.0005429797054988803,,,0.06090075099749504,73.7701431322584,-0.005925866600495596,7.501970018044778,7.508556278479937,7.505263148262358,4.640408754348755,state,,
-0.4999992858459613,,,0.5583427117597326,0.5583427117597326,,,,,,,4.64044713973999,control,-0.2499996429229851,-0.24999964292297622
,-0.008139688515828964,-0.005664135222698044,,,0.06824468726791287,66.40324926254061,-0.005193906719525802,8.06476459015138,8.039331176704357,8.052047883427868,4.650726318359375,state,,
-0.4999992858459613,,,0.4871758575245379,0.4871758575245379,,,,,,,4.65073561668396,control,-0.24999964292297178,-0.24999964292298954
,-0.003994279426950364,-3.618244812900973e-05,,,0.07313914723680157,59.75355409442573,-0.004331525477017557,8.534406750783596,8.553093726748699,8.543750238766147,4.660891056060791,state,,
-0.4999992858459613,,,0.41743234037404714,0.41743234037404714,,,,,,,4.660900354385376,control,-0.24999964292298066,-0.24999964292298066
,-0.005357830426454498,0.0026470921547952254,,,0.07692055755838974,52.53829384511818,-0.003426995522906612,8.948477540913354,8.960119946646952,8.954298743780154,4.671496629714966,state,,
-0.4999992858459613,,,0.3490836935665662,0.3490836935665662,,,,,,,4.671505689620972,control,-0.24999964292298954,-0.24999964292297178
,-0.005034220485717758,-0.0014481772533548537,,,0.08658502097567458,45.97655828144322,-0.0024277288917565333,9.31141226114227,9.307849862002751,9.30963106157251,4.68200159072876,state,,
-0.4999992858459613,,,0.2821020196952349,0.2821020196952349,,,,,,,4.682012319564819,control,-0.24999964292298066,-0.24999964292298066
,0.008293969101082958,-0.002393171796477038,,,0.0872619070746145,39.166696110488914,-0.0015005438116317954,9.592194678845585,9.593636721252835,9.592915700049211,4.692324638366699,state,,
-0.4999992858459613,,,0.2164599793013302,0.2164599793013302,,,,,,,4.692335844039917,control,-0.24999964292298954,-0.24999964292297178
,0.006472168041300991,-0.00040780299378814186,,,0.09073374538424597,31.899764074569593,-0.0004909496580248724,9.792571344151906,9.799941706512026,9.796256525331966,4.702780723571777,state,,
-0.4999992858459613,,,0.15213077971530362,0.15213077971530362,,,,,,,4.702791929244995,control,-0.24999964292298066,-0.24999964292298066
,-0.0037722652457709096,-0.004785491188395908,,,0.0924082702449301,25.858248080868222,0.0003294445576952959,9.95036480455955,9.967005780888481,9.958685292724017,4.712981939315796,state,,
-0.4999992858459613,,,0.08908816412099754,0.08908816412099754,,,,,,,4.712992906570435,control,-0.24999964292298954,-0.24999964292297178
,-0.0008026701782936606,0.0014140516094853764,,,0.0986892045311673,18.937639678931465,0.001404011280496139,10.039368056806337,10.036465514946016,10.037916785876178,4.723578691482544,state,,
-0.4999992858459613,,,0.02730640083857759,0.02730640083857759,,,,,,,4.723589658737183,control,-0.24999964292298954,-0.24999964292297178
,-0.001624389057339856,-0.00024777381915943637,,,0.09881969145397126,12.840060593130001,0.002325472880771406,10.072998769180176,10.065544043954967,10.069271406567571,4.733818531036377,state,,
-0.4999992858459613,,,-0.033239727178193956,-0.033239727178193956,,,,,,,4.733829498291016,control,-0.24999964292298066,-0.24999964292298066
,0.0019150733426510165,0.0029751035734456007,,,0.10205769061508059,6.946222675471143,0.003394843879723183,10.040226562545053,10.049634016423944,10.044930289484498,4.744132995605469,state,,
-0.4999992858459613,,,-0.09257493263463007,-0.09257493263463007,,,,,,,4.744148015975952,control,-0.24999964292297178,-0.24999964292298954
,-0.0036175710798336098,-0.003117459327906737,,,0.0959947483435929,0.16936181622920543,0.004084110621688529,9.928810811554648,9.948722822860065,9.938766817207355,4.754390716552734,state,,
-0.4999992858459613,,,-0.15072343398193747,-0.15072343398193747,,,,,,,4.754410982131958,control,-0.24999964292297178,-0.24999964292298954
,-0.0045985906083210034,-0.007253370138916885,,,0.10668302625550707,-5.214301255041934,0.005041520257066126,9.806607067862489,9.795273223504566,9.800940145683526,4.7641215324401855,state,,
-0.4999992858459613,,,-0.2077089653022987,-0.2077089653022987,,,,,,,4.7641308307647705,control,-0.24999964292297178,-0.24999964292298954
,-0.005882434149763407,0.003803859808205058,,,0.10091000348867385,-11.372493216740105,0.005862247589101675,9.57921681547226,9.599192273317385,9.589204544394821,4.774404525756836,state,,
-0.4999992858459613,,,-0.2635547859962527,-0.2635547859962527,,,,,,,4.774442672729492,control,-0.24999964292297178,-0.24999964292298954
,-0.002561299176519823,-0.0016117186195408117,,,0.1036725000547846,-16.961413198719278,0.006750866914549517,9.328683060943263,9.332596915536584,9.330639988239923,4.784461975097656,state,,
-0.4999992858459613,,,-0.31828369027632764,-0.31828369027632764,,,,,,,4.784472227096558,control,-0.24999964292298066,-0.24999964292298066
,0.005529099804889644,-0.008724627907542406,,,0.09999380845369393,-22.43070780641667,0.00741320884147838,9.016502333646839,9.022070432296495,9.019286382971668,4.794713973999023,state,,
-0.4999992858459613,,,-0.3719180164708011,-0.3719180164708011,,,,,,,4.794724464416504,control,-0.24999964292298954,-0.24999964292297178
,0.005086782072030481,-0.003169268205899962,,,0.09107537382557242,-29.0365033602073,0.007993053018401083,8.627638185059944,8.619935510591196,8.62378684782557,4.805105924606323,state,,
-0.4999992858459613,,,-0.42447965614138505,-0.42447965614138505,,,,,,,4.8051159381866455,control,-0.24999964292298954,-0.24999964292297178
,-0.001917568982478326,-0.005419737668795499,,,0.08305779601443217,-33.57206489174125,0.008402961696841273,8.216825124002375,8.214935866325726,8.21588049516405,4.8153510093688965,state,,
-0.4999992858459613,,,-0.47599006301855734,-0.47599006301855734,,,,,,,4.815361976623535,control,-0.24999964292298066,-0.24999964292298066
,0.002541439323146442,0.004429365654154202,,,0.08015412416536986,-39.13381038784497,0.009071992691443766,7.741934017718106,7.730114907268298,7.7360244624932015,4.825895309448242,state,,
-0.4999992858459613,,,-0.5264702617581862,-0.5264702617581862,,,,,,,4.825906038284302,control,-0.24999964292297622,-0.2499996429229851
,-0.0062664991209847596,-0.0008352721629638313,,,0.08227970835635165,-44.11594513488045,0.009663730430888947,7.216499428946165,7.214644318914513,7.2155718739303385,4.8363938331604,state,,
-0.4999992858459613,,,-0.5759408565230224,-0.5759408565230224,,,,,,,4.836405038833618,control,-0.24999964292297622,-0.2499996429229851
,0.0013428581266274114,-0.002006703928399998,,,0.07499172261707587,-49.90606633604068,0.010060153913932043,6.620306338759341,6.628410800327357,6.6243585695433485,4.846541404724121,state,,
-0.4999992858459613,,,-0.6244220393925619,-0.6244220393925619,,,,,,,4.84658408164978,control,-0.24999964292297622,-0.2499996429229851
,0.004718301816723213,-0.005722860620758754,,,0.06487789227876639,-54.11408305380917,0.010261523039567512,6.016915989394419,6.015574156366857,6.016245072880638,4.856940031051636,state,,
-0.4999992858459613,,,-0.6719335986047106,-0.6719335986047106,,,,,,,4.8569512367248535,control,-0.24999964292298066,-0.24999964292298066
,0.004065121188837398,-0.005171368077057883,,,0.06351596922937845,-59.63383981887856,0.010587412304381656,5.330317345958844,5.333796688659717,5.33205701730928,4.867475748062134,state,,
-0.4999992858459613,,,-0.7184949266326164,-0.7184949266326164,,,,,,,4.867487668991089,control,-0.24999964292297622,-0.2499996429229851
,0.0001654610231390375,0.007342409329898078,,,0.051017787405284315,-63.73101575531375,0.010814016384347891,4.6392765086781935,4.619800050233928,4.62953827945606,4.8775646686553955,state,,
-0.4999992858459613,,,-0.7641250280999641,-0.7641250280999641,,,,,,,4.877575397491455,control,-0.24999964292297622,-0.2499996429229851
,-0.005246203719007147,-0.006960563292493678,,,0.04794949952839326,-69.28999763956143,0.010847302586124222,3.8456253295961114,3.8507033874375165,3.848164358516814,4.887786149978638,state,,
-0.4999992858459613,,,-0.8088425275379647,-0.8088425275379647,,,,,,,4.887796401977539,control,-0.24999964292298288,-0.24999964292297844
,-0.0022417460538617265,0.001187080793500763,,,0.04454200147952841,-73.524837489306,0.011014853363051927,3.0489983600683606,3.04203446812127,3.0455164140948154,4.897983074188232,state,,
-0.4999992858459613,,,-0.8526656769872054,-0.8526656769872054,,,,,,,4.897993803024292,control,-0.24999964292298288,-0.24999964292297844
,0.007839496473893575,0.006099064570479174,,,0.037645216153851385,-77.82601235109476,0.011223136409564231,2.1863713989472,2.211230534149279,2.1988009665482395,4.908268213272095,state,,
-0.4999992858459613,,,-0.8956123634474613,-0.8956123634474613,,,,,,,4.908282279968262,control,-0.24999964292298066,-0.24999964292298066
,0.00027649471429528596,0.005046995651658498,,,0.026766158764347008,-82.57755944827966,0.011182813804785162,1.2928819858832266,1.3019223166774747,1.2974021512803506,4.918435573577881,state,,
-0.4999992858459613,,,-0.9377001161785121,-0.9377001161785121,,,,,,,4.918445825576782,control,-0.24999964292298066,-0.24999964292298066
,0.002937165518654063,0.0024123900226336653,,,0.01842572598673962,-87.36763817516794,0.011071996375400893,0.3524257448827075,0.34255285273791464,0.3474892988103111,4.928714990615845,state,,
-0.4999992858459613,,,-0.9789461138549418,-0.9789461138549418,,,,,,,4.928728342056274,control,-0.24999964292298094,-0.24999964292298038
,-0.0008659568118235621,0.006855670131143666,,,0.0076636484421110235,-90.96681828659727,0.010874416851373758,-0.6239948684687943,-0.6149283608049325,-0.6194616146368634,4.938548564910889,state,,
-0.4999992858459613,,,-1.0193671915778428,-1.0193671915778428,,,,,,,4.938557386398315,control,-0.2499996429229801,-0.2499996429229812
,0.003639720826195531,-0.003211091013666366,,,-0.00797628490495138,-95.88542215240093,0.010297969026281602,-1.6568949032348843,-1.6563007927575728,-1.6565978479962284,4.948710918426514,state,,
-0.4999992858459613,,,-1.058979847746286,-1.058979847746286,,,,,,,4.948719501495361,control,-0.24999964292298177,-0.24999964292297955
,-0.0016340872432715186,0.00393911337594726,,,-0.016533577455979137,-99.182180479671,0.00985326104468769,-2.70788454225381,-2.6938938401249475,-2.7008891911893786,4.959137916564941,state,,
-0.4999992858459613,,,-1.0978002507913602,-1.0978002507913602,,,,,,,4.959147214889526,control,-0.24999964292298066,-0.24999964292298066
,-0.00768909617469724,-0.004575807201480318,,,-0.02110642251100063,-103.08906617568252,0.009231685920740373,-3.7806141901139956,-3.8073055499014625,-3.793959870007729,4.969688415527344,state,,
0.5,,,-1.015844245775533,-1.015844245775533,,,,,,,4.969698190689087,control,0.25,0.25
,0.0017836440933777955,-0.0016626183738339302,,,-0.03385392511286818,-102.64593044045914,0.008494573439174712,-4.803855251594428,-4.82287764868592,-4.813366450140174,4.979988098144531,state,,
0.5,,,-0.9355273608600223,-0.9355273608600223,,,,,,,4.980032444000244,control,0.25,0.25
,0.002031774954601831,0.007626530133719534,,,-0.05200234735278456,-98.7142584822063,0.007684447756756889,-5.744497624093211,-5.731371440476917,-5.737934532285064,4.990458011627197,state,,
0.5,,,-0.8568168136428218,-0.8568168136428218,,,,,,,4.990467309951782,control,0.25,0.25
,-0.007540685728936345,5.315396661127762e-05,,,-0.06254209500487717,-93.91173064347686,0.006694172443955875,-6.591490352285497,-6.6097441161801225,-6.60061723423281,5.000747203826904,state,,
0.5,,,-0.7796804773699653,-0.7796804773699653,,,,,,,5.000757694244385,control,0.25,0.25
,-0.0004987493629065503,0.00023649969717566771,,,-0.06012406062120623,-87.97346295983898,0.006005215125436265,-7.376354908679212,-7.395327887932422,-7.385841398305817,5.010728597640991,state,,
0.5,,,-0.704086867822566,-0.704086867822566,,,,,,,5.010738372802734,control,0.25,0.25
,-0.009060042882737342,0.0018681218703049463,,,-0.06379365337980641,-81.12676703438477,0.00516583187232199,-8.093043762777599,-8.083237274445093,-8.088140518611347,5.020942211151123,state,,
0.5,,,-0.6300051304661147,-0.6300051304661147,,,,,,,5.020952463150024,control,0.2500000000000089,0.24999999999999112
,0.0040763276635547505,0.0014814382585660998,,,-0.07359786641848104,-74.39331288766992,0.00424186616905313,-8.732768293377116,-8.717046499292517,-8.724907396334817,5.0310304164886475,state,,
0.5,,,-0.5574050278567924,-0.5574050278567924,,,,,,,5.031039237976074,control,0.2500000000000089,0.24999999999999112
,-0.010222215919445395,-0.010329894244742946,,,-0.08696544914085651,-66.8651651791853,0.0028242610812506,-9.27575489061414,-9.271734821612949,-9.273744856113545,5.041140556335449,state,,
0.5,,,-0.48625692729965647,-0.48625692729965647,,,,,,,5.041149854660034,control,0.2500000000000089,0.24999999999999112
,-0.001929011369846621,-0.00535828688962995,,,-0.08491895586685635,-59.969033197579975,0.001849400723160509,-9.762627413563836,-9.764732263997534,-9.763679838780686,5.051059722900391,state,,
0.5,,,-0.4165317887536633,-0.4165317887536633,,,,,,,5.051064729690552,control,0.2500000000000089,0.24999999999999112
,0.00145721516984859,0.0008734741089403512,,,-0.09141854543608915,-53.127730829063694,0.0008379199201576693,-10.190758229368413,-10.181390646947099,-10.186074438157757,5.061501979827881,state,,
0.5,,,-0.34820115297859006,-0.34820115297859006,,,,,,,5.061511039733887,control,0.2500000000000089,0.24999999999999112
,0.004197221346614774,0.0027375486466442557,,,-0.1053483397587776,-45.49869034725516,-0.00035076627487711366,-10.517012368081053,-10.522270414433965,-10.519641391257508,5.0716094970703125,state,,
0.5,,,-0.2812371299190182,-0.2812371299190182,,,,,,,5.071618318557739,control,0.24999999999999112,0.2500000000000089
,0.008808181949496183,0.0043955045324163096,,,-0.10580416238818069,-38.77722345318797,-0.0012449529629407884,-10.805687769716704,-10.79518854565821,-10.800438157687456,5.0818445682525635,state,,
0.5,,,-0.21561238732063787,-0.21561238732063787,,,,,,,5.081853628158569,control,0.24999999999999112,0.2500000000000089
,-0.006107187838793246,-0.004517668021969888,,,-0.11390825768418553,-32.65485884646563,-0.0025962696150890626,-11.025188811020799,-11.03390376316928,-11.02954628709504,5.092117071151733,state,,
0.5,,,-0.1513001395742251,-0.1513001395742251,,,,,,,5.092128753662109,control,0.25,0.25
,0.0003773634439915128,0.001628350200931296,,,-0.1094852361147337,-25.70402984268866,-0.003519531839804947,-11.179406280363258,-11.172515131773068,-11.175960706068164,5.102450370788574,state,,
0.5,,,-0.0882741367827406,-0.0882741367827406,,,,,,,5.102461099624634,control,0.2500000000000089,0.24999999999999112
,-0.0006645959849481171,-0.0003682711316917601,,,-0.11106598305678145,-19.380437456109888,-0.00457827783246372,-11.277063001271566,-11.2611809627025,-11.269121981987034,5.112933874130249,state,,
0.5,,,-0.026508654047085786,-0.026508654047085786,,,,,,,5.112943649291992,control,0.2500000000000089,0.24999999999999112
,-0.0036180271541460013,-0.001185012992450225,,,-0.11254884745868547,-12.972557145067185,-0.005665958335971127,-11.303686891372886,-11.29003905025379,-11.296862970813338,5.1236114501953125,state,,
0.5,,,0.03402151903385593,0.03402151903385593,,,,,,,5.123621702194214,control,0.25,0.25
,-0.00227330040729587,0.004078967866331294,,,-0.11501046898513817,-6.329276254276017,-0.00666353692565116,-11.25120762972383,-11.257641638564897,-11.254424634144364,5.13404655456543,state,,
0.5,,,0.0933410886531788,0.0933410886531788,,,,,,,5.1340577602386475,control,0.2500000000000089,0.24999999999999112
,-0.0011178550079606949,0.004456029143389828,,,-0.11448950218645651,-0.4585765613541599,-0.007573954203642816,-11.16772453060756,-11.163426093800933,-11.165575312204247,5.144646644592285,state,,
0.5,,,0.15147426688011523,0.15147426688011523,,,,,,,5.1446592807769775,control,0.2500000000000089,0.24999999999999112
,0.008146781056410167,-0.003862038826369618,,,-0.10747844637509094,5.3750591409596655,-0.008381874329250695,-11.009518836739014,-11.028440213206165,-11.01897952497259,5.155166387557983,state,,
0.5,,,0.20844478154251292,0.20844478154251292,,,,,,,5.15517783164978,control,0.25,0.25
,0.006231769237204974,0.0021081361705482687,,,-0.10626758939296672,11.478071617201142,-0.009155597408943707,-10.815374760018084,-10.798757936914004,-10.807066348466044,5.165432453155518,state,,
0.5,,,0.2642758859116626,0.2642758859116626,,,,,,,5.165444374084473,control,0.25,0.25
,-0.002928910143453778,-0.002662831084597577,,,-0.10247569001469226,17.62123514291826,-0.00999306687488793,-10.535800094503058,-10.530364931302724,-10.53308251290289,5.175960302352905,state,,
0.5,,,0.31899036819342935,0.31899036819342935,,,,,,,5.175971984863281,control,0.24999999999999112,0.2500000000000089
,0.0034845371023957167,0.0034869585631303692,,,-0.1029607043990321,23.20659000876398,-0.01072341128815338,-10.200775459871124,-10.223470398595031,-10.212122929233079,5.186538219451904,state,,
0.5,,,0.37261056082956073,0.37261056082956073,,,,,,,5.186584949493408,control,0.2500000000000089,0.24999999999999112
,-0.006919674153228572,0.00018786021829132814,,,-0.09767784116894696,28.064107945797115,-0.011435957362002744,-9.84331358968854,-9.865030511694403,-9.85417205069147,5.196733713150024,state,,
0.5,,,0.4251583496129695,0.4251583496129695,,,,,,,5.1967453956604,control,0.24999999999999112,0.2500000000000089
,-0.0015776215966373764,-0.0037102776209820497,,,-0.08980838542891434,34.03199618441801,-0.012049495119908217,-9.424615801177579,-9.4131245939177,-9.41887019754764,5.207306623458862,state,,
0.5,,,0.4766551826207101,0.4766551826207101,,,,,,,5.207318305969238,control,0.2500000000000089,0.24999999999999112
,0.006880339595298351,-0.0075550883485242205,,,-0.08934411635877729,39.21372488001208,-0.012770284532220157,-8.94059608815682,-8.947930262205238,-8.944263175181028,5.21775221824646,state,,
0.5,,,0.5271220789682959,0.5271220789682959,,,,,,,5.217763662338257,control,0.24999999999999112,0.2500000000000089
,-0.003905128199474672,-0.0022584565928901934,,,-0.09342720056141823,44.129491701260946,-0.013569354750179561,-8.432637688836506,-8.416825109762554,-8.42473139929953,5.228243827819824,state,,
0.5,,,0.57657963738893,0.57657963738893,,,,,,,5.228258848190308,control,0.25,0.25
,0.006759609978514452,0.006286207471880927,,,-0.08997053547429779,49.85661087136401,-0.013963083270937407,-7.8390106732572855,-7.831020042794843,-7.835015358026064,5.238402605056763,state,,
0.5,,,0.6250480446411515,0.6250480446411515,,,,,,,5.238414525985718,control,0.25,0.25
,-0.006835596144508532,0.005860657502478947,,,-0.08270444962403392,54.68539135037896,-0.01432719826225193,-7.210042889071999,-7.212575143504376,-7.211309016288187,5.248011589050293,state,,
0.5,,,0.6725470837483285,0.6725470837483285,,,,,,,5.248015880584717,control,0.24999999999999556,0.25000000000000444
,0.0030468457718984482,0.005263983938529302,,,-0.0702680365680763,59.279325680687805,-0.01441918657301389,-6.548786095954158,-6.542015951626817,-6.545401023790488,5.25825309753418,state,,
0.5,,,0.7190961420733619,0.7190961420733619,,,,,,,5.258259296417236,control,0.25000000000000444,0.24999999999999556
,0.008121525027106427,-0.009399672644152616,,,-0.0756704263168251,63.87762596711045,-0.015075117129914878,-5.85484487800723,-5.812036206150528,-5.833440542078879,5.268697500228882,state,,
0.5,,,0.7647142192318948,0.7647142192318948,,,,,,,5.268707275390625,control,0.25,0.25
,-0.003194748224752207,0.008480045576790681,,,-0.07273622967340361,69.34183806730879,-0.015311183808536783,-5.055069800886038,-5.051043248755723,-5.05305652482088,5.2789740562438965,state,,
0.5,,,0.8094199348472568,0.8094199348472568,,,,,,,5.278985977172852,control,0.24999999999999556,0.25000000000000444
,0.0016519350844678563,-0.00615912318482199,,,-0.060420801457866866,73.83666014237551,-0.015511359437664933,-4.2435805255579035,-4.242724690923258,-4.243152608240581,5.289051055908203,state,,
0.5,,,0.8532315361503118,0.8532315361503118,,,,,,,5.2890613079071045,control,0.25,0.25
,-0.011298864720789859,-0.0016474888203962125,,,-0.04981371592487204,78.13975649817033,-0.01564264463094117,-3.3969623642219693,-3.3895759111706925,-3.393269137696331,5.2990171909332275,state,,
0.5,,,0.8961669054273056,0.8961669054273056,,,,,,,5.299028396606445,control,0.25,0.25
,0.003803118795209384,0.002753253030418471,,,-0.040712189650441113,82.50736077234609,-0.015511697206210444,-2.487993530506387,-2.5093723674984796,-2.4986829490024336,5.309573650360107,state,,
0.5,,,0.9382435673187595,0.9382435673187595,,,,,,,5.309584617614746,control,0.2500000000000022,0.24999999999999778
,0.002972614089693756,-0.005420880410608533,,,-0.030108717384345417,87.07108926737783,-0.015413987254590722,-1.558896039654695,-1.5517800832198885,-1.5553380614372916,5.3199756145477295,state,,
0.5,,,0.9794786959723842,0.9794786959723842,,,,,,,5.3200154304504395,control,0.2499999999999989,0.2500000000000011
,0.0013184694151146823,0.0004982088191366845,,,-0.019065451369042863,91.13485321936149,-0.015105519901406787,-0.5714413232509006,-0.5871841111330819,-0.5793127171919912,5.33008885383606,state,,
0.5,,,1.0198891220529365,1.0198891220529365,,,,,,,5.330098628997803,control,0.24999999999999944,0.25000000000000056
,-0.007459066629334051,0.0026411314642851647,,,-0.011127666125053224,95.2959845966439,-0.014799273182645295,0.4373270383377801,0.4424201447209722,0.4398735915293761,5.34047269821167,state,,
0.5,,,1.0594913396118777,1.0594913396118777,,,,,,,5.340482711791992,control,0.2500000000000003,0.24999999999999972
,-0.003168916386217877,-0.000860108942916204,,,0.0025639991329364847,99.49442815954656,-0.014308378717140935,1.4971929626026934,1.5060833929126516,1.5016381777576724,5.3508758544921875,state,,
0.5,,,1.0983015128196403,1.0983015128196403,,,,,,,5.350887060165405,control,0.2500000000000011,0.2499999999999989
,-0.005889057474213821,-0.0002077422555454859,,,0.015866607414087682,103.40924948201001,-0.013711095328716501,2.5857901149290154,2.610283863184851,2.5980369890569333,5.360980987548828,state,,
0.5,,,1.1363354825632475,1.1363354825632475,,,,,,,5.360990762710571,control,0.25,0.25
,0.00295818965007672,-0.009897501741666499,,,0.028130716286468127,107.20664753149273,-0.013135985622508718,3.731549082222707,3.7295327806135545,3.7305409314181306,5.371687412261963,state,,
0.5,,,1.1736087729119826,1.1736087729119826,,,,,,,5.371698617935181,control,0.2500000000000022,0.24999999999999778
,-0.005135681814413508,-0.0007336427851414377,,,0.03982473782089957,111.8767340259139,-0.012356619635891405,4.926986965410959,4.920283047994347,4.923635006702653,5.381917476654053,state,,
-0.4999992858459613,,,1.090136597453743,1.090136597453743,,,,,,,5.3819286823272705,control,-0.24999964292298066,-0.24999964292298066
,0.006076500387915607,-0.0026168413280905785,,,0.053322308251436426,109.98147020382743,-0.011384122614436892,5.984233509015865,6.002337787316329,5.993285648166097,5.392076730728149,state,,
-0.4999992858459613,,,1.008333865504668,1.008333865504668,,,,,,,5.392126560211182,control,-0.24999964292298066,-0.24999964292298066
,-0.009557450813036383,0.004642260438635998,,,0.06305131869399547,106.21270398006217,-0.010375838094684819,6.989611924703375,7.001249896456058,6.995430910579717,5.402238845825195,state,,
-0.4999992858459613,,,0.9281671881945748,0.9281671881945748,,,,,,,5.402251720428467,control,-0.2499996429229851,-0.24999964292297622
,-0.0005290005030611201,0.004557579717488665,,,0.07425280287185426,101.47568297448,-0.009189489112151299,7.939657650483254,7.92993376845207,7.934795709467663,5.41240668296814,state,,
-0.4999992858459613,,,0.8496038444306833,0.8496038444306833,,,,,,,5.4124181270599365,control,-0.2499996429229851,-0.24999964292297622
,0.005833837041216332,-0.0052507294382488625,,,0.07772334246657284,94.86359141840259,-0.00824831054744745,8.776834164152325,8.779559672085872,8.778196918119098,5.422565937042236,state,,
-0.4999992858459613,,,0.7726117675420696,0.7726117675420696,,,,,,,5.422576904296875,control,-0.24999964292298066,-0.24999964292298066
,-0.0032246876224533935,0.0030165863823372135,,,0.08070431607625478,88.00485629448215,-0.007218142694938831,9.538360026946412,9.55981061551544,9.549085321230926,5.432754993438721,state,,
-0.4999992858459613,,,0.6971595321912283,0.6971595321912283,,,,,,,5.432766914367676,control,-0.24999964292298066,-0.24999964292298066
,0.0073235195409490075,-0.000830336875965097,,,0.09346065983667842,81.02289564241279,-0.005924183235268345,10.249829378574077,10.246556466686041,10.248192922630059,5.443359375,state,,
-0.4999992858459613,,,0.6232163415474037,0.6232163415474037,,,,,,,5.443370819091797,control,-0.24999964292298066,-0.24999964292298066
,0.00045956233579384694,-0.006867053522183498,,,0.10486107301926573,73.80725145857625,-0.004728610822976841,10.864174683646947,10.878675102894722,10.871424893270834,5.4535908699035645,state,,
-0.4999992858459613,,,0.5507520147164555,0.5507520147164555,,,,,,,5.453602075576782,control,-0.24999964292298066,-0.24999964292298066
,0.0007688557493348276,0.001689839109349961,,,0.10369882364353383,66.83236563198184,-0.0036030871866827626,11.436757477068749,11.420722110751736,11.428739793910243,5.463775396347046,state,,
-0.4999992858459613,,,0.4797369744221264,0.4797369744221264,,,,,,,5.463785886764526,control,-0.24999964292298066,-0.24999964292298066
,-0.009451489501817234,0.004379729096111444,,,0.11228766800620081,59.13055980155906,-0.0022897785566294887,11.897297913838909,11.897636776283605,11.897467345061257,5.473828554153442,state,,
-0.4999992858459613,,,0.4101422349336839,0.4101422349336839,,,,,,,5.4738380908966064,control,-0.24999964292298066,-0.24999964292298066
,-0.004280086379358841,0.011140404190588362,,,0.11681842073194545,52.36542169775393,-0.00085767472326712,12.328631177498686,12.298270912594925,12.313451045046804,5.483829498291016,state,,
-0.4999992858459613,,,0.34193939023501024,0.34193939023501024,,,,,,,5.483838319778442,control,-0.24999964292297178,-0.24999964292298954
,-0.004655333773725708,0.003071190441267393,,,0.12131005760483228,45.30537751847939,0.0004365661723392173,12.646912818672348,12.661368635875109,12.654140727273727,5.493701219558716,state,,
-0.4999992858459613,,,0.27510060243031004,0.27510060243031004,,,,,,,5.4937052726745605,control,-0.24999964292297178,-0.24999964292298954
,0.0010373192606314085,0.0057054561776512915,,,0.1272773943729668,38.44759230763931,0.001877619965670521,12.926415768952946,12.932527448753758,12.929471608853351,5.503728151321411,state,,
-0.4999992858459613,,,0.2095985903817038,0.2095985903817038,,,,,,,5.50373101234436,control,-0.24999964292297178,-0.24999964292298954
,0.0030766672710591694,-0.002273585424796406,,,0.12292039665367913,31.645468894908063,0.00295310437030981,13.14514378735624,13.130190495317166,13.137667141336703,5.513798236846924,state,,
-0.4999992858459613,,,0.14540661857406972,0.14540661857406972,,,,,,,5.513800621032715,control,-0.24999964292298066,-0.24999964292298066
,0.004572533350507206,0.00017225597036896577,,,0.13010578755143568,25.354593953162713,0.004314053830396262,13.294460982986536,13.287720410079782,13.291090696533159,5.523904323577881,state,,
-0.4999992858459613,,,0.08249848620258832,0.08249848620258832,,,,,,,5.523916482925415,control,-0.24999964292298066,-0.24999964292298066
,0.004732418678421315,0.0002434203812060297,,,0.1288819322868093,18.719435309409587,0.005507139044769626,13.377023401798333,13.368343038185731,13.372683219992032,5.534018039703369,state,,
-0.4999992858459613,,,0.020848516478536555,0.020848516478536555,,,,,,,5.534020185470581,control,-0.24999964292298066,-0.24999964292298066
,-0.00024334742456304505,0.0023040531389412044,,,0.12273361317526565,11.837428429622655,0.006540607183670892,13.385444779255446,13.377609146658969,13.381526962957206,5.5441179275512695,state,,
-0.4999992858459613,,,-0.03956845385103418,-0.03956845385103418,,,,,,,5.54412055015564,control,-0.24999964292297178,-0.24999964292298954
,-0.0009280266732542926,-0.004715383593165504,,,0.12748585844426896,6.087100855123269,0.007634562738825365,13.340462587581564,13.361294743859474,13.350878665720519,5.554322719573975,state,,
-0.4999992858459613,,,-0.0987770847740135,-0.0987770847740135,,,,,,,5.554325342178345,control,-0.24999964292297178,-0.24999964292298954
,0.00840710910946985,0.004569668407178678,,,0.12522915501684925,-0.05888770006330635,0.008816962358822147,13.249317742592405,13.255628943098536,13.25247334284547,5.564431190490723,state,,
-0.4999992858459613,,,-0.15680154307853322,-0.15680154307853322,,,,,,,5.564434289932251,control,-0.24999964292297178,-0.24999964292298954
,-0.000682587379864555,0.006966543205793073,,,0.12835071475355045,-6.1471228253613415,0.010067183311374047,13.087136252928886,13.101073433275449,13.094104843102167,5.574913740158081,state,,
-0.4999992858459613,,,-0.21366551221696256,-0.21366551221696256,,,,,,,5.574916362762451,control,-0.24999964292298066,-0.24999964292298066
,0.009721053376896186,0.011207820945434195,,,0.12130746460123122,-12.516459632137073,0.011220868432878853,12.863413738569596,12.871724467588896,12.867569103079246,5.585447549819946,state,,
-0.4999992858459613,,,-0.2693922019726233,-0.2693922019726233,,,,,,,5.585450649261475,control,-0.24999964292298066,-0.24999964292298066
,-0.0008856491576025809,0.004497617773331957,,,0.1261457994075384,-17.769453347470293,0.012380824851601167,12.607053423122084,12.605487732921812,12.606270578021949,5.595979690551758,state,,
-0.4999992858459613,,,-0.32400435793317084,-0.32400435793317084,,,,,,,5.595983505249023,control,-0.24999964292298954,-0.24999964292297178
,0.0062602348032706895,0.0024672594838228874,,,0.12172518913069337,-23.42996781614682,0.013345222173839983,12.27861168870068,12.285150339393669,12.281881014047174,5.606389045715332,state,,
-0.4999992858459613,,,-0.3775242707745074,-0.3775242707745074,,,,,,,5.606394052505493,control,-0.24999964292298066,-0.24999964292298066
,0.013843113673513183,0.0010303669886213948,,,0.12365764060856696,-28.74087640697035,0.014438001236420837,11.90723308725302,11.912659941794166,11.909946514523593,5.616764307022095,state,,
-0.4999992858459613,,,-0.42997378535901726,-0.42997378535901726,,,,,,,5.616772890090942,control,-0.24999964292298066,-0.24999964292298066
,0.010106634888761927,0.001380987183208387,,,0.11641479444041644,-34.34195591718053,0.015273593001680711,11.474129498189718,11.480636514373723,11.47738300628172,5.626940727233887,state,,
-0.4999992858459613,,,-0.4813743096518369,-0.4813743096518369,,,,,,,5.626948833465576,control,-0.24999964292297178,-0.24999964292298954
,0.007208222918248992,9.974433463013775e-06,,,0.11768361156797422,-39.54769390888882,0.01619067739039261,11.014033690369244,10.98407465725209,10.999054173810666,5.637307167053223,state,,
-0.4999992858459613,,,-0.5317468234588001,-0.5317468234588001,,,,,,,5.637317419052124,control,-0.24999964292297178,-0.24999964292298954
,-0.008286845202557345,0.0007661386093350141,,,0.10202194379520511,-45.008348020609276,0.016570814991440634,10.454293493603702,10.469829874726367,10.462061684165034,5.6476967334747314,state,,
-0.4999992858459613,,,-0.5811118869896241,-0.5811118869896241,,,,,,,5.647712707519531,control,-0.24999964292298066,-0.24999964292298066
,-0.0024122693836233244,-0.004298757390506592,,,0.1044872515584111,-50.32924329882537,0.01719982213319456,9.86670514704408,9.881463998269,9.874084572656539,5.657844066619873,state,,
-0.4999992858459613,,,-0.6294896492498316,-0.6294896492498316,,,,,,,5.657853364944458,control,-0.24999964292297178,-0.24999964292298954
,-0.00785192240745292,0.005135587942222201,,,0.10171074638257545,-54.6322486315531,0.01784206852466007,9.262569285664483,9.255985973246652,9.259277629455568,5.668262720108032,state,,
-0.4999992858459613,,,-0.676899856264835,-0.676899856264835,,,,,,,5.668273448944092,control,-0.24999964292298066,-0.24999964292298066
,-0.00233879617286925,0.007692528443950653,,,0.09633545422842277,-59.68604692911772,0.018466690032147116,8.592580865810282,8.571386058429137,8.581983462119709,5.678478479385376,state,,
-0.4999992858459613,,,-0.7233618591395383,-0.7233618591395383,,,,,,,5.678488731384277,control,-0.24999964292297178,-0.24999964292298954
,-0.0011769040446300276,0.0007649319014125676,,,0.09198741838086148,-64.49080360745668,0.018932218744036992,7.866258371647919,7.8549523253000775,7.860605348473998,5.688987493515015,state,,
-0.4999992858459613,,,-0.7688946219567476,-0.7688946219567476,,,,,,,5.688997507095337,control,-0.24999964292297622,-0.2499996429229851
,-0.0002895335110197277,-0.0027253973307043216,,,0.08121379867460134,-69.54280604288205,0.019124411828240467,7.095814810219812,7.0737295338484945,7.084772172034153,5.699139595031738,state,,
-0.4999992858459613,,,-0.8135167295176127,-0.8135167295176127,,,,,,,5.69914984703064,control,-0.24999964292298066,-0.24999964292298066
,0.009014970304579135,0.0013851103117560233,,,0.07728515296405192,-74.01909378409411,0.019526464974557164,6.267954420726295,6.278723383517018,6.273338902121656,5.709784746170044,state,,
-0.4999992858459613,,,-0.8572463949272604,-0.8572463949272604,,,,,,,5.709795951843262,control,-0.24999964292297622,-0.2499996429229851
,-0.006738356944094439,-0.008479370098548848,,,0.07118650418056269,-78.61175914969706,0.019526672781934706,5.41973711185744,5.4085164304114,5.41412677113442,5.720320224761963,state,,
-0.4999992858459613,,,-0.9001014670287151,-0.9001014670287151,,,,,,,5.720332145690918,control,-0.24999964292297622,-0.2499996429229851
,0.00038875717868365944,-0.005223090217220698,,,0.06265484671085667,-83.2795893048901,0.019518724578846344,4.503847746475405,4.510232361153156,4.507040053814281,5.730676651000977,state,,
-0.4999992858459613,,,-0.9420994376881409,-0.9420994376881409,,,,,,,5.73070764541626,control,-0.2499996429229851,-0.24999964292297622
,0.0035981136944641095,-0.003997365202076191,,,0.05191539580259258,-87.70560504088589,0.019417853003350746,3.5661005263806396,3.552983023912956,3.5595417751467977,5.740885257720947,state,,
-0.4999992858459613,,,-0.9832574489343779,-0.9832574489343779,,,,,,,5.740896701812744,control,-0.24999964292298066,-0.24999964292298066
,3.093190733112803e-05,-0.0045023301096395445,,,0.04495244510748189,-91.05655311539968,0.01927379138879127,2.583237008755455,2.608051489209519,2.595644248982487,5.750434875488281,state,,
-0.4999992858459613,,,-1.0235922999556903,-1.0235922999556903,,,,,,,5.750439405441284,control,-0.24999964292298288,-0.24999964292297844
,-0.0068732293559741545,0.0017453700752898568,,,0.03343854955796234,-95.46313430634109,0.019013526961386737,1.5668778352323223,1.5748821408710103,1.5708799880516664,5.760565757751465,state,,
-0.4999992858459613,,,-1.0631204539565766,-1.0631204539565766,,,,,,,5.760571718215942,control,-0.24999964292298177,-0.24999964292297955
,0.0016588677835837429,-0.014580971692606158,,,0.024375895103806416,-99.86290593576447,0.018468088539278435,0.5181313768603734,0.48632139986802664,0.5022263883642,5.770784139633179,state,,
-0.4999992858459613,,,-1.101858044877445,-1.101858044877445,,,,,,,5.770791530609131,control,-0.24999964292298038,-0.24999964292298094
,0.0013182671061883148,-0.003916791445350389,,,0.011237014874525044,-104.13282280110315,0.017936719151621528,-0.6123398561581422,-0.6017794982775406,-0.6070596772178414,5.7811279296875,state,,
-0.4999992858459613,,,-1.1398208839798962,-1.1398208839798962,,,,,,,5.781137943267822,control,-0.2499996429229812,-0.2499996429229801
,-0.0031120782755342962,-0.004849593876925808,,,0.004149396810715789,-107.8810459667599,0.017390671661024877,-1.7431052010883643,-1.7479447216076807,-1.7455249613480226,5.791421413421631,state,,
-0.4999992858459613,,,-1.1770244663002984,-1.1770244663002984,,,,,,,5.791431427001953,control,-0.24999964292297955,-0.24999964292298177
,0.0005928843987154999,-2.3402928519125493e-05,,,-0.00477125444743451,-111.56694274953705,0.016856672469020922,-2.918336056601894,-2.921378459625992,-2.919857258113943,5.8017048835754395,state,,
-0.4999992858459613,,,-1.2134839769742924,-1.2134839769742924,,,,,,,5.8017144203186035,control,-0.24999964292298066,-0.24999964292298066
,0.0016821520008712474,0.002128699116395298,,,-0.015714710141540952,-115.1393385009413,0.016242611749547615,-4.126257162781871,-4.129957011968136,-4.128107087375003,5.812092304229736,state,,
0.5,,,-1.1292142974348065,-1.1292142974348065,,,,,,,5.812103748321533,control,0.24999999999999556,0.25000000000000444
,-0.004436705368945521,-0.005034859301542936,,,-0.029510241887587434,-114.28474433159556,0.015282678005343152,-5.25946650086358,-5.2552399832405605,-5.25735324205207,5.8227622509002686,state,,
0.5,,,-1.0466300114861102,-1.0466300114861102,,,,,,,5.822773218154907,control,0.25,0.25
,0.003400294380137683,0.00123418666955151,,,-0.03787789540163061,-110.02866323594296,0.014519224583308295,-6.296398351998206,-6.283406127910177,-6.289902239954191,5.833035707473755,state,,
0.5,,,-0.9656974112563879,-0.9656974112563879,,,,,,,5.8330464363098145,control,0.25,0.25
,0.010953757919478791,-0.0013883310208720311,,,-0.05848234799844952,-105.4569190692008,0.013385663769937979,-7.2653891092859375,-7.278030615468752,-7.271709862377344,5.8431572914123535,state,,
0.5,,,-0.8863834630312601,-0.8863834630312601,,,,,,,5.843168020248413,control,0.24999999999999556,0.25000000000000444
,-0.00710042058077369,-0.007058910459985219,,,-0.06481025195191324,-98.78192556566331,0.012196031588260423,-8.157155113007095,-8.149431480822004,-8.15329329691455,5.853702068328857,state,,
0.5,,,-0.8086557937706349,-0.8086557937706349,,,,,,,5.853713512420654,control,0.25,0.25
,-0.0017842795318582928,0.004048059316449724,,,-0.07214114620643103,-91.80332170480065,0.011188444017092864,-8.956654460522678,-8.963862707335139,-8.960258583928908,5.8640296459198,state,,
0.5,,,-0.7324826778952223,-0.7324826778952223,,,,,,,5.864076614379883,control,0.25,0.25
,0.0028151554802168903,0.0035551512960968015,,,-0.08211315478890195,-85.00612274486099,0.010087099239431779,-9.704376465031203,-9.699901594993136,-9.70213903001217,5.8740949630737305,state,,
0.5,,,-0.6578330243373178,-0.6578330243373178,,,,,,,5.874105930328369,control,0.25,0.25
,-0.0028663848480119953,0.0015051573515529088,,,-0.09285931618547602,-77.81504883391486,0.008810125517440355,-10.378285082169082,-10.353394962720303,-10.365840022444694,5.884288311004639,state,,
0.5,,,-0.5846763638505714,-0.5846763638505714,,,,,,,5.884300470352173,control,0.2500000000000089,0.24999999999999112
,0.0025672147369945153,-0.009808420541544351,,,-0.09834989393430166,-69.89318852235857,0.00741712781256788,-10.94838433200641,-10.92899883791661,-10.93869158496151,5.894802093505859,state,,
0.5,,,-0.51298283657356,-0.51298283657356,,,,,,,5.894813776016235,control,0.25,0.25
,0.002309775923153768,0.006671597522850295,,,-0.11169290810017271,-62.87103382147172,0.006102866669260062,-11.449656359928353,-11.461625360063676,-11.455640859996015,5.9052653312683105,state,,
0.5,,,-0.4427231798420888,-0.4427231798420888,,,,,,,5.905279159545898,control,0.25,0.25
,-0.0012878062640582094,-0.0003733714201448797,,,-0.11732084803637996,-55.778346672118644,0.004722526414374219,-11.910085862815825,-11.890995546693794,-11.90054070475481,5.9153642654418945,state,,
0.5,,,-0.37386871624524703,-0.37386871624524703,,,,,,,5.91537618637085,control,0.2500000000000089,0.24999999999999112
,-0.0004993648555268222,0.009047647475423897,,,-0.12197673578890877,-48.76602913848453,0.0035201268665270356,-12.276307256269549,-12.276885736408197,-12.276596496338872,5.925681829452515,state,,
0.5,,,-0.30639134192034206,-0.30639134192034206,,,,,,,5.9256932735443115,control,0.24999999999999112,0.2500000000000089
,-0.0006353633645962585,0.005261966857092467,,,-0.12585961962334208,-41.37415124356653,0.002244471236899125,-12.584377040394054,-12.561008196013438,-12.572692618203746,5.935943841934204,state,,
0.5,,,-0.24026351508193522,-0.24026351508193522,,,,,,,5.935968637466431,control,0.25,0.25
,-0.000348104180588159,0.0008820652481185544,,,-0.1253325977015984,-34.4942776543357,0.0009890766246707188,-12.814421880710118,-12.801855730869395,-12.808138805789756,5.9460976123809814,state,,
0.5,,,-0.1754582447802965,-0.1754582447802965,,,,,,,5.946119785308838,control,0.25,0.25
,0.008087330368554906,-0.006054933079836174,,,-0.12734529181879614,-28.521300854125066,-0.0003667069072964712,-12.990870763534023,-13.005707108582644,-12.998288936058334,5.956267356872559,state,,
0.5,,,-0.11194907988469058,-0.11194907988469058,,,,,,,5.956279993057251,control,0.25,0.25
,-0.000393527667302303,-0.005415951859720828,,,-0.1381323577633415,-21.593177312137783,-0.0019890721591322214,-13.105725806007001,-13.102186590740699,-13.10395619837385,5.966735124588013,state,,
0.5,,,-0.04971009828699677,-0.04971009828699677,,,,,,,5.966746807098389,control,0.2500000000000089,0.24999999999999112
,-0.010772335245649559,-0.0029598231967680024,,,-0.1314559686116012,-14.86534968953256,-0.003272663445502647,-13.142537101336409,-13.148528884720381,-13.145532993028395,5.9769511222839355,state,,
0.5,,,0.01128410367874317,0.01128410367874317,,,,,,,5.976962566375732,control,0.25,0.25
,-0.0007133600714108817,0.004235985018659847,,,-0.1274658190588695,-8.828811369301283,-0.0043250382190891095,-13.14037452621242,-13.135118704664706,-13.137746615438562,5.987096548080444,state,,
0.5,,,0.0710584216051683,0.0710584216051683,,,,,,,5.98710823059082,control,0.24999999999999112,0.2500000000000089
,-0.0013565711421671322,-0.002185605084281309,,,-0.12560983429977784,-3.1548426028231016,-0.005495487394912375,-13.07404596494757,-13.08393608275921,-13.07899102385339,5.997786045074463,state,,
0.5,,,0.12963725317306493,0.12963725317306493,,,,,,,5.99779748916626,control,0.25,0.25
,0.0026807536356616996,-0.0019040932032157857,,,-0.12436529831193935,3.7104335330858937,-0.0066046519737953,-12.923560957247988,-12.941683893252925,-12.932622425250457,6.0082619190216064,state,,
0.5,,,0.18704450810960363,0.18704450810960363,,,,,,,6.00827431678772,control,0.2500000000000089,0.24999999999999112
,0.0003713189223006346,-0.0015837748721137118,,,-0.12168797289741269,9.033723655649517,-0.007654253879432803,-12.752113018835958,-12.763011771248314,-12.757562395042136,6.018771171569824,state,,
0.5,,,0.24330361794741157,0.24330361794741157,,,,,,,6.018783807754517,control,0.25,0.25
,0.0002041569994846316,-0.0013178470366522151,,,-0.11950486717407838,15.4311753028175,-0.008665481238195723,-12.511276126084647,-12.49158794737564,-12.501432036730144,6.028947114944458,state,,
0.5,,,0.29843754558846336,0.29843754558846336,,,,,,,6.028957843780518,control,0.25,0.25
,-0.008201211908511566,-0.008502766489943386,,,-0.12256787208475653,20.958873114016402,-0.00996418017061052,-12.206099077833786,-12.201635447232063,-12.203867262532924,6.039453029632568,state,,
0.5,,,0.35246879467669406,0.35246879467669406,,,,,,,6.039466142654419,control,0.25,0.25
,-0.001162561670284003,-0.0036746869447067073,,,-0.11969809561308176,26.217130517355244,-0.010974309661750925,-11.862377889027844,-11.853638494132714,-11.858008191580279,6.049824237823486,state,,
0.5,,,0.4054194187831602,0.4054194187831602,,,,,,,6.049835681915283,control,0.25,0.25
,0.0031648251882326083,-0.0018126270348433754,,,-0.10636479752281053,31.404435744046346,-0.0116036481582731,-11.46806498425131,-11.454745630397458,-11.461405307324384,6.0600059032440186,state,,
0.5,,,0.457311030407497,0.457311030407497,,,,,,,6.0600199699401855,control,0.25,0.25
,0.004713902575980852,0.0046527116142743895,,,-0.10254510295322553,37.25743696036953,-0.012199787724059477,-10.995405887406621,-10.995949172934612,-10.995677530170617,6.070634126663208,state,,
0.5,,,0.508164809799347,0.508164809799347,,,,,,,6.070682048797607,control,0.2500000000000089,0.24999999999999112
,-0.005280419841392415,0.003104362698427908,,,-0.11065550504484212,42.89968603354929,-0.013152550437637219,-10.483004190519575,-10.470758783120232,-10.476881486819902,6.080808877944946,state,,
0.5,,,0.55800151360336,0.55800151360336,,,,,,,6.080821514129639,control,0.24999999999999112,0.2500000000000089
,-0.007136192502302656,-0.007455050220871793,,,-0.10813998053800059,47.42268296607726,-0.014105738928528832,-9.930109915554182,-9.931227934883815,-9.930668925218999,6.091371774673462,state,,
0.5,,,0.6068414833312927,0.6068414833312927,,,,,,,6.091383695602417,control,0.2500000000000089,0.24999999999999112
,-0.00030664008470104805,-0.007889659229654815,,,-0.11147072894028201,52.13943714762053,-0.015121032225550482,-9.337095245056249,-9.331314913760943,-9.334205079408596,6.101577520370483,state,,
0.5,,,0.6547046536646668,0.6547046536646668,,,,,,,6.1015894412994385,control,0.25,0.25
,0.0011732254021131064,-0.006747739252172213,,,-0.09557056476158735,57.837056593495106,-0.01562805287101211,-8.658787156299208,-8.67152101091459,-8.6651540836069,6.1119911670684814,state,,
0.5,,,0.7016105605913734,0.7016105605913734,,,,,,,6.112002611160278,control,0.2500000000000089,0.24999999999999112
,-0.007823696310417315,-0.0031481922919583682,,,-0.09064817783223199,62.420334556063054,-0.016247901675761768,-7.967377759886826,-7.968633447544346,-7.968005603715586,6.122707366943359,state,,
0.5,,,0.7475783493795458,0.7475783493795458,,,,,,,6.1227195262908936,control,0.24999999999999556,0.25000000000000444
,0.000963494377382021,0.007504341809419327,,,-0.08642196939855339,67.68346322141849,-0.016561712880059108,-7.199887278167301,-7.214924076191505,-7.207405677179404,6.133129358291626,state,,
0.5,,,0.7926267823919548,0.7926267823919548,,,,,,,6.133145570755005,control,0.25000000000000444,0.24999999999999556
,0.004219465972997812,-4.860915089977815e-05,,,-0.08082184912697657,71.91677390144035,-0.016909007553711802,-6.4100151359784965,-6.4317102762776655,-6.420862706128081,6.143780708312988,state,,
0.5,,,0.8367742467441157,0.8367742467441157,,,,,,,6.1437952518463135,control,0.25,0.25
,0.0014577863788103381,-0.0020091264604545625,,,-0.07243802242833855,76.37632671146227,-0.017180695983249557,-5.583199092043734,-5.589047811244313,-5.586123451644024,6.153921842575073,state,,
0.5,,,0.8800387618092333,0.8800387618092333,,,,,,,6.1539342403411865,control,0.25000000000000444,0.24999999999999556
,0.00012211677432835962,0.000498180721514106,,,-0.061210428525279165,80.43406924277953,-0.01725592704165206,-4.7181196262284955,-4.71628393587329,-4.717201781050893,6.164328575134277,state,,
0.5,,,0.9224379865730488,0.9224379865730488,,,,,,,6.164341449737549,control,0.25,0.25
,-0.004659068720714346,-1.8061009510223598e-05,,,-0.04744533115882056,85.39455683268346,-0.017200277737780496,-3.7894998858408955,-3.779115315591378,-3.7843076007161365,6.174993515014648,state,,
0.5,,,0.9639892268415877,0.9639892268415877,,,,,,,6.175006151199341,control,0.24999999999999778,0.2500000000000022
,0.0029461192890089826,0.013040661333680165,,,-0.04400109823522673,89.51655994049237,-0.01697398005891283,-2.824233619797909,-2.8228429488149276,-2.8235382843064185,6.1851561069488525,state,,
0.5,,,1.004709442304756,1.004709442304756,,,,,,,6.185168743133545,control,0.2500000000000022,0.24999999999999778
,0.002362147573158492,0.006390647470163505,,,-0.02923836260918916,94.1652732946362,-0.016558822040782253,-1.7989828613919243,-1.816815099462329,-1.8078989804271268,6.195754766464233,state,,
0.5,,,1.0446152534586608,1.0446152534586608,,,,,,,6.195765733718872,control,0.2500000000000011,0.2499999999999989
,-0.009094315631309816,0.009190642131576802,,,-0.01717819702109009,97.78005802509016,-0.016109031920356894,-0.7681626282253036,-0.7769720005141759,-0.7725673143697398,6.205902338027954,state,,
0.5,,,1.0837229483894877,1.0837229483894877,,,,,,,6.20591402053833,control,0.25000000000000056,0.24999999999999944
,0.004979521414239156,-0.006725575189718473,,,-0.006046730762736436,101.64661798364213,-0.0157646532263406,0.3060872012882285,0.30478695567808267,0.3054370784831556,6.2160422801971436,state,,
0.5,,,1.122048489421698,1.122048489421698,,,,,,,6.216054201126099,control,0.25,0.25
,-0.0033047190540213974,-0.001400519875936369,,,0.006869269712875296,105.53435304485748,-0.015235401590929214,1.421213712547653,1.424097955800628,1.4226558341741404,6.226548194885254,state,,
0.5,,,1.159607519633264,1.159607519633264,,,,,,,6.22655987739563,control,0.25,0.25
,-0.002578442863332737,0.00526393190114584,,,0.013134180158751653,109.98501282002374,-0.014629926736899676,2.5869908838550915,2.599689941541259,2.593340412698175,6.237064838409424,state,,
0.5,,,1.1964153692405988,1.1964153692405988,,,,,,,6.2370765209198,control,0.25,0.25
,-0.0006143902520362122,0.0030908545018356786,,,0.012844186357905405,113.8500147563501,-0.014167405787311191,3.8030951225308516,3.783612830637718,3.7933539765842847,6.247692346572876,state,,
0.5,,,1.2324870618557868,1.2324870618557868,,,,,,,6.247710466384888,control,0.25,0.25
,0.0005309971813281263,-0.003518183976171984,,,0.021723983484523243,117.74983972440921,-0.013598309363906142,5.01608249535025,5.049757536478465,5.032920015914357,6.256877183914185,state,,
-0.4999992858459613,,,1.147837320618671,1.147837320618671,,,,,,,6.256881237030029,control,-0.24999964292297622,-0.2499996429229851
,-0.0020346683393890515,-0.00561336877014475,,,0.03593933049955304,116.0787835008845,-0.012876028802560965,6.155831483649657,6.1783928465650595,6.167112165107358,6.267073631286621,state,,
-0.4999992858459613,,,1.0648805742062974,1.0648805742062974,,,,,,,6.267078161239624,control,-0.24999964292298066,-0.24999964292298066
,0.003866415115435221,-7.06590172142567e-05,,,0.040212871953662986,113.15743580643178,-0.012134619637314792,7.252577247923261,7.251806413207639,7.25219183056545,6.277339220046997,state,,
-0.4999992858459613,,,0.9835829627221715,0.9835829627221715,,,,,,,6.277364015579224,control,-0.24999964292298066,-0.24999964292298066
,-0.005137928243950135,-0.0002758610004632877,,,0.05498905456070796,106.97516638260342,-0.011170113523408262,8.227959211466432,8.219140029650902,8.223549620558668,6.287699460983276,state,,
-0.4999992858459613,,,0.903911303467728,0.903911303467728,,,,,,,6.287708520889282,control,-0.24999964292298954,-0.24999964292297178
,0.013298890931318653,-0.0018525142360611743,,,0.07235321932429484,100.34400342032002,-0.00990669594282848,9.114818721845667,9.128084114899009,9.121451418372338,6.2979817390441895,state,,
-0.4999992858459613,,,0.8258330773983733,0.8258330773983733,,,,,,,6.297991752624512,control,-0.24999964292298066,-0.24999964292298066
,-0.009277815939467846,-0.005550151054348308,,,0.07666824801444638,93.45386919789266,-0.009066148175229646,9.944346221510578,9.948314215178762,9.94633021834467,6.307983160018921,state,,
-0.4999992858459613,,,0.7493164158504058,0.7493164158504058,,,,,,,6.307993173599243,control,-0.24999964292298066,-0.24999964292298066
,0.0006554370196530083,-0.001061831796947931,,,0.08418595759385572,86.4201026823635,-0.007961656657694148,10.696719745154441,10.700451003282023,10.698585374218233,6.318664073944092,state,,
-0.4999992858459613,,,0.6743300875333977,0.6743300875333977,,,,,,,6.31867527961731,control,-0.24999964292298954,-0.24999964292297178
,0.002852245565985343,0.002000182521208277,,,0.10254077113561953,78.24836172875601,-0.00645717182601979,11.343713060298136,11.358310329426827,11.351011694862482,6.328850269317627,state,,
-0.4999992858459613,,,0.6008434857827298,0.6008434857827298,,,,,,,6.328862190246582,control,-0.24999964292298954,-0.24999964292297178
,-0.0007520992727422671,-0.0006902593481683623,,,0.10585758976226212,71.54508829887195,-0.005261554901108519,11.95850446385823,11.96104887159165,11.95977666772494,6.339487314224243,state,,
-0.4999992858459613,,,0.5288266160670752,0.5288266160670752,,,,,,,6.339498281478882,control,-0.24999964292298066,-0.24999964292298066
,-0.0045745950551820255,-0.004053822808263732,,,0.11254067619405486,64.62866527307017,-0.00406270435919001,12.492120705955214,12.499849352341878,12.495985029148546,6.349944353103638,state,,
-0.4999992858459613,,,0.45825008374573367,0.45825008374573367,,,,,,,6.3499555587768555,control,-0.24999964292298066,-0.24999964292298066
,-0.005642642565899333,-0.005647301352460921,,,0.11775245265753283,57.42491188104488,-0.002897227123148928,12.955665590318558,12.955500113368265,12.955582851843412,6.360105037689209,state,,
-0.4999992858459613,,,0.389085082070819,0.389085082070819,,,,,,,6.360116004943848,control,-0.24999964292298066,-0.24999964292298066
,0.005879458196572258,-0.006585479507340421,,,0.12085849929570668,50.61366621202683,-0.001689301146275035,13.359966516044297,13.346663828515567,13.353315172279931,6.370751857757568,state,,
-0.4999992858459613,,,0.3213033804294026,0.3213033804294026,,,,,,,6.3707640171051025,control,-0.24999964292297178,-0.24999964292298954
,-0.0002019900518423751,-0.006105189726483615,,,0.12531943745432061,43.338363485457926,-0.000476937108302638,13.670462037078888,13.671355498905456,13.670908767992172,6.381311416625977,state,,
-0.4999992858459613,,,0.25487731282081455,0.25487731282081455,,,,,,,6.381328105926514,control,-0.24999964292298066,-0.24999964292298066
,-0.0018508327855063672,-0.0036281381808544416,,,0.12911641000336904,36.34327871309279,0.0007717843819116785,13.919689628909568,13.926333017562879,13.923011323236224,6.391484260559082,state,,
-0.4999992858459613,,,0.18977976656439827,0.18977976656439827,,,,,,,6.391498804092407,control,-0.24999964292298954,-0.24999964292297178
,-0.0002392110692049823,-0.004719976488588954,,,0.13375872598651237,29.221936210246078,0.0020459070136048096,14.097692681223837,14.106089317297842,14.101890999260839,6.401657581329346,state,,
-0.4999992858459613,,,0.1259841712331103,0.1259841712331103,,,,,,,6.401669502258301,control,-0.24999964292297178,-0.24999964292298954
,-0.0030350243498043178,0.003781712568307974,,,0.1329899993361207,23.322964365559454,0.0033397222643590783,14.241866357722486,14.240604822462021,14.241235590092254,6.41189432144165,state,,
-0.4999992858459613,,,0.06346448780844809,0.06346448780844809,,,,,,,6.411941766738892,control,-0.24999964292298066,-0.24999964292298066
,-0.008727155102468359,-0.00036172957232845896,,,0.13750309508391279,16.6611003889485,0.004615049231705847,14.303445280552898,14.300194190993889,14.301819735773392,6.422156572341919,state,,
-0.4999992858459613,,,0.002195198052279128,0.002195198052279128,,,,,,,6.422167778015137,control,-0.24999964292297178,-0.24999964292298954
,0.0029401952081247076,-0.006060321844295211,,,0.147744104559543,10.35461338057957,0.0060354135798936425,14.30086881138934,14.309121211583689,14.304995011486515,6.432356357574463,state,,
-0.4999992858459613,,,-0.05784870590876645,-0.05784870590876645,,,,,,,6.432368040084839,control,-0.24999964292298954,-0.24999964292297178
,-0.0008589952120890724,0.0031149024384047224,,,0.14744492596095704,4.365851599051186,0.007402201393212226,14.25282429265868,14.25385455418936,14.25333942342402,6.442979574203491,state,,
-0.4999992858459613,,,-0.11669173179059111,-0.11669173179059111,,,,,,,6.442992210388184,control,-0.24999964292298066,-0.24999964292298066
,0.0035372432197704378,-0.004095448218033768,,,0.14158765739125173,-2.069562221946451,0.008496323252902315,14.128977636228708,14.131464382089668,14.130221009159188,6.453019380569458,state,,
-0.4999992858459613,,,-0.17435789715477928,-0.17435789715477928,,,,,,,6.453030824661255,control,-0.24999964292298066,-0.24999964292298066
,0.006527733256913181,-0.0050719178002777325,,,0.13940792544673908,-8.62820769104883,0.009608640736728919,13.938032755619357,13.941076939599062,13.939554847609209,6.463298797607422,state,,
-0.4999992858459613,,,-0.2308707392116837,-0.2308707392116837,,,,,,,6.46331000328064,control,-0.24999964292297178,-0.24999964292298954
,-0.0010219409128388816,0.0009985533555475629,,,0.13066759161165264,-13.314067590903559,0.010567377929176301,13.71414547217149,13.74952731808926,13.731836395130376,6.473875045776367,state,,
-0.4999992858459613,,,-0.28625332442745,-0.28625332442745,,,,,,,6.473886728286743,control,-0.24999964292298954,-0.24999964292297178
,0.005538773616435531,-0.0035094107638462984,,,0.12909774123973222,-19.87440794542563,0.011568416169070811,13.42992027800861,13.427442234186142,13.428681256097377,6.484133005142212,state,,
-0.4999992858459613,,,-0.340528257938901,-0.340528257938901,,,,,,,6.484180927276611,control,-0.24999964292298954,-0.24999964292297178
,0.010958747296260219,-0.0018771143833611669,,,0.1264945391405191,-25.133354419947867,0.012578374422784092,13.093228943335994,13.094069015084623,13.093648979210307,6.494705438613892,state,,
-0.4999992858459613,,,-0.393717692780123,-0.393717692780123,,,,,,,6.494717121124268,control,-0.24999964292297178,-0.24999964292298954
,-0.0005003921175604397,-0.002585350862438718,,,0.12295454434399651,-30.23467926874885,0.013420562261955265,12.701916131152759,12.718308028692043,12.7101120799224,6.50488018989563,state,,
-0.4999992858459613,,,-0.4458433389245205,-0.4458433389245205,,,,,,,6.504891633987427,control,-0.24999964292297178,-0.24999964292298954
,0.0003443025418072248,0.0027230940578425135,,,0.12063871616106009,-35.55697740450962,0.014347154362470521,12.273464324321349,12.266206276050236,12.269835300185793,6.514866590499878,state,,
-0.4999992858459613,,,-0.4969264721460301,-0.4969264721460301,,,,,,,6.514876842498779,control,-0.24999964292298954,-0.24999964292297178
,0.0014249879542259697,0.007561837428851579,,,0.12565978965008984,-41.425252001861445,0.015516736488027115,11.775887739816584,11.748484838599945,11.762186289208264,6.524600505828857,state,,
-0.4999992858459613,,,-0.5469879427031095,-0.5469879427031095,,,,,,,6.524603366851807,control,-0.24999964292298066,-0.24999964292298066
,-0.0018646649437482916,-0.010141362453156342,,,0.11783420005660558,-46.278372665994226,0.016032689322552723,11.214137816888886,11.230187679584127,11.222162748236507,6.534775733947754,state,,
-0.4999992858459613,,,-0.5960481838490472,-0.5960481838490472,,,,,,,6.53477931022644,control,-0.24999964292298066,-0.24999964292298066
,0.009842663266447425,0.002266848754974681,,,0.1122593008368821,-51.70145902746553,0.016836168069365456,10.623571792405231,10.614102323269991,10.618837057837611,6.544872999191284,state,,
-0.4999992858459613,,,-0.6441272201720663,-0.6441272201720663,,,,,,,6.544876337051392,control,-0.24999964292298066,-0.24999964292298066
,-0.007527245885477453,8.119861724355178e-05,,,0.09911835991394202,-56.85458529687761,0.017207180122090777,9.969218112374655,9.967335193732287,9.968276653053472,6.555116176605225,state,,
-0.4999992858459613,,,-0.6912446757686248,-0.6912446757686248,,,,,,,6.555119752883911,control,-0.24999964292298954,-0.24999964292297178
,0.0035891571750713562,0.00988254377495386,,,0.09948260617514723,-61.39132273855769,0.018049561421690473,9.279152267630623,9.285165745834476,9.282159006732549,6.565368175506592,state,,
-0.4999992858459613,,,-0.7374197822532522,-0.7374197822532522,,,,,,,6.565372943878174,control,-0.24999964292297178,-0.24999964292298954
,-0.005407120029699159,0.0014293358471338332,,,0.08739240567842396,-66.32083459452537,0.018338562027461647,8.548391605473915,8.532598480319203,8.54049504289656,6.575733423233032,state,,
-0.4999992858459613,,,-0.7826713866081871,-0.7826713866081871,,,,,,,6.575741291046143,control,-0.24999964292298066,-0.24999964292298066
,-0.0013536232720207685,-0.008341043093933137,,,0.08056764207374931,-70.66873723468325,0.018485703163955296,7.766809623900342,7.762407677746424,7.764608650823384,6.5860350131988525,state,,
-0.4999992858459613,,,-0.8270179588760234,-0.8270179588760234,,,,,,,6.586044549942017,control,-0.2499996429229851,-0.24999964292297622
,-0.0026108640504819897,-0.003550471134544428,,,0.07548202023959696,-75.08954842934988,0.018686808236621937,6.952209344098621,6.934498198139714,6.943353771119167,6.596326589584351,state,,
-0.4999992858459613,,,-0.8704775996985028,-0.8704775996985028,,,,,,,6.596336126327515,control,-0.24999964292297622,-0.2499996429229851
,-0.0022305699038508674,-0.011803955395934497,,,0.07358942705442911,-79.97554792054008,0.018764707450227586,6.063954050346703,6.067716339287348,6.0658351948170255,6.606533050537109,state,,
-0.4999992858459613,,,-0.9130680477045328,-0.9130680477045328,,,,,,,6.606543779373169,control,-0.24999964292298066,-0.24999964292298066
,0.0027036637716295686,0.008257673149074751,,,0.06858706840886145,-84.44044822350149,0.019152707636781712,5.164596287194163,5.136142947244096,5.15036961721913,6.616837501525879,state,,
-0.4999992858459613,,,-0.9548066867504421,-0.9548066867504421,,,,,,,6.616924047470093,control,-0.24999964292298066,-0.24999964292298066
,-0.0006941538175291995,0.003908181995929765,,,0.06300133698612503,-88.8078627163631,0.019363102300359637,4.183818241147722,4.201744617949252,4.1927814295484875,6.627123117446899,state,,
-0.4999992858459613,,,-0.9957105530154333,-0.9957105530154333,,,,,,,6.627135753631592,control,-0.2499996429229851,-0.24999964292297622
,0.0039016352629038906,0.010583517121580326,,,0.04942683127186817,-92.97367017828486,0.01946975105438721,3.2011074088568563,3.192380276767631,3.1967438428122437,6.637754201889038,state,,
-0.4999992858459613,,,-1.0357963419551246,-1.0357963419551246,,,,,,,6.637765645980835,control,-0.24999964292298066,-0.24999964292298066
,-0.003676714201868972,0.004830358443171158,,,0.03922440640714085,-96.92289513939957,0.01936375399525457,2.1662753259642633,2.1630467220835716,2.1646610240239177,6.648283958435059,state,,
-0.4999992858459613,,,-1.075080415116022,-1.075080415116022,,,,,,,6.648296594619751,control,-0.24999964292298288,-0.24999964292297844
,-0.001476810439169992,-0.0026335426110456585,,,0.03236382006205263,-101.1349760663556,0.019122505714713998,1.0834466601369765,1.089101166538118,1.0862739133375472,6.6584906578063965,state,,
-0.4999992858459613,,,-1.1135788068137016,-1.1135788068137016,,,,,,,6.658501863479614,control,-0.24999964292297955,-0.24999964292298177
,0.001988458258517299,0.0079354617660534,,,0.018811607068159698,-105.25218837576767,0.01887090103142045,-0.031108298500318883,-0.03244258050028545,-0.03177543950030216,6.668903112411499,state,,
-0.4999992858459613,,,-1.1513072306774277,-1.1513072306774277,,,,,,,6.668918132781982,control,-0.24999964292298069,-0.24999964292298063
,0.002809433750844175,0.004074927220151358,,,0.01369411288853985,-108.75061493841929,0.018640144589797673,-1.179554589276542,-1.1703669645904469,-1.1749607769334944,6.6790430545806885,state,,
-0.4999992858459613,,,-1.188281086063879,-1.188281086063879,,,,,,,6.679058790206909,control,-0.24999964292298066,-0.24999964292298066
,0.0016038301439448503,-0.0072401087916239715,,,7.801975192116284e-07,-112.68055644192869,0.017926979739142278,-2.368157394711984,-2.3604692112626813,-2.3643133029873327,6.689318895339966,state,,
-0.4999992858459613,,,-1.2245154643426015,-1.2245154643426015,,,,,,,6.6893310546875,control,-0.24999964292298066,-0.24999964292298066
,-0.0050714084314392085,0.0009820267791987578,,,-0.010972682819972641,-116.36276492669364,0.017266059353982552,-3.5982449054025336,-3.574845335475057,-3.586545120438795,6.699765920639038,state,,
-0.4999992858459613,,,-1.2600251550557495,-1.2600251550557495,,,,,,,6.699777126312256,control,-0.24999964292298288,-0.24999964292297844
,-0.008131948449076254,-0.0006375535879657578,,,-0.020134866089710865,-120.2603595861068,0.016504010871808222,-4.852924442042038,-4.849437281800522,-4.85118086192128,6.709959030151367,state,,
0.5,,,-1.1748246519546344,-1.1748246519546344,,,,,,,6.709970235824585,control,0.25000000000000444,0.24999999999999556
,0.0014631192369116434,-0.004923120167062209,,,-0.039259676116350735,-119.71805741153094,0.01540608069418403,-6.045153564210582,-6.03430729351595,-6.039730428863266,6.720548152923584,state,,
0.5,,,-1.0913281589155417,-1.0913281589155417,,,,,,,6.720559597015381,control,0.25,0.25
,-0.004912000303204552,0.0059890068864833805,,,-0.052985304124895216,-115.1800281096917,0.014435089916485268,-7.114520321711202,-7.1240911391524495,-7.119305730431826,6.730732679367065,state,,
0.5,,,-1.0095015957372309,-1.0095015957372309,,,,,,,6.730743646621704,control,0.25,0.25
,0.0028133403454607304,0.006543575186659081,,,-0.06240533912489235,-109.55294903145176,0.013526038204121038,-8.111616446871093,-8.138938504527422,-8.125277475699257,6.741006374359131,state,,
0.5,,,-0.9293115638224863,-0.9293115638224863,,,,,,,6.7410197257995605,control,0.24999999999999112,0.2500000000000089
,0.001381643805376759,0.008991464051550647,,,-0.06890487130863776,-102.79045709604054,0.012651845511767849,-9.04280813751123,-9.048299151980139,-9.045553644745684,6.751253843307495,state,,
0.5,,,-0.8507253325460364,-0.8507253325460364,,,,,,,6.751270055770874,control,0.25,0.25
,-0.002350994089690076,-0.004061285770580569,,,-0.08472860531646906,-96.5568870223554,0.011224523967052596,-9.90902826410786,-9.914796067763278,-9.911912165935568,6.761526107788086,state,,
0.5,,,-0.7737108258951158,-0.7737108258951158,,,,,,,6.761545658111572,control,0.24999999999999112,0.2500000000000089
,-0.0004696969189797971,-0.00715715237381797,,,-0.0907525804007012,-88.50636508315097,0.009876047669627687,-10.663870048746272,-10.673825512569055,-10.668847780657664,6.7713470458984375,state,,
0.5,,,-0.6982366093772134,-0.6982366093772134,,,,,,,6.771359205245972,control,0.2500000000000089,0.24999999999999112
,0.0017720286255795054,0.00022110835655036323,,,-0.0918170324823549,-81.28411904680331,0.00877512584414473,-11.364019905141133,-11.369466805728145,-11.36674335543464,6.78183388710022,state,,
0.5,,,-0.6242718771896691,-0.6242718771896691,,,,,,,6.781847715377808,control,0.2500000000000089,0.24999999999999112
,0.00955001961953665,0.0019902203319738113,,,-0.10704572704222115,-73.8169204470628,0.007416683997713259,-11.978534791015948,-11.993602015155071,-11.98606840308551,6.791745185852051,state,,
0.5,,,-0.5517864396458758,-0.5517864396458758,,,,,,,6.79175591468811,control,0.25,0.25
,-0.0004854654031939913,-0.00012777644119025226,,,-0.11203892813165983,-67.16965097553933,0.00608225057274492,-12.54636323454839,-12.557577432242052,-12.551970333395222,6.8018879890441895,state,,
0.5,,,-0.48075071085295834,-0.48075071085295834,,,,,,,6.801898002624512,control,0.25,0.25
,-0.0025596388919750385,0.004497404600296001,,,-0.11205512999548592,-59.86903022938475,0.004922455094670894,-13.028217664423863,-13.040717631076326,-13.034467647750095,6.811968564987183,state,,
0.5,,,-0.41113569663589916,-0.41113569663589916,,,,,,,6.811978340148926,control,0.25,0.25
,0.006468518436000152,0.0005985403482529236,,,-0.1228884677109118,-52.74432524567739,0.003505631331287469,-13.461844987996018,-13.435190409172023,-13.44851769858402,6.822668790817261,state,,
0.5,,,-0.34291298270318116,-0.34291298270318116,,,,,,,6.822693347930908,control,0.24999999999999112,0.2500000000000089
,-0.0007736630093263614,0.0009109991626193654,,,-0.12621977869462597,-45.234178192855616,0.0021535163312269793,-13.787353080434407,-13.775310475230023,-13.781331777832214,6.833022117614746,state,,
0.5,,,-0.27605472304911755,-0.27605472304911755,,,,,,,6.833033561706543,control,0.24999999999999112,0.2500000000000089
,0.0005066867587435713,0.009748561652866644,,,-0.13373594343744355,-38.36726954578409,0.0008631328956794379,-14.051057049503969,-14.060371406087757,-14.055714227795864,6.843697786331177,state,,
0.5,,,-0.21053362858813518,-0.21053362858813518,,,,,,,6.8437089920043945,control,0.2500000000000089,0.24999999999999112
,0.009741614761840779,0.0025421565102760036,,,-0.1487022997528557,-31.504377419706557,-0.0007295394358490596,-14.273307486174463,-14.24975587665706,-14.26153168141576,6.854119062423706,state,,
0.5,,,-0.14632295601637246,-0.14632295601637246,,,,,,,6.854130029678345,control,0.24999999999999112,0.2500000000000089
,0.003251035500850729,0.0030887186691467183,,,-0.14069550256177726,-25.953684698801794,-0.001891636604196416,-14.430017600415912,-14.435435419568407,-14.43272650999216,6.864295721054077,state,,
0.5,,,-0.083396496896045,-0.083396496896045,,,,,,,6.864307403564453,control,0.25,0.25
,-0.012601172541446633,-9.84111533900903e-05,,,-0.1453280387946202,-18.078015001962633,-0.0034499594590071576,-14.494617250459926,-14.481705717081443,-14.488161483770686,6.8749353885650635,state,,
0.5,,,-0.0217285669581241,-0.0217285669581241,,,,,,,6.874946594238281,control,0.2500000000000089,0.24999999999999112
,0.0013788296156905413,-0.008018384955142337,,,-0.14152955734041867,-12.237069056404907,-0.004851619972947612,-14.523753818403042,-14.511387446352812,-14.517570632377927,6.88525652885437,state,,
0.5,,,0.038706004381038384,0.038706004381038384,,,,,,,6.885268449783325,control,0.25,0.25
,-0.006507403900722416,0.002856977998338131,,,-0.13433841485119485,-6.393768696346484,-0.005958485172213342,-14.486082261208967,-14.490936350219028,-14.488509305713997,6.8958823680877686,state,,
0.5,,,0.09793188429341762,0.09793188429341762,,,,,,,6.895893812179565,control,0.24999999999999112,0.2500000000000089
,0.0037149337782939303,0.014912670592852872,,,-0.1379400962524906,0.02058717831791279,-0.006947049000471613,-14.38022848151859,-14.392203097502373,-14.38621578951048,6.906145334243774,state,,
0.5,,,0.15597324660754927,0.15597324660754927,,,,,,,6.906157732009888,control,0.24999999999999112,0.2500000000000089
,0.0002448635894755912,-0.006696661913517505,,,-0.13388189716885662,6.013095409345164,-0.008183648897606983,-14.22581572858397,-14.235606480952717,-14.230711104768343,6.916455507278442,state,,
0.5,,,0.21285378167539828,0.21285378167539828,,,,,,,6.9164674282073975,control,0.24999999999999112,0.2500000000000089
,0.01151382726962015,-0.007989305942855875,,,-0.136076530990672,12.036072485680217,-0.009454850832403449,-14.006997453618869,-14.021985991438633,-14.014491722528751,6.926866054534912,state,,
0.5,,,0.26859670604189034,0.26859670604189034,,,,,,,6.926877498626709,control,0.25,0.25
,0.006425059157415668,-0.009118922574486458,,,-0.13208039128189436,17.71219207590808,-0.010623682797742366,-13.758542192096979,-13.735520913369262,-13.74703155273312,6.937514781951904,state,,
0.5,,,0.32322477192105253,0.32322477192105253,,,,,,,6.937525987625122,control,0.24999999999999112,0.2500000000000089
,0.007879721422988486,-0.003244632708785643,,,-0.13319071716644942,23.300155895922025,-0.011739778018682395,-13.427948711739328,-13.422240863053695,-13.42509478739651,6.9478936195373535,state,,
0.5,,,0.3767602764826315,0.3767602764826315,,,,,,,6.947906732559204,control,0.24999999999999112,0.2500000000000089
,-0.006018647943746256,-0.004572839227042562,,,-0.12456839271493089,28.82968124292497,-0.012725149285206658,-13.054876899547391,-13.04270879200164,-13.048792845774516,6.958092212677002,state,,
0.5,,,0.42922507095297885,0.42922507095297885,,,,,,,6.958120107650757,control,0.25,0.25
,0.006369851723254187,0.004696610100455748,,,-0.12556059556405125,34.03960287529081,-0.013586347451604622,-12.616323821912358,-12.634632855948373,-12.625478338930366,6.968639850616455,state,,
0.5,,,0.48064056953391926,0.48064056953391926,,,,,,,6.968651056289673,control,0.25,0.25
,-0.0036678862772589515,0.004904002813756706,,,-0.12418899495061747,39.46275817926977,-0.014450718550216108,-12.152133800203021,-12.136943319315659,-12.14453855975934,6.979185581207275,state,,
0.5,,,0.5310277581432409,0.5310277581432409,,,,,,,6.979272842407227,control,0.25,0.25
,0.0009943962465541769,0.003123457183996145,,,-0.12360300275433493,44.572546245500504,-0.015302746119786718,-11.60897347875485,-11.626003110075303,-11.617488294415075,6.989569664001465,state,,
0.5,,,0.580407202980376,0.580407202980376,,,,,,,6.989581108093262,control,0.24999999999999112,0.2500000000000089
,0.000664055144108133,0.005944135492741536,,,-0.12165775754619589,50.03202217638244,-0.016047544245888886,-11.035422157430125,-11.02513347165416,-11.030277814542142,6.9999840259552,state,,
0.5,,,0.6287990589207684,0.6287990589207684,,,,,,,6.999995470046997,control,0.25,0.25
,-0.004431813846297313,-0.006085895550650498,,,-0.11169284872044852,55.364669015241134,-0.016815949363429863,-10.395544226783775,-10.38797460116214,-10.391759413972958,7.010577201843262,state,,
0.5,,,0.676223077742353,0.676223077742353,,,,,,,7.010589838027954,control,0.25,0.25
,0.0012523545740974128,0.00347024839899053,,,-0.10936862352379875,59.818206698043916,-0.01744570804205079,-9.72289470508533,-9.722499481606887,-9.72269709334611,7.021121263504028,state,,
0.5,,,0.722698616187506,0.722698616187506,,,,,,,7.0211334228515625,control,0.2500000000000089,0.24999999999999112
,0.00260438510408244,0.007086312093560514,,,-0.10148634130709822,64.10836020684816,-0.017821743893277377,-9.005157268382746,-9.021509886662665,-9.013333577522705,7.031782150268555,state,,
0.5,,,0.7682446438637558,0.7682446438637558,,,,,,,7.031830787658691,control,0.24999999999999112,0.2500000000000089
,-0.003609838714154388,-0.0038544924593146026,,,-0.09278073027854694,69.3434326656789,-0.018341426163955347,-8.233491893539401,-8.239669076338998,-8.2365804849392,7.042112588882446,state,,
0.5,,,0.8128797509864807,0.8128797509864807,,,,,,,7.0421247482299805,control,0.25,0.25
,0.002451589894307601,-0.0048496453541242365,,,-0.08124029895280309,74.25970355442912,-0.018666859711168656,-7.410717008007676,-7.420760128077465,-7.4157385680425705,7.0523223876953125,state,,
0.5,,,0.8566221559667511,0.8566221559667511,,,,,,,7.05233359336853,control,0.25,0.25
,0.0013017589068053973,0.0010216023300905798,,,-0.08061619652383265,78.60751230350267,-0.01904944677639763,-6.552549217970721,-6.568382621237718,-6.560465919604219,7.061886310577393,state,,
0.5,,,0.899489712847416,0.899489712847416,,,,,,,7.061890363693237,control,0.24999999999999556,0.25000000000000444
,0.007546009340668674,0.006593993721703264,,,-0.06991228447928301,83.42373296620528,-0.01901240927453128,-5.637185284248251,-5.661966830537993,-5.649576057393122,7.071974992752075,state,,
0.5,,,0.9414999185904676,0.9414999185904676,,,,,,,7.071978330612183,control,0.25,0.25
,-0.0032227158813056328,0.00451547574150057,,,-0.06885598385123402,87.116665593727,-0.01923482154384933,-4.725643118038738,-4.713625988437881,-4.7196345532383095,7.082053184509277,state,,
0.5,,,0.9826699202186582,0.9826699202186582,,,,,,,7.082056283950806,control,0.25,0.25
,-0.004744568175770168,0.007416892450199441,,,-0.05793156494288468,90.94250316329857,-0.01914923748112092,-3.756944151029959,-3.7416947000478884,-3.749319425538924,7.092097997665405,state,,
0.5,,,1.023016521814285,1.023016521814285,,,,,,,7.092100381851196,control,0.2500000000000022,0.24999999999999778
,-0.005935086513791865,-0.0021362366864002753,,,-0.04185514177955401,95.79198415721532,-0.019013699494915774,-2.7200510946356062,-2.708384298975526,-2.714217696805566,7.1021857261657715,state,,
0.5,,,1.0625561913779993,1.0625561913779993,,,,,,,7.102188348770142,control,0.24999999999999778,0.2500000000000022
,-0.0029270417030428392,-0.0007253714010863967,,,-0.02572523816398604,99.56850136297086,-0.01867342276196238,-1.6544100793105796,-1.662445010847617,-1.6584275450790984,7.112327575683594,state,,
0.5,,,1.1013050675504392,1.1013050675504392,,,,,,,7.112330436706543,control,0.2500000000000011,0.2499999999999989
,-0.0025993466751365497,0.00899569894014309,,,-0.01920220288395158,103.49479663757656,-0.018242916113073777,-0.5677810169476282,-0.5542002802606684,-0.5609906486041483,7.12245774269104,state,,
0.5,,,1.1392789661994305,1.1392789661994305,,,,,,,7.122459650039673,control,0.25,0.25
,0.0004419984317184522,-0.0016333000233391133,,,-0.013691525262999238,107.61486492310038,-0.01795758989696387,0.5934195930643964,0.5680422548927687,0.5807309239785825,7.132709741592407,state,,
0.5,,,1.176493386875442,1.176493386875442,,,,,,,7.132712364196777,control,0.25000000000000056,0.24999999999999944
,-0.0020398073595064344,0.005841437764986923,,,-6.338238948608646e-05,111.71822192920686,-0.017297436796913056,1.761330684993447,1.7651095117063769,1.7632200983499118,7.143184423446655,state,,
0.5,,,1.212963519137933,1.212963519137933,,,,,,,7.143187522888184,control,0.2500000000000011,0.2499999999999989
,-0.0009276162530338031,-0.003241850881431045,,,0.012488832945596712,115.25120940550829,-0.01670466777637241,2.9739553425656045,2.9699675263914105,2.9719614344785077,7.153675079345703,state,,
0.5,,,1.2487042487551745,1.2487042487551745,,,,,,,7.15367865562439,control,0.24999999999999778,0.2500000000000022
,-0.0009295933113770756,0.00434905694278339,,,0.029503168921482678,119.14947119892973,-0.015746472190798465,4.213841047494132,4.237156772219338,4.225498909856735,7.16425347328186,state,,
0.12499627405000015,,,1.2445628761217378,1.2445628761217378,,,,,,,7.164270877838135,control,0.062498137025000074,0.062498137025000074
,-0.007447848990231855,-0.0038369729233720573,,,0.03491778466252764,120.68225041948773,-0.015135727404568537,5.460782414443492,5.452650291583802,5.456716353013647,7.174688100814819,state,,
-0.5,,,1.159671618599303,1.159671618599303,,,,,,,7.1746931076049805,control,-0.25,-0.25
,-0.002018843949983134,-0.0020581682445134602,,,0.04878983841201783,119.34258251415949,-0.014195981956238632,6.630035392030583,6.62760601043299,6.628820701231787,7.184841632843018,state,,
-0.5,,,1.076478186227317,1.076478186227317,,,,,,,7.184845924377441,control,-0.25000000000000444,-0.24999999999999556
,0.0009275890773545772,-0.0015618722701741603,,,0.05541069926962053,115.03489133752038,-0.01329214363331619,7.706334417858778,7.714886742540111,7.710610580199445,7.195488691329956,state,,
-0.5,,,0.9949486225027706,0.9949486225027706,,,,,,,7.19549560546875,control,-0.25000000000000444,-0.24999999999999556
,-0.0053470436029409065,-0.00903596699058418,,,0.06674011308512454,108.79437223902971,-0.01240731090877794,8.692511512985888,8.705955199796763,8.699233356391325,7.206035375595093,state,,
-0.5,,,0.9150496500527152,0.9150496500527152,,,,,,,7.206043720245361,control,-0.24999999999999112,-0.2500000000000089
,0.001330771696851865,0.009203169807717532,,,0.0836362539429705,101.5357142419401,-0.010899473555614651,9.587103802143183,9.611026935388205,9.599065368765693,7.216342210769653,state,,
-0.5,,,0.8367486570516609,0.8367486570516609,,,,,,,7.216352939605713,control,-0.24999999999999112,-0.2500000000000089
,0.0002949107820276348,0.00363185281912326,,,0.09639140275678733,95.41819861437577,-0.009472531248688309,10.439241895787672,10.472526243717473,10.455884069752573,7.22692084312439,state,,
-0.5,,,0.7600136839106277,0.7600136839106277,,,,,,,7.226930856704712,control,-0.25,-0.25
,0.010185923187153001,-0.0004761544335217867,,,0.10700865141339072,87.96606277539584,-0.008006239157957855,11.219285262261785,11.214595281678092,11.21694027196994,7.2375147342681885,state,,
-0.5,,,0.6848134102324153,0.6848134102324153,,,,,,,7.237526893615723,control,-0.2500000000000089,-0.24999999999999112
,0.007550488841340519,0.001938223895960603,,,0.10848691314586945,80.24062904885102,-0.006672070043404235,11.900281171918277,11.892503759976933,11.896392465947605,7.247846841812134,state,,
-0.5,,,0.611117142027767,0.611117142027767,,,,,,,7.24785852432251,control,-0.25,-0.25
,-0.01242062323268685,0.0009111515233219265,,,0.11578154864930476,72.71903411994127,-0.0053697917804005554,12.513771760679445,12.493974051040407,12.503872905859925,7.258068561553955,state,,
-0.5,,,0.5388947991872117,0.5388947991872117,,,,,,,7.258079767227173,control,-0.24999999999999112,-0.2500000000000089
,0.009363251889893055,-0.0007311719126332743,,,0.11397360265314468,65.31284412943182,-0.00412194221406976,13.035440052819073,13.042816292195955,13.039128172507514,7.268669605255127,state,,
-0.5,,,0.4681169032034675,0.4681169032034675,,,,,,,7.268685579299927,control,-0.25,-0.25
,-0.0023876960733191254,-0.001771476733648733,,,0.1181643442684495,58.67184721068638,-0.0028710195600553296,13.511371320143056,13.528932471750423,13.52015189594674,7.2782979011535645,state,,
-0.5,,,0.39875456513939816,0.39875456513939816,,,,,,,7.278317928314209,control,-0.25,-0.25
,-0.0036538897046342156,0.004996297823128071,,,0.12421355787103427,51.04372002707931,-0.0014405767671651776,13.91014223002354,13.908225132850582,13.90918368143706,7.288540363311768,state,,
-0.5,,,0.3307794738366102,0.3307794738366102,,,,,,,7.2885518074035645,control,-0.24999999999999112,-0.2500000000000089
,-0.0004636906179141729,-0.004762439860079798,,,0.12425703848536412,44.81163487131115,-0.000289508250621556,14.263616894552163,14.252609734086155,14.258113314319159,7.298746109008789,state,,
-0.5,,,0.26416388435987803,0.26416388435987803,,,,,,,7.298758268356323,control,-0.25,-0.25
,0.004024680250291699,-0.003972356347291338,,,0.13722134803665925,37.41948557330457,0.0012151279453807993,14.507750192354044,14.52156672758016,14.514658459967102,7.308736562728882,state,,
-0.5,,,0.19888060667268048,0.19888060667268048,,,,,,,7.308746576309204,control,-0.25,-0.25
,-0.0034168215276067894,0.00215752686638357,,,0.14276420618218583,30.598009740990975,0.0026867926670943606,14.689640710331359,14.73450208484374,14.71207139758755,7.318833827972412,state,,
-0.5,,,0.13490299453922688,0.13490299453922688,,,,,,,7.318843364715576,control,-0.2500000000000089,-0.24999999999999112
,0.006417559221972723,0.0039723177156416505,,,0.14731767103702087,23.90679726858923,0.0042649640667387955,14.839792653993126,14.849498178501584,14.844645416247355,7.329076766967773,state,,
-0.5,,,0.07220493464844235,0.07220493464844235,,,,,,,7.329087495803833,control,-0.25,-0.25
,0.001366860087249602,0.0019808737445684665,,,0.14594606326086057,17.11725163181984,0.005631219994117607,14.918516535586088,14.897001379657048,14.907758957621567,7.3395469188690186,state,,
-0.5,,,0.010760835955473502,0.010760835955473502,,,,,,,7.339557409286499,control,-0.24999999999999112,-0.2500000000000089
,0.0012339090712534034,0.006137957541241529,,,0.15065511237843177,11.341964994073326,0.007187348184075889,14.920192504086119,14.938331627804496,14.929262065945307,7.349880933761597,state,,
-0.5,,,-0.049454380763635966,-0.049454380763635966,,,,,,,7.3498921394348145,control,-0.25,-0.25
,0.0025733320283637794,-0.004738043533053677,,,0.1510632549030313,4.6293487206811745,0.008457258287868167,14.868985111941665,14.868456782164682,14.868720947053173,7.360421180725098,state,,
-0.5,,,-0.10846529314836324,-0.10846529314836324,,,,,,,7.360435962677002,control,-0.25,-0.25
,-0.006950870828702678,-0.005528019780893108,,,0.14307207242956804,-0.6108447876636505,0.009407037286855283,14.77428783162973,14.784136626801116,14.779212229215423,7.370530366897583,state,,
-0.5,,,-0.16629598728539596,-0.16629598728539596,,,,,,,7.370576620101929,control,-0.25,-0.25
,-0.004240931051116293,-0.005090729255293005,,,0.14628788790070837,-6.991874779148795,0.010572382519790886,14.618112931613467,14.597359538201903,14.607736234907685,7.380720138549805,state,,
-0.5,,,-0.22297006753968804,-0.22297006753968804,,,,,,,7.380731582641602,control,-0.25,-0.25
,-0.0027458792691218447,-0.0038985905869238302,,,0.14655252649911113,-13.189733547131773,0.011704226681550788,14.376638483905728,14.37775534306502,14.377196913485374,7.390944957733154,state,,
-0.5,,,-0.2785106661888943,-0.2785106661888943,,,,,,,7.390956401824951,control,-0.25,-0.25
,-0.009233220574049242,-9.435233087886721e-05,,,0.1565561371546455,-18.891122991147355,0.013085826057212006,14.098868328456195,14.0962221761902,14.097545252323197,7.401136875152588,state,,
-0.5,,,-0.3329404528651164,-0.3329404528651164,,,,,,,7.401148796081543,control,-0.25,-0.25
,0.002210714414984688,0.0036390125736467565,,,0.15103359890727427,-24.272994449422924,0.01429783862368111,13.771499296632223,13.766821029891766,13.769160163261994,7.411355972290039,state,,
-0.5,,,-0.3862816438078141,-0.3862816438078141,,,,,,,7.411367654800415,control,-0.24999999999999112,-0.2500000000000089
,-0.0018269010769593223,-0.0026616349298013227,,,0.14227250132516311,-29.767286028494077,0.015202249033450422,13.38378243455078,13.384303438683856,13.384042936617318,7.42192006111145,state,,
-0.5,,,-0.4385560109316578,-0.4385560109316578,,,,,,,7.421931505203247,control,-0.25,-0.25
,0.007612954962122332,0.00464428561334431,,,0.12853725367948432,-35.652270742298526,0.016082168101183736,12.934942799804011,12.932772777140212,12.93385778847211,7.4324822425842285,state,,
-0.5,,,-0.4897848907130246,-0.4897848907130246,,,,,,,7.4324939250946045,control,-0.24999999999999112,-0.2500000000000089
,0.0017490137527671956,0.0037313526662985804,,,0.1266564753893178,-40.19661942167024,0.01705044450402322,12.450942077415556,12.468190000004235,12.459566038709895,7.443032503128052,state,,
-0.5,,,-0.5399891928987641,-0.5399891928987641,,,,,,,7.443043947219849,control,-0.24999999999999112,-0.2500000000000089
,0.0011083168340592353,-0.006093463715334431,,,0.1256947676279873,-45.581567684653805,0.017817064317989868,11.908594775898528,11.927497720958595,11.918046248428562,7.45360803604126,state,,
-0.5,,,-0.5891894090407888,-0.5891894090407888,,,,,,,7.453619956970215,control,-0.25,-0.25
,0.0027453905230599217,-0.005878372405035567,,,0.1161412495751169,-51.169426932604786,0.0183568732325669,11.320702669702884,11.314134204379513,11.317418437041198,7.463817358016968,state,,
-0.5,,,-0.637405620859973,-0.637405620859973,,,,,,,7.463828086853027,control,-0.24999999999999112,-0.2500000000000089
,-0.003521527351572708,-0.004367016502372254,,,0.11832817069486051,-55.168577466390424,0.019071951267991005,10.70282244019176,10.70134596943871,10.702084204815236,7.474409103393555,state,,
-0.5,,,-0.6846575084427735,-0.6846575084427735,,,,,,,7.4744203090667725,control,-0.2500000000000089,-0.24999999999999112
,-0.0037166565896546966,0.004351381256823925,,,0.11756479394195068,-60.83377716249888,0.019879677508936978,10.008060814491968,9.999103144840856,10.00358197966641,7.484838247299194,state,,
-0.5,,,-0.730964358273918,-0.730964358273918,,,,,,,7.4848549365997314,control,-0.24999999999999112,-0.2500000000000089
,0.0010914998308102469,0.00012073762634327218,,,0.11123065671603027,-65.62412644410476,0.020479439511109462,9.27823426546294,9.26396561152693,9.271099938494935,7.494769096374512,state,,
-0.5,,,-0.7763450711084396,-0.7763450711084396,,,,,,,7.494779586791992,control,-0.25,-0.25
,0.0026621541291413876,-0.01304759007113198,,,0.09623338876067455,-70.23210482863402,0.020552249420351023,8.504967022787891,8.48591425011761,8.49544063645275,7.505326509475708,state,,
-0.5,,,-0.8208181696862709,-0.8208181696862709,,,,,,,7.505371332168579,control,-0.25,-0.25
,-0.0025461996434707292,-0.0012261839373824777,,,0.08766847435763181,-74.4723546147525,0.020820824895254785,7.68262659154375,7.68383624638568,7.683231418964715,7.515888690948486,state,,
-0.5,,,-0.8644018062925454,-0.8644018062925454,,,,,,,7.515900135040283,control,-0.24999999999999556,-0.25000000000000444
,-0.003259256375262605,-0.0013312926148161253,,,0.0826094053820241,-79.36066514776957,0.021081883030811654,6.812477256173883,6.811172521860587,6.811824889017235,7.526407957077026,state,,
-0.5,,,-0.9071137701666945,-0.9071137701666945,,,,,,,7.526419639587402,control,-0.24999999999999556,-0.25000000000000444
,-0.0035706781817166923,0.004672839221171998,,,0.07624221201791494,-83.8017893541828,0.021364099197421164,5.895278451101789,5.910970165781877,5.903124308441833,7.536710023880005,state,,
-0.5,,,-0.9489714947633605,-0.9489714947633605,,,,,,,7.536721229553223,control,-0.25,-0.25
,-0.004223143147346407,-0.0018270492742160885,,,0.0615781909556781,-88.2946468471546,0.021242010195230886,4.961554694514472,4.935788889703319,4.948671792108895,7.547296762466431,state,,
-0.5,,,-0.9899920648680933,-0.9899920648680933,,,,,,,7.547308444976807,control,-0.24999999999999556,-0.25000000000000444
,-0.00126474284698204,-0.005352567746502727,,,0.05039524422698627,-92.37696122192483,0.021023572264787228,3.958431567131546,3.961428690247791,3.9599301286896686,7.557828187942505,state,,
-0.5,,,-1.0301922235707315,-1.0301922235707315,,,,,,,7.557841777801514,control,-0.25,-0.25
,-0.0005629991385122799,0.0023904168122189044,,,0.040540556635807926,-96.74921066277426,0.0208826402923117,2.922383879480824,2.923319142454635,2.9228515109677295,7.56797456741333,state,,
-0.5,,,-1.0695883790993168,-1.0695883790993168,,,,,,,7.567985773086548,control,-0.25,-0.25
,0.002578316583209157,-0.00010122692756221938,,,0.03414028925488928,-100.3045771099844,0.02071274801276976,1.8482071706141374,1.8782334802063212,1.8632203254102293,7.578142404556274,state,,
-0.5,,,-1.1081966115173305,-1.1081966115173305,,,,,,,7.578171253204346,control,-0.25,-0.25
,0.0050612888345798555,-0.0013275277682169642,,,0.019923356453542457,-103.97685696354316,0.02028068088517499,0.7631792880136133,0.7668319253138508,0.7650056066637321,7.588409185409546,state,,
-0.5,,,-1.146032679286984,-1.146032679286984,,,,,,,7.588421106338501,control,-0.25,-0.25
,-0.001528750821829111,-0.0011570014536438622,,,0.008621865305457678,-107.96962012631353,0.01974619017648272,-0.38832530523508224,-0.3681494827537509,-0.3782373939944166,7.598956346511841,state,,
-0.5,,,-1.1831120257012442,-1.1831120257012442,,,,,,,7.598967790603638,control,-0.25,-0.25
,-0.00454403310275241,0.0019487325201636193,,,-0.009369062438510318,-112.61423744645268,0.018977016891342617,-1.569343045624803,-1.5872592523471587,-1.5783011489859808,7.609275817871094,state,,
-0.5,,,-1.2194497851872192,-1.2194497851872192,,,,,,,7.609287738800049,control,-0.25,-0.25
,-0.0026211803982058297,-0.0056338803875459476,,,-0.010404782522541525,-116.02273110272844,0.018351007520397342,-2.787706088300173,-2.7978465545050892,-2.792776321402631,7.619455337524414,state,,
-0.5,,,-1.2550607894834749,-1.2550607894834749,,,,,,,7.619466304779053,control,-0.25,-0.25
,0.006023109256637765,-0.0006968534658048414,,,-0.01376893332219623,-119.45306345869679,0.01782411915575904,-4.035852656008282,-4.047952126151003,-4.041902391079642,7.629641532897949,state,,
-0.5,,,-1.2899595736938054,-1.2899595736938054,,,,,,,7.629655838012695,control,-0.25000000000000444,-0.24999999999999556
,0.0011852723253208588,-0.0027866791007557473,,,-0.026836915141957206,-123.45326457827503,0.016953608256147983,-5.346436965048192,-5.333763464985115,-5.340100215016653,7.640162944793701,state,,
0.49992198179308467,,,-1.2041603822199292,-1.2041603822199292,,,,,,,7.640174627304077,control,0.2499609908965379,0.24996099089654678
,-0.002878596805401326,0.01082932014198976,,,-0.04870150962748453,-122.37662517062515,0.015971689254823816,-6.554054589550038,-6.539407847164769,-6.546731218357404,7.650733232498169,state,,
0.49992198179308467,,,-1.1200771745755305,-1.1200771745755305,,,,,,,7.650745630264282,control,0.24996099089654233,0.24996099089654233
,-0.0018497567863182685,0.00036856278871939195,,,-0.053869886460122474,-118.46034912289429,0.015032563170845625,-7.6621667548014925,-7.67584372606945,-7.669005240435471,7.661298990249634,state,,
0.49992198179308467,,,-1.0376756310840198,-1.0376756310840198,,,,,,,7.661310911178589,control,0.2499609908965379,0.24996099089654678
,0.0026401532093543244,-0.004800149427355911,,,-0.07035134228901754,-112.51724194098617,0.013711618799838012,-8.696624924342311,-8.702555418283229,-8.69959017131277,7.671834230422974,state,,
0.49992198179308467,,,-0.9569221184623393,-0.9569221184623393,,,,,,,7.671846628189087,control,0.24996099089655122,0.24996099089653345
,-0.0027162923524439975,-0.008589871833468172,,,-0.07632801347689169,-106.07280046889714,0.012412206944798325,-9.649604214082041,-9.665899194771566,-9.657751704426804,7.6824517250061035,state,,
0.49992198179308467,,,-0.8777836760930926,-0.8777836760930926,,,,,,,7.682464838027954,control,0.24996099089655122,0.24996099089653345
,-0.0031903238372195915,-0.003355608816436099,,,-0.09390092020699564,-99.12782204688992,0.010879377023170302,-10.549652385245537,-10.527341935440068,-10.538497160342803,7.692560434341431,state,,
0.49992198179308467,,,-0.8002280025712307,-0.8002280025712307,,,,,,,7.692572832107544,control,0.24996099089655122,0.24996099089653345
,-0.0008056341236143401,0.019561898523235574,,,-0.10838060916101512,-92.13492813080727,0.009726828694413709,-11.353989578120915,-11.34311257852848,-11.348551078324697,7.703023195266724,state,,
0.49992198179308467,,,-0.7242234425198062,-0.7242234425198062,,,,,,,7.7030346393585205,control,0.24996099089653345,0.24996099089655122
,0.0010189129886807185,0.010188821529845153,,,-0.10889397818664981,-83.83775030809528,0.008649634308931533,-12.060370010536532,-12.049379779435355,-12.054874894985943,7.713278770446777,state,,
0.49992198179308467,,,-0.6497389736694101,-0.6497389736694101,,,,,,,7.713324785232544,control,0.24996099089653345,0.24996099089655122
,0.0004631808281092999,-0.0022183400612831644,,,-0.11555312900617579,-76.91234630496923,0.007198344159456855,-12.702811384921839,-12.72474287514825,-12.713777130035044,7.723870277404785,state,,
0.49992198179308467,,,-0.5767441941960219,-0.5767441941960219,,,,,,,7.723881483078003,control,0.24996099089654233,0.24996099089654233
,0.0025159134612663093,0.0030812939489667196,,,-0.12146501678057572,-69.21570666097858,0.00584345756050472,-13.28492333696959,-13.281953407412438,-13.283438372191014,7.734360694885254,state,,
0.49992198179308467,,,-0.5052093103121014,-0.5052093103121014,,,,,,,7.73437237739563,control,0.24996099089655122,0.24996099089653345
,-0.0009105055162022095,4.6503508129104174e-05,,,-0.12775305172225213,-62.214239824678714,0.0043663736694139225,-13.792534426040032,-13.795763503657353,-13.794148964848691,7.744523763656616,state,,
0.49992198179308467,,,-0.43510512410585933,-0.43510512410585933,,,,,,,7.744535684585571,control,0.24996099089653345,0.24996099089655122
,-0.0032568164936578404,-0.005990565553588383,,,-0.1300278606455257,-54.885226115327285,0.002829599836518624,-14.21382470941477,-14.23888799062285,-14.22635635001881,7.75415301322937,state,,
0.49992198179308467,,,-0.36640302162374216,-0.36640302162374216,,,,,,,7.754157066345215,control,0.24996099089654233,0.24996099089654233
,0.003214407165932383,0.006010155967427311,,,-0.1365820798674417,-47.93448959097764,0.0014634982270136606,-14.595764346531395,-14.594389330129852,-14.595076838330623,7.764435768127441,state,,
0.49992198179308467,,,-0.2990749611912673,-0.2990749611912673,,,,,,,7.76444149017334,control,0.24996099089654233,0.24996099089654233
,0.0046117791237503805,-0.0014441105154030837,,,-0.14450800929377547,-40.61174318942967,-0.00010239311092095743,-14.88484489676309,-14.884453386323798,-14.884649141543445,7.77486252784729,state,,
0.49992198179308467,,,-0.23309346196744196,-0.23309346196744196,,,,,,,7.774872303009033,control,0.24996099089655122,0.24996099089653345
,-0.004214044407778262,0.0028778023331970195,,,-0.1468394657850658,-33.74378063127197,-0.0015578575342100145,-15.113310350835613,-15.112249506856545,-15.112779928846079,7.785010814666748,state,,
0.49992198179308467,,,-0.16843159272809313,-0.16843159272809313,,,,,,,7.785021543502808,control,0.24996099089654233,0.24996099089654233
,0.0013905868801150376,0.002090240453515318,,,-0.1491499279553295,-27.60519882748715,-0.0029795222468687503,-15.27741901401143,-15.304847692701207,-15.291133353356319,7.795101642608643,state,,
0.49992198179308467,,,-0.10506296087353126,-0.10506296087353126,,,,,,,7.795111417770386,control,0.24996099089654233,0.24996099089654233
,0.0005599614955192726,5.697757566780323e-05,,,-0.14914939138595482,-21.31217885820954,-0.004380629807589078,-15.391353952135198,-15.416843284724322,-15.40409861842976,7.8053202629089355,state,,
0.49992198179308467,,,-0.04296170165606063,-0.04296170165606063,,,,,,,7.805330276489258,control,0.24996099089654233,0.24996099089654233
,-0.007891836308896848,-0.0006463361299605937,,,-0.1574263700494417,-14.342157985682114,-0.00603977412534928,-15.43816998523003,-15.435007756279848,-15.436588870754939,7.815527677536011,state,,
0.49992198179308467,,,0.017897532377060585,0.017897532377060585,,,,,,,7.815537452697754,control,0.24996099089654233,0.24996099089654233
,0.009490829122200332,-0.001477583453659788,,,-0.1579916664933047,-8.528969028384303,-0.00743731560997551,-15.436567310594725,-15.422150259946603,-15.429358785270665,7.826143741607666,state,,
0.49992198179308467,,,0.07753958172951937,0.07753958172951937,,,,,,,7.826155185699463,control,0.24996099089655122,0.24996099089653345
,-0.0019839230924279063,-0.0032515669719399456,,,-0.15618499911621897,-2.363459566982755,-0.008870379334108227,-15.34695156135663,-15.362780939031977,-15.354866250194302,7.83664608001709,state,,
0.49992198179308467,,,0.13598879009492898,0.13598879009492898,,,,,,,7.836658000946045,control,0.24996099089653345,0.24996099089655122
,0.00404366265395061,0.0038056469428337787,,,-0.14589380806782576,4.0007870152329215,-0.009865772475649527,-15.212272802425675,-15.214863697135204,-15.21356824978044,7.84682297706604,state,,
0.49992198179308467,,,0.1932690142930304,0.1932690142930304,,,,,,,7.846834659576416,control,0.24996099089655122,0.24996099089653345
,-0.0014601481549684214,-0.003268226214677515,,,-0.15011609598346104,10.139147434657339,-0.011281245391152144,-15.01575729725466,-15.013206172966864,-15.014481735110763,7.857011079788208,state,,
0.49992198179308467,,,0.24940363400716978,0.24940363400716978,,,,,,,7.857023000717163,control,0.24996099089655122,0.24996099089653345
,0.0009106758995627905,0.008648061592196289,,,-0.14553483921031446,15.51480579039535,-0.01224731207348694,-14.773886666660133,-14.773668167815696,-14.773777417237914,7.867587566375732,state,,
0.49992198179308467,,,0.3044155613270264,0.3044155613270264,,,,,,,7.867599725723267,control,0.24996099089654233,0.24996099089654233
,-0.0010057389077871802,0.004495015575930454,,,-0.14468211642032583,21.687153568807794,-0.01333521027127098,-14.456705155027894,-14.460634676188455,-14.458669915608175,7.8780834674835205,state,,
0.49992198179308467,,,0.3583272501004859,0.3583272501004859,,,,,,,7.878096103668213,control,0.24996099089654233,0.24996099089654233
,0.0035014700022100278,0.0045069447424102415,,,-0.14629376704284605,26.354833064894656,-0.014421881741430663,-14.11891240333691,-14.122753913667365,-14.120833158502137,7.888266086578369,state,,
0.49992198179308467,,,0.41116070509847613,0.41116070509847613,,,,,,,7.888277530670166,control,0.24996099089653345,0.24996099089655122
,-0.0014761784955133826,0.006095902174844886,,,-0.14083951411318393,32.41015789934184,-0.015330626748725866,-13.701427783556994,-13.699288399574566,-13.70035809156578,7.898571491241455,state,,
0.49992198179308467,,,0.4629374909965066,0.4629374909965066,,,,,,,7.898584365844727,control,0.24996099089654233,0.24996099089654233
,0.00015321306939897905,0.004770560381245644,,,-0.14049978825956963,37.707703437687904,-0.01631014792710081,-13.23810546763338,-13.239830535007986,-13.238968001320682,7.9087488651275635,state,,
0.49992198179308467,,,0.5136787411765764,0.5136787411765764,,,,,,,7.90876030921936,control,0.24996099089653345,0.24996099089655122
,-0.0008493637052778546,-0.0030544856407047206,,,-0.13214821287441292,43.01949181475997,-0.017216025358479468,-12.714586187634053,-12.733880503338293,-12.724233345486173,7.919255495071411,state,,
0.49992198179308467,,,0.5634051663530448,0.5634051663530448,,,,,,,7.919302463531494,control,0.24996099089654233,0.24996099089654233
,-0.002869594507019952,0.005088006466030445,,,-0.12745060219692284,48.50846257723461,-0.017978543833152373,-12.15137973807241,-12.152198335488299,-12.151789036780354,7.9298717975616455,state,,
0.49992198179308467,,,0.6121370630259839,0.6121370630259839,,,,,,,7.9298834800720215,control,0.24996099089653345,0.24996099089655122
,-0.002510280967914829,0.008709415321913631,,,-0.12729629744726897,53.42652002773225,-0.01872524574404852,-11.541642307536058,-11.53685873473868,-11.539250521137369,7.940375328063965,state,,
0.49992198179308467,,,0.6598943217654643,0.6598943217654643,,,,,,,7.940388202667236,control,0.24996099089654233,0.24996099089654233
,-0.0010326480942902604,0.004725303571382012,,,-0.11561952428287724,58.056586002695525,-0.01922587069128102,-10.882094537014781,-10.887895207854646,-10.884994872434714,7.950540781021118,state,,
0.49992198179308467,,,0.706696435330155,0.706696435330155,,,,,,,7.950555086135864,control,0.24996099089654233,0.24996099089654233
,-0.0011239210106793595,-0.0036028794962243687,,,-0.1106532962260662,63.22043034931102,-0.01992780814955093,-10.17852072785275,-10.162690139406259,-10.170605433629504,7.960955381393433,state,,
0.49992198179308467,,,0.752562506623552,0.752562506623552,,,,,,,7.960970163345337,control,0.24996099089654233,0.24996099089654233
,-0.0024016095410248368,0.00799858918474277,,,-0.09954955274914774,67.7667629831048,-0.02020521877981801,-9.417466341233176,-9.42369500404208,-9.420580672637628,7.971424341201782,state,,
0.49992198179308467,,,0.7975112564910809,0.7975112564910809,,,,,,,7.97143816947937,control,0.24996099089654233,0.24996099089654233
,-0.005548059475174887,-0.004384434101585434,,,-0.09317980891746833,72.42569477521113,-0.020741812986518598,-8.635797234964805,-8.60855180995789,-8.622174522461346,7.981873512268066,state,,
0.49992198179308467,,,0.8415610313612594,0.8415610313612594,,,,,,,7.981886863708496,control,0.24996099089653345,0.24996099089655122
,8.079516803116692e-05,0.0024679147842198556,,,-0.08630231820447208,77.62302031134986,-0.021023301471323246,-7.7625162539524855,-7.763936374756368,-7.7632263143544264,7.992059946060181,state,,
0.49992198179308467,,,0.8847298107340342,0.8847298107340342,,,,,,,7.992073059082031,control,0.2499609908965379,0.24996099089654678
,0.0038680636955567872,-0.0012080916531807863,,,-0.0808352243936615,81.1924641995206,-0.021307711489132852,-6.8920765106935065,-6.896907906246629,-6.8944922084700675,8.002626180648804,state,,
0.49992198179308467,,,0.9270352145193534,0.9270352145193534,,,,,,,8.002639532089233,control,0.2499609908965379,0.24996099089654678
,0.0010082586239535372,0.002778103760065363,,,-0.07375471441977233,85.57895717705526,-0.02143909986766097,-5.9650892450610336,-5.972689620295491,-5.968889432678262,8.012858152389526,state,,
0.49992198179308467,,,0.9684945102289664,0.9684945102289664,,,,,,,8.012870073318481,control,0.2499609908965379,0.24996099089654678
,-0.01309370601135505,-0.0019311933348037788,,,-0.0619267094375808,89.76912653399091,-0.02157009468993863,-5.000407223313341,-5.008611878253665,-5.004509550783503,8.023361682891846,state,,
0.49992198179308467,,,1.009124620024387,1.009124620024387,,,,,,,8.023374319076538,control,0.24996099089654233,0.24996099089654233
,0.00020885785214178412,-0.00046699722681513853,,,-0.05526249700682773,93.42908446396643,-0.021587702555743084,-4.016108382658981,-4.0078289504159,-4.01196866653744,8.033821821212769,state,,
0.49992198179308467,,,1.0489421276238993,1.0489421276238993,,,,,,,8.033835649490356,control,0.2499609908965379,0.24996099089654678
,-0.0035430864634019427,-0.0023395430085530818,,,-0.043236674479418966,98.0559421204676,-0.021466120226940093,-2.950540281448439,-2.96500075581414,-2.9577705186312895,8.044357538223267,state,,
0.49992198179308467,,,1.0879632850714214,1.0879632850714214,,,,,,,8.044371366500854,control,0.24996099089654233,0.24996099089654233
,0.005108461993631431,0.008948980436702676,,,-0.03310677782157193,103.12708312296277,-0.02100338295637817,-1.8443179591265901,-1.847261984144114,-1.845789971635352,8.054856538772583,state,,
0.49992198179308467,,,1.126204019369993,1.126204019369993,,,,,,,8.054903268814087,control,0.24996099089654233,0.24996099089654233
,0.00407875584655397,0.0011355770327371507,,,-0.02468459574165883,106.25338023150795,-0.02064673831004772,-0.7369237897076548,-0.7300754212531171,-0.733499605480386,8.065462350845337,state,,
0.49992198179308467,,,1.1636799389825931,1.1636799389825931,,,,,,,8.065475702285767,control,0.24996099089654233,0.24996099089654233
,0.0003834257444093039,0.0030749060779894934,,,-0.01744651654925239,109.9095479729205,-0.020236197838300822,0.42460329371135613,0.42296788855006956,0.42378559113071285,8.076029777526855,state,,
0.49992198179308467,,,1.2004063402029412,1.2004063402029412,,,,,,,8.076042890548706,control,0.24996099089654233,0.24996099089654233
,0.0045994079954145145,-0.00897050421391054,,,-0.007892715664072458,114.27498628905073,-0.019896484312769174,1.627263298480747,1.6447638269166711,1.6360135626987091,8.086554527282715,state,,
0.49992198179308467,,,1.2363982133988825,1.2363982133988825,,,,,,,8.086567878723145,control,0.24996099089654122,0.24996099089654344
,0.004120516760551912,0.0006707570306778455,,,0.009112285191172482,117.56169730267867,-0.019105221697326556,2.854900084412381,2.8729802479053026,2.8639401661588417,8.096764326095581,state,,
0.49992198179308467,,,1.2716702491309049,1.2716702491309049,,,,,,,8.096776723861694,control,0.24996099089654233,0.24996099089654233
,0.004713109697200156,0.00027900099274635724,,,0.023886149286425427,121.65281117127898,-0.018222672974741626,4.149584248337578,4.141576506393595,4.145580377365587,8.107302904129028,state,,
0.49992198179308467,,,1.3062368441482868,1.3062368441482868,,,,,,,8.107316732406616,control,0.24996099089654233,0.24996099089654233
,0.0009438525991124873,0.007670000468428098,,,0.033115136079062496,124.91277161972248,-0.0172445655540823,5.4370534118582245,5.456130539198168,5.446591975528197,8.117796897888184,state,,
-0.5,,,1.220112107265321,1.220112107265321,,,,,,,8.117810249328613,control,-0.25000000000000444,-0.24999999999999556
,-0.0028804479487214148,0.00046469053669071165,,,0.040504865143152956,123.4430849900804,-0.01640449361678693,6.6468881072876576,6.668375965189623,6.65763203623864,8.127918243408203,state,,
-0.5,,,1.1357098651200144,1.1357098651200144,,,,,,,8.127963304519653,control,-0.25,-0.25
,-0.008246258088092122,-0.0007196525262167723,,,0.04858880020814088,120.01885194745711,-0.015553021831272426,7.791391707896627,7.815252680523376,7.8033221942100015,8.138504028320312,state,,
-0.5,,,1.052995667817614,1.052995667817614,,,,,,,8.138515949249268,control,-0.25,-0.25
,0.004062126376096156,-0.005077508618789571,,,0.06331160149657754,114.29419598548962,-0.014460247379458838,8.83968945722788,8.87061739213239,8.855153424680136,8.148946046829224,state,,
-0.5,,,0.9719357544612617,0.9719357544612617,,,,,,,8.148959875106812,control,-0.2500000000000089,-0.24999999999999112
,0.0019762305634284786,0.0037386374850149028,,,0.07938282092088444,108.02109776312174,-0.01306258086189581,9.82532064078581,9.845729245718733,9.83552494325227,8.159528970718384,state,,
-0.5,,,0.8924970393720364,0.8924970393720364,,,,,,,8.159541130065918,control,-0.24999999999999112,-0.2500000000000089
,-0.00031138706934502684,-0.005869485250603549,,,0.09558556605674584,100.61517477431534,-0.011727439698834354,10.72640689348025,10.721208638145306,10.72380776581278,8.170019149780273,state,,
-0.5,,,0.8146470985845957,0.8146470985845957,,,,,,,8.170030117034912,control,-0.2500000000000089,-0.24999999999999112
,0.001025072650656245,-0.007991753660491593,,,0.10483926902848817,93.11977697939156,-0.010466183123529099,11.532250073302405,11.539175076010542,11.535712574656474,8.180273532867432,state,,
-0.5,,,0.7383541566129037,0.7383541566129037,,,,,,,8.180286407470703,control,-0.25,-0.25
,0.00012976609976849757,-0.0031857579383774816,,,0.11327307474815745,85.18804747185786,-0.009077693542345713,12.256686175333655,12.266025131738084,12.261355653535869,8.190982341766357,state,,
-0.5,,,0.6635870734806457,0.6635870734806457,,,,,,,8.190995693206787,control,-0.24999999999999112,-0.2500000000000089
,0.0015357556261638514,-0.009696613327259516,,,0.11730051845179827,77.74649502674538,-0.007856691766791777,12.919139490104454,12.921629746318747,12.9203846182116,8.201308488845825,state,,
-0.5,,,0.5903153320110328,0.5903153320110328,,,,,,,8.201321125030518,control,-0.24999999999999112,-0.2500000000000089
,0.0019131464763440429,-0.002172018827998043,,,0.12922436700903697,70.89517817620893,-0.006277563227227175,13.517077948719567,13.523510662537475,13.520294305628521,8.211812257766724,state,,
-0.5,,,0.5185090253708122,0.5185090253708122,,,,,,,8.2118239402771,control,-0.25,-0.25
,0.0006306638665806515,0.0011002382421996374,,,0.1385323947658781,63.552065458877266,-0.0046283597792299465,14.034538707840317,14.043352675265412,14.038945691552865,8.222005128860474,state,,
-0.5,,,0.448138844863396,0.448138844863396,,,,,,,8.22201657295227,control,-0.25,-0.25
,-0.0025858301656210714,0.004702740523579192,,,0.14602785784919353,56.78635229825956,-0.0029239504974075048,14.485561409149593,14.512697681310488,14.49912954523004,8.232149600982666,state,,
-0.5,,,0.37917606796612807,0.37917606796612807,,,,,,,8.232161521911621,control,-0.25,-0.25
,0.006516191622534888,-0.0011101962482120435,,,0.14630380197735418,49.450077747423144,-0.0014038647227565715,14.869748236650718,14.883991537028848,14.876869886839783,8.242661952972412,state,,
-0.5,,,0.3115925466068055,0.3115925466068055,,,,,,,8.242674112319946,control,-0.25,-0.25
,0.0009437313356131967,-0.0003302637751956445,,,0.15091713526783485,42.252511843377164,0.00017177284786198488,15.180151781744609,15.18953259043078,15.184842186087694,8.25300121307373,state,,
-0.5,,,0.2453606956746694,0.2453606956746694,,,,,,,8.253012657165527,control,-0.25,-0.25
,0.002704210443098471,0.004787973801257145,,,0.14574180947060733,35.231349832071395,0.0016206237495021395,15.434875604947985,15.41594523579916,15.425410420373574,8.263662576675415,state,,
-0.5,,,0.180453481761176,0.180453481761176,,,,,,,8.263712644577026,control,-0.2500000000000089,-0.24999999999999112
,-0.0020722935289414716,0.0051914726464751945,,,0.14889057010878706,28.82530676620879,0.003173201603285741,15.621574981177503,15.601841310975503,15.611708146076502,8.27406120300293,state,,
-0.5,,,0.11684441212595248,0.11684441212595248,,,,,,,8.274076700210571,control,-0.24999999999999112,-0.2500000000000089
,0.00032394195203390186,-0.00035122329720026256,,,0.1543299731089292,22.14793148419043,0.004698635131314065,15.729598487914235,15.724228977320005,15.72691373261712,8.284369468688965,state,,
-0.5,,,0.054507523883433426,0.054507523883433426,,,,,,,8.28438925743103,control,-0.2500000000000089,-0.24999999999999112
,0.010726787841780373,0.001715153101097498,,,0.15876581451810856,16.267772565196456,0.006337020545205997,15.798403547190356,15.793608097723057,15.796005822456706,8.29348635673523,state,,
-0.5,,,-0.0065826265942352385,-0.0065826265942352385,,,,,,,8.293490886688232,control,-0.25,-0.25
,0.00034761396098597226,0.001871446314338744,,,0.15689678342554444,9.453520574319018,0.0077517912108967905,15.778204042024633,15.785973636810775,15.782088839417703,8.303578615188599,state,,
-0.5,,,-0.06645097406235054,-0.06645097406235054,,,,,,,8.303582668304443,control,-0.24999999999999112,-0.2500000000000089
,-0.0022979235244376317,0.0057442560731657075,,,0.15567539618248794,3.260354435415308,0.009188664001518453,15.726332774985785,15.705917391678753,15.716125083332269,8.313800573348999,state,,
-0.5,,,-0.12512195458110353,-0.12512195458110353,,,,,,,8.31380581855774,control,-0.25,-0.25
,0.006299548823845075,-0.0026572807469249066,,,0.15470412679768897,-3.2005686994894558,0.010499029830025302,15.566539179563241,15.596042042340134,15.581290610951687,8.324417114257812,state,,
-0.5,,,-0.18261951548948147,-0.18261951548948147,,,,,,,8.324427366256714,control,-0.24999999999999112,-0.2500000000000089
,0.0056141093930681465,-0.00575712510798004,,,0.15566290927561746,-8.857907468428367,0.011760033804126482,15.404671807474147,15.400672579096252,15.402672193285198,8.334848165512085,state,,
-0.5,,,-0.23896712517969182,-0.23896712517969182,,,,,,,8.334859609603882,control,-0.24999999999999112,-0.2500000000000089
,-0.007753151908985638,0.00037031523210112106,,,0.1523916470820865,-14.530950601495363,0.012912276728682403,15.165258006864564,15.168888796275697,15.16707340157013,8.345017194747925,state,,
-0.5,,,-0.29418778267609796,-0.29418778267609796,,,,,,,8.345028400421143,control,-0.25,-0.25
,0.002728385280701138,-0.0053181068206816055,,,0.1546453627898659,-20.43253591205732,0.014121958865986854,14.86861259738088,14.869030192667344,14.868821395024112,8.355650186538696,state,,
-0.5,,,-0.348304027022576,-0.348304027022576,,,,,,,8.355661869049072,control,-0.25,-0.25
,0.0032411480487730994,-0.00036001157011996576,,,0.14748481807515157,-26.44282354616847,0.015186316289976751,14.516836109791402,14.500636812058877,14.508736460925139,8.366274356842041,state,,
-0.5,,,-0.4013379464821245,-0.4013379464821245,,,,,,,8.366287231445312,control,-0.24999999999999112,-0.2500000000000089
,-0.005903905435543503,-0.009477976836960882,,,0.14288296156408542,-31.15820730279875,0.015986952587123713,14.120228804206176,14.123984644899538,14.122106724552857,8.3766770362854,state,,
-0.5,,,-0.453311187552482,-0.453311187552482,,,,,,,8.376689195632935,control,-0.25,-0.25
,0.009674575209102467,0.009536204641211311,,,0.13777427984622087,-36.40483013690191,0.01718240456651059,13.668315256590068,13.680796398060343,13.674555827325205,8.387139320373535,state,,
-0.5,,,-0.5042449638014324,-0.5042449638014324,,,,,,,8.387151718139648,control,-0.25,-0.25
,-0.0003647345752536264,-0.0048889041264586035,,,0.14553400715194345,-42.306148367857304,0.01828826611657324,13.16730875850895,13.147835135341339,13.157571946925145,8.397424221038818,state,,
-0.5,,,-0.5541600645254037,-0.5541600645254037,,,,,,,8.397435903549194,control,-0.2500000000000089,-0.24999999999999112
,-0.007970293050080514,-0.00021415741250379103,,,0.13826239992962466,-47.431857369423994,0.019096617385171814,12.603850715954115,12.599499645617703,12.601675180785909,8.407923221588135,state,,
-0.5,,,-0.6030768632348955,-0.6030768632348955,,,,,,,8.40793514251709,control,-0.25,-0.25
,-0.008747100526137823,-0.005278885818740075,,,0.13521222182649056,-52.10268365351889,0.019824932664992582,12.005619840143604,12.006999830070386,12.006309835106995,8.418532133102417,state,,
-0.5,,,-0.6510153259701976,-0.6510153259701976,,,,,,,8.418545246124268,control,-0.25,-0.25
,-0.003994608312062691,-0.0015988865192503841,,,0.12234552717996403,-56.842282090534724,0.02036311451015826,11.367095396763176,11.357812527735783,11.362453962249479,8.42864441871643,state,,
-0.5,,,-0.6979950194507936,-0.6979950194507936,,,,,,,8.428657531738281,control,-0.24999999999999112,-0.2500000000000089
,0.0001781919438730572,0.003328525184667593,,,0.12294329870732973,-62.76380557217577,0.02122889316191684,10.629331108218892,10.651812758288969,10.64057193325393,8.43898320198059,state,,
-0.5,,,-0.7440351190617778,-0.7440351190617778,,,,,,,8.438996315002441,control,-0.25,-0.25
,-0.004963300913217145,0.001156475427494184,,,0.1114618996979601,-67.0119597140436,0.021697913478197172,9.907679365990793,9.89800236009728,9.902840863044037,8.449296712875366,state,,
-0.5,,,-0.7891544166805422,-0.7891544166805422,,,,,,,8.4493088722229,control,-0.2500000000000089,-0.24999999999999112
,-0.0023750183383017837,0.003425689871851418,,,0.10342341968731421,-71.06714399995474,0.02219383966131011,9.139047594052212,9.1162107271865,9.127629160619357,8.459571599960327,state,,
-0.5,,,-0.8333713283469313,-0.8333713283469313,,,,,,,8.459583520889282,control,-0.2500000000000089,-0.24999999999999112
,0.0025541468505794274,0.004577514407365302,,,0.09631563886359365,-75.87114106430508,0.02268270912008063,8.289131228516448,8.2957882955581,8.292459762037275,8.470046043395996,state,,
-0.5,,,-0.8767039017799927,-0.8767039017799927,,,,,,,8.470098733901978,control,-0.2500000000000089,-0.24999999999999112
,0.0007352537816958234,-0.001388429869686499,,,0.08514207938801907,-80.48720686402778,0.022864590404810387,7.425655862505332,7.402585586356,7.414120724430666,8.480718851089478,state,,
-0.5,,,-0.9191698237443928,-0.9191698237443928,,,,,,,8.480732202529907,control,-0.25,-0.25
,0.00017117819805546566,-0.006136572484171763,,,0.07177950667823255,-84.59366891244524,0.02278537776506981,6.50093009773608,6.504725226151365,6.502827661943723,8.491052627563477,state,,
-0.5,,,-0.960786427269505,-0.960786427269505,,,,,,,8.491065502166748,control,-0.25000000000000444,-0.24999999999999556
,-0.0024079678146496806,-0.00728454895797509,,,0.06633680628117421,-89.54539562502318,0.022737463819707437,5.538294271148952,5.518834783608638,5.528564527378795,8.501522064208984,state,,
-0.5,,,-1.0015706987241149,-1.0015706987241149,,,,,,,8.501533508300781,control,-0.25,-0.25
,-0.0007669560768526178,0.004645092557709544,,,0.05194759544543047,-93.18252867861409,0.022643670524550217,4.539784408117864,4.537920532235061,4.5388524701764625,8.512000560760498,state,,
-0.5,,,-1.0415392847496325,-1.0415392847496325,,,,,,,8.512011766433716,control,-0.25,-0.25
,-0.002048256146498101,0.0017320314989830658,,,0.044572624988028844,-97.94246587376043,0.022525269341749272,3.4808379228824933,3.486504193312321,3.483671058097407,8.522173166275024,state,,
-0.5,,,-1.0807084990546398,-1.0807084990546398,,,,,,,8.5221848487854,control,-0.25,-0.25
,-0.0023369441511316043,0.0005733185523840679,,,0.03957608427981509,-101.20091464295116,0.022373705811186296,2.4264063580533946,2.4131978195967143,2.4198020888250547,8.531852960586548,state,,
-0.5,,,-1.1190943290735471,-1.1190943290735471,,,,,,,8.531857013702393,control,-0.2500000000000022,-0.24999999999999778
,-0.008841574831092599,0.0064568695801505115,,,0.02999257443986689,-106.00173049519293,0.022120650967337806,1.2739762883320505,1.2927785646625594,1.2833774264973048,8.541975975036621,state,,
-0.5,,,-1.1567124424920763,-1.1567124424920763,,,,,,,8.541980504989624,control,-0.2499999999999989,-0.2500000000000011
,0.0006459172595551523,-0.005506300968970258,,,0.011429741118611544,-109.52382417766587,0.021399010111496336,0.13428650912988227,0.12988013639174845,0.13208332276081536,8.55209732055664,state,,
-0.5,,,-1.1935781936422347,-1.1935781936422347,,,,,,,8.55210256576538,control,-0.25,-0.25
,-0.0009860896692332685,-0.0011445128281056083,,,0.0027864151458098525,-113.32183391552225,0.020830687992982932,-1.0713211217872611,-1.0518433157397522,-1.0615822187635067,8.562164068222046,state,,
-0.5,,,-1.2297066297693902,-1.2297066297693902,,,,,,,8.56216812133789,control,-0.25,-0.25
,0.005469382821228509,0.004752041039160448,,,-0.0038498709056682522,-116.73578422097142,0.020397447187667006,-2.277836635722705,-2.2887128995402017,-2.283274767631453,8.57229733467102,state,,
-0.5,,,-1.2651124971740024,-1.2651124971740024,,,,,,,8.572300672531128,control,-0.2500000000000022,-0.24999999999999778
,-0.0022331532895617963,-0.0011718541157836788,,,-0.02123872039992364,-120.3169600893007,0.01946753378504779,-3.541823054044936,-3.5450580513091867,-3.5434405526770614,8.582403898239136,state,,
-0.5,,,-1.2998102472305224,-1.2998102472305224,,,,,,,8.582406759262085,control,-0.25,-0.25
,0.0035632047071677397,0.004704279980226401,,,-0.030394227464766825,-124.85017312105735,0.01874708297868394,-4.860987331909436,-4.867193888284369,-4.864090610096902,8.59246826171875,state,,
0.49992198179308467,,,-1.2138140422859118,-1.2138140422859118,,,,,,,8.5924711227417,control,0.2499609908965379,0.24996099089654678
,-0.005899651236487141,0.0008752103476572301,,,-0.04601044497061598,-123.14140585553821,0.01764584099722259,-6.081238232621072,-6.055379353303298,-6.068308792962185,8.60257887840271,state,,
0.49992198179308467,,,-1.1295377614401936,-1.1295377614401936,,,,,,,8.602591276168823,control,0.24996099089654233,0.24996099089654233
,0.0025598674739091697,-0.001040571242693642,,,-0.05087668684039186,-119.44608561924926,0.016713864594085644,-7.210106671588111,-7.197806930338666,-7.203956800963388,8.612885475158691,state,,
0.49992198179308467,,,-1.0469470062113897,-1.0469470062113897,,,,,,,8.612891674041748,control,0.2499609908965379,0.24996099089654678
,0.005381185151916742,0.0005738800066086057,,,-0.06170415390840013,-113.61798355384583,0.01565237604162491,-8.24010012350391,-8.254658898989177,-8.247379511246542,8.623148202896118,state,,
0.49992198179308467,,,-0.9660080660871617,-0.9660080660871617,,,,,,,8.62315559387207,control,0.24996099089653345,0.24996099089655122
,-0.002484000911306201,0.005710408494276157,,,-0.07591466954914533,-106.68864848635846,0.014457049978457051,-9.205869503270844,-9.202094903283285,-9.203982203277064,8.63323187828064,state,,
0.49992198179308467,,,-0.8866879047654184,-0.8866879047654184,,,,,,,8.633243560791016,control,0.24996099089654233,0.24996099089654233
,0.008157021999171133,-0.0007403626810350579,,,-0.08221884352936121,-99.6076030580644,0.013306417920963216,-10.084172843147202,-10.09054694813396,-10.087359895640581,8.64319109916687,state,,
0.49992198179308467,,,-0.80895414667011,-0.80895414667011,,,,,,,8.643196105957031,control,0.24996099089654233,0.24996099089654233
,-0.002646393523706391,0.011430932368760421,,,-0.0872587924863693,-92.75728680608178,0.012294894874752656,-10.903710976445781,-10.908102212307861,-10.905906594376821,8.65320873260498,state,,
0.49992198179308467,,,-0.7327750637367079,-0.7327750637367079,,,,,,,8.653212070465088,control,0.24996099089654233,0.24996099089654233
,-0.009735603749965722,0.00506715767272003,,,-0.10055101184348725,-85.3435720255978,0.010873796695386207,-11.629044591952342,-11.653654166515762,-11.641349379234052,8.663277864456177,state,,
0.49992198179308467,,,-0.6581195624619738,-0.6581195624619738,,,,,,,8.663280487060547,control,0.24996099089654233,0.24996099089654233
,-0.0044606587524633375,0.01036259124617995,,,-0.10540257741156009,-77.5555418601382,0.009702740611467291,-12.28731560106736,-12.298593295047171,-12.292954448057266,8.673376321792603,state,,
0.49992198179308467,,,-0.5849571712127344,-0.5849571712127344,,,,,,,8.673387050628662,control,0.24996099089654233,0.24996099089654233
,-0.0010982686530271375,-0.0010285059966660196,,,-0.11422266093432036,-70.63253340540562,0.008220218965470556,-12.884676196671657,-12.89351716422345,-12.889096680447555,8.683491945266724,state,,
0.49992198179308467,,,-0.5132580277884797,-0.5132580277884797,,,,,,,8.683494329452515,control,0.24996099089655122,0.24996099089653345
,-0.004829236675021077,-0.005978504435469637,,,-0.12341683390975378,-63.05605568537108,0.006551778016900636,-13.399171961642388,-13.398975736886321,-13.399073849264354,8.69360065460205,state,,
0.49992198179308467,,,-0.4429928672327101,-0.4429928672327101,,,,,,,8.693602800369263,control,0.24996099089654233,0.24996099089654233
,-0.006952108918779255,0.00029482080049964026,,,-0.12818106309938232,-55.84719614894706,0.005039835517404841,-13.840646934214174,-13.844979561438072,-13.842813247826122,8.703878164291382,state,,
0.49992198179308467,,,-0.37413300988805587,-0.37413300988805587,,,,,,,8.70388150215149,control,0.24996099089653345,0.24996099089655122
,-0.006787129880390167,-0.005473055923269636,,,-0.134131747656559,-48.45357344570396,0.0033754284477159604,-14.203537562289407,-14.215814082161396,-14.209675822225401,8.714088678359985,state,,
0.49992198179308467,,,-0.30665034969029475,-0.30665034969029475,,,,,,,8.714091539382935,control,0.24996099089654233,0.24996099089654233
,-0.0007403059862879655,0.004146967868541635,,,-0.13566467303491495,-41.979094594538836,0.002021745492807127,-14.526768656269388,-14.526075817450819,-14.526422236860103,8.72450304031372,state,,
0.49992198179308467,,,-0.24051734269648883,-0.24051734269648883,,,,,,,8.724506855010986,control,0.24996099089654233,0.24996099089654233
,-0.006037722027819857,-0.0015559270107941068,,,-0.13867108261182587,-34.777629749288394,0.0004974428605009804,-14.762906919393963,-14.756260403787188,-14.759583661590575,8.734577894210815,state,,
0.49992198179308467,,,-0.17570699584255906,-0.17570699584255906,,,,,,,8.734581232070923,control,0.24996099089654233,0.24996099089654233
,0.012171330042021058,-0.005786224089547003,,,-0.13905207178638085,-28.201765939405206,-0.0009024594482493485,-14.93871961608267,-14.935166779798182,-14.936943197940426,8.74467420578003,state,,
0.49992198179308467,,,-0.11219285592570788,-0.11219285592570788,,,,,,,8.744677543640137,control,0.24996099089654233,0.24996099089654233
,0.005289314669270333,-0.00043915736441814754,,,-0.14836119284266683,-21.192790408201706,-0.0024566726071900483,-15.034935981685306,-15.039703601999342,-15.037319791842325,8.754783630371094,state,,
0.49992198179308467,,,-0.04994899880719372,-0.04994899880719372,,,,,,,8.754787921905518,control,0.24996099089655122,0.24996099089653345
,-0.0005277222418993155,-0.004402740879802247,,,-0.14438999762615792,-15.159889245348051,-0.0038505580113120655,-15.094921431469073,-15.090882728871938,-15.092902080170505,8.765165567398071,state,,
0.49992198179308467,,,0.011049981168950153,0.011049981168950153,,,,,,,8.765172481536865,control,0.24996099089654233,0.24996099089654233
,-0.0007756764319956371,-0.0012273062824874883,,,-0.14529242980366844,-9.122873919950752,-0.005244299825311326,-15.095260755688184,-15.08083671694014,-15.088048736314162,8.77559494972229,state,,
0.49992198179308467,,,0.07082898154557114,0.07082898154557114,,,,,,,8.77560544013977,control,0.24996099089654233,0.24996099089654233
,-0.00025639342956182133,0.0037809305087725164,,,-0.14762464694438293,-2.6012516716494756,-0.006558465390993697,-15.007652371103113,-15.012880451399155,-15.010266411251134,8.785939455032349,state,,
0.49992198179308467,,,0.12941240191465972,0.12941240191465972,,,,,,,8.785954475402832,control,0.24996099089654233,0.24996099089654233
,0.003121251849157181,-0.0005516475715292776,,,-0.14257248349886392,3.602884774690703,-0.007737026333632245,-14.867651994169039,-14.883339336229088,-14.875495665199065,8.795988082885742,state,,
0.49992198179308467,,,0.18682415387636653,0.18682415387636653,,,,,,,8.795998334884644,control,0.24996099089655122,0.24996099089653345
,0.0031149117311251614,0.0008310130327297661,,,-0.14163827532959036,8.78042208948082,-0.008921461055613715,-14.713025154905832,-14.697551602364364,-14.705288378635098,8.806003093719482,state,,
0.49992198179308467,,,0.2430876707988392,0.2430876707988392,,,,,,,8.806042909622192,control,0.24996099089654233,0.24996099089654233
,-0.00887377899881687,0.00522263760444224,,,-0.14759717808683168,14.30838759553904,-0.0102556167907224,-14.480478453545471,-14.467969944707814,-14.474224199126642,8.816141128540039,state,,
0.49992198179308467,,,0.2982259173828624,0.2982259173828624,,,,,,,8.816150426864624,control,0.24996099089653345,0.24996099089655122
,-0.0009986249122867564,0.0005630717540879052,,,-0.1458317419078935,20.732235560524018,-0.011453340987224114,-14.166304886223498,-14.163021369359669,-14.164663127791584,8.826284885406494,state,,
0.49992198179308467,,,0.35226139903520515,0.35226139903520515,,,,,,,8.826295137405396,control,0.24996099089655122,0.24996099089653345
,0.009069804495818165,-0.0006909282728180189,,,-0.14174584037639015,26.182851151299673,-0.012499375918488946,-13.821674722743353,-13.810496026980683,-13.816085374862018,8.83664608001709,state,,
0.49992198179308467,,,0.40521617105450103,0.40521617105450103,,,,,,,8.836658239364624,control,0.24996099089654233,0.24996099089654233
,0.00408833074063521,0.0062661892715501,,,-0.13119770737653824,31.69923570237699,-0.013228136860363606,-13.417031331849156,-13.405562729967397,-13.411297030908276,8.846833229064941,state,,
0.49992198179308467,,,0.457111847633411,0.457111847633411,,,,,,,8.846845388412476,control,0.24996099089654233,0.24996099089654233
,-0.01341212566106442,0.005900071121645338,,,-0.13041763887280924,37.5226175157527,-0.01422382098562266,-12.934451486022912,-12.952326225256549,-12.94338885563973,8.85694432258606,state,,
0.49992198179308467,,,0.5079696106807428,0.5079696106807428,,,,,,,8.856955528259277,control,0.24996099089654233,0.24996099089654233
,-0.007783671716394518,0.0044904899731413594,,,-0.13084184843001684,42.76067098664298,-0.015206900187509344,-12.429010097370027,-12.435821773762203,-12.432415935566116,8.867544651031494,state,,
0.49992198179308467,,,0.5578102184671279,0.5578102184671279,,,,,,,8.867556095123291,control,0.24996099089655122,0.24996099089653345
,-0.006740414702034041,0.0029108332023483206,,,-0.12460829823944572,47.13284895909962,-0.016026971078122645,-11.88722747820151,-11.895776666469933,-11.891502072335722,8.877999544143677,state,,
0.49992198179308467,,,0.6066540140977852,0.6066540140977852,,,,,,,8.878011226654053,control,0.24996099089655122,0.24996099089653345
,0.008469448728351859,0.004828450479469608,,,-0.1268580318405847,52.790375828803526,-0.016836417993816626,-11.268091954952853,-11.279019999744804,-11.273555977348828,8.88862133026123,state,,
0.49992198179308467,,,0.6545209338158295,0.6545209338158295,,,,,,,8.888633012771606,control,0.24996099089653345,0.24996099089655122
,0.0012972741236154262,0.005028112880565797,,,-0.12120258633237627,57.56255196138066,-0.01750052000658928,-10.616214931815392,-10.627742899493686,-10.62197891565454,8.898719310760498,state,,
0.49992198179308467,,,0.701430515139513,0.701430515139513,,,,,,,8.898730754852295,control,0.24996099089654233,0.24996099089654233
,0.003828351055572662,0.006306868262509468,,,-0.11293864347961136,62.299137031718615,-0.017987121866216562,-9.920742172079404,-9.926462733131391,-9.923602452605397,8.908935546875,state,,
0.49992198179308467,,,0.7474019048367229,0.7474019048367229,,,,,,,8.908946990966797,control,0.24996099089654233,0.24996099089654233
,0.0024780606314714136,-0.005490694432882748,,,-0.1019815485737305,67.29799006906674,-0.018543711514238233,-9.16744147167743,-9.174685198015252,-9.171063334846341,8.91946792602539,state,,
0.49992198179308467,,,0.7924538667399883,0.7924538667399883,,,,,,,8.919479131698608,control,0.24996099089654233,0.24996099089654233
,7.904379601856807e-05,0.004390111886565127,,,-0.09558777966427487,72.234400462406,-0.01893202295374224,-8.371407258167457,-8.368900579231076,-8.370153918699266,8.930015325546265,state,,
0.49992198179308467,,,0.8366047894051885,0.8366047894051885,,,,,,,8.930026531219482,control,0.24996099089654233,0.24996099089654233
,0.0044987306180618745,-0.0009038525118676683,,,-0.08218301651877619,76.87426695447647,-0.01913732755690627,-7.527115967638261,-7.528014993170848,-7.527565480404554,8.940537691116333,state,,
0.49992198179308467,,,0.8798726936170846,0.8798726936170846,,,,,,,8.94054889678955,control,0.2499609908965379,0.24996099089654678
,-0.004411821027746287,0.007975620020122944,,,-0.0770608176194241,80.82815095688144,-0.019318811451418224,-6.649224988693424,-6.663486916299112,-6.656355952496268,8.950876712799072,state,,
0.49992198179308467,,,0.9222752397447429,0.9222752397447429,,,,,,,8.950887680053711,control,0.24996099089654233,0.24996099089654233
,0.009904449017551553,-0.0039351197699871625,,,-0.06617157288246538,85.06990663644282,-0.019414839693139178,-5.743553254698022,-5.732741240807593,-5.738147247752808,8.961089611053467,state,,
0.49992198179308467,,,0.9638297349498479,0.9638297349498479,,,,,,,8.961100816726685,control,0.24996099089654678,0.2499609908965379
,0.004748189298701734,-0.002270715228250136,,,-0.06493662523449593,89.363869251764,-0.019654817254511757,-4.7882824157193244,-4.764053619614979,-4.7761680176671515,8.971389532089233,state,,
0.49992198179308467,,,1.004553140250851,1.004553140250851,,,,,,,8.971402168273926,control,0.2499609908965379,0.24996099089654678
,0.007359452232563454,-0.003439857288086928,,,-0.059032901205180247,94.15147538132496,-0.019761633451794897,-3.754383001968063,-3.7625292895204034,-3.7584561457442334,8.981900215148926,state,,
0.49992198179308467,,,1.044462077445834,1.044462077445834,,,,,,,8.981914281845093,control,0.24996099089654455,0.24996099089654011
,0.0028548366716845274,-0.0036927458837140827,,,-0.04879359739509962,97.57982956058815,-0.019736500778098347,-2.7264455620626746,-2.7297422353541294,-2.7280938987084022,8.992526054382324,state,,
0.49992198179308467,,,1.0835728358969172,1.0835728358969172,,,,,,,8.992538690567017,control,0.24996099089654455,0.24996099089654011
,0.0010144890654161394,0.0011406074654250055,,,-0.03680852915467095,102.3842898899866,-0.019491104719714884,-1.616703812316746,-1.6388674652377908,-1.6277856387772685,9.003032445907593,state,,
0.49992198179308467,,,1.121901379178979,1.121901379178979,,,,,,,9.003044843673706,control,0.24996099089654233,0.24996099089654233
,-0.0038525263606637937,-0.00260023112332542,,,-0.020957553177621442,105.32871988844295,-0.019140596653692336,-0.5332027404828602,-0.5220700215343401,-0.5276363810086002,9.01350212097168,state,,
0.49992198179308467,,,1.1594633515953994,1.1594633515953994,,,,,,,9.013615369796753,control,0.2499609908965429,0.24996099089654178
,-0.0019534029074965518,0.0002660866683875753,,,-0.002905162668257211,110.34901109679441,-0.01851851693350593,0.6624521016488638,0.6490561905838073,0.6557541461163355,9.024076223373413,state,,
0.49992198179308467,,,1.1962740845634914,1.1962740845634914,,,,,,,9.024088144302368,control,0.24996099089654233,0.24996099089654233
,-0.0014498565537774603,-0.0043703964429602105,,,0.010088291865989217,113.17001766336045,-0.017942805192189458,1.8275415927846401,1.8371624806279763,1.8323520367063082,9.034336805343628,state,,
0.49992198179308467,,,1.2323486028722215,1.2323486028722215,,,,,,,9.034348964691162,control,0.24996099089654233,0.24996099089654233
,0.0033241506947476705,0.0026084789583874428,,,0.017146065228701088,117.34956682312028,-0.01723696652225946,3.0750609592082867,3.069673632401007,3.072367295804647,9.044828414916992,state,,
0.49992198179308467,,,1.267701630814777,1.267701630814777,,,,,,,9.044840574264526,control,0.24996099089654233,0.24996099089654233
,0.012262276400181949,0.0016011367201999502,,,0.020546578674610294,121.09550501538034,-0.016521277696099835,4.351847680802303,4.33403392707758,4.342940803939941,9.055124998092651,state,,
-0.5,,,1.1823475981984815,1.1823475981984815,,,,,,,9.055137157440186,control,-0.24999999999999556,-0.25000000000000444
,-0.00403885167906516,-0.00707475106251082,,,0.037697529924666136,119.65769725940804,-0.015719544141117904,5.521258956159391,5.512009754592879,5.5166343553761354,9.065370082855225,state,,
-0.5,,,1.0987006462345117,1.0987006462345117,,,,,,,9.06538200378418,control,-0.25000000000000444,-0.24999999999999556
,0.007688566424394535,-0.0011329088335470573,,,0.05038562639349422,115.87391826004261,-0.01468166356588016,6.617708135298077,6.6125975143917834,6.61515282484493,9.075605869293213,state,,
-0.5,,,1.0167266333098215,1.0167266333098215,,,,,,,9.075618982315063,control,-0.25,-0.25
,0.0005653031913401934,-0.0011486398515880537,,,0.06343496002185209,110.7029271539428,-0.013584225238662581,7.632325077971015,7.647441355753698,7.639883216862357,9.08509635925293,state,,
-0.5,,,0.9363921006436251,0.9363921006436251,,,,,,,9.085099935531616,control,-0.25,-0.25
,-0.0075856145355790204,-0.006479074867979516,,,0.08039428555855405,103.79304604813632,-0.012441076613092877,8.569611221079033,8.566067786775129,8.56783950392708,9.095190286636353,state,,
-0.5,,,0.8576642586307526,0.8576642586307526,,,,,,,9.09519362449646,control,-0.25,-0.25
,-0.003191823292783678,0.006938642266809771,,,0.08483251562377443,96.89308989622685,-0.011190793126522885,9.425239854795512,9.42866852524444,9.426954190019977,9.105297327041626,state,,
-0.5,,,0.7805109734581375,0.7805109734581375,,,,,,,9.105299949645996,control,-0.2500000000000089,-0.24999999999999112
,-0.0028392356235408802,0.008266560550553331,,,0.09119254060460755,89.8554791627768,-0.009845934696213915,10.218174629654754,10.208829226483704,10.21350192806923,9.115439176559448,state,,
-0.5,,,0.7049007539889747,0.7049007539889747,,,,,,,9.115442037582397,control,-0.25,-0.25
,0.0023537072004068326,0.002804775172744476,,,0.1014846715955114,82.1018615712263,-0.00842863136551557,10.898542296389376,10.923693477865703,10.911117887127538,9.125666379928589,state,,
-0.5,,,0.6308027389091952,0.6308027389091952,,,,,,,9.125671148300171,control,-0.24999999999999112,-0.2500000000000089
,0.006148217494968278,0.0034701219366891395,,,0.11268692129874151,75.19299938805996,-0.006875156670808388,11.563638321206831,11.542541527291126,11.55308992424898,9.135986089706421,state,,
-0.5,,,0.5581866841310112,0.5581866841310112,,,,,,,9.135993719100952,control,-0.2500000000000089,-0.24999999999999112
,-0.0037085696855685274,0.0034117967141064987,,,0.11236431267689923,67.16724209646733,-0.005609965824580906,12.083221921579591,12.110834979845157,12.097028450712374,9.146329164505005,state,,
-0.5,,,0.487022950448391,0.487022950448391,,,,,,,9.146406412124634,control,-0.25,-0.25
,0.00030597471740422243,-0.0003300353640522056,,,0.12382121169299251,60.23531627328846,-0.0041137388219732425,12.5956182929694,12.582494881940061,12.589056587454731,9.156787633895874,state,,
-0.5,,,0.4172824914394232,0.4172824914394232,,,,,,,9.156797170639038,control,-0.2500000000000089,-0.24999999999999112
,0.0022061907787649755,0.00046119350078395005,,,0.1323815723807929,53.32310555258913,-0.0025799154654439042,13.017198946593506,13.007353838589323,13.012276392591414,9.16736388206482,state,,
-0.5,,,0.3489368416106347,0.3489368416106347,,,,,,,9.167375087738037,control,-0.24999999999999112,-0.2500000000000089
,-0.00704496226398401,0.0018205063170305122,,,0.1281018450261248,46.483344670839955,-0.0013624531597288192,13.369804903610055,13.36669842421018,13.368251663910117,9.17753791809082,state,,
-0.5,,,0.28195810477842204,0.28195810477842204,,,,,,,9.177550315856934,control,-0.25,-0.25
,-0.0034267213273870907,5.53428000597723e-06,,,0.13714083788100295,39.09210551815785,0.0001201489995898577,13.641741057373604,13.641333931465045,13.641537494419325,9.187702655792236,state,,
-0.5,,,0.21631894268285357,0.21631894268285357,,,,,,,9.187713623046875,control,-0.25,-0.25
,0.004119379765764088,0.004692768565229601,,,0.13855908512699971,31.927759705877342,0.0016112265513777994,13.838894894708668,13.854687078238694,13.846790986473682,9.198516845703125,state,,
-0.5,,,0.1519925638291965,0.1519925638291965,,,,,,,9.198529720306396,control,-0.2500000000000089,-0.24999999999999112
,-0.005968721313866462,0.003651192549158199,,,0.1422131004688374,25.290841341115318,0.003048889475081894,13.993910855140589,13.994228271699232,13.99406956341991,9.208826780319214,state,,
-0.5,,,0.08895271255261256,0.08895271255261256,,,,,,,9.208837270736694,control,-0.24999999999999112,-0.2500000000000089
,0.0010726865354691517,-0.001440686601909806,,,0.13748735720362326,19.709149730884775,0.004238534658279924,14.100828505077192,14.10382285426377,14.102325679670482,9.219352960586548,state,,
-0.5,,,0.027173658301560308,0.027173658301560308,,,,,,,9.219397068023682,control,-0.2500000000000089,-0.24999999999999112
,0.008160532392568053,0.008269892965691859,,,0.13719572350652698,13.136227354698612,0.005703656685273526,14.143312950511874,14.114840338577194,14.129076644544533,9.229500770568848,state,,
-0.5,,,-0.033369814864470895,-0.033369814864470895,,,,,,,9.229511976242065,control,-0.24999999999999112,-0.2500000000000089
,-0.002103356840572197,-0.003679661736464019,,,0.14304362616131056,6.71683677286215,0.0069944092830615595,14.094871403070737,14.093283072928207,14.094077237999471,9.240070343017578,state,,
-0.5,,,-0.09270241856718148,-0.09270241856718148,,,,,,,9.240081310272217,control,-0.24999999999999112,-0.2500000000000089
,0.005874485421102927,0.002353719314108356,,,0.14545848156400246,0.7294584004505182,0.008400761538838349,14.000505233133158,14.011654238048633,14.006079735590895,9.250338315963745,state,,
-0.5,,,-0.15084837019583786,-0.15084837019583786,,,,,,,9.250349760055542,control,-0.24999999999999112,-0.2500000000000089
,0.0042039251972167445,0.0007202824918790399,,,0.14154448414580995,-5.918077491658694,0.009599176520029663,13.844845554475386,13.837354727551233,13.84110014101331,9.260588645935059,state,,
-0.5,,,-0.20783140279192108,-0.20783140279192108,,,,,,,9.260599851608276,control,-0.2500000000000089,-0.24999999999999112
,0.003920638578910149,0.0010654289730230627,,,0.14017267314205656,-11.221909653094876,0.010804135413182201,13.65247143546446,13.636464432335796,13.644467933900128,9.270746231079102,state,,
-0.5,,,-0.2636747747360827,-0.2636747747360827,,,,,,,9.27075743675232,control,-0.25,-0.25
,0.006911895723398115,-0.0020302895356885085,,,0.13514813928622174,-17.196024472731086,0.01184351495545766,13.37181683692816,13.383036560588746,13.377426698758452,9.280939102172852,state,,
-0.5,,,-0.318401279241361,-0.318401279241361,,,,,,,9.28095006942749,control,-0.24999999999999112,-0.2500000000000089
,0.009345843916800128,0.005692828874886658,,,0.13594802821729815,-22.918802456705343,0.013122284036595657,13.061447543090331,13.052868124419073,13.057157833754701,9.290547132492065,state,,
-0.5,,,-0.3720332536565338,-0.3720332536565338,,,,,,,9.290550470352173,control,-0.24999999999999112,-0.2500000000000089
,0.010195801487146333,0.011525721995972404,,,0.12489465373518126,-28.31892414960754,0.01419690456312163,12.683187393235283,12.692858579137337,12.68802298618631,9.300822734832764,state,,
-0.5,,,-0.4245925885834031,-0.4245925885834031,,,,,,,9.30082893371582,control,-0.25,-0.25
,4.1841191925160214e-05,-0.0005600659962877981,,,0.12197760620961345,-34.08380445686553,0.015048500232963499,12.255570496631455,12.255297547157205,12.255434021894331,9.311061143875122,state,,
-0.5,,,-0.47610073681173504,-0.47610073681173504,,,,,,,9.311069011688232,control,-0.2500000000000089,-0.24999999999999112
,0.0025090164655132046,0.0006884516838776285,,,0.11613075462855249,-38.72504385980316,0.015821578258892008,11.794781797635968,11.79385013034655,11.79431596399126,9.321349620819092,state,,
-0.5,,,-0.5265787220755003,-0.5265787220755003,,,,,,,9.321360111236572,control,-0.25,-0.25
,-0.0036418267891777283,0.006373938495286599,,,0.11357274204815326,-44.53912992313728,0.01666531235232935,11.241900089820376,11.270881132391134,11.256390611105754,9.331518650054932,state,,
-0.5,,,-0.5760471476339903,-0.5760471476339903,,,,,,,9.331529140472412,control,-0.24999999999999112,-0.2500000000000089
,-0.0010630092418437763,-0.0014940964886537597,,,0.1092264715351064,-49.48771976467721,0.017294735758247477,10.676910308120316,10.688598011874564,10.68275415999744,9.341914415359497,state,,
-0.5,,,-0.6245262046813105,-0.6245262046813105,,,,,,,9.341923713684082,control,-0.25,-0.25
,0.0007546136364093967,0.00434769851546142,,,0.10329429101086507,-54.26354956122505,0.017950679969674022,10.064360627682678,10.063857317190473,10.064108972436575,9.35206151008606,state,,
-0.5,,,-0.6720356805876844,-0.6720356805876844,,,,,,,9.352100372314453,control,-0.24999999999999112,-0.2500000000000089
,-0.00287818276945894,-0.0044547969415827315,,,0.10966670563033104,-59.42306478738384,0.01865743002849521,9.38759405478112,9.387930123904138,9.38776208934263,9.36251711845398,state,,
-0.5,,,-0.7185949669759306,-0.7185949669759306,,,,,,,9.362528800964355,control,-0.2500000000000089,-0.24999999999999112
,-0.0004901895256029727,-0.0017941617678537563,,,0.1074494058534794,-64.48122969783404,0.01926148451210094,8.66216601960533,8.662727175428824,8.662446597517077,9.372868537902832,state,,
-0.5,,,-0.7642230676364119,-0.7642230676364119,,,,,,,9.37287950515747,control,-0.25,-0.25
,-0.0012268570086084998,0.0012145924005923443,,,0.09431421084486166,-69.46294255402968,0.019604843903094082,7.882776640896474,7.894284857831489,7.888530749363982,9.382981061935425,state,,
-0.5,,,-0.8089386062836836,-0.8089386062836836,,,,,,,9.382994174957275,control,-0.25,-0.25
,-0.002486755378336383,-0.0010634500617851819,,,0.08562096481266723,-72.96633689446469,0.019873763715838013,7.107821484553879,7.09839677090871,7.103109127731295,9.393609762191772,state,,
-0.5,,,-0.85275983415801,-0.85275983415801,,,,,,,9.393621683120728,control,-0.25,-0.25
,-0.008106026850611282,-0.002554187882333254,,,0.08048602357844994,-78.21350037750443,0.02007306103737294,6.241409709698257,6.233516137106833,6.2374629234025445,9.403850078582764,state,,
-0.5,,,-0.8957046374748499,-0.8957046374748499,,,,,,,9.40386176109314,control,-0.24999999999999556,-0.25000000000000444
,0.0016063014593469358,0.004884725952520317,,,0.07355797308296408,-82.78699751667554,0.020382788587406282,5.338635560580933,5.3349714005075,5.336803480544217,9.413997173309326,state,,
-0.5,,,-0.9377905447253527,-0.9377905447253527,,,,,,,9.414007663726807,control,-0.25,-0.25
,0.0002842651392600021,0.008279484390872515,,,0.06288182407279816,-87.53837404375803,0.020576454784732558,4.3859501970985395,4.385648270959538,4.385799234029038,9.424535989761353,state,,
-0.5,,,-0.9790347338308456,-0.9790347338308456,,,,,,,9.424546957015991,control,-0.24999999999999556,-0.25000000000000444
,0.007928113385177188,0.0014063420723017445,,,0.05053145326794559,-90.74489611233832,0.020548246908809395,3.43456470876965,3.420069069572099,3.4273168891708745,9.434975862503052,state,,
-0.5,,,-1.0194540391542286,-1.0194540391542286,,,,,,,9.43498682975769,control,-0.25,-0.25
,0.0017408636808967282,0.002831295429328301,,,0.038160862569022305,-95.38692448219567,0.020379559010641483,2.4087512047113337,2.39038373177938,2.399567468245357,9.445106983184814,state,,
-0.5,,,-1.059064958371144,-1.059064958371144,,,,,,,9.445118188858032,control,-0.25,-0.25
,0.007961639317326229,0.0023098394458300107,,,0.025756093257862808,-98.92070760383979,0.02012866860797039,1.347809314065843,1.3604276600232017,1.3541184870445222,9.455842733383179,state,,
-0.5,,,-1.097883659203721,-1.097883659203721,,,,,,,9.455855369567871,control,-0.2499999999999989,-0.2500000000000011
,-0.0018204242361884678,0.0017009349338808826,,,0.01494538170729674,-103.38200174769278,0.019717747436118104,0.23912917080568072,0.25946036521328164,0.2492947680094812,9.466005802154541,state,,
-0.5,,,-1.1359259860196467,-1.1359259860196467,,,,,,,9.466016292572021,control,-0.2500000000000001,-0.24999999999999986
,0.0019342832093136653,0.004039129846810475,,,0.00289490187582019,-107.51492554093949,0.01924892154709721,-0.89540226842621,-0.8878617565970816,-0.8916320125116457,9.476276636123657,state,,
-0.5,,,-1.1732074662992538,-1.1732074662992538,,,,,,,9.476288557052612,control,-0.25000000000000056,-0.24999999999999944
,0.004550111651798742,0.01091671276961291,,,-0.0009389064418029939,-110.8163942979877,0.019027201189847524,-2.0570964044615363,-2.0475845209510437,-2.0523404627062902,9.486774444580078,state,,
-0.5,,,-1.2097433169732688,-1.2097433169732688,,,,,,,9.486785411834717,control,-0.24999999999999778,-0.2500000000000022
,0.0020395796014183736,0.007232591502377759,,,-0.012294919267969094,-115.32464137861271,0.018494240924674655,-3.2673577140166876,-3.287318000480363,-3.277337857248525,9.497068643569946,state,,
-0.5,,,-1.2455484506338035,-1.2455484506338035,,,,,,,9.497116327285767,control,-0.25,-0.25
,-0.003974975320446409,-0.009289276979496573,,,-0.028599276801310157,-119.17089902185981,0.017383498528078238,-4.537979152585409,-4.52254472561439,-4.5302619390998995,9.50773286819458,state,,
0.49992198179308467,,,-1.1606374816211273,-1.1606374816211273,,,,,,,9.507744073867798,control,0.24996099089654233,0.24996099089654233
,-0.0005338195796911328,0.0012718746512845411,,,-0.03783453810078885,-117.89295725757717,0.016536399341864065,-5.696432743686414,-5.681272129911096,-5.688852436798755,9.518125295639038,state,,
0.49992198179308467,,,-1.0774247319887047,-1.0774247319887047,,,,,,,9.518136501312256,control,0.24996099089654233,0.24996099089654233
,0.005475287696178284,0.0015879547506147244,,,-0.047847314977109465,-113.30435945879208,0.01564649386054548,-6.745594699263853,-6.752137759202051,-6.748866229232952,9.528708457946777,state,,
0.49992198179308467,,,-0.9958762373489305,-0.9958762373489305,,,,,,,9.528719663619995,control,0.24996099089654678,0.2499609908965379
,0.0013842338671252866,0.00010226732445484805,,,-0.055278083297423536,-107.94474969618557,0.014683860915069924,-7.742465556639149,-7.7435602183979855,-7.743012887518567,9.538880825042725,state,,
0.49992198179308467,,,-0.9159587126019519,-0.9159587126019519,,,,,,,9.538891315460205,control,0.24996099089654233,0.24996099089654233
,-0.004559891344337418,-0.0005236256432424234,,,-0.07220548446270919,-101.70308376306002,0.013370696968921195,-8.650514043595072,-8.670895009426218,-8.660704526510646,9.549535751342773,state,,
0.49992198179308467,,,-0.8376395383499129,-0.8376395383499129,,,,,,,9.54954719543457,control,0.24996099089655122,0.24996099089653345
,-0.010472407598152562,0.006022033142580342,,,-0.0762567022508914,-94.7215678517486,0.012322559338141694,-9.499863286021325,-9.49374857052295,-9.496805928272138,9.559768915176392,state,,
0.49992198179308467,,,-0.7608867475829146,-0.7608867475829146,,,,,,,9.559816837310791,control,0.24996099089655122,0.24996099089653345
,-0.0003038606629879009,-0.00722770129316073,,,-0.08912221778182186,-87.62637265313529,0.010861312859117414,-10.263615851492666,-10.256676380502077,-10.260146115997372,9.569928169250488,state,,
0.49992198179308467,,,-0.6856690126312563,-0.6856690126312563,,,,,,,9.569938659667969,control,0.24996099089655122,0.24996099089653345
,0.0021062972019094913,-0.0058462121916477115,,,-0.09607255062038343,-80.06616195788135,0.00949699405498499,-10.942792502322346,-10.938173988236851,-10.940483245279598,9.579951524734497,state,,
0.49992198179308467,,,-0.6119556323786313,-0.6119556323786313,,,,,,,9.579961776733398,control,0.24996099089653345,0.24996099089655122
,-0.011113673588282674,0.007439756319985874,,,-0.10648016473707958,-73.25173992331011,0.00815256191860905,-11.571291674842765,-11.557799823959364,-11.564545749401065,9.590360403060913,state,,
0.49992198179308467,,,-0.5397165197310587,-0.5397165197310587,,,,,,,9.590373277664185,control,0.24996099089654233,0.24996099089654233
,0.003794164610561458,0.0025754841259185307,,,-0.11061714888533598,-65.0561785440469,0.0069126855276005665,-12.080499852202735,-12.088842396495776,-12.084671124349256,9.600167751312256,state,,
0.49992198179308467,,,-0.46892218933643753,-0.46892218933643753,,,,,,,9.600175857543945,control,0.24996099089655122,0.24996099089653345
,0.002614119119109425,0.0030408415867226057,,,-0.11497771524642825,-58.36111595401148,0.005651262174307985,-12.572353893276627,-12.551100213399362,-12.561727053337995,9.610670328140259,state,,
0.49992198179308467,,,-0.3995437455497088,-0.3995437455497088,,,,,,,9.610680341720581,control,0.24996099089654233,0.24996099089654233
,-0.0022955265371827206,0.0008368073344314984,,,-0.12581865606301612,-51.82711407056445,0.004130354651563908,-12.988188423271602,-12.963824225231209,-12.976006324251404,9.620847463607788,state,,
0.49992198179308467,,,-0.3315528706387146,-0.3315528706387146,,,,,,,9.620856523513794,control,0.24996099089653345,0.24996099089655122
,0.013982191966705328,0.00010266734507074594,,,-0.12513995020259058,-43.981605142875004,0.0029334658707499757,-13.306280977383112,-13.275633468594522,-13.290957222988817,9.631000757217407,state,,
0.49992198179308467,,,-0.2649218132259403,-0.2649218132259403,,,,,,,9.631009817123413,control,0.24996099089654233,0.24996099089654233
,-0.006289993655747676,-0.005264478541340831,,,-0.13718012428528598,-36.88592654644026,0.0011938990317827292,-13.54614723946143,-13.54762327280222,-13.546885256131825,9.641614437103271,state,,
0.49992198179308467,,,-0.19962337696142146,-0.19962337696142146,,,,,,,9.641623973846436,control,0.24996099089654233,0.24996099089654233
,0.00021574341931095516,0.0007799772973569307,,,-0.13444943172913226,-31.04033529888798,-9.316562334503032e-05,-13.76170310559691,-13.766803164175968,-13.764253134886438,9.651829481124878,state,,
0.49992198179308467,,,-0.13563090942219302,-0.13563090942219302,,,,,,,9.651839256286621,control,0.24996099089653345,0.24996099089655122
,-0.00029965838945284157,-0.005110679445028592,,,-0.12745688271973196,-24.153664623999653,-0.0013327041021056873,-13.90403255751426,-13.888337468867716,-13.896185013190987,9.66211986541748,state,,
0.49992198179308467,,,-0.07291829123374916,-0.07291829123374916,,,,,,,9.662131071090698,control,0.24996099089653345,0.24996099089655122
,-0.006890522182284014,0.0047017023123729395,,,-0.13426055444529325,-18.247447855624763,-0.002696054345704569,-13.983526885726938,-13.985791379035712,-13.984659132381324,9.672335624694824,state,,
0.49992198179308467,,,-0.011459925409074173,-0.011459925409074173,,,,,,,9.672348499298096,control,0.24996099089653345,0.24996099089655122
,-0.0005920242225047958,0.004143265691799958,,,-0.14022628913642482,-11.596966115712808,-0.004041118165308524,-13.990497183095291,-13.999068995411738,-13.994783089253515,9.682945728302002,state,,
0.49992198179308467,,,0.04876927309910731,0.04876927309910731,,,,,,,9.682957887649536,control,0.24996099089654233,0.24996099089654233
,0.005944498899887676,0.0008564855036297455,,,-0.14045586754810596,-4.576506933912153,-0.005284544590572101,-13.933715658983596,-13.923912501889983,-13.92881408043679,9.693349838256836,state,,
0.49992198179308467,,,0.10779388763712516,0.10779388763712516,,,,,,,9.693389415740967,control,0.24996099089655122,0.24996099089653345
,-0.018234954300062153,0.01275391300639362,,,-0.13290629066301893,1.0682501648426315,-0.006266454501237425,-13.827656037391696,-13.828928921221054,-13.828292479306375,9.702998638153076,state,,
0.49992198179308467,,,0.16563800988438265,0.16563800988438265,,,,,,,9.703006982803345,control,0.24996099089654233,0.24996099089654233
,0.00856612548745513,0.001325936576415042,,,-0.12779185167345225,6.982806224981382,-0.007229724778241868,-13.66809640491088,-13.6605662625692,-13.66433133374004,9.71312427520752,state,,
0.49992198179308467,,,0.22232524968669498,0.22232524968669498,,,,,,,9.713132381439209,control,0.24996099089655122,0.24996099089653345
,-0.004824108442320344,-0.001072514369955956,,,-0.1333035619117609,13.22313437720722,-0.008537480695928324,-13.423011043214109,-13.442553122333377,-13.432782082773743,9.72308349609375,state,,
0.49992198179308467,,,0.2778787446929611,0.2778787446929611,,,,,,,9.72308897972107,control,0.24996099089654233,0.24996099089654233
,0.000177460928579166,-0.002121904629990324,,,-0.1324867014760116,18.60855439959891,-0.00969470434234527,-13.153288241954991,-13.168681592162576,-13.160984917058784,9.733062505722046,state,,
0.49992198179308467,,,0.33232116979910187,0.33232116979910187,,,,,,,9.733065605163574,control,0.24996099089654233,0.24996099089654233
,0.0010001421789441758,0.0031525607912274763,,,-0.13246421885095191,24.215687883199983,-0.010736898156393603,-12.826839525855373,-12.832335948499958,-12.829587737177665,9.743148803710938,state,,
0.49992198179308467,,,0.38567474640311983,0.38567474640311983,,,,,,,9.743151664733887,control,0.24996099089653345,0.24996099089655122
,-0.004478953637511773,0.003037932009490223,,,-0.13111224853075926,29.601082458940784,-0.011767088825314577,-12.465235875328169,-12.430495516402457,-12.447865695865314,9.753246545791626,state,,
0.49992198179308467,,,0.43796125147505743,0.43796125147505743,,,,,,,9.753248929977417,control,0.24996099089655122,0.24996099089653345
,0.005365951300187108,-0.004733109936109202,,,-0.12837059149607666,35.11636570512956,-0.01279931075007968,-12.01332061801151,-12.004526541379954,-12.008923579695733,9.76342511177063,state,,
0.49992198179308467,,,0.48920202644555627,0.48920202644555627,,,,,,,9.763431549072266,control,0.24996099089654233,0.24996099089654233
,0.006915636931440653,0.0018447108956665592,,,-0.12532472210654927,40.083924377931865,-0.013642636017852827,-11.534836435089357,-11.523209933168369,-11.529023184128864,9.773566722869873,state,,
0.49992198179308467,,,0.5394179859166451,0.5394179859166451,,,,,,,9.773569345474243,control,0.24996099089655122,0.24996099089653345
,-0.006221369247827656,-0.004789351999672739,,,-0.12006030096159752,46.21131668465186,-0.014603670979656161,-10.966433123896334,-10.972345955892807,-10.969389539894571,9.78365445137024,state,,
0.49992198179308467,,,0.5886296261983122,0.5886296261983122,,,,,,,9.78365707397461,control,0.24996099089655122,0.24996099089653345
,-0.009880797819252411,-0.00796786819103831,,,-0.10310236980126711,50.606302251666065,-0.015283116801539971,-10.389198655955058,-10.397557643239196,-10.393378149597126,9.793741226196289,state,,
0.49992198179308467,,,0.636857033674346,0.636857033674346,,,,,,,9.793744802474976,control,0.24996099089653345,0.24996099089655122
,-0.0021325956262685983,0.004041455703982065,,,-0.10248636658678595,55.89711689088344,-0.015917265192227106,-9.753948890149651,-9.746453210664049,-9.75020105040685,9.803900957107544,state,,
0.49992198179308467,,,0.684119893000859,0.684119893000859,,,,,,,9.803903818130493,control,0.24996099089655122,0.24996099089653345
,0.00603471980671405,-0.006633725910645638,,,-0.09858651655870865,60.45207265340994,-0.0165868611704067,-9.084344193808455,-9.062027708902846,-9.07318595135565,9.814111948013306,state,,
0.49992198179308467,,,0.7304374951408417,0.7304374951408417,,,,,,,9.814115047454834,control,0.24996099089654233,0.24996099089654233
,-0.0020204293614013626,0.004134518434869761,,,-0.08934460987421425,64.60619249730682,-0.016929044369068603,-8.36801883564646,-8.35399947564824,-8.36100915564735,9.824437379837036,state,,
0.49992198179308467,,,0.7758287452380248,0.7758287452380248,,,,,,,9.824441909790039,control,0.24996099089654233,0.24996099089654233
,-0.002440647129698464,0.001320704028727451,,,-0.0748558720727959,70.72558921578006,-0.017095931001731623,-7.55700987711852,-7.555710202563511,-7.556360039841016,9.834707260131836,state,,
0.49992198179308467,,,0.8203121703332643,0.8203121703332643,,,,,,,9.834713459014893,control,0.24996099089654233,0.24996099089654233
,0.0027704414500305126,-0.0004339719297956784,,,-0.07263639379111961,74.69890721952706,-0.017422971438351666,-6.7429316459937345,-6.749335649143284,-6.746133647568509,9.845160722732544,state,,
0.49992198179308467,,,0.863905926926599,0.863905926926599,,,,,,,9.845237016677856,control,0.24996099089654233,0.24996099089654233
,-0.0013896314168657217,-0.005018486228540783,,,-0.06541801760508532,79.56893404205132,-0.017710794785912806,-5.870347152012428,-5.875523693924594,-5.872935422968511,9.855773687362671,state,,
0.49992198179308467,,,0.906627808388067,0.906627808388067,,,,,,,9.855784893035889,control,0.24996099089654233,0.24996099089654233
,-0.0027896280401733826,-0.0001594940953389302,,,-0.05819561829937054,83.31644546705576,-0.01784218909910612,-4.980041384415803,-4.980213558663542,-4.980127471539673,9.866011142730713,state,,
0.49992198179308467,,,0.9484952522203056,0.9484952522203056,,,,,,,9.86602258682251,control,0.24996099089654233,0.24996099089654233
,-0.0060593218278241455,0.000777057865166202,,,-0.054910879458183445,87.96397091861724,-0.018007076844295044,-4.02576417942883,-4.02727601552589,-4.02652009747736,9.876097679138184,state,,
0.49992198179308467,,,0.9895253471758996,0.9895253471758996,,,,,,,9.876108407974243,control,0.24996099089654233,0.24996099089654233
,-0.00820646399351988,-0.007702173758067199,,,-0.044605377064748035,92.82187463564848,-0.018131572717208503,-3.0108643739374648,-3.0311064503782825,-3.0209854121578736,9.886420726776123,state,,
0.49992198179308467,,,1.0297348402323816,1.0297348402323816,,,,,,,9.886430978775024,control,0.24996099089654233,0.24996099089654233
,-0.007894506679990879,0.0010544343915418744,,,-0.034123685210412834,96.24568609200341,-0.017983186741060295,-2.003922598834183,-2.0041512001427866,-2.0040368994884847,9.896626472473145,state,,
0.49992198179308467,,,1.069140143427734,1.069140143427734,,,,,,,9.896672010421753,control,0.24996099089654233,0.24996099089654233
,0.005967619140325414,-0.0024152211888379235,,,-0.022866433041978287,100.02236235699306,-0.017676815456887613,-0.9471508224134542,-0.9402603902174659,-0.9437056063154601,9.907008171081543,state,,
0.49992198179308467,,,1.1077573405591792,1.1077573405591792,,,,,,,9.907018899917603,control,0.2499609908965429,0.24996099089654178
,-0.0027119495039906734,0.004832743730413506,,,-0.010334641982899875,104.61579453524264,-0.017163759715595663,0.1806530588200705,0.17046510663902062,0.17555908272954557,9.917545795440674,state,,
0.49992198179308467,,,1.1456021937479957,1.1456021937479957,,,,,,,9.917556524276733,control,0.2499609908965422,0.24996099089654247
,-0.0003021524099405458,-0.002725861005683622,,,-0.0027861373065437376,108.67205324282438,-0.016787175222854153,1.325484807570068,1.3281891474997458,1.326836977534907,9.927801847457886,state,,
0.49992198179308467,,,1.1826901498730358,1.1826901498730358,,,,,,,9.927813053131104,control,0.24996099089654233,0.24996099089654233
,-0.0007552832103964534,-0.001827126184748342,,,0.008582245163557817,111.72408303271396,-0.01623380961777674,2.4949017247870913,2.4904030164419315,2.492652370614511,9.938437223434448,state,,
0.49992198179308467,,,1.2190363468755752,1.2190363468755752,,,,,,,9.938447952270508,control,0.24996099089654455,0.24996099089654011
,0.0008536182319618381,0.0020411401479689373,,,0.016711802917974274,116.44237459041375,-0.01557857568283335,3.737102283809794,3.7272378340988404,3.732170058954317,9.948776960372925,state,,
0.49992198179308467,,,1.2546556199380636,1.2546556199380636,,,,,,,9.9487886428833,control,0.24996099089654455,0.24996099089654011
,-0.0031453907180111437,0.0027158303446681927,,,0.030174601748359065,119.79946646469097,-0.014738502663766279,4.98352079946895,4.983668200974474,4.983594500221712,9.958902835845947,state,,
-0.5,,,1.1695625075393024,1.1695625075393024,,,,,,,9.958913326263428,control,-0.25,-0.25
,0.008902621189396939,0.0023275093374450708,,,0.03767351085893632,117.95011083960168,-0.01385248223789066,6.134987294496196,6.1323371048857105,6.133662199690953,9.9685697555542,state,,
-0.5,,,1.0861712573885163,1.0861712573885163,,,,,,,9.968572854995728,control,-0.24999999999999556,-0.25000000000000444
,0.006776921931981435,-0.0009637506807571081,,,0.048050509842881936,115.06805578403501,-0.012914503993858581,7.224287775983789,7.252659077407533,7.238473426695661,9.979121923446655,state,,
-0.5,,,1.004447832240746,1.004447832240746,,,,,,,9.979125499725342,control,-0.25,-0.25
,-0.005925682176373812,0.004708033232248878,,,0.05574507662599339,109.13472904992035,-0.0119507471414172,8.2459876997253,8.224790078921702,8.2353888893235,9.989322423934937,state,,
-0.5,,,0.9243588755959311,0.9243588755959311,,,,,,,9.98932671546936,control,-0.25,-0.25
,-0.006826969815382332,0.002103652787660041,,,0.0721859347013554,102.89034652475978,-0.010763784225840319,9.176160522894952,9.153659317160054,9.164909920027503,9.999667406082153,state,,
-0.5,,,0.8458716980840124,0.8458716980840124,,,,,,,9.999673128128052,control,-0.25,-0.25
,-0.0051947229973351005,-5.0564783303612666e-05,,,0.08820739493443955,95.7663372054941,-0.009477970474823447,10.010367686780938,10.008014637825177,10.009191162303058,10.009994745254517,state,,
-0.5,,,0.7689542641223321,0.7689542641223321,,,,,,,10.01000452041626,control,-0.25,-0.25
,0.0005937163019491821,-0.003326712352069797,,,0.09678236580613632,87.68141849588545,-0.008267823637499871,10.763242490439264,10.751417248658486,10.757329869548876,10.020409107208252,state,,
-0.5,,,0.6935751788398854,0.6935751788398854,,,,,,,10.020421504974365,control,-0.2500000000000089,-0.24999999999999112
,0.007891944933211756,0.0012960466425181259,,,0.10158326622463941,81.47652735908405,-0.006953643424873184,11.480826305530789,11.46585616159484,11.473341233562813,10.03097414970398,state,,
-0.5,,,0.6197036752630878,0.6197036752630878,,,,,,,10.03098464012146,control,-0.24999999999999112,-0.2500000000000089
,0.005971217274361396,0.00337079077653786,,,0.1094405272005541,73.82014136063526,-0.005516814815184402,12.099267580000856,12.080107378762936,12.089687479381896,10.04152250289917,state,,
-0.5,,,0.5473096017578261,0.5473096017578261,,,,,,,10.041533946990967,control,-0.25,-0.25
,-0.00034295105666200704,-0.0012450813228514163,,,0.11439500862072306,66.24425862585665,-0.004238059105831297,12.623521194221539,12.63959109995447,12.631556147088006,10.05200481414795,state,,
-0.5,,,0.4763634097226695,0.4763634097226695,,,,,,,10.052016258239746,control,-0.2500000000000089,-0.24999999999999112
,-0.004617649572998165,0.0008077944729032908,,,0.11625907615113737,59.19121994874696,-0.003008443121200139,13.116015162682379,13.106416336612504,13.111215749647442,10.062587976455688,state,,
-0.5,,,0.4068361415282161,0.4068361415282161,,,,,,,10.062599182128906,control,-0.2500000000000089,-0.24999999999999112
,0.0057364253795511855,0.0005726638773071797,,,0.12031422517951725,52.38078239054914,-0.0016569624211274084,13.522346542924847,13.530917643779844,13.526632093352346,10.073096752166748,state,,
-0.5,,,0.3386994186976518,0.3386994186976518,,,,,,,10.073107481002808,control,-0.25,-0.25
,-0.002120049014010904,0.008720376832369628,,,0.1349510785372904,44.607334379029766,6.891742626562222e-05,13.851762774734464,13.846211564370586,13.848987169552526,10.083626985549927,state,,
-0.5,,,0.27192543032369876,0.27192543032369876,,,,,,,10.083638191223145,control,-0.2500000000000089,-0.24999999999999112
,0.0066514608691517355,0.0037182853832333153,,,0.1358265828219535,38.53126813002759,0.0015264879527369325,14.142659501552588,14.132533004536509,14.13759625304455,10.096821546554565,state,,
-0.5,,,0.20648692171722477,0.20648692171722477,,,,,,,10.0968337059021,control,-0.2500000000000089,-0.24999999999999112
,0.001245684106901449,-0.001422589399324843,,,0.14006042560005771,31.302426859091383,0.0029131626028549877,14.323082404756585,14.348057474295103,14.335569939525843,10.104308605194092,state,,
-0.5,,,0.14235718328288027,0.14235718328288027,,,,,,,10.10435438156128,control,-0.24999999999999112,-0.2500000000000089
,0.0012418542881565693,-2.1728267119886773e-05,,,0.14549782086709573,24.135996771428758,0.004370147154709233,14.462231299260209,14.463513960665257,14.462872629962732,10.114938020706177,state,,
-0.5,,,0.07951003961722267,0.07951003961722267,,,,,,,10.114948749542236,control,-0.24999999999999112,-0.2500000000000089
,0.002966678984404039,0.004579000558089189,,,0.14187070062025173,18.023945605258522,0.00571931038264855,14.549088143571542,14.542583397353775,14.54583577046266,10.125076293945312,state,,
-0.5,,,0.017919838824878215,0.017919838824878215,,,,,,,10.12509036064148,control,-0.2500000000000089,-0.24999999999999112
,-0.004902847851841566,0.006188286156515553,,,0.14436497654934816,11.82839410855649,0.007132841100672974,14.571167741118352,14.559861152801993,14.565514446960172,10.135323762893677,state,,
-0.5,,,-0.04243855795161935,-0.04243855795161935,,,,,,,10.135334968566895,control,-0.25,-0.25
,-0.0035815275418112514,0.0060585606254506055,,,0.15196714168397119,6.005731348614338,0.008679676690843416,14.534191022541629,14.531611386310624,14.532901204426127,10.145915031433105,state,,
-0.5,,,-0.10158978679258696,-0.10158978679258696,,,,,,,10.145926713943481,control,-0.25,-0.25
,-0.004594172071702734,0.006425098648099857,,,0.14716667361474567,-0.5967614899408931,0.009954369530190525,14.420495540048256,14.423207764608199,14.421851652328227,10.156454086303711,state,,
-0.5,,,-0.1595579910567352,-0.1595579910567352,,,,,,,10.156465291976929,control,-0.25,-0.25
,-0.0006597898870905789,-0.0060600936028762835,,,0.1503838202792915,-6.029300091148064,0.011157528423185003,14.26300739462605,14.287186833823515,14.275097114224781,10.167059898376465,state,,
-0.5,,,-0.2163668312356005,-0.2163668312356005,,,,,,,10.167071342468262,control,-0.24999999999999112,-0.2500000000000089
,0.006338815420911135,0.0010507986032430312,,,0.14057922501574857,-12.091039220285634,0.012221466882848754,14.061401755391335,14.054020539425352,14.057711147408344,10.177650928497314,state,,
-0.5,,,-0.2720394946108885,-0.2720394946108885,,,,,,,10.177663326263428,control,-0.2500000000000089,-0.24999999999999112
,0.0025697080005497707,0.010250320871628483,,,0.12959435463012908,-17.860383350419514,0.013280900487578776,13.789065970910418,13.785504729556077,13.787285350233248,10.1877920627594,state,,
-0.5,,,-0.3265987047186707,-0.3265987047186707,,,,,,,10.187802791595459,control,-0.25,-0.25
,-0.00034182310636682886,-0.006281184166319551,,,0.12930920711826305,-23.91113401752309,0.014154627873534682,13.445135358976987,13.458611285521824,13.451873322249405,10.197997093200684,state,,
-0.5,,,-0.3800667306242973,-0.3800667306242973,,,,,,,10.198042631149292,control,-0.24999999999999112,-0.2500000000000089
,0.0028698573452686895,-0.0022094747473608302,,,0.1281259892765763,-29.105528588138043,0.015084743317618441,13.075090914096045,13.08120244418339,13.078146679139717,10.207422018051147,state,,
-0.5,,,-0.43246539601181133,-0.43246539601181133,,,,,,,10.207424640655518,control,-0.25,-0.25
,-0.000659315599442379,-0.0031205315141597223,,,0.12677889278676707,-34.80255110656864,0.01593736692374358,12.636452625014474,12.642447852190774,12.639450238602624,10.217516422271729,state,,
-0.5,,,-0.4838160880915751,-0.4838160880915751,,,,,,,10.217519044876099,control,-0.25,-0.25
,0.010143202062722312,0.0036172111472849307,,,0.12121540252456248,-39.82610140057325,0.016858007808932804,12.171005056274787,12.151468820686683,12.161236938480734,10.22759485244751,state,,
-0.5,,,-0.5341397663297436,-0.5341397663297436,,,,,,,10.2275972366333,control,-0.24999999999999112,-0.2500000000000089
,-0.0010018244576138304,-0.002375670510170056,,,0.1249765044345289,-45.10520851184221,0.017748463861563528,11.630752709231588,11.621577799119029,11.626165254175309,10.237680196762085,state,,
-0.5,,,-0.5834569710031487,-0.5834569710031487,,,,,,,10.237690925598145,control,-0.25,-0.25
,0.01120609519518859,-0.004821043975899605,,,0.11909402805359057,-50.20791586843234,0.01845831856097334,11.04286486998864,11.04288310120279,11.042873985595715,10.247781753540039,state,,
-0.5,,,-0.6317878315830858,-0.6317878315830858,,,,,,,10.24778413772583,control,-0.2500000000000089,-0.24999999999999112
,0.002994049788140539,-0.0059047095847512675,,,0.10813123582207461,-54.979929033093924,0.01888618147214738,10.416840615304553,10.4174108784939,10.417125746899227,10.257879495620728,state,,
-0.5,,,-0.6791520749514242,-0.6791520749514242,,,,,,,10.25788140296936,control,-0.2500000000000089,-0.24999999999999112
,0.002969172165240954,-0.0035317899706481526,,,0.10517515201879712,-60.057402902526036,0.019445278836479177,9.727256809340457,9.744225613459468,9.735741211399962,10.268073558807373,state,,
-0.5,,,-0.7255690334523957,-0.7255690334523957,,,,,,,10.268075942993164,control,-0.24999999999999112,-0.2500000000000089
,0.0003861868877196078,0.0020030505448273774,,,0.0991981289378217,-64.79372811802892,0.019971094755428926,9.00791563732668,9.016930309085051,9.012422973205865,10.27840518951416,state,,
-0.5,,,-0.7710576527833477,-0.7710576527833477,,,,,,,10.27840805053711,control,-0.24999999999999112,-0.2500000000000089
,-0.00026333469811598125,0.0019258686358680059,,,0.09395468734770432,-69.85384640107671,0.020440192676928808,8.233120812711192,8.23357963820366,8.233350225457425,10.288492918014526,state,,
-0.5,,,-0.8156364997276808,-0.8156364997276808,,,,,,,10.288495779037476,control,-0.24999999999999112,-0.2500000000000089
,0.0052581559053967155,0.0008322521947339126,,,0.08482711952828283,-74.12883583259881,0.02077058169735486,7.402965712828207,7.445080881496196,7.4240232971622016,10.298525094985962,state,,
-0.5,,,-0.8593237697331273,-0.8593237697331273,,,,,,,10.298527240753174,control,-0.25,-0.25
,0.004054945475489625,-0.002340250360928918,,,0.07198742244068675,-78.6911444731553,0.020842786024914867,6.563411462967768,6.565589447482443,6.564500455225105,10.308689832687378,state,,
-0.5,,,-0.9021372943384647,-0.9021372943384647,,,,,,,10.308703899383545,control,-0.25,-0.25
,-0.0019693485914531075,-0.0038136262640152585,,,0.06353515469088516,-83.73376354379815,0.020827038349879992,5.6445418923110475,5.649272197018747,5.646907044664897,10.318806171417236,state,,
-0.5,,,-0.9440945484516954,-0.9440945484516954,,,,,,,10.318808555603027,control,-0.25,-0.25
,0.006351550100911374,0.0041814326252907884,,,0.0531562093133022,-87.24357357213381,0.020890111817645454,4.716462173038576,4.720759721783916,4.718610947411246,10.328943252563477,state,,
-0.5,,,-0.9852126574826614,-0.9852126574826614,,,,,,,10.328946352005005,control,-0.25,-0.25
,0.00577690911117563,-0.0007298353223953475,,,0.046468841110556505,-91.7202198881175,0.02084849753531725,3.7152293644906424,3.7450920546369146,3.7301607095637785,10.339149713516235,state,,
-0.5,,,-1.025508404333008,-1.025508404333008,,,,,,,10.33915400505066,control,-0.25,-0.25
,0.002531214078360357,0.002327776583961677,,,0.038991284613216846,-96.47861053685095,0.020754780782628986,2.6796988656804004,2.6995860641285017,2.689642464904451,10.349479913711548,state,,
-0.5,,,-1.064998236246348,-1.064998236246348,,,,,,,10.349486827850342,control,-0.25,-0.25
,-0.0003784101414498091,-0.002570417509120953,,,0.030396261887134318,-99.6602453262178,0.020448708488426882,1.6454249451844445,1.6393804973319261,1.6424027212581853,10.35999083518982,state,,
-0.5,,,-1.103698271521421,-1.103698271521421,,,,,,,10.359999418258667,control,-0.25,-0.25
,0.006197113058349086,0.009241995001479918,,,0.019277127066541427,-103.99599601366984,0.020268613830779988,0.5318806524725659,0.5349936389859928,0.5334371457292794,10.37041163444519,state,,
-0.5,,,-1.1416243060909925,-1.1416243060909925,,,,,,,10.370424270629883,control,-0.25,-0.25
,0.011258003806376649,0.0019837044458541012,,,0.0015055783322127005,-107.82781231310904,0.019717009242844762,-0.6150529645336055,-0.5965994912851857,-0.6058262279093956,10.380577325820923,state,,
-0.5,,,-1.1787918199691727,-1.1787918199691727,,,,,,,10.38058853149414,control,-0.25000000000000056,-0.24999999999999944
,0.008165660878583166,0.0006966187749539317,,,-0.005888817564354191,-111.59463148900801,0.01921895610595667,-1.7818791678804569,-1.7815674960340264,-1.7817233319572416,10.39102554321289,state,,
-0.5,,,-1.2152159835697893,-1.2152159835697893,,,,,,,10.391035556793213,control,-0.25,-0.25
,-0.002515118891708557,-0.002158199806581388,,,-0.014891339047915352,-115.4404605393443,0.018485209599260945,-2.9918958927703914,-3.0027765226604646,-2.9973362077154277,10.40130352973938,state,,
-0.5,,,-1.2509116638983935,-1.2509116638983935,,,,,,,10.401314735412598,control,-0.2500000000000022,-0.24999999999999778
,0.002880635887520654,-0.0036661354784469696,,,-0.025954713455959424,-119.44990118827408,0.017637650448252797,-4.257460900357778,-4.253833998500709,-4.255647449429244,10.411548614501953,state,,
0.49992198179308467,,,-1.1658934306204256,-1.1658934306204256,,,,,,,10.411559581756592,control,0.24996099089654678,0.2499609908965379
,-0.0043805391292924,0.002068142944776105,,,-0.04168642100763248,-118.22904189777063,0.016632607116356987,-5.41289387631439,-5.424120702318852,-5.418507289316621,10.421735525131226,state,,
0.49992198179308467,,,-1.082575562008017,-1.082575562008017,,,,,,,10.421746015548706,control,0.24996099089654233,0.24996099089654233
,-0.0013681735566152937,0.010601838949475867,,,-0.039639239878382485,-114.08674274526186,0.016125869678056726,-6.497761881860175,-6.4891340745008765,-6.493447978180526,10.432321310043335,state,,
0.49992198179308467,,,-1.0009240507678567,-1.0009240507678567,,,,,,,10.432332277297974,control,0.24996099089654233,0.24996099089654233
,0.00010217989771491664,0.0011664258868332045,,,-0.04920077698778747,-108.93222829102166,0.015190210894894194,-7.504646386631098,-7.496820844624197,-7.500733615627647,10.442890882492065,state,,
0.49992198179308467,,,-0.9209055697524995,-0.9209055697524995,,,,,,,10.44293761253357,control,0.2499609908965379,0.24996099089654678
,-0.0038017688503220173,-0.001036394346164134,,,-0.06588216829157909,-101.96724419801419,0.013928834825552322,-8.4178203078415,-8.401289477982365,-8.409554892911933,10.45342469215393,state,,
0.49992198179308467,,,-0.8424874583574495,-0.8424874583574495,,,,,,,10.453441143035889,control,0.24996099089654233,0.24996099089654233
,-0.0006000661240716882,-0.001705980895244165,,,-0.07502971428646064,-95.97040176022699,0.012731894842297631,-9.284111637412925,-9.263520760232065,-9.273816198822495,10.46377182006836,state,,
0.49992198179308467,,,-0.7656377091903006,-0.7656377091903006,,,,,,,10.463782787322998,control,0.24996099089653345,0.24996099089655122
,-0.001112932407118473,-0.0099780487006837,,,-0.08341165527434564,-88.58566367772,0.011331274001545806,-10.036929326427304,-10.047352830918094,-10.0421410786727,10.47391414642334,state,,
0.49992198179308467,,,-0.6903249550064945,-0.6903249550064945,,,,,,,10.4739248752594,control,0.24996099089655122,0.24996099089653345
,0.0019157215619234889,1.6166301485174483e-05,,,-0.09245557991680273,-80.2005120287711,0.010067794225351851,-10.705749838214713,-10.715634893005031,-10.710692365609873,10.484032392501831,state,,
0.49992198179308467,,,-0.6165184559063646,-0.6165184559063646,,,,,,,10.484042882919312,control,0.24996099089655122,0.24996099089653345
,-0.0007623849832199125,0.00509722811444713,,,-0.10629345621478091,-73.29084217515218,0.008693661182018118,-11.339084232863383,-11.328175719392105,-11.333629976127744,10.49483060836792,state,,
0.49992198179308467,,,-0.5441880867882372,-0.5441880867882372,,,,,,,10.494843482971191,control,0.24996099089654233,0.24996099089654233
,0.0022370356335996277,0.003572011248432794,,,-0.12268008796596175,-66.1196206754843,0.007140624970394978,-11.87378873279327,-11.8875965630361,-11.880692647914685,10.504945278167725,state,,
0.49992198179308467,,,-0.4733043250524724,-0.4733043250524724,,,,,,,10.5049569606781,control,0.24996099089654233,0.24996099089654233
,0.009238804655292691,0.0017450805166366018,,,-0.12511025178029836,-59.09896123238393,0.005830598064574669,-12.352439874330585,-12.367450115319622,-12.359944994825103,10.515328407287598,state,,
0.49992198179308467,,,-0.4038382385514229,-0.4038382385514229,,,,,,,10.515340328216553,control,0.24996099089653345,0.24996099089655122
,0.0018631544105919954,0.007671981851254568,,,-0.12445673138998264,-51.76456473787937,0.004656547828046908,-12.75485876787866,-12.766861425189877,-12.76086009653427,10.525856018066406,state,,
0.49992198179308467,,,-0.33576147378039445,-0.33576147378039445,,,,,,,10.525866508483887,control,0.24996099089655122,0.24996099089653345
,-5.261064095916595e-05,0.0017580759949285005,,,-0.13000965999896008,-44.86274606524508,0.0032307083458693758,-13.104634260223456,-13.094649142535248,-13.099641701379351,10.536032438278198,state,,
0.49992198179308467,,,-0.2690462443047866,-0.2690462443047866,,,,,,,10.536043167114258,control,0.24996099089653345,0.24996099089655122
,0.006275246755828206,-0.008202266235423106,,,-0.13174471848287717,-38.366298341148955,0.001737973337523528,-13.379038677528797,-13.380782338487284,-13.379910508008042,10.546667575836182,state,,
0.49992198179308467,,,-0.20366531941869082,-0.20366531941869082,,,,,,,10.546715497970581,control,0.24996099089655122,0.24996099089653345
,0.00816497642110745,0.0056076665861349165,,,-0.131454403322661,-30.49438457812584,0.0005800088182882056,-13.55296862075602,-13.566169289426927,-13.559568955091475,10.557178974151611,state,,
0.49992198179308467,,,-0.13959201303031699,-0.13959201303031699,,,,,,,10.557190418243408,control,0.24996099089655122,0.24996099089653345
,-0.005257881693034673,0.0009404808137305641,,,-0.13011805297527626,-24.78334634628441,-0.0007117549245373213,-13.713121237190789,-13.719895606960977,-13.716508422075883,10.567630052566528,state,,
0.49992198179308467,,,-0.07680017276971066,-0.07680017276971066,,,,,,,10.567642211914062,control,0.24996099089654233,0.24996099089654233
,0.002880940127522229,-0.0021487823850653426,,,-0.12808546915981417,-17.956467801418253,-0.0019438173159403277,-13.798680684698096,-13.776159222221343,-13.78741995345972,10.577148914337158,state,,
0.49992198179308467,,,-0.015264169314316442,-0.015264169314316442,,,,,,,10.577152252197266,control,0.24996099089654233,0.24996099089654233
,0.00015716879762314642,-0.002154488417185057,,,-0.1280014065437257,-11.179644478516442,-0.0032011437142616876,-13.783468570762414,-13.799251239667303,-13.791359905214858,10.5872483253479,state,,
0.49992198179308467,,,0.04504111407196988,0.04504111407196988,,,,,,,10.587252140045166,control,0.24996099089653345,0.24996099089655122
,-0.005092521050130896,0.0060557833370619065,,,-0.1338888677903158,-5.394818847126619,-0.004470692462076876,-13.763445216799248,-13.743034251740925,-13.753239734270085,10.597355127334595,state,,
0.49992198179308467,,,0.10414029179053048,0.10414029179053048,,,,,,,10.597358465194702,control,0.24996099089653345,0.24996099089655122
,-0.00251555320029864,-0.001901724286923842,,,-0.13137274201908283,1.1066255907218951,-0.005687745876120324,-13.631469237505783,-13.64593031531577,-13.638699776410776,10.607414722442627,state,,
0.49992198179308467,,,0.16205748595471986,0.16205748595471986,,,,,,,10.607417106628418,control,0.24996099089654233,0.24996099089654233
,0.0002737225612717612,9.502737567802415e-06,,,-0.13194862831040927,6.509179689436042,-0.006878119774818635,-13.487543891729166,-13.487703429277317,-13.487623660503242,10.617555141448975,state,,
0.49992198179308467,,,0.21881633623562546,0.21881633623562546,,,,,,,10.617558240890503,control,0.24996099089655122,0.24996099089653345
,0.0047864489536791205,0.002860020286059258,,,-0.1351564321709984,12.735076899291608,-0.008030720704934475,-13.26133049804239,-13.26103882175215,-13.261184659897271,10.62768816947937,state,,
0.49992198179308467,,,0.27444000951091296,0.27444000951091296,,,,,,,10.62769341468811,control,0.24996099089655122,0.24996099089653345
,0.00471376097520642,-0.0006836367525491849,,,-0.1299431980009364,17.939420794656023,-0.009044179410350725,-12.992156296821474,-13.005765195780473,-12.998960746300973,10.638180255889893,state,,
0.49992198179308467,,,0.3289512093206947,0.3289512093206947,,,,,,,10.638189554214478,control,0.24996099089654233,0.24996099089654233
,-0.0048877125099853385,0.00627693291208667,,,-0.12917866644128675,23.77753120594503,-0.01004132718828707,-12.679319267251396,-12.657218775177071,-12.668269021214233,10.64841890335083,state,,
0.49992198179308467,,,0.38237218513428084,0.38237218513428084,,,,,,,10.648456573486328,control,0.24996099089653345,0.24996099089655122
,0.00452700415704266,-0.0010655797480302574,,,-0.1332955850424505,29.698070349530866,-0.011201430968701985,-12.279766033865176,-12.274353987478525,-12.27706001067185,10.658867120742798,state,,
0.49992198179308467,,,0.43472474143159523,0.43472474143159523,,,,,,,10.65887713432312,control,0.24996099089653345,0.24996099089655122
,-0.005301296080844186,-0.00011660209301678993,,,-0.12228235726138356,34.56936269780074,-0.0120497960665816,-11.85608838828842,-11.851586327804688,-11.853837358046555,10.669336080551147,state,,
0.49992198179308467,,,0.4860302466029633,0.4860302466029633,,,,,,,10.669345617294312,control,0.24996099089655122,0.24996099089653345
,0.0032103508141595235,0.001901877706475043,,,-0.12034620695264525,40.37420195040005,-0.012903091285994336,-11.361900136275175,-11.353516768628925,-11.35770845245205,10.67972707748413,state,,
0.49992198179308467,,,0.536309641670904,0.536309641670904,,,,,,,10.679736137390137,control,0.24996099089654233,0.24996099089654233
,0.002472946231650596,-0.006785758210126969,,,-0.11244030394218764,45.32189263427864,-0.013735534070350023,-10.82840938638415,-10.823079779988579,-10.825744583186363,10.690465450286865,state,,
0.49992198179308467,,,0.5855834488374858,0.5855834488374858,,,,,,,10.690476655960083,control,0.24996099089653345,0.24996099089655122
,-0.005415707731628967,0.0030892575578249214,,,-0.10042312113337838,50.64311140096338,-0.014244656229628361,-10.230516668336426,-10.238730616018787,-10.234623642177606,10.70061469078064,state,,
0.49992198179308467,,,0.6338717798607361,0.6338717798607361,,,,,,,10.700626373291016,control,0.24996099089654233,0.24996099089654233
,0.004105072248308124,-0.0005461843106335601,,,-0.0849978778828484,55.04135583125486,-0.014536062297026961,-9.617059987209897,-9.61135971211876,-9.614209849664329,10.710880756378174,state,,
0.49992198179308467,,,0.6811943442635213,0.6811943442635213,,,,,,,10.710891723632812,control,0.24996099089654233,0.24996099089654233
,0.0038705845608941747,0.005405666128445413,,,-0.08684921522479287,60.4878443905683,-0.015000468005538496,-8.922708198774929,-8.922587497400727,-8.922647848087827,10.721454381942749,state,,
0.49992198179308467,,,0.7275704573782509,0.7275704573782509,,,,,,,10.721466779708862,control,0.24996099089653345,0.24996099089655122
,-0.0014818622266473578,0.0011478089147049064,,,-0.08087700636989474,65.38276398558193,-0.015393856060400744,-8.196416284499259,-8.185414002047997,-8.190915143273628,10.731969833374023,state,,
0.49992198179308467,,,0.7730190482306858,0.7730190482306858,,,,,,,10.731980562210083,control,0.24996099089654233,0.24996099089654233
,-0.0017397593639171722,0.0021474685990642175,,,-0.07830201268583394,69.52110897800199,-0.015790480805136033,-7.426016838818954,-7.433663655815614,-7.4298402473172835,10.742446422576904,state,,
0.49992198179308467,,,0.817558667266072,0.817558667266072,,,,,,,10.742462396621704,control,0.2499609908965379,0.24996099089654678
,-0.001545861568977899,-0.004131332178745396,,,-0.06753721544579408,74.83543761525468,-0.01606109433228748,-6.597183027871489,-6.596628380091268,-6.5969057039813785,10.75219440460205,state,,
0.49992198179308467,,,0.8612074939207506,0.8612074939207506,,,,,,,10.752249002456665,control,0.24996099089654233,0.24996099089654233
,0.003541790730159825,0.00026546637397060303,,,-0.0615904343307454,78.6341430980138,-0.01622372798804,-5.745554697337581,-5.754657297678621,-5.750105997508101,10.762491941452026,state,,
0.49992198179308467,,,0.9039833440423355,0.9039833440423355,,,,,,,10.762502431869507,control,0.2499609908965379,0.24996099089654678
,-0.0003340107245760345,-0.002314728202189336,,,-0.05703196909094118,83.36160587973333,-0.016436791570983003,-4.832654941457178,-4.8498451219656316,-4.841250031711405,10.772979736328125,state,,
0.49992198179308467,,,0.9459036771614888,0.9459036771614888,,,,,,,10.772989749908447,control,0.24996099089654233,0.24996099089654233
,-0.0012018908465717872,0.001775688839444579,,,-0.05846574700486828,87.7306253731291,-0.016683596341526774,-3.8993190801441924,-3.8894982660482773,-3.894408673096235,10.783504247665405,state,,
0.49992198179308467,,,0.9869856036182589,0.9869856036182589,,,,,,,10.783551692962646,control,0.24996099089654455,0.24996099089654011
,0.002783047115737411,-0.0010029536740330974,,,-0.04286519777251322,92.0481961117743,-0.016528890812180532,-2.9044685644113772,-2.9059523145047446,-2.905210439458061,10.793624877929688,state,,
0.49992198179308467,,,1.0272458915458937,1.0272458915458937,,,,,,,10.793635129928589,control,0.24996099089654233,0.24996099089654233
,0.007227421394946603,0.00017103738187751124,,,-0.03382470483251485,96.05717931177901,-0.016336188520421475,-1.8848654639085927,-1.8768019301613266,-1.8808336970349595,10.803992509841919,state,,
0.49992198179308467,,,1.066700973714976,1.066700973714976,,,,,,,10.804003953933716,control,0.24996099089654122,0.24996099089654344
,-0.003755713880117487,0.010134983078060216,,,-0.02918740529773716,99.97316532756278,-0.016067127012851016,-0.8155823342330191,-0.8219720469874989,-0.818777190610259,10.814022541046143,state,,
0.49992198179308467,,,1.1053669542406765,1.1053669542406765,,,,,,,10.814032793045044,control,0.24996099089654233,0.24996099089654233
,-0.0009955302415829172,0.003915973854405654,,,-0.019803966021465832,103.89917903163837,-0.015732444586402813,0.2817050448302827,0.2836930521119969,0.2826990484711398,10.824097633361816,state,,
0.49992198179308467,,,1.143259615155863,1.143259615155863,,,,,,,10.824107885360718,control,0.24996099089654233,0.24996099089654233
,0.001370009662035286,-0.000497258692035045,,,-0.004100947187216982,108.07881946383557,-0.015216379457787881,1.4347054040909786,1.425311169154198,1.4300082866225883,10.834362745285034,state,,
0.49992198179308467,,,1.1803944228527457,1.1803944228527457,,,,,,,10.834373474121094,control,0.24996099089654233,0.24996099089654233
,-0.0006361058559485875,0.008489493677809865,,,0.006690607753495322,111.91156441242154,-0.014529504651398883,2.6124049695355014,2.607842952793696,2.6101239611645988,10.844554662704468,state,,
0.49992198179308467,,,1.2167865343956907,1.2167865343956907,,,,,,,10.844565153121948,control,0.24996099089654233,0.24996099089654233
,0.0010125079112157246,0.009553072075233543,,,0.01902451997251578,115.72861556058179,-0.01367944281981591,3.8240812040248304,3.8322395411688617,3.8281603725968463,10.854746341705322,state,,
0.49992198179308467,,,1.252450803707777,1.252450803707777,,,,,,,10.854790687561035,control,0.24996099089654011,0.24996099089654455
,-1.3844532621938272e-05,-0.005074307944140093,,,0.027175205342824617,119.31774483164754,-0.013110999251378269,5.074077918167373,5.082843256636456,5.078460587401914,10.864939451217651,state,,
-0.5,,,1.1674017876336213,1.1674017876336213,,,,,,,10.864949703216553,control,-0.25,-0.25
,-0.0002415648765129763,0.0036719668240789895,,,0.03735128980986949,118.86824097072366,-0.012261885622453719,6.259125985725123,6.260851856212194,6.2599889209686586,10.87555193901062,state,,
-0.5,,,1.0840537518809488,1.0840537518809488,,,,,,,10.875562906265259,control,-0.25,-0.25
,0.0007110146084501288,-0.0028992880365714215,,,0.0397853118239611,114.62339698847744,-0.01164160478283828,7.344788610842142,7.33253959037905,7.338664100610596,10.885748147964478,state,,
-0.5,,,1.0023726768433296,1.0023726768433296,,,,,,,10.885758876800537,control,-0.25,-0.25
,-0.004150611499832923,0.003881632409624735,,,0.05191129496600447,108.96563217249788,-0.010673920340719772,8.333963201396204,8.342585395812035,8.33827429860412,10.896009922027588,state,,
-0.5,,,0.9223252233064629,0.9223252233064629,,,,,,,10.896053791046143,control,-0.25,-0.25
,-0.0036983751268855935,0.0007543206104068306,,,0.07407378307388338,102.2313789476825,-0.009406569579837537,9.255097041541994,9.251721196867516,9.253409119204754,10.906085968017578,state,,
-0.5,,,0.8438787188403336,0.8438787188403336,,,,,,,10.906096458435059,control,-0.24999999999999112,-0.2500000000000089
,0.005746516378401893,0.00041863234909364017,,,0.08430763118916912,95.9640218662027,-0.00818640600215913,10.119569202588378,10.107033301217283,10.113301251902831,10.916346788406372,state,,
-0.5,,,0.767001144463527,0.767001144463527,,,,,,,10.916358232498169,control,-0.25,-0.25
,-0.007635484086358208,0.0018360271664451355,,,0.0855650835064511,88.7160782956755,-0.007191407807118004,10.887271444294996,10.882943416124073,10.885107430209533,10.926838397979736,state,,
-0.5,,,0.6916611215742565,0.6916611215742565,,,,,,,10.926848888397217,control,-0.24999999999999112,-0.2500000000000089
,0.0036396362429660556,-0.002228120636905738,,,0.09188977943713378,80.41130003188235,-0.006067012661475343,11.559930782982129,11.554160775681623,11.557045779331876,10.937033414840698,state,,
-0.5,,,0.6178278991427715,0.6178278991427715,,,,,,,10.937043905258179,control,-0.25,-0.25
,-0.0036545467080079477,0.0008852241450727131,,,0.10248858956488871,73.53143136815036,-0.0047909394016939465,12.180294539277702,12.185432625617862,12.182863582447782,10.947186708450317,state,,
-0.5,,,0.5454713411599161,0.5454713411599161,,,,,,,10.947235822677612,control,-0.25,-0.25
,-0.01228249630038843,0.004406300408037167,,,0.10824646433581064,66.31689455861957,-0.0035581674518469436,12.724386676927034,12.738032540069868,12.731209608498451,10.957424402236938,state,,
-0.5,,,0.47456191433671785,0.47456191433671785,,,,,,,10.957435369491577,control,-0.25,-0.25
,-0.007512325511545684,-0.0031528761582678105,,,0.1192528741452055,58.86700026207342,-0.0022652642016892893,13.190808862845397,13.211812858831486,13.201310860838442,10.967849969863892,state,,
-0.5,,,0.4050706760499835,0.4050706760499835,,,,,,,10.967860221862793,control,-0.25,-0.25
,0.002146231981010472,-0.004033611878130517,,,0.12578461987286593,51.43354857781284,-0.0009486129570566699,13.592503113917571,13.602175463358599,13.597339288638086,10.978523015975952,state,,
-0.5,,,0.3369692625289838,0.3369692625289838,,,,,,,10.978535413742065,control,-0.2500000000000089,-0.24999999999999112
,0.0005103487662881887,-0.005056716921298951,,,0.13238358879586803,45.43915755025295,0.0003762740315347434,13.95035553552837,13.962298800180486,13.956327167854429,10.988789081573486,state,,
-0.5,,,0.27022987727840414,0.27022987727840414,,,,,,,10.988817691802979,control,-0.2500000000000089,-0.24999999999999112
,-0.00618232111983723,-0.003188844109910902,,,0.1332824697584386,37.57904360762607,0.0015795406140671,14.201351567742158,14.2126884426723,14.20702000520723,10.998970746994019,state,,
-0.5,,,0.20482527973283604,0.20482527973283604,,,,,,,10.998981237411499,control,-0.2500000000000089,-0.24999999999999112
,0.0077264836706778675,0.003610863160260895,,,0.13676320287757585,30.74308167828825,0.0030627020762277433,14.406631586856973,14.404674630754828,14.4056531088059,11.00915813446045,state,,
-0.5,,,0.14072877413817933,0.14072877413817933,,,,,,,11.009169578552246,control,-0.25,-0.25
,0.00859694410294552,0.0033268401862769493,,,0.14233133927929004,24.974693559615194,0.004604517103398701,14.570145124516676,14.557041467735552,14.563593296126115,11.01935601234436,state,,
-0.5,,,0.07791419865541574,0.07791419865541574,,,,,,,11.019367694854736,control,-0.2500000000000089,-0.24999999999999112
,0.0005640422359485339,-0.005006035851913956,,,0.14819097989175042,17.799674890738107,0.005963062432424108,14.611784715078949,14.643007437402359,14.627396076240654,11.029746294021606,state,,
-0.5,,,0.016355914682307432,0.016355914682307432,,,,,,,11.029757261276245,control,-0.25,-0.25
,0.0036004997552738895,-0.0018218964573040934,,,0.14866888484114665,11.38035231948192,0.007296862624125361,14.634597398737391,14.643468416430194,14.639032907583793,11.040188789367676,state,,
-0.5,,,-0.043971203611338716,-0.043971203611338716,,,,,,,11.040252208709717,control,-0.2500000000000089,-0.24999999999999112
,-0.004882406320371252,0.0033587436065527004,,,0.14916248569786225,5.812103319649947,0.008642261538715052,14.607187805914403,14.60987720510823,14.608532505511317,11.050662279129028,state,,
-0.5,,,-0.10309177953911194,-0.10309177953911194,,,,,,,11.050673723220825,control,-0.25,-0.25
,-0.008043003657887092,-0.0005047504115080442,,,0.14950630638505708,-0.5794552140287719,0.009866566158340393,14.498976894557439,14.50304938524539,14.501013139901413,11.06101393699646,state,,
-0.5,,,-0.1610299439483297,-0.1610299439483297,,,,,,,11.06102442741394,control,-0.24999999999999112,-0.2500000000000089
,0.004136533507894558,-0.005502025505979181,,,0.14306790320874868,-5.905636352226434,0.01089517500009867,14.343368690674213,14.371007250894692,14.357187970784452,11.071582317352295,state,,
-0.5,,,-0.21780934506936311,-0.21780934506936311,,,,,,,11.07159686088562,control,-0.24999999999999112,-0.2500000000000089
,-0.013333786954492877,-0.007950355576626331,,,0.13344649770639086,-12.250090614815834,0.011584045386103657,14.144690237231082,14.122733640619197,14.133711938925138,11.082031011581421,state,,
-0.5,,,-0.2734531581679759,-0.2734531581679759,,,,,,,11.08204174041748,control,-0.24999999999999112,-0.2500000000000089
,-0.010757632707346585,-0.0011058294686754524,,,0.13633552176632344,-18.356550510666327,0.012628813129662516,13.846678061143782,13.859240151049761,13.852959106096773,11.092591285705566,state,,
-0.5,,,-0.32798409500461634,-0.32798409500461634,,,,,,,11.0926034450531,control,-0.2500000000000089,-0.24999999999999112
,0.0028314495425948243,0.003239847416471248,,,0.13257463039728412,-23.870044373349394,0.01369374318842684,13.524300763236946,13.528716601099044,13.526508682167995,11.102715492248535,state,,
-0.5,,,-0.381424413104524,-0.381424413104524,,,,,,,11.102726459503174,control,-0.25,-0.25
,0.006935777282544945,-0.005037854069965453,,,0.13293046253052834,-29.28364646407543,0.014681844220026434,13.153493266537899,13.141530861982249,13.147512064260074,11.112718105316162,state,,
-0.5,,,-0.4337959248424335,-0.4337959248424335,,,,,,,11.112728357315063,control,-0.25,-0.25
,0.007831149362413805,0.0032669763060820573,,,0.12841069927881882,-34.627121806429756,0.015690711476101144,12.713954469521783,12.718439120064701,12.716196794793241,11.122442483901978,state,,
-0.5,,,-0.48512000634558483,-0.48512000634558483,,,,,,,11.122445821762085,control,-0.24999999999999112,-0.2500000000000089
,-0.002706565490456671,-0.0046936876253840755,,,0.1337310460574558,-39.956403130022,0.016658920797355557,12.225305286496441,12.238323947334194,12.231814616915319,11.13254714012146,state,,
-0.5,,,-0.5354176062186731,-0.5354176062186731,,,,,,,11.132550477981567,control,-0.2500000000000089,-0.24999999999999112
,0.005477999473513869,0.010486764817776653,,,0.12597631992336544,-45.03993792345323,0.01767052263987074,11.693802887346827,11.707213649863903,11.700508268605365,11.142517328262329,state,,
-0.5,,,-0.5847092540942995,-0.5847092540942995,,,,,,,11.142520189285278,control,-0.25,-0.25
,-0.005866433409182007,0.009265120028608858,,,0.11441867178900683,-50.77911775386538,0.01838236291178558,11.098951409400291,11.103799004872451,11.101375207136371,11.152716159820557,state,,
-0.5,,,-0.6330150690124134,-0.6330150690124134,,,,,,,11.152719736099243,control,-0.25,-0.25
,-0.01026934838181637,0.0006221528240446421,,,0.10880110839283072,-55.363313282461334,0.01892436295094651,10.472333059339942,10.477231613588414,10.474782336464177,11.162954092025757,state,,
-0.5,,,-0.6803547676321651,-0.6803547676321651,,,,,,,11.16295862197876,control,-0.24999999999999112,-0.2500000000000089
,0.002837505127285214,-0.0007530386035631072,,,0.09861170870105276,-59.78213121304448,0.01935617769856211,9.803220414090259,9.810046291322124,9.806633352706191,11.173376083374023,state,,
-0.5,,,-0.7267476722795219,-0.7267476722795219,,,,,,,11.173384189605713,control,-0.25,-0.25
,0.002359290910265296,-0.003756294675508139,,,0.10219369550487933,-65.45266530030142,0.0199699333256141,9.057491393343966,9.066223300070783,9.061857346707374,11.183652400970459,state,,
-0.5,,,-0.7722127188339314,-0.7722127188339314,,,,,,,11.183662176132202,control,-0.24999999999999112,-0.2500000000000089
,0.0071259652894193936,0.006812411098219392,,,0.09626437802436905,-69.59434092741674,0.02059661886949721,8.300148759829108,8.299845485289577,8.299997122559343,11.194042921066284,state,,
-0.5,,,-0.8167684644572528,-0.8167684644572528,,,,,,,11.194082975387573,control,-0.2500000000000089,-0.24999999999999112
,-0.00771477692693362,0.001585537841510527,,,0.0888896268520068,-74.26533248994545,0.020908658579662585,7.471367390204508,7.494637925851875,7.483002658028191,11.20443868637085,state,,
-0.5,,,-0.8604330951681078,-0.8604330951681078,,,,,,,11.204449892044067,control,-0.24999999999999556,-0.25000000000000444
,0.0030924945223558763,0.0028450861112859533,,,0.08144926097586076,-78.90975447988501,0.021244182126655155,6.633536704333139,6.606436978624829,6.619986841478983,11.214619636535645,state,,
-0.5,,,-0.9032244332647457,-0.9032244332647457,,,,,,,11.214629650115967,control,-0.24999999999999556,-0.25000000000000444
,-0.002528319094832331,0.0023521346898446325,,,0.06974383243176371,-83.49510727514998,0.021340854800458112,5.718108310591454,5.706006914226181,5.712057612408818,11.225086688995361,state,,
-0.5,,,-0.9451599445994507,-0.9451599445994507,,,,,,,11.225097894668579,control,-0.25,-0.25
,0.0016528409326469103,0.007226534987217085,,,0.05529323335595168,-87.85331591587689,0.021372733436960393,4.775838222796141,4.752484594064458,4.764161408430299,11.235658645629883,state,,
-0.5,,,-0.9862567457074618,-0.9862567457074618,,,,,,,11.23567008972168,control,-0.24999999999999556,-0.25000000000000444
,-0.0008690249542691636,-0.005625533071732089,,,0.046899888648032385,-91.58806279523753,0.021158806974071673,3.782742511762966,3.794938363783426,3.788840437773196,11.245956659317017,state,,
-0.5,,,-1.0265316107933125,-1.0265316107933125,,,,,,,11.246001958847046,control,-0.24999999999999778,-0.2500000000000022
,-0.002850054109827329,-0.0038668907242887865,,,0.03589889721863293,-96.71381610786824,0.020818619830992535,2.7452062431977575,2.735040514836302,2.74012337901703,11.256572723388672,state,,
-0.5,,,-1.0660009785774462,-1.0660009785774462,,,,,,,11.25658369064331,control,-0.25,-0.25
,-0.002220625896574862,-0.007332820192402128,,,0.025238397045050875,-99.62335119451731,0.020326388814914092,1.6937870309079974,1.7013793250078144,1.697583177957906,11.267132759094238,state,,
-0.5,,,-1.1046809590058972,-1.1046809590058972,,,,,,,11.267144203186035,control,-0.2500000000000011,-0.2499999999999989
,-0.0024998461668460214,-0.005121694521587243,,,0.018471895556418903,-103.96813246238146,0.01987741169701957,0.5925482617267959,0.5849567618546563,0.5887525117907261,11.277279138565063,state,,
-0.5,,,-1.1425873398257793,-1.1425873398257793,,,,,,,11.277290344238281,control,-0.25,-0.25
,-0.0003333194836665966,0.007245227376961158,,,0.004358778647194128,-108.70957961899418,0.019430259590792774,-0.5810110911598063,-0.5666004281154107,-0.5738057596376085,11.28765344619751,state,,
-0.5,,,-1.1797355930292637,-1.1797355930292637,,,,,,,11.28766417503357,control,-0.25,-0.25
,0.004524986521059302,-0.0007219243201026256,,,0.0013584692827992425,-112.00771550302193,0.019024116301844717,-1.7414709378908186,-1.751277817231192,-1.7463743775610054,11.297848224639893,state,,
-0.5,,,-1.2161408811686785,-1.2161408811686785,,,,,,,11.297858715057373,control,-0.2499999999999989,-0.2500000000000011
,-0.005819256960929783,-0.010149571074313794,,,-0.0044954666933261726,-115.3817427287568,0.018272316648685377,-2.9608698021256568,-2.9469124297919587,-2.9538911159588075,11.307459831237793,state,,
-0.5,,,-1.251818063545305,-1.251818063545305,,,,,,,11.307463884353638,control,-0.2500000000000022,-0.24999999999999778
,0.00151774058577305,0.006450328447727012,,,-0.02148404058159734,-119.03622302853404,0.017558146208655655,-4.194841631356996,-4.2099907819596,-4.202416206658298,11.317594289779663,state,,
0.26606095876671537,,,-1.1824382091466128,-1.1824382091466128,,,,,,,11.317598342895508,control,0.13303047938335769,0.13303047938335769
,-0.006644921343154122,-0.00537053648014025,,,-0.03401058070267244,-119.15214013214458,0.016524955566083386,-5.389649949389209,-5.401915022575981,-5.395782485982595,11.327871799468994,state,,
0.5,,,-1.0987894449636804,-1.0987894449636804,,,,,,,11.32789421081543,control,0.25,0.25
,-0.0009051038303179423,-0.0033908308853453435,,,-0.047545057760556814,-115.73157986121839,0.015443466387061596,-6.49522269846821,-6.502094055669016,-6.4986583770686135,11.338181734085083,state,,
0.5,,,-1.0168136560644068,-1.0168136560644068,,,,,,,11.338189840316772,control,0.25000000000000444,0.24999999999999556
,0.0015908854837242711,-0.0020443631223940025,,,-0.05589244333622588,-109.8657932618322,0.014426249657294669,-7.490244573302489,-7.517674259588481,-7.503959416445484,11.348458051681519,state,,
0.5,,,-0.9364773829431186,-0.9364773829431186,,,,,,,11.348467350006104,control,0.24999999999999556,0.25000000000000444
,-0.011896424722326032,0.0070571246914382536,,,-0.06805051257419217,-103.68420579451569,0.01331962140829036,-8.438725858421117,-8.446111050044498,-8.442418454232808,11.359055042266846,state,,
0.5,,,-0.8577478352842562,-0.8577478352842562,,,,,,,11.359066009521484,control,0.25,0.25
,-0.00016740153614986706,-0.006923266851630555,,,-0.07237169635655841,-97.08670243518466,0.012142523114489876,-9.326185998856971,-9.290379903971754,-9.308282951414363,11.36962080001831,state,,
0.5,,,-0.7805928785785712,-0.7805928785785712,,,,,,,11.369632244110107,control,0.25,0.25
,0.0014643207511516605,-0.002818220475783201,,,-0.08967222015046945,-89.0200487504623,0.010705329419913718,-10.075959341035121,-10.064237975176047,-10.070098658105584,11.379855394363403,state,,
0.5,,,-0.7049810210069998,-0.7049810210069998,,,,,,,11.379865407943726,control,0.25,0.25
,-0.005905899007198072,-0.0005220956875578034,,,-0.09884637315959847,-81.97522976762194,0.009321614752445575,-10.766331988884822,-10.78912636981745,-10.777729179351137,11.390057802200317,state,,
0.5,,,-0.6308814005868597,-0.6308814005868597,,,,,,,11.390069007873535,control,0.2500000000000089,0.24999999999999112
,-0.005517787726942455,0.0040860580643182435,,,-0.09614207952025461,-75.08841372644446,0.008265800864177575,-11.420038644956788,-11.417973825250787,-11.419006235103787,11.40037226676941,state,,
0.5,,,-0.5582637725751225,-0.5582637725751225,,,,,,,11.400415420532227,control,0.24999999999999112,0.2500000000000089
,0.0020458936661243666,0.0022667004762872726,,,-0.10528858888439116,-67.2577740454785,0.006979025294608923,-11.965527256263913,-11.968383692293775,-11.966955474278844,11.410900831222534,state,,
0.5,,,-0.48709849712362,-0.48709849712362,,,,,,,11.410911560058594,control,0.25,0.25
,0.006365674888893019,0.003719513460773779,,,-0.1057061292252207,-60.47942918303056,0.0059091052700174776,-12.472208039767946,-12.455530074282326,-12.463869057025136,11.4215726852417,state,,
0.5,,,-0.41735652718114763,-0.41735652718114763,,,,,,,11.421586036682129,control,0.25,0.25
,0.0010638331754406086,-0.0022758634711175884,,,-0.11619275963243103,-53.46287416892143,0.004450052766905727,-12.880450432260295,-12.893201282374068,-12.88682585731718,11.431910753250122,state,,
0.5,,,-0.34900939663752467,-0.34900939663752467,,,,,,,11.431920766830444,control,0.24999999999999112,0.2500000000000089
,0.0015547597178567766,-0.00215981569740505,,,-0.12665430895471086,-46.171071308938004,0.0029238507886760463,-13.226549402773877,-13.238418444195649,-13.232483923484763,11.442526817321777,state,,
0.5,,,-0.28202920870477416,-0.28202920870477416,,,,,,,11.442538022994995,control,0.25,0.25
,0.002363525954915809,-0.008251722270766707,,,-0.12530057134975903,-39.25272426997762,0.0015186081874217824,-13.517551635986324,-13.512252870527607,-13.514902253256967,11.452700138092041,state,,
0.5,,,-0.2163886245306787,-0.2163886245306787,,,,,,,11.452711582183838,control,0.2500000000000089,0.24999999999999112
,-0.004962361717453557,0.007226180465265178,,,-0.12856675423053598,-32.671177665473024,0.0002704062048586426,-13.737634941183392,-13.736095983580684,-13.736865462382038,11.463152170181274,state,,
0.5,,,-0.15206085204006511,-0.15206085204006511,,,,,,,11.463163375854492,control,0.25,0.25
,0.005329384769310689,-0.002324569979937361,,,-0.13220336774384558,-25.492151609355055,-0.0010951560349801758,-13.873349352363094,-13.881709107904747,-13.87752923013392,11.473933458328247,state,,
0.5,,,-0.08901963499926382,-0.08901963499926382,,,,,,,11.47395133972168,control,0.24999999999999112,0.2500000000000089
,0.004744671539942926,0.0058906140351552665,,,-0.13957729045800837,-18.815938689995633,-0.0024157539769201443,-13.963999569527003,-13.954867207090745,-13.959433388308874,11.484065055847168,state,,
0.5,,,-0.027239242299278543,-0.027239242299278543,,,,,,,11.484075546264648,control,0.25,0.25
,-0.0003530050096859797,0.009458073123801756,,,-0.137182554310899,-12.930751393533486,-0.0035057265105970722,-14.00297325763375,-13.987177217003953,-13.99507523731885,11.494239568710327,state,,
0.5,,,0.03330554254670703,0.03330554254670703,,,,,,,11.494251012802124,control,0.24999999999999112,0.2500000000000089
,0.00037068881202252223,-0.01169862802360004,,,-0.1377044408647285,-6.442787376316807,-0.005011999798656267,-13.959416623116713,-13.953071290258848,-13.95624395668778,11.50477647781372,state,,
0.5,,,0.09263943169577288,0.09263943169577288,,,,,,,11.504788637161255,control,0.25,0.25
,0.005959485260826659,-0.0031963116454150485,,,-0.13945233792312559,-0.7346417601122246,-0.006325002734694781,-13.867009243308818,-13.878475587127529,-13.872742415218173,11.515005826950073,state,,
0.5,,,0.1507866430618574,0.1507866430618574,,,,,,,11.515016317367554,control,0.25,0.25
,0.00414339929042953,-0.004519072468793199,,,-0.13495626791092513,5.500319741865675,-0.0075083484197413924,-13.708908893972502,-13.72810455302104,-13.718506723496771,11.52511191368103,state,,
0.5,,,0.20777091020062025,0.20777091020062025,,,,,,,11.525122165679932,control,0.25,0.25
,-0.0021666577046483403,-0.0022259960685710096,,,-0.13749966822888587,11.219248671028668,-0.00880703699812708,-13.506596168766542,-13.52399314315292,-13.515294655959732,11.535411596298218,state,,
0.5,,,0.26361549199660783,0.26361549199660783,,,,,,,11.535454988479614,control,0.2500000000000089,0.24999999999999112
,-0.006189312028146544,-0.003183435594039337,,,-0.13432695518764487,17.118113118428223,-0.01000716267474006,-13.244999075340179,-13.255461287124184,-13.250230181232181,11.545811176300049,state,,
0.5,,,0.3183431821566757,0.3183431821566757,,,,,,,11.54582667350769,control,0.25,0.25
,-0.0022987626402830026,-0.00430928531615088,,,-0.13110093264908224,23.19429427131119,-0.011142847567999095,-12.914404574459455,-12.928759049458055,-12.921581811958756,11.55607557296753,state,,
0.5,,,0.3719763185135421,0.3719763185135421,,,,,,,11.55608582496643,control,0.2500000000000089,0.24999999999999112
,-0.007835446168826525,0.004447725939642261,,,-0.13158722025232014,28.485099398943298,-0.012196997803973748,-12.561047889769528,-12.544002188369399,-12.552525039069463,11.566313982009888,state,,
0.5,,,0.4245367921432713,0.4245367921432713,,,,,,,11.566329717636108,control,0.25,0.25
,-0.00752155642229061,0.0008110453598628822,,,-0.12440237840425429,33.68851369425283,-0.013105205512838202,-12.127092221591212,-12.138557761451949,-12.13282499152158,11.576721429824829,state,,
0.5,,,0.47604605630040586,0.47604605630040586,,,,,,,11.576733827590942,control,0.25,0.25
,0.0027017879603654545,-0.0029910818153478765,,,-0.12683051694386394,39.334755172448325,-0.014163646886636636,-11.655150888851697,-11.644078542513439,-11.649614715682567,11.587167263031006,state,,
0.5,,,0.5265251351743978,0.5265251351743978,,,,,,,11.587180137634277,control,0.24999999999999112,0.2500000000000089
,-0.0018918679670125846,0.0034497676275783737,,,-0.12831945164657574,44.01546173408347,-0.015115379305681758,-11.136187243859606,-11.13374143553448,-11.134964339697042,11.59737253189087,state,,
0.5,,,0.5759946324709098,0.5759946324709098,,,,,,,11.597421407699585,control,0.24999999999999112,0.2500000000000089
,0.008393012239459404,-0.008025116841854476,,,-0.12121798822208717,49.34969464396758,-0.015981185793816344,-10.5541815099682,-10.558959369504228,-10.556570439736214,11.60791277885437,state,,
0.5,,,0.6244747398214916,0.6244747398214916,,,,,,,11.607924222946167,control,0.25,0.25
,-0.004584699747045404,0.002884917895982432,,,-0.11564638325341835,54.21867056823908,-0.016692737673599134,-9.92272096599836,-9.951062184880637,-9.9368915754395,11.618399381637573,state,,
0.5,,,0.6719852450250619,0.6719852450250619,,,,,,,11.618412017822266,control,0.2500000000000089,0.24999999999999112
,-0.0009874158109952505,0.0006665032483972475,,,-0.10571665244414108,59.431483297526825,-0.017239247632919792,-9.257208541324461,-9.262015960948304,-9.259612251136382,11.628559112548828,state,,
0.5,,,0.7185455401245606,0.7185455401245606,,,,,,,11.6285719871521,control,0.24999999999999112,0.2500000000000089
,-0.0029472028459220857,0.00043310944286592415,,,-0.09303899141809906,64.42254306306225,-0.01762661728743928,-8.53452545750247,-8.537377816918639,-8.535951637210555,11.638950824737549,state,,
0.5,,,0.7641746293220695,0.7641746293220695,,,,,,,11.638960838317871,control,0.2500000000000089,0.24999999999999112
,-0.001386570644312132,-6.612747077380167e-05,,,-0.08230079748289461,68.54238538653742,-0.017928933985974484,-7.788173225418671,-7.781743687163638,-7.784958456291154,11.649590730667114,state,,
0.5,,,0.8088911367356282,0.8088911367356282,,,,,,,11.649604797363281,control,0.24999999999999556,0.25000000000000444
,0.004529685870781972,-0.001883423459132854,,,-0.07684942205060855,73.65870859423148,-0.018244041843643664,-6.95223739935287,-6.981647715552749,-6.96694255745281,11.660083055496216,state,,
0.5,,,0.8527133140009155,0.8527133140009155,,,,,,,11.660093545913696,control,0.25,0.25
,0.009988496643733323,0.0009859467670786566,,,-0.06346274297163165,77.8849212917456,-0.01820405979880324,-6.134561043538017,-6.107101117259269,-6.120831080398643,11.670762777328491,state,,
0.5,,,0.8956590477208972,0.8956590477208972,,,,,,,11.670775413513184,control,0.25,0.25
,-0.0006518876170336173,-0.0019999310465813646,,,-0.06127602073444812,82.87989068784138,-0.018452616458508153,-5.218353586155693,-5.2067159468884885,-5.212534766522091,11.681295394897461,state,,
0.5,,,0.9377458667664793,0.9377458667664793,,,,,,,11.681308031082153,control,0.25,0.25
,-0.016204146113540548,0.003798942344510887,,,-0.05146735894829062,87.0836903826667,-0.018489033203204833,-4.269955098280112,-4.279629526870804,-4.2747923125754586,11.69192385673523,state,,
0.5,,,0.9789909494311497,0.9789909494311497,,,,,,,11.691935300827026,control,0.25000000000000444,0.24999999999999556
,0.0007536333886923389,0.01419164804646899,,,-0.04769036377727381,90.97636209421552,-0.018262837152940116,-3.297373332287661,-3.308776462033549,-3.303074897160605,11.702340364456177,state,,
0.5,,,1.0194111304425266,1.0194111304425266,,,,,,,11.702352523803711,control,0.25,0.25
,-0.0038533837612080703,-0.003388019149008652,,,-0.04173351523772985,95.40990727975452,-0.018309454621785088,-2.284161553251659,-2.2726659691344997,-2.2784137611930793,11.712920904159546,state,,
0.5,,,1.0590229078336761,1.0590229078336761,,,,,,,11.71293330192566,control,0.25,0.25
,-0.0014590446310295574,0.004614849855697733,,,-0.023897812548554127,99.37555887479431,-0.017828678924792327,-1.2219763796461582,-1.2211093544579452,-1.2215428670520518,11.723033905029297,state,,
0.5,,,1.0978424496770027,1.0978424496770027,,,,,,,11.723044395446777,control,0.2500000000000011,0.2499999999999989
,0.0031325767972668283,-0.003510806044602289,,,-0.018408842663404448,103.36727176631133,-0.01761308503970624,-0.11470559925642707,-0.13397453190373462,-0.12434006558008084,11.73353886604309,state,,
0.5,,,1.1358856006834628,1.1358856006834628,,,,,,,11.733550786972046,control,0.25,0.25
,0.004240997729987926,-0.004551664809145134,,,-0.002730599893565843,107.71479322999221,-0.017100327402888495,1.0199657126223942,1.024035927045873,1.0220008198341337,11.743748664855957,state,,
0.5,,,1.1731678886697936,1.1731678886697936,,,,,,,11.743793249130249,control,0.2499999999999989,0.2500000000000011
,0.004985274567754749,-0.001981643927507141,,,0.014557533198428969,111.15818856555845,-0.01635003901901283,2.203633966429444,2.1731381222849806,2.1883860443572125,11.753292560577393,state,,
0.5,,,1.2097045308963978,1.2097045308963978,,,,,,,11.753296375274658,control,0.24999999999999778,0.2500000000000022
,0.006452602541747995,0.008102112414936542,,,0.023321414333394942,114.3094156376271,-0.01546367500454956,3.373007923943044,3.3902591505888684,3.381633537265956,11.763582944869995,state,,
0.5,,,1.24551044027847,1.24551044027847,,,,,,,11.763588190078735,control,0.2500000000000022,0.24999999999999778
,0.007370864907761361,0.014025692937488213,,,0.027456419551580673,119.41144623255593,-0.014509893840123458,4.663847476789037,4.650051200191795,4.656949338490416,11.77436900138855,state,,
-0.499990227475872,,,1.1606002314729005,1.1606002314729005,,,,,,,11.774383544921875,control,-0.249995113737936,-0.249995113737936
,-0.006153452914532238,-0.0002618627031645288,,,0.04065438753271801,117.19992070546428,-0.013670260869644579,5.797982704315042,5.789519342892966,5.793751023604004,11.784178018569946,state,,
-0.499990227475872,,,1.0773882268434425,1.0773882268434425,,,,,,,11.784189224243164,control,-0.24999511373794045,-0.24999511373793157
,0.0011469195541370814,-0.0026730391591836622,,,0.0542728377775732,113.77259307336467,-0.012697950024126867,6.886564424943626,6.867294256882858,6.876929340913242,11.794336318969727,state,,
-0.499990227475872,,,0.9958404623065735,0.9958404623065735,,,,,,,11.794347524642944,control,-0.249995113737936,-0.249995113737936
,0.006654698138270592,-0.0028192605342697587,,,0.0556281878285437,108.39802821059136,-0.01188487731083995,7.876111252805556,7.874630280257079,7.875370766531317,11.804104089736938,state,,
-0.499990227475872,,,0.915923653060442,0.915923653060442,,,,,,,11.804109811782837,control,-0.24999511373793157,-0.24999511373794045
,0.0005256422996322655,0.006259012588475598,,,0.0655583876952321,102.2228575510573,-0.01073395276325719,8.798351760122786,8.800285136980818,8.799318448551801,11.814088106155396,state,,
-0.499990227475872,,,0.8376051799992332,0.8376051799992332,,,,,,,11.814092636108398,control,-0.24999511373792713,-0.2499951137379449
,-0.00847529141659405,-0.005747772785621524,,,0.07359133367284607,94.69695043411068,-0.009846733319110608,9.623582415983538,9.629436426019772,9.626509421001655,11.824087858200073,state,,
-0.499990227475872,,,0.7608530763992485,0.7608530763992485,,,,,,,11.824090957641602,control,-0.249995113737936,-0.249995113737936
,-0.003856552520434781,-0.004912882091118285,,,0.08610065507548714,87.68801847431847,-0.008735037398813698,10.394216595472546,10.389461382577995,10.39183898902527,11.834132194519043,state,,
-0.499990227475872,,,0.6856360148712635,0.6856360148712635,,,,,,,11.834136009216309,control,-0.249995113737936,-0.249995113737936
,0.00806093447717056,-0.0007933815758861276,,,0.09552098527082116,79.90290955092098,-0.007436417651290571,11.073936796438215,11.059991659097241,11.066964227767727,11.844231843948364,state,,
-0.499990227475872,,,0.6119232945738382,0.6119232945738382,,,,,,,11.844235181808472,control,-0.24999511373792713,-0.2499951137379449
,5.9385228727216266e-05,0.0012027660223567684,,,0.10652508661380163,73.04519634469557,-0.006053594220297518,11.701269216736472,11.675275374677424,11.688272295706948,11.85430359840393,state,,
-0.499990227475872,,,0.5396848286823615,0.5396848286823615,,,,,,,11.854306697845459,control,-0.249995113737936,-0.249995113737936
,-0.005596664071151283,-0.005135764796532958,,,0.11815262500432944,65.77107050192005,-0.004734469160985843,12.23604162214621,12.224381762396044,12.230211692271126,11.864362955093384,state,,
-0.499990227475872,,,0.4688911321087142,0.4688911321087142,,,,,,,11.864391565322876,control,-0.24999511373792713,-0.2499951137379449
,-0.0003244573043821382,-0.0033122831560447865,,,0.12552179334203728,58.30637207265015,-0.0033629051634773127,12.70222981168272,12.686712283570813,12.694471047626767,11.87456488609314,state,,
-0.499990227475872,,,0.3995133094665399,0.3995133094665399,,,,,,,11.874581098556519,control,-0.249995113737936,-0.249995113737936
,-0.0006443548054167546,-0.004524701235897098,,,0.12619229904432935,50.48831494988063,-0.0021415719440690466,13.060013843004318,13.089838063954112,13.074925953479216,11.885002374649048,state,,
-0.499990227475872,,,0.3315230432772091,0.3315230432772091,,,,,,,11.885004997253418,control,-0.2499951137379449,-0.24999511373792713
,-0.0075276971315203734,-0.008758767671748952,,,0.12551592568451506,44.936909204368234,-0.0011020541922106147,13.439073748810776,13.432809609133612,13.435941678972194,11.895263910293579,state,,
-0.499990227475872,,,0.2648925824116649,0.2648925824116649,,,,,,,11.895267009735107,control,-0.249995113737936,-0.249995113737936
,-0.0025532913116665347,0.005569580845673935,,,0.1326190408499428,37.70372873621662,0.00041064156166075415,13.694654441747412,13.701064205764892,13.697859323756152,11.905451536178589,state,,
-0.499990227475872,,,0.1995947307634316,0.1995947307634316,,,,,,,11.905454874038696,control,-0.249995113737936,-0.249995113737936
,0.003006096715433672,-0.0021219481683034335,,,0.13442648658175174,30.364024313368667,0.0017266648252820757,13.887394448534074,13.881974637299662,13.884684542916869,11.915607452392578,state,,
-0.499990227475872,,,0.13560283614816296,0.13560283614816296,,,,,,,11.915610790252686,control,-0.2499951137379449,-0.24999511373792713
,0.0031303122403958904,-0.002861371769962632,,,0.1341951222705312,24.393223380229465,0.002969492455316371,14.039493072372803,14.027683984520165,14.033588528446483,11.925790548324585,state,,
-0.499990227475872,,,0.0728907794251997,0.0728907794251997,,,,,,,11.925795555114746,control,-0.24999511373792713,-0.2499951137379449
,-0.00874756319044516,0.0007287531864510842,,,0.13236497913248416,17.91458605464299,0.004123031984773224,14.116222088154867,14.103025258857608,14.109623673506238,11.936517000198364,state,,
-0.499990227475872,,,0.011432963836695703,0.011432963836695703,,,,,,,11.936525344848633,control,-0.2499951137379449,-0.24999511373792713
,-0.0025972102207406636,-0.002078635415343122,,,0.13566144580888678,11.213757219646018,0.005359318553214691,14.124240102743821,14.105988382281083,14.115114242512451,11.947092294692993,state,,
-0.499990227475872,,,-0.04879569544003821,-0.04879569544003821,,,,,,,11.94713807106018,control,-0.24999511373792713,-0.2499951137379449
,0.0005150613882317753,-0.0009476306899507581,,,0.14220950573880786,4.723767070878473,0.006729885680897522,14.064904109065527,14.053216914818131,14.05906051194183,11.957305908203125,state,,
-0.499990227475872,,,-0.10781978153123745,-0.10781978153123745,,,,,,,11.95731520652771,control,-0.2499951137379449,-0.24999511373792713
,-0.002008691712473189,-0.002673558181103055,,,0.1364655747767587,-1.3406192705550835,0.007774234857396355,13.949996800061333,13.948276425799598,13.949136612930467,11.967521667480469,state,,
-0.499990227475872,,,-0.1656633859006127,-0.1656633859006127,,,,,,,11.967530727386475,control,-0.2499951137379449,-0.24999511373792713
,-0.005378808607417516,-0.005810334535757743,,,0.13222820793714335,-7.061544549402953,0.008696387939343212,13.785144838901381,13.789794788533891,13.787469813717635,11.978040218353271,state,,
-0.499990227475872,,,-0.22235011818260042,-0.22235011818260042,,,,,,,11.978049516677856,control,-0.24999511373792713,-0.2499951137379449
,-0.006100313217010838,0.004187740876083993,,,0.1342381767398667,-13.249922246959086,0.009897536897856968,13.561451333881388,13.551507668557562,13.556479501219474,11.988312005996704,state,,
-0.499990227475872,,,-0.27790311581894844,-0.27790311581894844,,,,,,,11.988323450088501,control,-0.24999511373792713,-0.2499951137379449
,-0.003916070694265669,0.006920404086560424,,,0.13051877517071123,-18.728321609173577,0.011015819123561041,13.294207052073316,13.269802650436576,13.282004851254946,11.998471021652222,state,,
-0.499990227475872,,,-0.3323450535025695,-0.3323450535025695,,,,,,,11.998482465744019,control,-0.249995113737936,-0.249995113737936
,-0.003725847367527211,-0.003198572160288832,,,0.13338458943500842,-24.18600175110503,0.012056039782143894,12.951531500269667,12.955034812737553,12.953283156503609,12.008689641952515,state,,
-0.499990227475872,,,-0.3856981524325181,-0.3856981524325181,,,,,,,12.00870156288147,control,-0.24999511373792713,-0.2499951137379449
,0.002687978370646191,0.008127344590627833,,,0.12966351597346787,-30.052022786581663,0.01319421030069948,12.551988377015817,12.566816231444339,12.559402304230078,12.019037246704102,state,,
-0.499990227475872,,,-0.43798418938386774,-0.43798418938386774,,,,,,,12.019048929214478,control,-0.249995113737936,-0.249995113737936
,-0.00584780931870682,-0.008949447783170094,,,0.1210087125593543,-35.23118517140337,0.013767337726715605,12.114314239018102,12.13500880708999,12.124661523054046,12.029584169387817,state,,
-0.499990227475872,,,-0.48922450559619035,-0.48922450559619035,,,,,,,12.029594898223877,control,-0.249995113737936,-0.249995113737936
,-0.0015143703055694746,-0.0005888521292583098,,,0.12081698058887272,-39.91522618945082,0.014646564057644133,11.651594341063582,11.650326524922002,11.650960432992793,12.039802312850952,state,,
-0.499990227475872,,,-0.5394400154842665,-0.5394400154842665,,,,,,,12.039813041687012,control,-0.2499951137379449,-0.24999511373792713
,0.0033955043579203667,-0.0014646379688465227,,,0.11417058231259074,-45.57486288476812,0.015362603236762444,11.113940217441579,11.09633155961584,11.105135888528709,12.050365686416626,state,,
-0.499990227475872,,,-0.5886512151745811,-0.5886512151745811,,,,,,,12.050377368927002,control,-0.249995113737936,-0.249995113737936
,-0.0031533104883688674,4.269419217375587e-05,,,0.11750903865655249,-50.845245772535904,0.016232121203455015,10.520916516764668,10.504688847126996,10.512802681945832,12.060922384262085,state,,
-0.499990227475872,,,-0.6368781908710894,-0.6368781908710894,,,,,,,12.060933828353882,control,-0.249995113737936,-0.249995113737936
,0.0017178610365729827,-0.004981115448615522,,,0.10734626185210953,-55.791310497134276,0.016716964725503877,9.861942972632418,9.890398051362103,9.87617051199726,12.071452617645264,state,,
-0.499990227475872,,,-0.6841406270536676,-0.6841406270536676,,,,,,,12.071463823318481,control,-0.249995113737936,-0.249995113737936
,-0.004845485879874724,-0.00044246349696359905,,,0.11101056629239542,-60.67177506126082,0.01747921443072655,9.19631438449421,9.18724112628198,9.191777755388095,12.082005262374878,state,,
-0.499990227475872,,,-0.7304578145125942,-0.7304578145125942,,,,,,,12.082052230834961,control,-0.249995113737936,-0.249995113737936
,0.0045622554526703685,-0.006775464769038209,,,0.09442250472477878,-65.51588088282202,0.017700054317894467,8.451725214485807,8.467320001361607,8.459522607923706,12.092649459838867,state,,
-0.499990227475872,,,-0.7758486582223423,-0.7758486582223423,,,,,,,12.092660665512085,control,-0.24999511373792713,-0.2499951137379449
,0.00791887017004953,0.009120610387144915,,,0.08335006648276674,-69.91768049999845,0.018214110720149074,7.6893451790084635,7.691232793324251,7.690288986166357,12.102959156036377,state,,
-0.499990227475872,,,-0.8203316850578954,-0.8203316850578954,,,,,,,12.102970361709595,control,-0.249995113737936,-0.249995113737936
,-0.0009188740422782172,0.0006598340872986395,,,0.0815597208545438,-74.94919820839527,0.01862235732989744,6.8660394358230805,6.855396389432578,6.860717912627829,12.113097667694092,state,,
-0.499990227475872,,,-0.8639250513567376,-0.8639250513567376,,,,,,,12.113108158111572,control,-0.24999511373793157,-0.24999511373794045
,0.0031549544464313036,0.008594591728314576,,,0.07176254780210137,-78.9835056339601,0.018979147136263756,6.011606107343388,6.00174361148687,6.00667485941513,12.123804330825806,state,,
-0.499990227475872,,,-0.9066465503296028,-0.9066465503296028,,,,,,,12.123818159103394,control,-0.24999511373794045,-0.24999511373793157
,0.0019401586979943606,-0.0010071558253085268,,,0.0642581728397195,-83.44250077898619,0.019103696214327844,5.10031809692702,5.102247382612783,5.101282739769902,12.134153842926025,state,,
-0.499990227475872,,,-0.9485136193230108,-0.9485136193230108,,,,,,,12.134164571762085,control,-0.249995113737936,-0.249995113737936
,-0.0013956193453283912,-0.010049885508612863,,,0.060150294768118534,-88.0469970153537,0.01904577608219461,4.1471101561855805,4.147949715753967,4.147529935969773,12.144653797149658,state,,
-0.499990227475872,,,-0.9895433469365507,-0.9895433469365507,,,,,,,12.144667148590088,control,-0.24999511373793157,-0.24999511373794045
,-0.012805942930924108,0.0008445781164824023,,,0.04680218866205476,-92.18559091572706,0.018831632726934968,3.159048591699684,3.1605639265864434,3.159806259143064,12.155001878738403,state,,
-0.499990227475872,,,-1.0297524799978197,-1.0297524799978197,,,,,,,12.155012845993042,control,-0.24999511373793823,-0.2499951137379338
,0.0034888016220294867,0.0024408757172898,,,0.0373613236645371,-96.10469649465826,0.018740870548252075,2.1263173070367,2.1464522762790788,2.136384791657889,12.165323495864868,state,,
-0.499990227475872,,,-1.0691574303978633,-1.0691574303978633,,,,,,,12.165334701538086,control,-0.2499951137379338,-0.24999511373793823
,0.0031070871731552034,-5.042924869332389e-05,,,0.025741149886963213,-100.60520261184425,0.018454957153602534,1.0756123115769838,1.0417976605088166,1.0587049860429003,12.175841093063354,state,,
-0.499990227475872,,,-1.1077742817899061,-1.1077742817899061,,,,,,,12.175851583480835,control,-0.24999511373793712,-0.2499951137379349
,-0.001728335494349724,-0.0033951736402259474,,,0.020616388113846345,-104.77078913325992,0.018127822538417365,-0.04651810802922777,-0.06408243970222602,-0.05530027386572689,12.186304569244385,state,,
-0.499990227475872,,,-1.145618796154108,-1.145618796154108,,,,,,,12.186315774917603,control,-0.24999511373793604,-0.24999511373793598
,-0.002089218817276669,0.0009649912044609925,,,0.004001335981732751,-108.24825794206498,0.017543472581344477,-1.2043802285409246,-1.181876748105671,-1.1931284883232978,12.196561813354492,state,,
-0.499990227475872,,,-1.1827064202310258,-1.1827064202310258,,,,,,,12.196573972702026,control,-0.249995113737936,-0.249995113737936
,0.005980391235040217,0.003830651323152802,,,-0.014172320330779725,-112.04893203903569,0.01688155148589525,-2.3693006169086384,-2.378914214441514,-2.374107415675076,12.20703411102295,state,,
-0.499990227475872,,,-1.2190522918264053,-1.2190522918264053,,,,,,,12.207044124603271,control,-0.249995113737936,-0.249995113737936
,-0.004926372107837462,-0.0023021925005880873,,,-0.02302449733672056,-116.25179840055557,0.016096608854458044,-3.6055472331516847,-3.6014849575276857,-3.6035160953396854,12.217731714248657,state,,
-0.499990227475872,,,-1.2546712459898772,-1.2546712459898772,,,,,,,12.217742919921875,control,-0.2499951137379338,-0.24999511373793823
,-0.0012310925555931481,-0.0023649397721177564,,,-0.03163646974034147,-119.52093168305973,0.015272996921439609,-4.850541064170779,-4.850969504477139,-4.850755284323959,12.227884531021118,state,,
0.5,,,-1.1695778210700796,-1.1695778210700796,,,,,,,12.227895736694336,control,0.25000000000000444,0.24999999999999556
,0.0019148617709700364,0.001693323817095399,,,-0.03868735073014663,-118.22929965223935,0.014519834849127389,-6.008775955551948,-6.01620668166858,-6.012491318610264,12.238063097000122,state,,
0.5,,,-1.086186264648678,-1.086186264648678,,,,,,,12.238073825836182,control,0.25000000000000444,0.24999999999999556
,0.0010408751367672118,0.009919456393867128,,,-0.058653285320351176,-115.0433269409928,0.013530895023768244,-7.115060676247233,-7.109375838682997,-7.1122182574651145,12.248701333999634,state,,
0.5,,,-1.0044625393557043,-1.0044625393557043,,,,,,,12.248711585998535,control,0.24999999999999556,0.25000000000000444
,0.0012610902918311422,-0.009122079820868247,,,-0.06443398854878474,-108.7969251861854,0.012374376039337245,-8.10147261660937,-8.100073258881471,-8.10077293774542,12.259189128875732,state,,
0.5,,,-0.9243732885685902,-0.9243732885685902,,,,,,,12.259253740310669,control,0.25,0.25
,0.0030259420318288666,-0.006031716309593599,,,-0.07670390747072561,-102.67862163124526,0.011090024334586815,-9.026744248504963,-9.033622408789695,-9.030183328647329,12.269745588302612,state,,
0.5,,,-0.8458858227972184,-0.8458858227972184,,,,,,,12.26975703239441,control,0.25,0.25
,-0.01321192488325179,0.005374293141312853,,,-0.08162586641465044,-96.1760788704378,0.009988924383891791,-9.880065426793587,-9.89684044330004,-9.888452935046814,12.280373334884644,state,,
0.5,,,-0.7689681063412739,-0.7689681063412739,,,,,,,12.280385732650757,control,0.2500000000000089,0.24999999999999112
,-0.004345189057012815,0.008519338623175221,,,-0.09654292731482002,-88.80259439050904,0.008732026275595576,-10.667542041938981,-10.65071041540642,-10.6591262286727,12.290849924087524,state,,
0.5,,,-0.6935887442144484,-0.6935887442144484,,,,,,,12.290896654129028,control,0.25,0.25
,0.0013104488516083377,-0.0009642669542666575,,,-0.10109671351607802,-80.95801190603075,0.007483179820675999,-11.347953241686877,-11.339758637999774,-11.343855939843326,12.301087617874146,state,,
0.5,,,-0.6197169693301594,-0.6197169693301594,,,,,,,12.301131248474121,control,0.2500000000000089,0.24999999999999112
,0.0022159048713228124,0.004481697059687925,,,-0.11346018384956348,-73.40294727827701,0.006124193773289431,-11.953781743641505,-11.961503905433542,-11.957642824537523,12.311096906661987,state,,
0.5,,,-0.5473226299435563,-0.5473226299435563,,,,,,,12.311107873916626,control,0.24999999999999112,0.2500000000000089
,0.0020077154339265507,-0.004281670808334715,,,-0.11074826460678809,-65.96724677256415,0.0048898198385978675,-12.495903257478254,-12.502041628881052,-12.498972443179653,12.321524143218994,state,,
0.5,,,-0.4763761773446851,-0.4763761773446851,,,,,,,12.321535587310791,control,0.25,0.25
,-0.0014782866268135523,-0.0011061568119034553,,,-0.12490854566208084,-59.153816442521666,0.00331127824987053,-12.978380805858468,-12.985762186063573,-12.98207149596102,12.330847978591919,state,,
0.5,,,-0.4068486537977914,-0.4068486537977914,,,,,,,12.330851554870605,control,0.24999999999999112,0.2500000000000089
,-0.00036616110800713594,0.006148351171893474,,,-0.1317064091855741,-52.35791080191881,0.001955494906738486,-13.406972830765293,-13.388007982097514,-13.397490406431404,12.341123104095459,state,,
0.5,,,-0.33871168072183555,-0.33871168072183555,,,,,,,12.341126680374146,control,0.25,0.25
,0.004818317703611623,-0.002769304373150017,,,-0.1383200137689317,-44.923261414138395,0.00043780046185254255,-13.728268862098716,-13.728524939002783,-13.728396900550749,12.351376295089722,state,,
0.5,,,-0.2719374471073988,-0.2719374471073988,,,,,,,12.351381063461304,control,0.24999999999999112,0.2500000000000089
,0.0017567279267967132,-0.0038679878180299127,,,-0.13622477351419196,-38.6269621974166,-0.000936316237931339,-14.017403440977745,-14.011512175366702,-14.014457808172224,12.361751794815063,state,,
0.5,,,-0.20649869816525085,-0.20649869816525085,,,,,,,12.361759901046753,control,0.2500000000000089,0.24999999999999112
,0.0023263974646833595,-0.004291114483053264,,,-0.1395993038191518,-30.837151236824585,-0.002404959886695154,-14.191525419125384,-14.20617583792963,-14.198850628527506,12.37209439277649,state,,
0.5,,,-0.14236872420194582,-0.14236872420194582,,,,,,,12.37210464477539,control,0.24999999999999112,0.2500000000000089
,0.0013954601303235261,0.0019900602281698633,,,-0.13891173550152486,-25.012565148091237,-0.0036644115343200754,-14.358648295827555,-14.35390193069204,-14.356275113259798,12.382117509841919,state,,
0.5,,,-0.07952134971790692,-0.07952134971790692,,,,,,,12.382126569747925,control,0.2500000000000089,0.24999999999999112
,-0.002013698100739771,0.00850811365083956,,,-0.13743608587152734,-17.985899634394553,-0.004776206311215936,-14.42326874399492,-14.42533376522093,-14.424301254607926,12.39244031906128,state,,
0.5,,,-0.01793092272354878,-0.01793092272354878,,,,,,,12.392449617385864,control,0.2500000000000089,0.24999999999999112
,0.002091748512470601,-0.0002916165115887822,,,-0.1464570268975004,-11.942781791598817,-0.006250800069851963,-14.436545996039495,-14.45855373373478,-14.447549864887137,12.402698516845703,state,,
0.5,,,0.0424276957309222,0.0424276957309222,,,,,,,12.4027099609375,control,0.24999999999999112,0.2500000000000089
,-0.003345519644094051,0.0069860626194344815,,,-0.14566104589370593,-6.0182743164946375,-0.0074402289013392915,-14.416944848669964,-14.409937437424658,-14.413441143047311,12.412948369979858,state,,
0.5,,,0.10157914181630376,0.10157914181630376,,,,,,,12.412959814071655,control,0.2500000000000089,0.24999999999999112
,-0.0041816548858928295,-0.003894799188730601,,,-0.14301645495775397,0.4618986212700076,-0.008759382242958485,-14.305518477550017,-14.305855525092092,-14.305687001321054,12.423355340957642,state,,
0.5,,,0.1595475589799777,0.1595475589799777,,,,,,,12.423401117324829,control,0.25,0.25
,-0.006152875886292433,0.00464135402103227,,,-0.14791366873300293,6.500701040618505,-0.010073905608015462,-14.148113951953563,-14.141024978797255,-14.144569465375408,12.433516263961792,state,,
0.5,,,0.21635660780037813,0.21635660780037813,,,,,,,12.43352746963501,control,0.24999999999999112,0.2500000000000089
,0.0023103823551074007,0.0030090414423935186,,,-0.1462050261220618,11.930698689114285,-0.011209808827438217,-13.936774302257456,-13.940908461363982,-13.938841381810718,12.44401478767395,state,,
0.5,,,0.2720294756443705,0.2720294756443705,,,,,,,12.44402551651001,control,0.24999999999999112,0.2500000000000089
,-0.0036654448490730947,-0.0003248306064060871,,,-0.14145208113301128,17.647287247285114,-0.012335228355845858,-13.672582732285633,-13.67018962105901,-13.671386176672321,12.454301595687866,state,,
0.5,,,0.3265888861314831,0.3265888861314831,,,,,,,12.454312801361084,control,0.25,0.25
,0.00766665826748538,0.0008715020571458353,,,-0.13754780945473988,24.014800912790065,-0.013306726456708877,-13.326241198873667,-13.333550881201113,-13.32989604003739,12.464583158493042,state,,
0.5,,,0.38005710840885343,0.38005710840885343,,,,,,,12.46459412574768,control,0.25,0.25
,0.009209915900241254,0.0026984266009118492,,,-0.13505890342232652,29.240062420556658,-0.014211090868423204,-12.951491995981682,-12.957173596100192,-12.954332796040937,12.474703788757324,state,,
0.5,,,0.43245596624067634,0.43245596624067634,,,,,,,12.47471570968628,control,0.25,0.25
,0.004670912331842476,0.0034380910744406857,,,-0.12840665552796254,34.67980600433037,-0.01498721919935149,-12.514402436630848,-12.52751461926242,-12.520958527946632,12.484914302825928,state,,
0.5,,,0.4838068469158628,0.4838068469158628,,,,,,,12.484925270080566,control,0.24999999999999112,0.2500000000000089
,-0.004999631233822886,0.0026577098875157986,,,-0.12541751720449823,40.57946611593681,-0.01586198791278285,-12.001975900767949,-12.04055981894173,-12.02126785985484,12.495048999786377,state,,
0.5,,,0.5341307099775455,0.5341307099775455,,,,,,,12.495089769363403,control,0.25,0.25
,0.003177174769662461,0.0009826905302124686,,,-0.12090994232261287,44.39047734813454,-0.01662177222142652,-11.51800007942344,-11.515417838166949,-11.516708958795194,12.505166053771973,state,,
0.5,,,0.5834480957779946,0.5834480957779946,,,,,,,12.50517749786377,control,0.25,0.25
,0.006913076219006149,0.0010057994580956872,,,-0.1228467489592609,50.79770384900026,-0.017457677054634142,-10.899169640244438,-10.914345846541512,-10.906757743392975,12.515463590621948,state,,
0.5,,,0.6317791338624348,0.6317791338624348,,,,,,,12.515474081039429,control,0.25,0.25
,-0.000879160951130835,0.013739031699111866,,,-0.11435962349968135,54.72566393441349,-0.01785253506830631,-10.300200160168623,-10.293771195156818,-10.296985677662722,12.525715827941895,state,,
0.5,,,0.679143551185186,0.679143551185186,,,,,,,12.52572774887085,control,0.2500000000000089,0.24999999999999112
,0.0027613583596454443,0.005300146456428325,,,-0.1068456943473171,60.38059109288213,-0.018310703604610852,-9.600459457519298,-9.605898153929527,-9.603178805724411,12.535789966583252,state,,
0.5,,,0.7255606801614822,0.7255606801614822,,,,,,,12.535800218582153,control,0.24999999999999112,0.2500000000000089
,0.002935817182618766,-0.0022052411818344947,,,-0.10104164364268767,64.94794656251214,-0.018867574064732686,-8.88034689152495,-8.881668348703746,-8.881007620114348,12.546021938323975,state,,
0.5,,,0.7710494665582526,0.7710494665582526,,,,,,,12.546032905578613,control,0.25,0.25
,0.0012445337018360577,-0.0022260236701320698,,,-0.09581598223858924,69.9561714761871,-0.019384065337916537,-8.09843999983415,-8.105035060645331,-8.101737530239742,12.55617094039917,state,,
0.5,,,0.8156284772270874,0.8156284772270874,,,,,,,12.55618166923523,control,0.2500000000000089,0.24999999999999112
,-0.004495060285319483,0.003347313768657341,,,-0.08202920304513873,73.99699827122015,-0.019560725372323968,-7.299384861374101,-7.295526721959442,-7.2974557916667715,12.566399574279785,state,,
0.5,,,0.8593159076825456,0.8593159076825456,,,,,,,12.566410064697266,control,0.25,0.25
,-0.003839335087464466,0.0022963800139227603,,,-0.07662945893123074,78.9439283535168,-0.019826393592028833,-6.419392024756654,-6.439175316361053,-6.429283670558853,12.576920509338379,state,,
0.5,,,0.9021295895288948,0.9021295895288948,,,,,,,12.576931238174438,control,0.24999999999999556,0.25000000000000444
,0.008014640895201673,0.006751427141198069,,,-0.06896301859033861,82.80103668071575,-0.01980548598147249,-5.543367714992397,-5.53640332124807,-5.539885518120233,12.587467908859253,state,,
0.5,,,0.9440869977383168,0.9440869977383168,,,,,,,12.587478876113892,control,0.24999999999999556,0.25000000000000444
,-0.00809373974873178,0.007254160251747811,,,-0.06091993689084081,87.40026626277839,-0.019810614305889453,-4.60172379557352,-4.583643890931431,-4.592683843252475,12.597896814346313,state,,
0.5,,,0.9852052577835504,0.9852052577835504,,,,,,,12.597907304763794,control,0.24999999999999556,0.25000000000000444
,0.005013688342773574,-0.003407615967751901,,,-0.05099224132502982,91.89870258749437,-0.01978957865961556,-3.6051959080784775,-3.599008051224048,-3.6021019796512626,12.607894897460938,state,,
0.5,,,1.0255011526278794,1.0255011526278794,,,,,,,12.607905149459839,control,0.24999999999999778,0.2500000000000022
,-0.003999246189127671,-0.004844305639543142,,,-0.0392714277721667,95.61959939606314,-0.019719757215993453,-2.5851039914807497,-2.5882681559367975,-2.5866860737087736,12.617944955825806,state,,
0.5,,,1.0649911295753218,1.0649911295753218,,,,,,,12.617954969406128,control,0.25,0.25
,0.0024669438570099397,-0.0020466027914582113,,,-0.031247248650757283,100.2088601090141,-0.01953037064328301,-1.5179824727955156,-1.5051317669210333,-1.5115571198582745,12.628559589385986,state,,
0.5,,,1.1036913069838155,1.1036913069838155,,,,,,,12.628596305847168,control,0.25,0.25
,-0.006051160092690639,-0.00666967244717339,,,-0.014569913582309807,104.4279045538616,-0.01919548818526509,-0.40844777761562656,-0.39181201531931475,-0.40012989646747066,12.638515710830688,state,,
0.5,,,1.1416174808441393,1.1416174808441393,,,,,,,12.638527393341064,control,0.25,0.25
,0.006284573718911732,0.005614296139582245,,,-0.001351772189339997,108.00076500736267,-0.01847198417190806,0.7221273083464704,0.7513558792962913,0.7367415938213808,12.64891242980957,state,,
0.5,,,1.1787851312272566,1.1787851312272566,,,,,,,12.648945808410645,control,0.25000000000000056,0.24999999999999944
,-0.004663493707401516,-0.003661966332880107,,,0.013394152007778383,111.68907824911022,-0.017848187144540683,1.9075911590044636,1.9170762504395857,1.9123337047220246,12.65906286239624,state,,
0.5,,,1.2152094286027115,1.2152094286027115,,,,,,,12.659078121185303,control,0.2500000000000011,0.2499999999999989
,0.00461053480313647,0.0024697532780445786,,,0.02299282317729128,115.22076351826664,-0.01704033280590599,3.119432980487616,3.1220667329279803,3.120749856707798,12.668762683868408,state,,
0.5,,,1.2509052400306573,1.2509052400306573,,,,,,,12.668769598007202,control,0.2500000000000022,0.24999999999999778
,0.013724921302151477,-0.006909639472115444,,,0.03205968273727301,119.08066173740781,-0.016274546081643523,4.367192381928343,4.378784942516993,4.372988662222668,12.678577661514282,state,,
-0.499990227475872,,,1.1658871352300442,1.1658871352300442,,,,,,,12.678582429885864,control,-0.249995113737936,-0.249995113737936
,0.01223017982710152,-0.005324233236159246,,,0.044416540605557386,118.20409264896568,-0.015333325580625624,5.554415040724054,5.527742076023173,5.541078558373613,12.68872332572937,state,,
-0.499990227475872,,,1.0825693925254432,1.0825693925254432,,,,,,,12.688728094100952,control,-0.24999511373793157,-0.24999511373794045
,0.004970158760474002,-0.0013366220725965457,,,0.053327184228838656,114.3978803040181,-0.014357234423592389,6.629657432959678,6.61930178803675,6.624479610498214,12.698641777038574,state,,
-0.499990227475872,,,1.0009180046749342,1.0009180046749342,,,,,,,12.698645114898682,control,-0.249995113737936,-0.249995113737936
,-0.009593362076568484,-0.002849535105532124,,,0.06420989784737366,109.29826351073154,-0.013399524963630796,7.63593528996973,7.636663357136128,7.6362993235529295,12.708711624145508,state,,
-0.499990227475872,,,0.9208996445814355,0.9208996445814355,,,,,,,12.708714723587036,control,-0.24999511373794045,-0.24999511373793157
,0.0007365416784858048,-0.007977295484002233,,,0.06625948960138528,102.43314535551313,-0.01259714704534282,8.550614167991926,8.552123888361612,8.551369028176769,12.718746185302734,state,,
-0.499990227475872,,,0.8424816516898068,0.8424816516898068,,,,,,,12.718748807907104,control,-0.249995113737936,-0.249995113737936
,-0.0023912325090821936,-0.002349380101073674,,,0.08050452753062338,95.57014633009888,-0.01139972544899182,9.399902554339121,9.395782384750486,9.397842469544804,12.728898286819458,state,,
-0.499990227475872,,,0.7656320186560106,0.7656320186560106,,,,,,,12.728901624679565,control,-0.249995113737936,-0.249995113737936
,-0.002971309098239463,0.011119714517447941,,,0.09425277431449185,87.88859804164211,-0.009853461901923155,10.159360132168706,10.149585491612347,10.154472811890527,12.739044904708862,state,,
-0.499990227475872,,,0.6903193782828905,0.6903193782828905,,,,,,,12.739047765731812,control,-0.249995113737936,-0.249995113737936
,-0.005183642343241769,-0.0028476389107203797,,,0.09502676519988501,80.94127056148422,-0.008808700417750654,10.86446172815325,10.84216900490843,10.85331536653084,12.749169826507568,state,,
-0.499990227475872,,,0.6165129907172326,0.6165129907172326,,,,,,,12.74917197227478,control,-0.249995113737936,-0.249995113737936
,0.004781485836958904,-0.005183395016355744,,,0.09776404912394837,73.15007697643269,-0.007696741725302746,11.470506670213432,11.451124208047537,11.460815439130485,12.759185791015625,state,,
-0.499990227475872,,,0.5441827309028879,0.5441827309028879,,,,,,,12.759187936782837,control,-0.2499951137379449,-0.24999511373792713
,0.009331000685957323,-2.06271591552601e-05,,,0.10695504838602664,66.10643249607459,-0.006286627485340532,12.00331424252008,12.016239118376197,12.009776680448137,12.769379377365112,state,,
-0.499990227475872,,,0.4732990762848302,0.4732990762848302,,,,,,,12.769381999969482,control,-0.24999511373792713,-0.2499951137379449
,-0.002245466001206469,0.0008689184612823133,,,0.11409572192257399,58.92170397359719,-0.00493618562636136,12.485877363178458,12.48341306536464,12.484645214271548,12.779513359069824,state,,
-0.499990227475872,,,0.4038330947591336,0.4038330947591336,,,,,,,12.779516220092773,control,-0.24999511373792713,-0.2499951137379449
,0.008317390443893076,0.002775506259929888,,,0.12368934820952615,51.641354868843095,-0.003366612535929711,12.868551020044322,12.901825796384383,12.885188408214352,12.789623498916626,state,,
-0.499990227475872,,,0.3357564328639509,0.3357564328639509,,,,,,,12.789626359939575,control,-0.249995113737936,-0.249995113737936
,0.00819600530771536,0.0025113863772724013,,,0.12922326870856213,44.7509593234292,-0.0018433246755428384,13.232316961858977,13.213750938856112,13.223033950357545,12.799756526947021,state,,
-0.499990227475872,,,0.2690413042066719,0.2690413042066719,,,,,,,12.799761056900024,control,-0.249995113737936,-0.249995113737936
,-0.006503476867647937,0.0038154666519839915,,,0.13561721496763712,37.891270098879026,-0.00035939676841791117,13.492687070210383,13.49285554285001,13.492771306530198,12.809861660003662,state,,
-0.499990227475872,,,0.20366047812253846,0.20366047812253846,,,,,,,12.809865474700928,control,-0.2499951137379449,-0.24999511373792713
,0.004915494008336537,0.0025717436712105212,,,0.13547761221626753,30.858315535589394,0.0010533021351351087,13.699804720714589,13.679038306399946,13.689421513557267,12.820012331008911,state,,
-0.499990227475872,,,0.13958726856008769,0.13958726856008769,,,,,,,12.820016145706177,control,-0.249995113737936,-0.249995113737936
,-0.005456171136608072,-0.00913216444881362,,,0.129388874834927,24.44880926925061,0.0019909127720028957,13.828539255605575,13.83525903588071,13.831899145743144,12.830090284347534,state,,
-0.499990227475872,,,0.07679552318888594,0.07679552318888594,,,,,,,12.830105543136597,control,-0.2499951137379449,-0.24999511373792713
,-0.0026180671141914818,-0.0028443932262231316,,,0.13379566016964606,17.50638882437637,0.0032545001836366614,13.904855392689898,13.888086569119121,13.89647098090451,12.84009838104248,state,,
-0.499990227475872,,,0.015259612725108215,0.015259612725108215,,,,,,,12.840100765228271,control,-0.2499951137379449,-0.24999511373792713
,0.0014839266638007442,-0.008661418104993043,,,0.14325271223332517,11.642418908685144,0.004586714303486193,13.917984109667529,13.92115027067031,13.91956719016892,12.850313901901245,state,,
-0.499990227475872,,,-0.04504557952939395,-0.04504557952939395,,,,,,,12.850316047668457,control,-0.249995113737936,-0.249995113737936
,0.009155673856375095,0.0023996981167170514,,,0.1444881612753508,6.008751972293785,0.006038541762283087,13.884514519590383,13.895469712061319,13.889992115825851,12.860389232635498,state,,
-0.499990227475872,,,-0.10414466793880606,-0.10414466793880606,,,,,,,12.860392093658447,control,-0.2499951137379449,-0.24999511373792713
,0.001597560171717754,-0.0021470994641487494,,,0.14452039553357993,-0.8942971624389622,0.0073023096342450565,13.763609964749746,13.778757445213389,13.771183704981567,12.870543241500854,state,,
-0.499990227475872,,,-0.16206177458002993,-0.16206177458002993,,,,,,,12.870545864105225,control,-0.249995113737936,-0.249995113737936
,-0.002841953976011706,-0.0022584795021734203,,,0.14527145919089782,-6.896477612234885,0.008524330128692874,13.59908137767789,13.614301142457636,13.606691260067763,12.880663394927979,state,,
-0.499990227475872,,,-0.21882053908842933,-0.21882053908842933,,,,,,,12.880666732788086,control,-0.24999511373792713,-0.2499951137379449
,0.007028298115123336,-0.005039002975388534,,,0.13818730024841902,-12.607431451362034,0.009551959411062565,13.390300101310736,13.389148483144206,13.38972429222747,12.890730857849121,state,,
-0.499990227475872,,,-0.27444412830666076,-0.27444412830666076,,,,,,,12.890733480453491,control,-0.24999511373792713,-0.2499951137379449
,-0.002484012046733704,0.004579414078790665,,,0.1366343695255039,-17.84942498167405,0.010738042827992893,13.128216538264374,13.127385710156108,13.12780112421024,12.900789499282837,state,,
-0.499990227475872,,,-0.32895524574052754,-0.32895524574052754,,,,,,,12.900792360305786,control,-0.24999511373792713,-0.2499951137379449
,0.006365635562742014,0.004031857125708892,,,0.13152284934215067,-23.851993281047548,0.011850373357553736,12.788818926343168,12.798675773237958,12.793747349790564,12.910982370376587,state,,
-0.499990227475872,,,-0.38237614082571697,-0.38237614082571697,,,,,,,12.910984992980957,control,-0.2499951137379449,-0.24999511373792713
,-0.0033923736847594806,-0.004564995853725304,,,0.13082961687648378,-30.00699904146232,0.012770456221513054,12.399349833364507,12.392084967081555,12.395717400223031,12.921164512634277,state,,
-0.499990227475872,,,-0.4347286180092026,-0.4347286180092026,,,,,,,12.921167373657227,control,-0.249995113737936,-0.249995113737936
,-0.00020615277874983033,-0.007721914084800793,,,0.13400030522726664,-34.61620934972285,0.01372852061449516,11.969952007508093,11.982442885081555,11.976197446294824,12.931354522705078,state,,
-0.499990227475872,,,-0.48603404564901853,-0.48603404564901853,,,,,,,12.93135690689087,control,-0.249995113737936,-0.249995113737936
,-0.004309903902493388,-0.00655908573059703,,,0.13305774837154616,-39.83659289071623,0.014585142900707539,11.501184597875483,11.48830846782291,11.494746532849195,12.941442728042603,state,,
-0.499990227475872,,,-0.5363133647360381,-0.5363133647360381,,,,,,,12.941445350646973,control,-0.24999511373792713,-0.2499951137379449
,0.010716707858650863,-0.0011197114912575722,,,0.12612994353957233,-45.76311528057779,0.015476008751329488,10.9353342674986,10.950249425849982,10.942791846674291,12.951552629470825,state,,
-0.499990227475872,,,-0.5855870974413173,-0.5855870974413173,,,,,,,12.951556205749512,control,-0.249995113737936,-0.249995113737936
,0.0017805930114785627,-0.0021703589358722255,,,0.10997069959805658,-50.51713743733541,0.01596082640803623,10.370038493522726,10.353877225915873,10.3619578597193,12.961719274520874,state,,
-0.499990227475872,,,-0.633875355492491,-0.633875355492491,,,,,,,12.961727619171143,control,-0.2499951137379449,-0.24999511373792713
,0.009023897707233547,-0.0019484820745210877,,,0.10345849159339994,-55.27748029220694,0.016580516738285887,9.741940088480955,9.724899605880509,9.733419847180732,12.971843004226685,state,,
-0.499990227475872,,,-0.6811978483826411,-0.6811978483826411,,,,,,,12.971848964691162,control,-0.249995113737936,-0.249995113737936
,-0.004437750373191546,-0.0013015305195469415,,,0.09664194103400553,-60.30509338697129,0.017028287156564383,9.047503974629311,9.053199956795671,9.05035196571249,12.982665061950684,state,,
-0.499990227475872,,,-0.7275738914149883,-0.7275738914149883,,,,,,,12.982675313949585,control,-0.24999511373792713,-0.2499951137379449
,-0.007926458150994435,-0.006105227892310533,,,0.09295175065471936,-65.10679963909533,0.017364584825424634,8.324995314795466,8.320729566787449,8.322862440791457,12.992816925048828,state,,
-0.499990227475872,,,-0.7730224135866886,-0.7730224135866886,,,,,,,12.992851257324219,control,-0.249995113737936,-0.249995113737936
,0.00723033279812452,1.926507776593518e-05,,,0.08666123995730274,-70.03870667421899,0.017818262656675386,7.53691822570742,7.55104504568919,7.543981635698305,13.003127098083496,state,,
-0.499990227475872,,,-0.8175619653149548,-0.8175619653149548,,,,,,,13.00314211845398,control,-0.249995113737936,-0.249995113737936
,0.0004110223609893331,0.0005956748339239975,,,0.08481338446805839,-74.26889016943309,0.018274101954265726,6.743975431510692,6.7239591138074415,6.733967272659067,13.013526201248169,state,,
-0.499990227475872,,,-0.8612107260086557,-0.8612107260086557,,,,,,,13.013541221618652,control,-0.249995113737936,-0.249995113737936
,0.006057911031604404,0.004297673626884597,,,0.07920791296311622,-79.29562910771321,0.01871797104300065,5.8684793368580115,5.8535365563739,5.861007946615956,13.023499011993408,state,,
-0.499990227475872,,,-0.9039865114884826,-0.9039865114884826,,,,,,,13.023509502410889,control,-0.24999511373794045,-0.24999511373793157
,-0.0012602756292576125,-0.0009234553318770642,,,0.068869856528925,-83.48337086094904,0.018826522740327187,4.958665726140295,4.9603827897886745,4.959524257964485,13.03382420539856,state,,
-0.499990227475872,,,-0.945906781258713,-0.945906781258713,,,,,,,13.033859491348267,control,-0.24999511373794045,-0.24999511373793157
,-0.0052909410900610875,-0.0024095111407902176,,,0.05139511610781236,-87.51482973063844,0.018592804376236054,4.008622094180141,4.031804505739515,4.020213299959828,13.043951511383057,state,,
-0.499990227475872,,,-0.9869886456335386,-0.9869886456335386,,,,,,,13.043962955474854,control,-0.24999511373793157,-0.24999511373794045
,0.007269857692050551,0.0021121919450827124,,,0.04386386881521827,-92.2121985380363,0.018622309841565175,3.0301783535990303,3.0164823825152887,3.0233303680571595,13.054080963134766,state,,
-0.499990227475872,,,-1.0272488727208677,-1.0272488727208677,,,,,,,13.054091930389404,control,-0.249995113737936,-0.249995113737936
,0.004821321610225956,-0.0015901615379104905,,,0.031170340812858292,-96.04107306764078,0.018359373331253377,2.0072500501758004,1.996712363012661,2.001981206594231,13.06431245803833,state,,
-0.499990227475872,,,-1.0667038952664505,-1.0667038952664505,,,,,,,13.064324140548706,control,-0.24999511373793712,-0.2499951137379349
,6.34732442197638e-05,0.008240311804948653,,,0.024375164309535506,-100.3133274122695,0.018274307394268892,0.9388856210733857,0.9228201644509881,0.9308528927621869,13.074620485305786,state,,
-0.499990227475872,,,-1.1053698173611215,-1.1053698173611215,,,,,,,13.074631690979004,control,-0.24999511373793545,-0.24999511373793656
,0.006638704774839605,0.001555712052049659,,,0.011481245589888299,-103.99710330487241,0.01789416885801273,-0.16777655951282147,-0.16771794957035527,-0.16774725454158837,13.084890127182007,state,,
-0.499990227475872,,,-1.143262421013899,-1.143262421013899,,,,,,,13.084900617599487,control,-0.249995113737936,-0.249995113737936
,0.003469835067719575,0.014890314571338121,,,-0.00042320955104927557,-108.01447480109647,0.017644481857168957,-1.3010366315728217,-1.3226242799043928,-1.3118304557386073,13.095057249069214,state,,
-0.499990227475872,,,-1.180397172593621,-1.180397172593621,,,,,,,13.095067977905273,control,-0.2499951137379349,-0.24999511373793712
,-0.0035213265908517533,-0.0019585693682535646,,,-0.011123996188691731,-111.82108420461508,0.01694888976167883,-2.4858490987421265,-2.4954016374254047,-2.490625368083766,13.10531497001648,state,,
-0.499990227475872,,,-1.2167892291417488,-1.2167892291417488,,,,,,,13.105326414108276,control,-0.2499951137379338,-0.24999511373793823
,0.0017115254654901332,0.005064439517111442,,,-0.030635015055112607,-115.42166016247143,0.016107869356613957,-3.692896366723303,-3.7113974650277917,-3.7021469158755473,13.11550784111023,state,,
-0.499990227475872,,,-1.252453444558914,-1.252453444558914,,,,,,,13.115518569946289,control,-0.249995113737936,-0.249995113737936
,-0.0022791021086223605,-0.0023158051055397763,,,-0.033786776021053594,-119.30900726145362,0.015341251125101664,-4.966656726566729,-4.9475553516768285,-4.957106039121779,13.125691652297974,state,,
0.5,,,-1.1674043756677357,-1.1674043756677357,,,,,,,13.125704050064087,control,0.25000000000000444,0.24999999999999556
,-0.0012884979756051563,0.0007647699856972602,,,-0.045128631033864886,-118.3378225724415,0.014415635537917183,-6.132426227519647,-6.117628533390452,-6.12502738045505,13.135814428329468,state,,
0.5,,,-1.084056288154381,-1.084056288154381,,,,,,,13.135825634002686,control,0.25000000000000444,0.24999999999999556
,-0.00336813394977764,0.005550766093318048,,,-0.058430734011457965,-114.54407825688267,0.013421023872625962,-7.206101202561409,-7.214076491356749,-7.21008884695908,13.14595890045166,state,,
0.5,,,-1.0023751623912933,-1.0023751623912933,,,,,,,13.14596939086914,control,0.25000000000000444,0.24999999999999556
,0.0017451364225314037,-0.0011293650558621571,,,-0.06168500774528345,-108.63244677409229,0.012485063901372646,-8.212592838867018,-8.192060716088235,-8.202326777477627,13.1560959815979,state,,
0.5,,,-0.9223276591434675,-0.9223276591434675,,,,,,,13.156106233596802,control,0.25,0.25
,0.003304767190472784,-0.0007315301992047757,,,-0.07315862666587673,-102.6462642167323,0.011346155275748148,-9.136311134827332,-9.130721595611702,-9.133516365219517,13.166327714920044,state,,
0.5,,,-0.8438811059605982,-0.8438811059605982,,,,,,,13.166346788406372,control,0.25,0.25
,-0.0037924783435654037,0.0064990883675298955,,,-0.0805771536779557,-95.32164131978422,0.010302123473882258,-9.97592706575211,-9.964388503015936,-9.970157784384023,13.1760573387146,state,,
0.5,,,-0.7670034838413862,-0.7670034838413862,,,,,,,13.176064014434814,control,0.25,0.25
,0.0036901654872544694,-0.006481729471497127,,,-0.09058513623277206,-88.27118101074024,0.008955037810582853,-10.74320293653626,-10.738113130595076,-10.74065803356567,13.186296939849854,state,,
0.5,,,-0.6916634141645583,-0.6916634141645583,,,,,,,13.186306953430176,control,0.2500000000000089,0.24999999999999112
,-0.008828651742760586,0.003755441241551689,,,-0.10435266569605238,-81.0305343963498,0.007538445773120444,-11.428909162610903,-11.442540652475065,-11.435724907542983,13.196296215057373,state,,
0.5,,,-0.6178301458812672,-0.6178301458812672,,,,,,,13.196301460266113,control,0.24999999999999112,0.2500000000000089
,-0.005441508763388936,-0.003788739139131067,,,-0.10953171674775014,-73.66176815350094,0.006118454111533483,-12.054015313286932,-12.056114750461436,-12.055065031874184,13.206393718719482,state,,
0.5,,,-0.5454735429636419,-0.5454735429636419,,,,,,,13.206398725509644,control,0.25,0.25
,0.0012540835687078614,0.0040798928116443966,,,-0.1069464983934427,-66.17321244809304,0.005069148603291014,-12.601330053944224,-12.593896127339068,-12.597613090641646,13.216536045074463,state,,
0.5,,,-0.4745640721043691,-0.4745640721043691,,,,,,,13.216541290283203,control,0.25,0.25
,0.00014227507098410507,0.0043745334786868244,,,-0.10941725934165833,-58.97549442844331,0.003934969739932327,-13.064880835409731,-13.080744754080655,-13.072812794745193,13.22690224647522,state,,
0.5,,,-0.4050727906622817,-0.4050727906622817,,,,,,,13.226910829544067,control,0.25,0.25
,0.0075406589330286435,-0.0057655896060229694,,,-0.1089788411846132,-51.691117039220316,0.002739802411995992,-13.478377909962346,-13.469201086544114,-13.473789498253229,13.237115621566772,state,,
0.5,,,-0.3369713348490361,-0.3369713348490361,,,,,,,13.237125158309937,control,0.24999999999999112,0.2500000000000089
,-0.0002818159203471008,-0.0036763147459078563,,,-0.11691120596327362,-45.160479923797254,0.0013409335862125877,-13.841453572387985,-13.80145838690262,-13.821455979645304,13.247431993484497,state,,
0.5,,,-0.27023190815205533,-0.27023190815205533,,,,,,,13.247444152832031,control,0.2500000000000089,0.24999999999999112
,-0.005827217294704906,-0.00042094007369340887,,,-0.12035649302877259,-38.38745795816577,2.5524685038932218e-05,-14.100034959386026,-14.095034173967852,-14.097534566676938,13.257885694503784,state,,
0.5,,,-0.20482726998901424,-0.20482726998901424,,,,,,,13.257895231246948,control,0.24999999999999112,0.2500000000000089
,-0.004614526330479685,0.0012280560597062705,,,-0.13339317576463006,-31.650256002227135,-0.0015013055642545806,-14.310057332794035,-14.30356512182518,-14.306811227309607,13.268433332443237,state,,
0.5,,,-0.14073072458923394,-0.14073072458923394,,,,,,,13.268444776535034,control,0.25,0.25
,-0.0026717515728391225,-0.003176814079800475,,,-0.13505750862226543,-24.143510138422005,-0.0029038988485867666,-14.428170578144858,-14.429374937090952,-14.428772757617905,13.27898907661438,state,,
0.5,,,-0.07791611009744925,-0.07791611009744925,,,,,,,13.279000520706177,control,0.25,0.25
,0.004426057668283895,-0.005005436941738937,,,-0.145019189686416,-18.010391603319082,-0.004486715482440632,-14.51130917812061,-14.51122094289555,-14.51126506050808,13.28952693939209,state,,
0.5,,,-0.01635778789550027,-0.01635778789550027,,,,,,,13.289541959762573,control,0.25,0.25
,-0.0020224469097978094,0.001751896965430859,,,-0.14921033716838628,-11.699714012131608,-0.005911362701468125,-14.533493239164423,-14.52215605551502,-14.527824647339722,13.299438714981079,state,,
0.5,,,0.043969367862409736,0.043969367862409736,,,,,,,13.299449682235718,control,0.25,0.25
,0.002602581535530767,0.0054683495573586306,,,-0.14270029675627566,-5.44505357387103,-0.006973443538010116,-14.488481849422595,-14.476976491512172,-14.482729170467383,13.309566259384155,state,,
0.5,,,0.10308998050516154,0.10308998050516154,,,,,,,13.309578657150269,control,0.25,0.25
,0.0010201434674890508,0.00647638664839506,,,-0.1391871966101014,0.6634813839670444,-0.00801963348245737,-14.370836427027282,-14.386911579510231,-14.378874003268756,13.319646835327148,state,,
0.5,,,0.1610281808950583,0.1610281808950583,,,,,,,13.319657564163208,control,0.24999999999999112,0.2500000000000089
,0.0025025032855752046,-0.002956926760469925,,,-0.14341948426688544,6.026507223964004,-0.009371343829092747,-14.235092669077725,-14.231414778507492,-14.233253723792608,13.329947471618652,state,,
0.5,,,0.21780761727715714,0.21780761727715714,,,,,,,13.329958200454712,control,0.24999999999999112,0.2500000000000089
,-0.006797975272437252,-0.0029201919753656315,,,-0.13977658906429355,12.618390588736439,-0.010605888988994698,-14.001580509010902,-14.002732962441833,-14.002156735726366,13.340057849884033,state,,
0.5,,,0.273451464931614,0.273451464931614,,,,,,,13.34009575843811,control,0.24999999999999112,0.2500000000000089
,-0.00976222930592619,0.005123478731147105,,,-0.1396287264297439,18.86766214139454,-0.011741457570412773,-13.712624888768245,-13.715414848190777,-13.714019868479511,13.350288152694702,state,,
0.5,,,0.3279824356329817,0.3279824356329817,,,,,,,13.350300073623657,control,0.25,0.25
,0.0011104485227132017,0.0036475931456155615,,,-0.1355537182983724,23.57620644130612,-0.012699773571785557,-13.412947542005236,-13.393690446108042,-13.40331899405664,13.360406875610352,state,,
0.5,,,0.38142278692032205,0.38142278692032205,,,,,,,13.360416889190674,control,0.2500000000000089,0.24999999999999112
,0.0006934329627805597,-0.005585789026706136,,,-0.13401244228817144,29.34276725886597,-0.013837894951721105,-13.02048701059333,-13.015740300591695,-13.018113655592511,13.370194673538208,state,,
0.5,,,0.4337943311819156,0.4337943311819156,,,,,,,13.370237350463867,control,0.24999999999999112,0.2500000000000089
,-0.0024633721115589723,0.008432471199478436,,,-0.13416040325678646,34.74956652698562,-0.014744186864341135,-12.60066787008381,-12.568464344596123,-12.584566107339967,13.38027286529541,state,,
0.5,,,0.4851184445582773,0.4851184445582773,,,,,,,13.380277395248413,control,0.25,0.25
,0.00043334000185846834,0.006276810325692315,,,-0.1285774953211825,40.10707908426899,-0.015506768401811845,-12.090590469064114,-12.10586524269673,-12.098227855880422,13.390174627304077,state,,
0.5,,,0.5354160756671118,0.5354160756671118,,,,,,,13.390177011489868,control,0.25,0.25
,0.0006387882869092926,-0.01156077071438045,,,-0.11584965743810997,45.307361969793575,-0.016347634239997775,-11.56040531641099,-11.5643730106125,-11.562389163511744,13.400296211242676,state,,
0.5,,,0.5847077541537695,0.5847077541537695,,,,,,,13.400298833847046,control,0.25,0.25
,-0.00033302818968501533,-0.0007006364486599673,,,-0.12036121496797057,49.91127242179911,-0.01729033289586783,-10.996478744884717,-10.983527112504964,-10.99000292869484,13.41039514541626,state,,
0.5,,,0.6330135990706942,0.6330135990706942,,,,,,,13.41039752960205,control,0.25,0.25
,-0.007712777000909454,0.0020052359301203763,,,-0.12024615034685848,55.31756390661661,-0.01814545627579163,-10.35478901438054,-10.346777962155942,-10.350783488268242,13.420549392700195,state,,
0.5,,,0.6803533270892803,0.6803533270892803,,,,,,,13.420552492141724,control,0.2500000000000089,0.24999999999999112
,-0.006055291040302881,-0.005247698121821053,,,-0.11118286421825446,60.30549970282036,-0.018877462030462346,-9.675196830046144,-9.661489224875766,-9.668343027460955,13.430668592453003,state,,
0.5,,,0.7267462605474946,0.7267462605474946,,,,,,,13.430671215057373,control,0.25,0.25
,0.006235626662580488,0.0015787392411436634,,,-0.09748525705054334,65.89084894776585,-0.01917025035563396,-8.928988725334616,-8.912093162386446,-8.92054094386053,13.44066858291626,state,,
0.5,,,0.7722113353365447,0.7722113353365447,,,,,,,13.440670728683472,control,0.24999999999999112,0.2500000000000089
,0.007071064073650199,0.00027048207240412957,,,-0.0910261750702078,69.36366332550975,-0.01952487277562711,-8.166344791115389,-8.176920715163767,-8.171632753139578,13.450877666473389,state,,
0.5,,,0.8167671086298138,0.8167671086298138,,,,,,,13.45088005065918,control,0.25,0.25
,0.006561784793394263,-0.0019518892630793821,,,-0.07385854258796505,74.28297365530744,-0.019582187943009807,-7.35718295984469,-7.343836562210251,-7.350509761027471,13.461011171340942,state,,
0.5,,,0.8604317664572176,0.8604317664572176,,,,,,,13.461013555526733,control,0.25000000000000444,0.24999999999999556
,-0.0049091859508259865,-0.006738036398337545,,,-0.07403228791379263,78.99634102133454,-0.020084616931806826,-6.482911038108815,-6.4881505205371885,-6.4855307793230015,13.471258163452148,state,,
0.5,,,0.9032231311280732,0.9032231311280732,,,,,,,13.471261024475098,control,0.24999999999999556,0.25000000000000444
,-0.002127518949214229,-0.0004855105941825337,,,-0.06735080371081381,83.45141952820654,-0.020267828323267144,-5.5803094916727085,-5.579914123162936,-5.580111807417822,13.481386661529541,state,,
0.5,,,0.9451586685055118,0.9451586685055118,,,,,,,13.481389284133911,control,0.24999999999999556,0.25000000000000444
,0.0032221553786735465,0.002783615147241708,,,-0.053034943096369754,87.25840263936561,-0.020087562751684558,-4.642833192616662,-4.651042333350003,-4.646937762983333,13.491580724716187,state,,
0.5,,,0.9862554951354014,0.9862554951354014,,,,,,,13.491585731506348,control,0.25000000000000444,0.24999999999999556
,0.009152545900969438,0.004676929923142928,,,-0.05140080625271459,91.66919744167274,-0.020013479327219367,-3.6551205210604785,-3.6649710969224887,-3.660045808991484,13.50180435180664,state,,
0.5,,,1.0265303852326935,1.0265303852326935,,,,,,,13.501827716827393,control,0.2500000000000022,0.24999999999999778
,-0.005689672559425002,-0.0035181048012739437,,,-0.04973117186245683,95.82068510759628,-0.020186384697942383,-2.6458744391741433,-2.625657520013546,-2.6357659795938444,13.512266159057617,state,,
0.5,,,1.0659997775280396,1.0659997775280396,,,,,,,13.512276887893677,control,0.24999999999999778,0.2500000000000022
,0.007842320721855527,0.0026993498679053424,,,-0.03559453121304537,100.39236250526343,-0.019806874329577465,-1.571301680102496,-1.5468620177678798,-1.5590818489351879,13.52257776260376,state,,
0.5,,,1.104679781977479,1.104679781977479,,,,,,,13.522590398788452,control,0.25,0.25
,0.00010156010666335212,-0.006376368910682364,,,-0.025772532561172595,103.70125291321287,-0.01963202364193274,-0.4622628714549425,-0.47655051523627384,-0.46940669334560814,13.532520294189453,state,,
0.5,,,1.1425861863379294,1.1425861863379294,,,,,,,13.532530307769775,control,0.24999999999999972,0.2500000000000003
,0.001101945680934968,-0.0018017445066792776,,,-0.013953595290795557,108.16230639360396,-0.01922131844280268,0.6882406296621981,0.678191854078973,0.6832162418705856,13.54262399673462,state,,
0.5,,,1.1797344626111708,1.1797344626111708,,,,,,,13.542633056640625,control,0.24999999999999944,0.25000000000000056
,-0.012690550044784539,0.0055601251683256745,,,-0.0017170398928592276,112.0001299177681,-0.018658137036233688,1.8550602738855488,1.8735365251280012,1.864298399506775,13.552737712860107,state,,
0.5,,,1.2161397733589474,1.2161397733589474,,,,,,,13.552746772766113,control,0.25,0.25
,-0.0031513459201128313,0.0029489690223849095,,,0.015555528104947966,115.71079248455938,-0.017836032997061324,3.096406770448302,3.0645199361866133,3.080463353317458,13.562680721282959,state,,
0.5,,,1.2518169778917685,1.2518169778917685,,,,,,,13.562689065933228,control,0.24999999999999778,0.2500000000000022
,9.25464538506732e-05,-0.0020043551333119337,,,0.03168964581075608,120.10602066893043,-0.016957899197079764,4.347356956007522,4.355594622317897,4.351475789162709,13.572582244873047,state,,
-0.499990227475872,,,1.166780638333933,1.166780638333933,,,,,,,13.572594165802002,control,-0.249995113737936,-0.249995113737936
,0.0023919035790923105,-0.0035260138429781505,,,0.04578792553480348,118.17244490157843,-0.016002095569168744,5.509243238096467,5.495609610017165,5.502426424056816,13.58255648612976,state,,
-0.499990227475872,,,1.0834450255672543,1.0834450255672543,,,,,,,13.582560777664185,control,-0.24999511373794045,-0.24999511373793157
,0.0023162133617512966,-0.005098613552835106,,,0.04953061145485421,114.28103863966125,-0.015220012454484254,6.584793934561436,6.581812377912846,6.583303156237141,13.592606782913208,state,,
-0.499990227475872,,,1.0017761250559092,1.0017761250559092,,,,,,,13.592609405517578,control,-0.24999511373794045,-0.24999511373793157
,-0.006351729256750233,0.004434476214532827,,,0.06694094325641808,108.26969919619225,-0.01395713178560715,7.575665279762465,7.564988139229389,7.570326709495927,13.602701902389526,state,,
-0.499990227475872,,,0.921740602554791,0.921740602554791,,,,,,,13.602704524993896,control,-0.24999511373793157,-0.24999511373794045
,-0.0005279978309181102,-0.0014298047880572124,,,0.07564474382295433,103.01851745456162,-0.01283564823124415,8.510937748190155,8.522935713642044,8.5169367309161,13.61273455619812,state,,
-0.499990227475872,,,0.8433057905036951,0.8433057905036951,,,,,,,13.61273717880249,control,-0.2499951137379449,-0.24999511373792713
,-0.004051472801940517,-0.0013215720261267345,,,0.08609301396938576,95.17291870003287,-0.011631154369894679,9.345002612949664,9.34259605822342,9.343799335586542,13.6229887008667,state,,
-0.499990227475872,,,0.7664396746936213,0.7664396746936213,,,,,,,13.622991561889648,control,-0.2499951137379449,-0.24999511373792713
,0.006700748012062332,-0.010190990734864609,,,0.0870353732646596,88.06551216574958,-0.01067461618877954,10.101195172854702,10.121477965134412,10.111336568994556,13.633074045181274,state,,
-0.499990227475872,,,0.6911108811997488,0.6911108811997488,,,,,,,13.633077144622803,control,-0.24999511373792713,-0.2499951137379449
,0.002763038993122171,0.003279819947524823,,,0.09486673967099803,80.91611178190988,-0.009332114159899978,10.809533160969247,10.803889730411827,10.806711445690537,13.643311977386475,state,,
-0.499990227475872,,,0.617288663575754,0.617288663575754,,,,,,,13.643316268920898,control,-0.249995113737936,-0.249995113737936
,0.0031022611504551863,0.0011091351629809048,,,0.10121285838507596,73.14769612890748,-0.008015224815955317,11.420647150099512,11.408453313626152,11.414550231862833,13.653644323348999,state,,
-0.499990227475872,,,0.5449428903042388,0.5449428903042388,,,,,,,13.653650283813477,control,-0.2499951137379449,-0.24999511373792713
,-0.00036020890470581514,0.006849006832160518,,,0.10826064615960176,66.70746783805166,-0.006563792717802195,11.989052445906813,11.969198541153892,11.979125493530352,13.664334774017334,state,,
-0.499990227475872,,,0.474044032498154,0.474044032498154,,,,,,,13.664345026016235,control,-0.249995113737936,-0.249995113737936
,-0.007520091071325682,-0.003276329152855159,,,0.11454850993130286,59.20306818448111,-0.0053328259100679,12.447108433277915,12.45633145751184,12.451719945394878,13.674272775650024,state,,
-0.499990227475872,,,0.4045631518481909,0.4045631518481909,,,,,,,13.67428469657898,control,-0.249995113737936,-0.249995113737936
,-0.00016397079756297797,-0.0017800533470238719,,,0.11848599897388803,52.03117326146444,-0.004042125240130854,12.849684623664215,12.866090226688076,12.857887425176145,13.684506893157959,state,,
-0.499990227475872,,,0.3364718888112271,0.3364718888112271,,,,,,,13.684548616409302,control,-0.24999511373792713,-0.2499951137379449
,-0.004305851681378266,-0.0077195689069026446,,,0.12433481436653926,44.669148564782006,-0.002831168037076357,13.195436611509617,13.179380685809988,13.187408648659803,13.694658279418945,state,,
-0.499990227475872,,,0.26974245103500255,0.26974245103500255,,,,,,,13.694669485092163,control,-0.249995113737936,-0.249995113737936
,0.0037096520945574672,-0.00034333642517844076,,,0.12563725696343675,37.4444061758569,-0.001506065789694555,13.457815524861473,13.435919203222676,13.446867364042074,13.704627513885498,state,,
-0.499990227475872,,,0.20434760201430252,0.20434760201430252,,,,,,,13.704659461975098,control,-0.24999511373792713,-0.2499951137379449
,-0.008793037178484751,-0.001978419271370035,,,0.13487653442352046,30.911063107041542,-0.00011635876176982352,13.649770016934351,13.6542232044272,13.651996610680776,13.714848756790161,state,,
-0.499990227475872,,,0.14026064997401647,0.14026064997401647,,,,,,,13.714859962463379,control,-0.249995113737936,-0.249995113737936
,-0.0022255643521336913,0.0017643532227943305,,,0.13550805018414797,24.365459439973794,0.001235769637255535,13.791227659369724,13.79172171496445,13.791474687167087,13.725327968597412,state,,
-0.499990227475872,,,0.07745543697453613,0.07745543697453613,,,,,,,13.725345373153687,control,-0.249995113737936,-0.249995113737936
,0.00441866104745775,-0.0017820659983056489,,,0.13125869657437078,18.184564773116566,0.0024265806988518603,13.882319868702364,13.867576813302009,13.874948341002186,13.73516321182251,state,,
-0.499990227475872,,,0.01590632823504541,0.01590632823504541,,,,,,,13.735174179077148,control,-0.249995113737936,-0.249995113737936
,-0.0011764098262301704,-0.006375153004058893,,,0.13739413425457936,11.896118896957967,0.003688825705825075,13.897002606990254,13.89064900384198,13.893825805416117,13.7457754611969,state,,
-0.499990227475872,,,-0.04441179832965549,-0.04441179832965549,,,,,,,13.745790481567383,control,-0.249995113737936,-0.249995113737936
,0.004338420318055201,0.0006767077450857972,,,0.13883915816258394,5.616905005196042,0.005038742694936272,13.86099921972746,13.839116905287655,13.850058062507557,13.75562858581543,state,,
-0.499990227475872,,,-0.10352356236306237,-0.10352356236306237,,,,,,,13.755639791488647,control,-0.24999511373792713,-0.2499951137379449
,-0.0023500539489855234,-0.0040885675523735015,,,0.1461357098013787,0.018316606522583267,0.006386265227075791,13.760101221107004,13.762172632441398,13.761136926774201,13.766092538833618,state,,
-0.499990227475872,,,-0.16145309111580114,-0.16145309111580114,,,,,,,13.766107559204102,control,-0.249995113737936,-0.249995113737936
,0.00048028036207488443,-9.35850559431285e-05,,,0.14187589859278435,-7.167800199636446,0.007580052594188856,13.575488207615777,13.574688439672707,13.575088323644241,13.77601408958435,state,,
-0.499990227475872,,,-0.2182240292934851,-0.2182240292934851,,,,,,,13.776025772094727,control,-0.24999511373792713,-0.2499951137379449
,-0.0005883648369575073,-0.002386293656659638,,,0.14268249607596287,-12.7789325990411,0.008786378352862539,13.359059167698915,13.356930936067078,13.357995051882996,13.786067247390747,state,,
-0.499990227475872,,,-0.2738595487076154,-0.2738595487076154,,,,,,,13.786077737808228,control,-0.249995113737936,-0.249995113737936
,-0.00244455701651908,-0.0017713314538879113,,,0.13621108559738984,-17.750799998452848,0.009789273453301956,13.105927973100263,13.096786676093906,13.101357324597085,13.796402215957642,state,,
-0.499990227475872,,,-0.3283823577334631,-0.3283823577334631,,,,,,,13.796414613723755,control,-0.2499951137379449,-0.24999511373792713
,-0.002884353706473376,-0.009536119472578224,,,0.1289010078505582,-24.239388496155456,0.010539935820257876,12.762291801281421,12.749096891369925,12.755694346325672,13.806549549102783,state,,
-0.499990227475872,,,-0.3818147105787938,-0.3818147105787938,,,,,,,13.806561470031738,control,-0.24999511373792713,-0.2499951137379449
,0.007228991347373587,0.0004765025740844587,,,0.12267427824295338,-29.529551028682437,0.011492509935336407,12.376687425765711,12.375719142949743,12.376203284357727,13.816653728485107,state,,
-0.499990227475872,,,-0.43417841636721793,-0.43417841636721793,,,,,,,13.816664218902588,control,-0.249995113737936,-0.249995113737936
,0.006462070228639086,0.0008697539212374771,,,0.12303648629442868,-34.55159000405823,0.012533957029968061,11.956485885095523,11.945032418072524,11.950759151584023,13.826843738555908,state,,
-0.499990227475872,,,-0.4854948480398736,-0.4854948480398736,,,,,,,13.826854705810547,control,-0.249995113737936,-0.249995113737936
,0.005980875839167463,-0.005109384853438309,,,0.11877106672597579,-40.13167464789325,0.013325992067634861,11.466758000820487,11.454507198602192,11.460632599711339,13.837191104888916,state,,
-0.499990227475872,,,-0.5357849510790761,-0.5357849510790761,,,,,,,13.83725094795227,control,-0.24999511373792713,-0.2499951137379449
,-0.00017223549337876159,0.00020048912359297045,,,0.11714895664678145,-45.8586441489837,0.014180415632157975,10.898379783894232,10.923417431541758,10.910898607717995,13.847135066986084,state,,
-0.499990227475872,,,-0.5850692520574945,-0.5850692520574945,,,,,,,13.84714651107788,control,-0.249995113737936,-0.249995113737936
,0.010516612413727443,0.0035112124376676383,,,0.10956220559882347,-50.3618714036129,0.01499124231752892,10.33800805181852,10.333209560057133,10.335608805937827,13.857632875442505,state,,
-0.499990227475872,,,-0.6333678670163445,-0.6333678670163445,,,,,,,13.857649087905884,control,-0.2499951137379449,-0.24999511373792713
,0.00017007285457043932,-0.0023575145640950747,,,0.10885028584346582,-54.97516242364359,0.015700271976115565,9.708554510703925,9.716314238746993,9.712434374725458,13.867653131484985,state,,
-0.499990227475872,,,-0.6807005096760177,-0.6807005096760177,,,,,,,13.867664813995361,control,-0.24999511373792713,-0.2499951137379449
,0.013620210991831146,0.006148890850431666,,,0.11034903612696564,-59.85736078403311,0.01670215412361248,9.034275631382181,9.038040701945846,9.036158166664013,13.877338886260986,state,,
-0.499990227475872,,,-0.7270864994824973,-0.7270864994824973,,,,,,,13.87734580039978,control,-0.24999511373792713,-0.2499951137379449
,0.007095956378702849,0.004779000546813945,,,0.10073295732573644,-65.06749846148094,0.01734250184585361,8.297688199280888,8.307434331706489,8.302561265493688,13.887423515319824,state,,
-0.499990227475872,,,-0.7725447694928473,-0.7725447694928473,,,,,,,13.887430429458618,control,-0.249995113737936,-0.249995113737936
,-0.0043682539696790115,-0.003704437796827514,,,0.08908770452010155,-69.81820796954932,0.01758158222306592,7.534583254171233,7.522955337144607,7.52876929565792,13.897772789001465,state,,
-0.499990227475872,,,-0.8170938741029903,-0.8170938741029903,,,,,,,13.89778208732605,control,-0.249995113737936,-0.249995113737936
,0.00817281118571269,-0.007055445995276442,,,0.07978232469810584,-75.03996530278877,0.017792109734271384,6.690868905771596,6.699656681246186,6.695262793508891,13.907685041427612,state,,
-0.499990227475872,,,-0.8607519966209305,-0.8607519966209305,,,,,,,13.907708644866943,control,-0.249995113737936,-0.249995113737936
,0.0067609285443242205,0.002558279265894537,,,0.0729999999892964,-79.04894731265637,0.018139347664385266,5.827492342466582,5.854444437570692,5.840968390018636,13.91781997680664,state,,
-0.499990227475872,,,-0.9035369566885119,-0.9035369566885119,,,,,,,13.917826414108276,control,-0.24999511373793157,-0.24999511373794045
,0.003946657163984475,-0.0017772173114709079,,,0.061478736972038636,-83.14432177642398,0.01819140633022393,4.953919533384811,4.934770993179794,4.944345263282303,13.927932024002075,state,,
-0.499990227475872,,,-0.9454662175547417,-0.9454662175547417,,,,,,,13.927938461303711,control,-0.24999511373794045,-0.24999511373793157
,-0.00047480851710231866,0.0009665260913103772,,,0.05992219772126814,-87.57959924757795,0.018400699585708023,3.996820338372378,3.999098936537014,3.997959637454696,13.938047170639038,state,,
-0.499990227475872,,,-0.9865568932036468,-0.9865568932036468,,,,,,,13.938053607940674,control,-0.2499951137379338,-0.24999511373793823
,0.0010070121688993162,-0.00567670945824473,,,0.045499590597105455,-91.62294746310695,0.01815143589338518,3.0142502783733174,3.020506276245288,3.0173782773093025,13.94865083694458,state,,
-0.499990227475872,,,-1.0268257553395739,-1.0268257553395739,,,,,,,13.948661804199219,control,-0.2499951137379338,-0.24999511373793823
,0.001340448649912668,-0.00028973683810059247,,,0.03972888628927979,-96.12353613301815,0.018088060170777347,1.9891364609801985,1.9798911842500955,1.9845138226151469,13.958754301071167,state,,
-0.499990227475872,,,-1.0662892402327824,-1.0662892402327824,,,,,,,13.958765506744385,control,-0.2499951137379349,-0.24999511373793712
,0.0036082100087799253,0.004460166817876512,,,0.02869268459724052,-100.40952210653401,0.01794071825732735,0.9061562292272218,0.9182538031308757,0.9122050161790487,13.968948125839233,state,,
-0.499990227475872,,,-1.1049634554281267,-1.1049634554281267,,,,,,,13.968959093093872,control,-0.24999511373793545,-0.24999511373793656
,-0.00926845216011885,-0.0033265566219577818,,,0.01515865160261948,-104.23427179062574,0.017384489253628208,-0.18466652317621407,-0.1973544439406753,-0.1910104835584447,13.979139566421509,state,,
-0.499990227475872,,,-1.142864186319564,-1.142864186319564,,,,,,,13.979150533676147,control,-0.249995113737936,-0.249995113737936
,0.009292620128442137,0.0002967101459607609,,,0.00029572534470544143,-107.4013248928123,0.016878151717968973,-1.320319582597537,-1.3105383136251014,-1.315428948111319,13.989709377288818,state,,
-0.499990227475872,,,-1.1800069025931728,-1.1800069025931728,,,,,,,13.989720821380615,control,-0.24999511373793712,-0.2499951137379349
,0.009906220919682851,0.00037253321573772036,,,-0.01840224099923067,-112.2002715592351,0.016144850746676837,-2.5134956535282,-2.514122890598253,-2.5138092720632264,13.999886274337769,state,,
-0.499990227475872,,,-1.2164067645413092,-1.2164067645413092,,,,,,,13.999896764755249,control,-0.249995113737936,-0.249995113737936
,-0.00016930249029566182,0.007804117924193608,,,-0.03004729053443915,-115.59629635383085,0.015485261908037083,-3.706168963796792,-3.741474333990788,-3.7238216488937903,14.010088682174683,state,,
-0.499990227475872,,,-1.252078629250483,-1.252078629250483,,,,,,,14.010099172592163,control,-0.2499951137379338,-0.24999511373793823
,0.0024511035234404026,0.007317226668047364,,,-0.03556266008906238,-119.45172360570163,0.014890842517234732,-4.972601662739322,-4.986798168135578,-4.97969991543745,14.020262956619263,state,,
0.5,,,-1.1670370566654733,-1.1670370566654733,,,,,,,14.020273685455322,control,0.25000000000000444,0.24999999999999556
,0.0004130077593277314,0.00042188467900954014,,,-0.04811534735202386,-118.72405684839907,0.013932350955394928,-6.156097132882804,-6.154621482690407,-6.155359307786606,14.03085446357727,state,,
0.5,,,-1.0836963155321637,-1.0836963155321637,,,,,,,14.030900716781616,control,0.25,0.25
,0.004882610213402128,0.00456223042602051,,,-0.05675845987724017,-114.44311073596111,0.013079388744180099,-7.233904437999476,-7.229409645312052,-7.2316570416557635,14.04133939743042,state,,
0.5,,,-1.0020223892215203,-1.0020223892215203,,,,,,,14.041383504867554,control,0.24999999999999556,0.25000000000000444
,0.006179046211709065,0.004549249707697817,,,-0.06772444694037322,-108.90705244132307,0.01210917744036882,-8.234133333470998,-8.231103590099684,-8.232618461785341,14.051318407058716,state,,
0.5,,,-0.92198194143709,-0.92198194143709,,,,,,,14.05133056640625,control,0.25,0.25
,0.0013986292904496227,-0.0007323483014207153,,,-0.07864114912836095,-102.21805123482358,0.010918570528163718,-9.140691036990853,-9.15598939000389,-9.148340213497372,14.061622858047485,state,,
0.5,,,-0.8435423026083482,-0.8435423026083482,,,,,,,14.061634302139282,control,0.25,0.25
,0.006062221217274141,0.006222648576864919,,,-0.09094961982835884,-95.28679270836096,0.009773236412119002,-9.984544973525043,-9.997242496370044,-9.990893734947544,14.071743726730347,state,,
0.5,,,-0.7666714565561812,-0.7666714565561812,,,,,,,14.071753740310669,control,0.2500000000000089,0.24999999999999112
,0.0023445648696213506,-0.00035548482444373695,,,-0.09472029929953299,-88.1451148817897,0.008597254895177642,-10.757558708076221,-10.75980439384094,-10.758681550958581,14.082022428512573,state,,
0.5,,,-0.6913380274250576,-0.6913380274250576,,,,,,,14.082035779953003,control,0.2500000000000089,0.24999999999999112
,0.00441213162118229,-0.002755826914775524,,,-0.09797866354703991,-80.58558435213783,0.007391635980640706,-11.460880122165374,-11.427567336544907,-11.44422372935514,14.092109680175781,state,,
0.5,,,-0.6175112668765563,-0.6175112668765563,,,,,,,14.09212040901184,control,0.25,0.25
,0.006065267516458711,-0.0008864730053445285,,,-0.11204185210025933,-73.3465929853629,0.005950777575022063,-12.059465640189387,-12.065489426423795,-12.062477533306591,14.102576971054077,state,,
0.5,,,-0.5451610415390251,-0.5451610415390251,,,,,,,14.102588653564453,control,0.25,0.25
,0.007199958869690122,-0.00366773285424005,,,-0.12277775489296645,-66.43010103988061,0.004442202356744719,-12.612760206948222,-12.620638104066817,-12.616699155507519,14.112938165664673,state,,
0.5,,,-0.47425782070824457,-0.47425782070824457,,,,,,,14.112995147705078,control,0.24999999999999112,0.2500000000000089
,0.0015378021844344595,-0.004192544988541655,,,-0.1254954527369472,-59.032566712208535,0.003010423664593597,-13.085555347555072,-13.093023466715938,-13.089289407135505,14.123061418533325,state,,
0.5,,,-0.40477266429407965,-0.40477266429407965,,,,,,,14.123072147369385,control,0.25,0.25
,-0.003872707056970663,0.007940029085137872,,,-0.1264803507558895,-52.213882150546965,0.0018097633349644336,-13.507798049065153,-13.49801293754223,-13.502905493303691,14.133474826812744,state,,
0.5,,,-0.33667721100819803,-0.33667721100819803,,,,,,,14.133490085601807,control,0.25,0.25
,-0.002868061100602618,-0.0015019065991003667,,,-0.12827218034375304,-44.808592304509,0.0004351004003011606,-13.84220015645389,-13.82406497943864,-13.833132567946265,14.143496036529541,state,,
0.5,,,-0.26994366678803405,-0.26994366678803405,,,,,,,14.1435067653656,control,0.25,0.25
,0.005055565037696243,0.0032751630382194443,,,-0.13355646397783133,-37.75980403478388,-0.0008707645315371577,-14.109619717406167,-14.087471599995055,-14.098545658700612,14.153686046600342,state,,
0.5,,,-0.2045447934522734,-0.2045447934522734,,,,,,,14.153696775436401,control,0.2500000000000089,0.24999999999999112
,-0.0024153569521943815,0.0013959937543918416,,,-0.1374119907433743,-30.91233914193994,-0.0022563996556483634,-14.29726235737554,-14.300114165795616,-14.298688261585578,14.164228439331055,state,,
0.5,,,-0.14045389758322793,-0.14045389758322793,,,,,,,14.164247989654541,control,0.25,0.25
,0.007110380705671511,-0.002199888268571318,,,-0.13480576382065365,-25.148008081831446,-0.0034840143392621584,-14.457870871828849,-14.458981456612053,-14.458426164220452,14.17406439781189,state,,
0.5,,,-0.07764481963156336,-0.07764481963156336,,,,,,,14.174076318740845,control,0.2500000000000089,0.24999999999999112
,0.0007578946980773602,-0.0006837784924658953,,,-0.14178223170712473,-18.40879177706342,-0.004923940802438503,-14.527301532788929,-14.543210713699379,-14.535256123244153,14.184387683868408,state,,
0.5,,,-0.01609192323893209,-0.01609192323893209,,,,,,,14.184398651123047,control,0.24999999999999112,0.2500000000000089
,0.002256097468011676,-0.0034922228392504874,,,-0.1444826017937303,-11.360593927948603,-0.006335860408676672,-14.536949657630647,-14.536423361901372,-14.53668650976601,14.194792747497559,state,,
0.5,,,0.044229915225846544,0.044229915225846544,,,,,,,14.194803476333618,control,0.2500000000000089,0.24999999999999112
,0.0012926606157911455,-0.002357623019557459,,,-0.14122845640345208,-5.452052766177383,-0.007580864561484815,-14.505573207654983,-14.488766160729023,-14.497169684192002,14.205435037612915,state,,
0.5,,,0.10334531692132962,0.10334531692132962,,,,,,,14.205449342727661,control,0.24999999999999112,0.2500000000000089
,0.0050493418513968755,0.0004568461320374997,,,-0.13988140066802363,0.4350182734643022,-0.008737345406299297,-14.39776805646576,-14.400479655190537,-14.399123855828147,14.215962409973145,state,,
0.5,,,0.16127841058290301,0.16127841058290301,,,,,,,14.215979814529419,control,0.24999999999999112,0.2500000000000089
,0.0012940832587836925,-0.002183261501624072,,,-0.14321191298333952,7.135799325997535,-0.010053211475003765,-14.228543649297439,-14.21369559042147,-14.221119619859454,14.225757360458374,state,,
0.5,,,0.21805284237124495,0.21805284237124495,,,,,,,14.225768089294434,control,0.25,0.25
,0.0027920374068772114,-0.0014102737486547743,,,-0.13685313183239986,12.268540780284937,-0.011103837923629532,-14.007642756884012,-14.025845432416695,-14.016744094650353,14.235890865325928,state,,
0.5,,,0.27369178552382,0.27369178552382,,,,,,,14.235901117324829,control,0.24999999999999112,0.2500000000000089
,-0.0002785229687807289,0.002776185198045991,,,-0.1409727919377343,18.21729106954252,-0.012282325651961638,-13.730923667943083,-13.748864097215835,-13.739893882579459,14.246187925338745,state,,
0.5,,,0.3282179498133436,0.3282179498133436,,,,,,,14.246274471282959,control,0.25,0.25
,0.0031462326539623327,0.004064054395343122,,,-0.1397650970955901,23.784929168572404,-0.013292962901917902,-13.407567478386287,-13.41929827843971,-13.413432878412998,14.256705045700073,state,,
0.5,,,0.3816535908170767,0.3816535908170767,,,,,,,14.256715536117554,control,0.24999999999999112,0.2500000000000089
,0.012219759268577712,0.011906783711518612,,,-0.13336530343541353,29.264704715341843,-0.01392665501521178,-13.044931470423867,-13.0222135190348,-13.033572494729334,14.266887187957764,state,,
0.5,,,0.4340205190007352,0.4340205190007352,,,,,,,14.266897678375244,control,0.2500000000000089,0.24999999999999112
,0.005072895317844174,-0.0020748081375757503,,,-0.1316089860449508,34.71054297364018,-0.014915603746952406,-12.603537740377176,-12.596049973991262,-12.599793857184219,14.277260541915894,state,,
0.5,,,0.48534010862072047,0.48534010862072047,,,,,,,14.27727198600769,control,0.25,0.25
,-0.009229855440161135,0.0060618754106677,,,-0.12679950057525874,40.608015721337814,-0.015745163466090787,-12.108985658010045,-12.09071935402247,-12.099852506016259,14.287580490112305,state,,
0.5,,,0.5356333064483061,0.5356333064483061,,,,,,,14.287591218948364,control,0.2500000000000089,0.24999999999999112
,0.002188977518939266,-0.006201508520078542,,,-0.1240885445671184,45.43583345842838,-0.016707204133699957,-11.562338317048798,-11.574975814374213,-11.568657065711506,14.29815673828125,state,,
0.5,,,0.5849206403193399,0.5849206403193399,,,,,,,14.29816722869873,control,0.25,0.25
,-0.002779346008310261,-0.00295911076507371,,,-0.12023616909687618,50.588950251361084,-0.017571141744434766,-10.990489019493058,-10.97101730491771,-10.980753162205385,14.308505058288574,state,,
0.5,,,0.6332222275129531,0.6332222275129531,,,,,,,14.30851674079895,control,0.2500000000000089,0.24999999999999112
,-0.0019119527573485634,-0.0012587842151522055,,,-0.11095302088887943,54.753539394080946,-0.01820410387987362,-10.36270307945645,-10.371169467470562,-10.366936273463505,14.318724155426025,state,,
0.5,,,0.6805577829626941,0.6805577829626941,,,,,,,14.318734884262085,control,0.24999999999999112,0.2500000000000089
,0.005398435642238392,0.007230395275795946,,,-0.10958555418319964,60.0509493728738,-0.01872252763562904,-9.685478111201244,-9.678753651526446,-9.682115881363845,14.329016208648682,state,,
0.5,,,0.7269466273034402,0.7269466273034402,,,,,,,14.329026937484741,control,0.2500000000000089,0.24999999999999112
,0.0017652174586349956,-0.003429191988149213,,,-0.09731354335738371,65.01021013455473,-0.019165167457837414,-8.946064726420104,-8.960104660755853,-8.953084693587979,14.339183330535889,state,,
0.5,,,0.7724076947573713,0.7724076947573713,,,,,,,14.339193344116211,control,0.25,0.25
,-0.0033302655596007496,-0.0029437629318808133,,,-0.08444407427830493,69.4145169175937,-0.019492349126478854,-8.204476192162222,-8.173209417579097,-8.18884280487066,14.349727869033813,state,,
0.5,,,0.8169595408622239,0.8169595408622239,,,,,,,14.34974217414856,control,0.2500000000000089,0.24999999999999112
,0.00258231247297676,-0.0036447014293990504,,,-0.07809697375618121,74.63688634778093,-0.019821614735931782,-7.363094278731569,-7.3556204221608725,-7.359357350446221,14.359517097473145,state,,
0.5,,,0.8606203500449794,0.8606203500449794,,,,,,,14.359527587890625,control,0.25,0.25
,0.013217885515285781,0.004181607335317989,,,-0.07475735733485048,78.91475281601384,-0.01993414511784979,-6.502324137917502,-6.501926787793395,-6.502125462855449,14.369789361953735,state,,
0.5,,,0.9034079430440798,0.9034079430440798,,,,,,,14.369799852371216,control,0.25,0.25
,0.003978251583177751,-0.00489517777173639,,,-0.06435401183254866,83.50498154904326,-0.02006947976692451,-5.576348114076077,-5.61169166209714,-5.594019888086608,14.380091905593872,state,,
0.5,,,0.9453397841831981,0.9453397841831981,,,,,,,14.380106925964355,control,0.24999999999999556,0.25000000000000444
,0.0013482083385498844,0.009283090385104619,,,-0.05542850650123135,87.63332510896137,-0.01989393955723971,-4.654424315695665,-4.649539701429812,-4.651982008562738,14.390014886856079,state,,
0.5,,,0.9864329884995342,0.9864329884995342,,,,,,,14.390024900436401,control,0.25,0.25
,0.0027973360421328416,-0.007123134428305846,,,-0.053454406503138235,92.05181545272151,-0.020104878418883004,-3.6541290163658666,-3.6681537758625327,-3.6611413961142,14.40016794204712,state,,
0.5,,,1.0267043287295434,1.0267043287295434,,,,,,,14.400178670883179,control,0.2500000000000022,0.24999999999999778
,0.001655894689988592,0.007262791474907576,,,-0.03888814455684463,95.8670614324056,-0.01971378533998643,-2.637745879250082,-2.645752632974564,-2.6417492561123233,14.410385847091675,state,,
0.5,,,1.0661702421549526,1.0661702421549526,,,,,,,14.410396814346313,control,0.2500000000000022,0.24999999999999778
,-0.0019431182325254507,-0.007236858595786998,,,-0.028523462881224586,100.07856162174997,-0.019590457603799113,-1.5685159534818867,-1.5793551117144395,-1.573935532598163,14.42058539390564,state,,
0.5,,,1.1048468373118536,1.1048468373118536,,,,,,,14.4205961227417,control,0.2499999999999989,0.2500000000000011
,-0.001165955404942246,-0.007509046002229235,,,-0.023486494700696924,103.68901654222172,-0.019502613236787477,-0.4855777498569359,-0.47358863501424847,-0.4795831924355922,14.431109189987183,state,,
0.5,,,1.1427499005656165,1.1427499005656165,,,,,,,14.431119680404663,control,0.2500000000000003,0.24999999999999972
,-0.010153018021867409,-0.0002526692055532382,,,-0.009618215103794257,108.1820199553745,-0.019074879715163078,0.6785889756443546,0.6689017790983556,0.6737453773713551,14.441279172897339,state,,
0.5,,,1.1798949025543042,1.1798949025543042,,,,,,,14.441290140151978,control,0.25,0.25
,-0.00637217570222276,-0.00631673248796658,,,0.0016796413144944513,112.00950326066584,-0.0186695966719038,1.8658758267108106,1.8436375707729815,1.854756698741896,14.451897382736206,state,,
0.5,,,1.2162970045032182,1.2162970045032182,,,,,,,14.451944589614868,control,0.2500000000000011,0.2499999999999989
,0.0004967306523969528,0.007429373097107731,,,0.013935130709690168,115.67036224137908,-0.017831099387225536,3.0799576745591137,3.059491728300833,3.0697247014299736,14.462394714355469,state,,
0.5,,,1.2519710644131539,1.2519710644131539,,,,,,,14.46240520477295,control,0.24999999999999778,0.2500000000000022
,-0.0020674087899616887,0.002704462452559795,,,0.027736667043706316,119.5941046028557,-0.016956788350570913,4.328422313200688,4.327805780165986,4.328114046683337,14.47265362739563,state,,
-0.499990227475872,,,1.1669316431248906,1.1669316431248906,,,,,,,14.47266411781311,control,-0.24999511373794045,-0.24999511373793157
,-0.001048767658695321,-0.0034045184216344795,,,0.039283725690836616,118.34529163180014,-0.01612784051472842,5.491929229761815,5.491453744772709,5.491691487267262,14.483122825622559,state,,
-0.499990227475872,,,1.0835930102623927,1.0835930102623927,,,,,,,14.483133792877197,control,-0.24999511373794045,-0.24999511373793157
,-0.007309543109376398,0.00034356638936778797,,,0.0526746573914016,114.27217277872722,-0.015132384961803268,6.561602888309667,6.577572141945934,6.5695875151278,14.493760824203491,state,,
-0.499990227475872,,,1.0019211500571448,1.0019211500571448,,,,,,,14.49377155303955,control,-0.24999511373793157,-0.24999511373794045
,0.005744622536041959,0.002337323601477668,,,0.06299167898875895,108.4067976460069,-0.01396968900092161,7.56578782311551,7.554822470968085,7.560305147041797,14.504303216934204,state,,
-0.499990227475872,,,0.9218827270560019,0.9218827270560019,,,,,,,14.504316091537476,control,-0.24999511373793157,-0.24999511373794045
,-0.002709854018794233,-0.006324604726929459,,,0.06348280533609066,102.84779942688206,-0.013202336467728826,8.490890401703911,8.50972747187477,8.500308936789342,14.514474391937256,state,,
-0.499990227475872,,,0.8434450725148819,0.8434450725148819,,,,,,,14.514484882354736,control,-0.2499951137379449,-0.24999511373792713
,-0.009501807769988045,0.005355194212848697,,,0.07211696424706247,95.41760167726373,-0.012072268791766965,9.351935259707579,9.32052410741597,9.336229683561776,14.525121212005615,state,,
-0.499990227475872,,,0.7665761710645842,0.7665761710645842,,,,,,,14.525137662887573,control,-0.2499951137379449,-0.24999511373792713
,0.009326110186831205,0.005392774746964757,,,0.0921692418421389,88.43149401529267,-0.010449651529327234,10.10225180920156,10.116462724752875,10.109357266977216,14.535099506378174,state,,
-0.499990227475872,,,0.6912446476432925,0.6912446476432925,,,,,,,14.535109996795654,control,-0.24999511373792713,-0.2499951137379449
,-0.00446856998040748,-0.00898413437432963,,,0.10006963760839152,80.86204034884022,-0.009341034687667697,10.803826033858362,10.791186113568681,10.797506073713521,14.545380115509033,state,,
-0.499990227475872,,,0.6174197546904268,0.6174197546904268,,,,,,,14.5453941822052,control,-0.24999511373792713,-0.2499951137379449
,-0.006509016443200783,0.003137527650255378,,,0.09973304046752132,73.48204105174932,-0.008176425175230562,11.414351801578158,11.415388493254524,11.414870147416341,14.555867910385132,state,,
-0.499990227475872,,,0.5450713595966181,0.5450713595966181,,,,,,,14.555879354476929,control,-0.249995113737936,-0.249995113737936
,-0.0004993307357207205,-0.003827604395666746,,,0.10671500348828343,66.33415066888759,-0.006937236113166862,11.960421806809956,11.968477083978186,11.96444944539407,14.565992593765259,state,,
-0.499990227475872,,,0.4741699324046858,0.4741699324046858,,,,,,,14.566003561019897,control,-0.24999511373792713,-0.2499951137379449
,-0.0008523474556779107,0.0006078137892588704,,,0.11685600944942086,58.99651993284014,-0.005494435292971203,12.426464582127604,12.448800666872344,12.437632624499974,14.576346635818481,state,,
-0.499990227475872,,,0.4046865337565921,0.4046865337565921,,,,,,,14.576358556747437,control,-0.249995113737936,-0.249995113737936
,0.008060318859474397,0.007112273143230121,,,0.12104292319131249,51.483825990160184,-0.003945339407566564,12.84046937409706,12.825335919323281,12.83290264671017,14.58662462234497,state,,
-0.499990227475872,,,0.3365928030814602,0.3365928030814602,,,,,,,14.586669206619263,control,-0.249995113737936,-0.249995113737936
,0.0035570656207421746,-0.004014859472488636,,,0.12485223432906548,44.748977130266056,-0.002635858718899608,13.17192794699295,13.174479991626917,13.173203969309935,14.596995115280151,state,,
-0.499990227475872,,,0.269860947019831,0.269860947019831,,,,,,,14.597009658813477,control,-0.2499951137379449,-0.24999511373792713
,-0.002605284581685576,-0.0013361308321875177,,,0.1290672357947374,38.22406713632434,-0.001300963048896908,13.452033510296303,13.451161435296946,13.451597472796625,14.606940507888794,state,,
-0.499990227475872,,,0.20446372807943436,0.20446372807943436,,,,,,,14.60695195198059,control,-0.249995113737936,-0.249995113737936
,-0.0012349857298474243,0.0004694900487647219,,,0.13133498027826326,31.26534269265252,4.279473973339999e-05,13.663230517593835,13.643768203287511,13.653499360440673,14.616844177246094,state,,
-0.499990227475872,,,0.14037445351784567,0.14037445351784567,,,,,,,14.616852283477783,control,-0.249995113737936,-0.249995113737936
,0.004853436688787067,0.006469509389923129,,,0.13145278011635797,24.3895619766075,0.001483939956332636,13.78392728697614,13.791999775722456,13.787963531349298,14.627135276794434,state,,
-0.499990227475872,,,0.07756696444748876,0.07756696444748876,,,,,,,14.62714409828186,control,-0.2499951137379449,-0.24999511373792713
,-0.004150619037006478,-0.0071975223862792695,,,0.13840729915270067,17.794475113227907,0.002750379269664931,13.856755341851278,13.865133088226422,13.860944215038849,14.637397766113281,state,,
-0.499990227475872,,,0.01601562515853898,0.01601562515853898,,,,,,,14.637407541275024,control,-0.24999511373792713,-0.2499951137379449
,0.0032038226733813336,0.009892746549208053,,,0.1350587364313257,11.914439467492793,0.004169960564332441,13.882003681935029,13.89100618977747,13.886504935856248,14.647550582885742,state,,
-0.499990227475872,,,-0.0443046873446318,-0.0443046873446318,,,,,,,14.647560358047485,control,-0.24999511373792713,-0.2499951137379449
,0.0004218086584258467,-0.006462897450745083,,,0.1417277817711768,6.028174668290629,0.005458372392145177,13.864421800978224,13.841785936271915,13.85310386862507,14.657886266708374,state,,
-0.499990227475872,,,-0.10341859359773917,-0.10341859359773917,,,,,,,14.657923936843872,control,-0.249995113737936,-0.249995113737936
,0.0039539609090940946,0.003078444804619077,,,0.14114064023355338,-0.44310182699115375,0.006805500357341697,13.741752440343879,13.749606131898739,13.745679286121309,14.668065786361694,state,,
-0.499990227475872,,,-0.1613502217257844,-0.1613502217257844,,,,,,,14.66807508468628,control,-0.249995113737936,-0.249995113737936
,0.008237729327461108,-0.0009622815461530863,,,0.13951910747350862,-6.506762776720961,0.00805044577991028,13.569501053749805,13.598709940281834,13.58410549701582,14.67823839187622,state,,
-0.499990227475872,,,-0.2181232172912687,-0.2181232172912687,,,,,,,14.678248882293701,control,-0.249995113737936,-0.249995113737936
,0.0038750437538345784,0.01269808610473171,,,0.13513400023582772,-12.795899558961867,0.00940567570644102,13.362046309139174,13.350057252378289,13.356051780758731,14.688388109207153,state,,
-0.499990227475872,,,-0.27376075294544333,-0.27376075294544333,,,,,,,14.688398122787476,control,-0.249995113737936,-0.249995113737936
,-0.0010046026387278517,0.004626243301701389,,,0.1322285898256801,-18.12509859349741,0.010542271655346746,13.097636407367645,13.082331508466492,13.089983957917068,14.698572874069214,state,,
-0.499990227475872,,,-0.3282855378865345,-0.3282855378865345,,,,,,,14.698582887649536,control,-0.249995113737936,-0.249995113737936
,0.002867434436364077,-0.002279697614630681,,,0.13225661341923703,-24.20400459561256,0.011602684293614541,12.753527555760117,12.748862680396245,12.751195118078181,14.708779573440552,state,,
-0.499990227475872,,,-0.38171982712880376,-0.38171982712880376,,,,,,,14.708789825439453,control,-0.249995113737936,-0.249995113737936
,-0.000249183844202353,-0.0011866660169060337,,,0.13428712647351437,-29.46403467562511,0.012690168332267505,12.370742357502008,12.374935227532639,12.372838792517324,14.718869924545288,state,,
-0.499990227475872,,,-0.43408543058622767,-0.43408543058622767,,,,,,,14.718878746032715,control,-0.2499951137379449,-0.24999511373792713
,-0.003445233753252864,0.000674741030831825,,,0.1314430022814301,-34.51058092882489,0.013662825455312038,11.935260566050545,11.959568844059882,11.947414705055213,14.72867488861084,state,,
-0.499990227475872,,,-0.4854037219745031,-0.4854037219745031,,,,,,,14.728678941726685,control,-0.24999511373792713,-0.2499951137379449
,0.005116343342540682,0.005416407246952359,,,0.11296259734012146,-39.74443430633314,0.01434268384225312,11.46042991144721,11.47291208524682,11.466670998347016,14.738596677780151,state,,
-0.499990227475872,,,-0.535695647535013,-0.535695647535013,,,,,,,14.738598823547363,control,-0.2499951137379449,-0.24999511373792713
,-0.0036341908877117906,0.005640031627664487,,,0.11374529752722587,-45.89016694279267,0.015256220990512043,10.902297247902796,10.917616664332638,10.909956956117718,14.748820781707764,state,,
-0.499990227475872,,,-0.5849817345843127,-0.5849817345843127,,,,,,,14.748823404312134,control,-0.2499951137379449,-0.24999511373792713
,-8.163486443301532e-05,0.005319375634888781,,,0.10428503432638528,-50.449309713187716,0.015919448718821404,10.330248412876013,10.335557283461656,10.332902848168835,14.759045124053955,state,,
-0.499990227475872,,,-0.6332820998926265,-0.6332820998926265,,,,,,,14.759047746658325,control,-0.2499951137379449,-0.24999511373792713
,-0.002187025416795577,-0.0009415642420773152,,,0.10267660652994648,-55.20598710734467,0.01654421464182045,9.71624663281377,9.694029577382297,9.705138105098033,14.769247770309448,state,,
-0.499990227475872,,,-0.680616457894774,-0.680616457894774,,,,,,,14.769250631332397,control,-0.249995113737936,-0.249995113737936
,0.0031401254580603957,0.005197682767150765,,,0.10583283917552119,-60.090699852584095,0.017415303652195395,9.038583457923792,9.014393519422827,9.026488488673309,14.779415607452393,state,,
-0.499990227475872,,,-0.7270041287368785,-0.7270041287368785,,,,,,,14.7794189453125,control,-0.24999511373792713,-0.2499951137379449
,0.004016105108779714,-0.004126455408262755,,,0.09824984625811956,-64.70569422725043,0.017860517584436072,8.304258245284192,8.30770501410353,8.30598162969386,14.789551496505737,state,,
-0.499990227475872,,,-0.7724640461621408,-0.7724640461621408,,,,,,,14.78956937789917,control,-0.249995113737936,-0.249995113737936
,0.004179946991466636,-0.005379276975591359,,,0.088599259071892,-70.14825950783344,0.018147955508974543,7.519946455095267,7.515809380634762,7.517877917865015,14.79984188079834,state,,
-0.499990227475872,,,-0.8170147652388979,-0.8170147652388979,,,,,,,14.799848556518555,control,-0.249995113737936,-0.249995113737936
,0.0016573967098047074,-0.003843070698293221,,,0.07339407298459963,-74.52618041881956,0.018203787349223437,6.714032116035084,6.6918465606287905,6.702939338331937,14.81013536453247,state,,
-0.499990227475872,,,-0.86067446993412,-0.86067446993412,,,,,,,14.810144662857056,control,-0.249995113737936,-0.249995113737936
,-0.000764086532236591,-0.0069968794378444735,,,0.0694444902214571,-79.19188972049946,0.018318801278403005,5.832702325837938,5.84082441673751,5.836763371287724,14.820536613464355,state,,
-0.499990227475872,,,-0.9034609805354377,-0.9034609805354377,,,,,,,14.820547103881836,control,-0.24999511373793157,-0.24999511373794045
,-0.0009565520403730624,-0.004101270083181149,,,0.06419362782053992,-83.1154999642246,0.01841210069690317,4.942093633373754,4.9442307169062305,4.943162175139992,14.831009864807129,state,,
-0.499990227475872,,,-0.9453917609247289,-0.9453917609247289,,,,,,,14.831020593643188,control,-0.249995113737936,-0.249995113737936
,-0.0037697719250472527,0.005312539899323371,,,0.049344182492272376,-87.67051386070148,0.018362212684808445,3.9936830379785686,3.9942404395920725,3.9939617387853206,14.841317176818848,state,,
-0.499990227475872,,,-0.9864839257062343,-0.9864839257062343,,,,,,,14.841328144073486,control,-0.249995113737936,-0.249995113737936
,0.0020213625866537773,0.0027752556298140086,,,0.046528029411069816,-91.42206076987236,0.018469308892368606,3.0260273069739076,3.0140395082321527,3.02003340760303,14.85181713104248,state,,
-0.499990227475872,,,-1.0267542471921096,-1.0267542471921096,,,,,,,14.851832151412964,control,-0.249995113737936,-0.249995113737936
,-0.0020853562111145143,0.00358111438936912,,,0.033949736357403566,-95.71250867216304,0.01828319448638779,1.9871182001900263,2.0021292432272104,1.9946237217086185,14.861530542373657,state,,
-0.499990227475872,,,-1.0662191622482675,-1.0662191622482675,,,,,,,14.861540794372559,control,-0.24999511373793712,-0.2499951137379349
,-0.0002316033777608167,0.0008760422325284757,,,0.025600364672811945,-100.34378169327904,0.018048475193997104,0.9141512431530097,0.9208025675748972,0.9174769053639534,14.871639728546143,state,,
-0.499990227475872,,,-1.1048947790033021,-1.1048947790033021,,,,,,,14.871649265289307,control,-0.249995113737936,-0.249995113737936
,-0.009839301954247778,-0.002953377785237068,,,0.017285392911806037,-104.06936360003223,0.017595025368176028,-0.18344114991597674,-0.18158126662746094,-0.18251120827171885,14.881804704666138,state,,
-0.499990227475872,,,-1.142796883423236,-1.142796883423236,,,,,,,14.881814241409302,control,-0.24999511373793587,-0.24999511373793615
,-0.0012139251053561277,-0.008410834900721576,,,0.0038909515219421953,-108.12063911789619,0.016902878845048066,-1.3291568620738166,-1.3272344417265902,-1.3281956519002034,14.891941547393799,state,,
-0.499990227475872,,,-1.1799409457547714,-1.1799409457547714,,,,,,,14.891950845718384,control,-0.249995113737936,-0.249995113737936
,0.006080637714681575,0.005785173585684925,,,-0.010864301958736704,-111.79857988498213,0.01637654484318009,-2.5075057437535166,-2.5019296484427183,-2.5047176960981172,14.902057647705078,state,,
-0.499990227475872,,,-1.216342126839676,-1.216342126839676,,,,,,,14.902066946029663,control,-0.24999511373793823,-0.2499951137379338
,-0.003745189095841976,0.000359147556645241,,,-0.020004351696103213,-115.4280625413825,0.015685003219140504,-3.7131091174808435,-3.720417546669526,-3.7167633320751845,14.912169218063354,state,,
-0.499990227475872,,,-1.2520152843028824,-1.2520152843028824,,,,,,,14.912178039550781,control,-0.24999511373793823,-0.2499951137379338
,-0.007354070368370662,0.001006267159226196,,,-0.03491680556238356,-119.67966193124334,0.01475632774013988,-4.984899904749827,-4.977552609813976,-4.981226257281902,14.922492980957031,state,,
0.5,,,-1.1669749786168246,-1.1669749786168246,,,,,,,14.922502517700195,control,0.25000000000000444,0.24999999999999556
,-0.003028425884090246,0.008373908184149013,,,-0.04199622282166381,-118.362321248498,0.01406796453791256,-6.141082714539374,-6.1466839687153945,-6.143883341627385,14.932723045349121,state,,
0.5,,,-1.083635479044488,-1.083635479044488,,,,,,,14.93273401260376,control,0.25000000000000444,0.24999999999999556
,0.0004392070116763367,-0.012300275359172592,,,-0.053862082077674546,-114.61744663373108,0.01284427514053683,-7.234477417683908,-7.22643513700558,-7.230456277344744,14.94296145439148,state,,
0.5,,,-1.0019627694635982,-1.0019627694635982,,,,,,,14.94297194480896,control,0.25,0.25
,-0.0019825807072207935,-0.003166428532774462,,,-0.06522001867685778,-109.24109562955725,0.011693296605738174,-8.245086166929145,-8.229513732729222,-8.237299949829183,14.952840805053711,state,,
0.5,,,-0.9219235140743263,-0.9219235140743263,,,,,,,14.9528489112854,control,0.24999999999999112,0.2500000000000089
,0.005043015291422224,0.0025334616924141164,,,-0.08232997314249968,-102.5300166408541,0.010465973925693001,-9.151637306406906,-9.15994264716209,-9.155789976784497,14.9629967212677,state,,
0.5,,,-0.8434850437928396,-0.8434850437928396,,,,,,,14.96300482749939,control,0.24999999999999112,0.2500000000000089
,-0.005445880709578803,-0.001322954435333186,,,-0.08349981516136869,-95.79499398312089,0.009350832707719843,-10.004853095998095,-10.008244307670486,-10.00654870183429,14.972867250442505,state,,
0.5,,,-0.7666153429169829,-0.7666153429169829,,,,,,,14.97287130355835,control,0.25,0.25
,0.0007099119896498344,-0.004530816697695885,,,-0.0942056484048694,-88.33837299877135,0.007990498108050855,-10.772306037135923,-10.770207208823688,-10.771256622979806,14.982893466949463,state,,
0.5,,,-0.6912830360586433,-0.6912830360586433,,,,,,,14.982896327972412,control,0.25,0.25
,-0.004856734936405757,-0.010564203743921243,,,-0.1004793844425301,-80.26229317981858,0.006511630624578315,-11.440710693560352,-11.449978811197425,-11.445344752378888,14.992972135543823,state,,
0.5,,,-0.6174573753374704,-0.6174573753374704,,,,,,,14.992977857589722,control,0.25,0.25
,-0.005013380452751146,0.000571512714312907,,,-0.10971793249056824,-73.47868922603581,0.005131181529869342,-12.054623150750961,-12.08971131828308,-12.072167234517021,15.003071308135986,state,,
0.5,,,-0.5451082278307209,-0.5451082278307209,,,,,,,15.003073453903198,control,0.2500000000000089,0.24999999999999112
,-0.0010810683630743186,0.0033718582910374833,,,-0.11243176311838267,-65.95021486757298,0.003934722690633852,-12.606434791744602,-12.617265193022911,-12.611849992383757,15.013190031051636,state,,
0.5,,,-0.47420606327410647,-0.47420606327410647,,,,,,,15.013192176818848,control,0.25,0.25
,-0.006019455125708338,0.0020447796153921045,,,-0.11983192225629986,-58.898851917478034,0.0025552532902490127,-13.081475899426906,-13.095749269881635,-13.088612584654271,15.023284196853638,state,,
0.5,,,-0.4047219420086243,-0.4047219420086243,,,,,,,15.023287057876587,control,0.2500000000000089,0.24999999999999112
,0.0028415270496119412,-0.008534437813213272,,,-0.12760554757076345,-52.798645047248925,0.000990733316418512,-13.514246151189772,-13.524776303607728,-13.51951122739875,15.033573865890503,state,,
0.5,,,-0.33662750316845186,-0.33662750316845186,,,,,,,15.033576726913452,control,0.25,0.25
,0.006634846117705302,0.00513897564002494,,,-0.1290317595950487,-44.33442297332158,-0.00017538637986753064,-13.843326523533882,-13.812959834231433,-13.828143178882659,15.043639659881592,state,,
0.5,,,-0.2698949531050828,-0.2698949531050828,,,,,,,15.043642282485962,control,0.2500000000000089,0.24999999999999112
,-0.0016970445752243527,-0.011433595024658212,,,-0.13947803646778434,-38.47491233471679,-0.0019308774523286692,-14.112024877663778,-14.127245710349175,-14.119635294006477,15.054114580154419,state,,
0.5,,,-0.20449705404298119,-0.20449705404298119,,,,,,,15.054117202758789,control,0.25,0.25
,0.0039329752683572115,-0.004695618342263575,,,-0.1357832100299753,-30.96347627963672,-0.0032275481845521815,-14.302578677217625,-14.316865000811129,-14.309721839014376,15.064488887786865,state,,
0.5,,,-0.14040711296212155,-0.14040711296212155,,,,,,,15.064491748809814,control,0.24999999999999112,0.2500000000000089
,0.0006445089417730514,-0.0007869086127779398,,,-0.13501129322619065,-24.1735851294102,-0.0044881530752264726,-14.439546334064586,-14.447240098629477,-14.443393216347031,15.075036525726318,state,,
0.5,,,-0.0775989707028791,-0.0775989707028791,,,,,,,15.075039863586426,control,0.25,0.25
,0.004323952022639114,-0.003961236588772304,,,-0.1382841203487424,-18.57585954565159,-0.005850321764461715,-14.536290963275322,-14.543831520986343,-14.540061242130832,15.085484743118286,state,,
0.5,,,-0.01604699128882152,-0.01604699128882152,,,,,,,15.085488319396973,control,0.25,0.25
,-0.008282521368946388,-0.0011883987851065525,,,-0.139393780528284,-11.505441555092762,-0.007204530664144518,-14.53182306614947,-14.55334985462939,-14.54258646038943,15.09571123123169,state,,
0.5,,,0.044273948536954905,0.044273948536954905,,,,,,,15.09571647644043,control,0.25,0.25
,0.0092146767521369,2.932096290056556e-05,,,-0.14136596132315954,-5.33274423535586,-0.00841185723779853,-14.505313071595989,-14.490031675760742,-14.497672373678366,15.106352806091309,state,,
0.5,,,0.10338846956621581,0.10338846956621581,,,,,,,15.106359720230103,control,0.2500000000000089,0.24999999999999112
,-0.004786633041203255,-0.0057474349650882975,,,-0.14814705875347967,0.9458924330022866,-0.009947768377275743,-14.402472395290763,-14.37409929107648,-14.38828584318362,15.117040872573853,state,,
0.5,,,0.16132070017489147,0.16132070017489147,,,,,,,15.117049932479858,control,0.24999999999999112,0.2500000000000089
,0.005445986576054942,-0.005562239991764562,,,-0.14252265068667144,6.905236598631317,-0.01112490616307881,-14.223665159509428,-14.225109978576045,-14.224387569042737,15.127596616744995,state,,
0.5,,,0.21809428617139365,0.21809428617139365,,,,,,,15.127634525299072,control,0.25,0.25
,0.0004920558343642306,-0.010986637111509323,,,-0.13779783868904333,12.666152161107878,-0.012383754600917394,-13.992704758998979,-14.019371698163702,-14.00603822858134,15.138133764266968,state,,
0.5,,,0.27373240044796576,0.27373240044796576,,,,,,,15.13814401626587,control,0.25,0.25
,0.006448908247600818,-0.0004751576968470768,,,-0.14030200183789707,18.041681484380263,-0.013515278866008423,-13.725925816466281,-13.75420859830195,-13.740067207384115,15.148411273956299,state,,
0.5,,,0.32825775243900646,0.32825775243900646,,,,,,,15.14842176437378,control,0.24999999999999112,0.2500000000000089
,-0.005908840081346898,0.004401380408100878,,,-0.14161249324861655,23.637989866955834,-0.014619633554331348,-13.414923028710767,-13.414315560287644,-13.414619294499206,15.158553123474121,state,,
0.5,,,0.3816925973902263,0.3816925973902263,,,,,,,15.158564329147339,control,0.25,0.25
,-0.0036370308795449116,0.0015957855336478704,,,-0.14146668857099604,29.32608654652394,-0.015712982158162636,-13.020937010413526,-13.040722106986834,-13.03082955870018,15.169111013412476,state,,
0.5,,,0.4340587454424218,0.4340587454424218,,,,,,,15.169121742248535,control,0.25,0.25
,-0.003468854999945639,0.005858358077342062,,,-0.1392746885713446,34.56717863005282,-0.016650664140043535,-12.603005600719458,-12.600480801621162,-12.60174320117031,15.179736852645874,state,,
0.5,,,0.48537757053357333,0.48537757053357333,,,,,,,15.179746866226196,control,0.25,0.25
,0.002698592456285219,-0.0016172457462603936,,,-0.12380525384499916,40.098525025037446,-0.017303909252239156,-12.113279250210569,-12.112168427486234,-12.112723838848401,15.190005779266357,state,,
0.5,,,0.5356700191229018,0.5356700191229018,,,,,,,15.19001579284668,control,0.25,0.25
,-0.001579951098016779,0.0036852516142810293,,,-0.118103506098514,45.03878098691587,-0.017973876069120372,-11.583329608798593,-11.584089217865463,-11.583709413332027,15.199705362319946,state,,
0.5,,,0.5849566187404438,0.5849566187404438,,,,,,,15.199715614318848,control,0.24999999999999112,0.2500000000000089
,0.002357011479030217,0.005526695957350502,,,-0.11515918748073388,50.13176474026441,-0.018581159570976044,-10.998178784499078,-11.00449003947326,-11.00133441198617,15.209717273712158,state,,
0.5,,,0.6332574863656348,0.6332574863656348,,,,,,,15.209720373153687,control,0.25,0.25
,0.0023022815038409644,-0.010736087110577813,,,-0.11248622840166843,55.71706700770509,-0.01945673367278998,-10.37077153122991,-10.339770259683219,-10.355270895456563,15.219826459884644,state,,
0.5,,,0.6805923366383222,0.6805923366383222,,,,,,,15.219829320907593,control,0.24999999999999112,0.2500000000000089
,-0.0008291591901701909,0.0004770858967367761,,,-0.10810764176763038,60.61831147925453,-0.02006031951820532,-9.672753219555295,-9.669410884782959,-9.671082052169126,15.22996187210083,state,,
0.5,,,0.7269804899055556,0.7269804899055556,,,,,,,15.22996473312378,control,0.24999999999999112,0.2500000000000089
,-0.0029284738978048036,-0.0001000956567260906,,,-0.1054563342851845,65.27034800008546,-0.020679102835420737,-8.937903158504415,-8.950775064285274,-8.944339111394845,15.240350246429443,state,,
0.5,,,0.7724408801074445,0.7724408801074445,,,,,,,15.240355968475342,control,0.25,0.25
,0.004392232752579615,-0.0027825761047103404,,,-0.09471119971275056,69.68365787933467,-0.021049402821180178,-8.173682414891198,-8.180842633776034,-8.177262524333617,15.250829696655273,state,,
0.5,,,0.8169920625052955,0.8169920625052955,,,,,,,15.250837564468384,control,0.2500000000000089,0.24999999999999112
,-0.0020746114813914853,0.0008091740479063834,,,-0.08205138351483064,74.40702916004727,-0.021239704353215632,-7.351398136764475,-7.364636751225072,-7.358017443994774,15.261323690414429,state,,
0.5,,,0.8606522212551897,0.8606522212551897,,,,,,,15.261332988739014,control,0.25,0.25
,0.0002594625056402827,0.0017028933683268781,,,-0.0719209291652368,79.19275932271614,-0.02133243930772704,-6.493458101763584,-6.486387077433094,-6.489922589598339,15.271787166595459,state,,
0.5,,,0.9034391768300858,0.9034391768300858,,,,,,,15.271795988082886,control,0.25,0.25
,0.010400348031860383,-0.003060395100850687,,,-0.07198710314498058,83.09809421793855,-0.021596134200318865,-5.597636313143312,-5.595936311093812,-5.596786312118562,15.282369375228882,state,,
0.5,,,0.945370393293484,0.945370393293484,,,,,,,15.282378673553467,control,0.25,0.25
,-0.00621086503898142,-0.007632973534812074,,,-0.06563277041002116,87.67996472588203,-0.02190043654995028,-4.646708234286314,-4.647419627443933,-4.647063930865124,15.292897939682007,state,,
0.5,,,0.9864629854276143,0.9864629854276143,,,,,,,15.292906999588013,control,0.25,0.25
,-0.003284112786155802,-0.002370495834754323,,,-0.05719025377217246,91.94089222173642,-0.021963885272505528,-3.669118240488113,-3.6505622421831263,-3.65984024133562,15.30328631401062,state,,
0.5,,,1.026733725719062,1.026733725719062,,,,,,,15.303297996520996,control,0.2500000000000022,0.24999999999999778
,-0.003810957740236021,0.003390165068154017,,,-0.04420966599704463,95.57266531154531,-0.021725014646588263,-2.636426191604871,-2.6561980569492207,-2.6463121242770455,15.313526391983032,state,,
0.5,,,1.0661990512046808,1.0661990512046808,,,,,,,15.31353759765625,control,0.24999999999999778,0.2500000000000022
,0.0018716096098591159,0.007415090081201686,,,-0.028039724004089293,99.8624452758679,-0.021165761023957525,-1.5906718394811188,-1.5681555663359112,-1.5794137029085151,15.324071168899536,state,,
0.5,,,1.1048750701805872,1.1048750701805872,,,,,,,15.324081659317017,control,0.2500000000000011,0.2499999999999989
,0.0021937806166418003,0.005618009730349007,,,-0.020164788271565506,104.19224498540471,-0.020700874764220684,-0.4703110575195885,-0.4668496433152197,-0.4685803504174041,15.334279775619507,state,,
0.5,,,1.1427775687769754,1.1427775687769754,,,,,,,15.334336757659912,control,0.24999999999999972,0.2500000000000003
,-0.0027521217293155365,0.004211103628581791,,,-0.013484268117745163,108.39956289952892,-0.020261309483013922,0.6867872872440298,0.6779663585501303,0.6823768228970801,15.344457864761353,state,,
0.5,,,1.179922017401436,1.179922017401436,,,,,,,15.34446930885315,control,0.24999999999999944,0.25000000000000056
,0.0001521949144925417,-0.0004721771393366327,,,-0.004323750561814654,111.78663415898751,-0.019767475076677747,1.8480059180203763,1.8602942376629994,1.854150077841688,15.354671955108643,state,,
0.5,,,1.2163235770534073,1.2163235770534073,,,,,,,15.354685068130493,control,0.2499999999999989,0.2500000000000011
,-0.003861433079625478,-0.008242572097399469,,,0.008297982643743918,115.58137636777002,-0.01927994424649684,3.0738179196474333,3.0669001594487812,3.0703590395481073,15.364835500717163,state,,
0.5,,,1.2519971055123391,1.2519971055123391,,,,,,,15.364845514297485,control,0.25,0.25
,0.002709572209379439,0.0030507832826116936,,,0.027639315588826385,119.41640796627757,-0.018249291587054933,4.329713377224615,4.321405708360368,4.325559542792492,15.37496280670166,state,,
-0.499990227475872,,,1.1669571634020923,1.1669571634020923,,,,,,,15.374973058700562,control,-0.24999511373794045,-0.24999511373793157
,0.006373284618998949,0.00990684273235696,,,0.04186419743396288,118.26475833862858,-0.017025123169712917,5.488814556342188,5.490941549825311,5.48987805308375,15.385248899459839,state,,
-0.499990227475872,,,1.0836180201340504,1.0836180201340504,,,,,,,15.385259866714478,control,-0.24999511373794045,-0.24999511373793157
,-0.0018265831863023478,0.004981661319861489,,,0.054431930662766706,114.49662315241758,-0.015880486599462906,6.581949078624852,6.5677960223662035,6.574872550495527,15.395358085632324,state,,
-0.499990227475872,,,1.0019456597313694,1.0019456597313694,,,,,,,15.395379066467285,control,-0.24999511373793157,-0.24999511373794045
,0.007299504150639371,-0.002261587759047493,,,0.06505171698554511,108.26896017127217,-0.014751768225544361,7.554623206246957,7.562268428697601,7.558445817472279,15.405544519424438,state,,
-0.499990227475872,,,0.9219067465367421,0.9219067465367421,,,,,,,15.40555453300476,control,-0.249995113737936,-0.249995113737936
,0.00019109678642282907,-0.0017571423459453858,,,0.07721604425358003,102.68379153222104,-0.013545755930123549,8.499001983525464,8.493784042682151,8.496393013103807,15.41576099395752,state,,
-0.499990227475872,,,0.8434686116060073,0.8434686116060073,,,,,,,15.415771722793579,control,-0.249995113737936,-0.249995113737936
,-0.005354635686578936,-0.0024458397944736687,,,0.08556685880282974,95.68289501597778,-0.012395487416444029,9.316217902089884,9.367380567110297,9.34179923460009,15.426273822784424,state,,
-0.499990227475872,,,0.7665992393738872,0.7665992393738872,,,,,,,15.426284790039062,control,-0.249995113737936,-0.249995113737936
,-0.0014368846884442001,0.002669193022768127,,,0.08956126074144369,88.26815825832412,-0.01117294280621235,10.105236407923325,10.107706825102188,10.106471616512756,15.43645191192627,state,,
-0.499990227475872,,,0.6912672545864094,0.6912672545864094,,,,,,,15.436462640762329,control,-0.249995113737936,-0.249995113737936
,0.00012780173057924394,-0.0019418926713387272,,,0.10229789348481697,80.43821172935628,-0.009787679413954123,10.78403766727466,10.788434861491885,10.786236264383273,15.44671106338501,state,,
-0.499990227475872,,,0.6174419094946813,0.6174419094946813,,,,,,,15.44672179222107,control,-0.2499951137379449,-0.24999511373792713
,-0.002705830933417814,0.0016404172760231134,,,0.10340737698305862,74.11093425396845,-0.008555125011667804,11.424976281571185,11.428311434970334,11.42664385827076,15.457134246826172,state,,
-0.499990227475872,,,0.5450930713047877,0.5450930713047877,,,,,,,15.457144737243652,control,-0.249995113737936,-0.249995113737936
,-0.002917253354720688,-0.0005396085455977391,,,0.11192198519677013,66.20762115780943,-0.0071903319106092385,11.959164519345128,11.966705351141256,11.962934935243192,15.467662572860718,state,,
-0.499990227475872,,,0.47419120987869195,0.47419120987869195,,,,,,,15.46767282485962,control,-0.249995113737936,-0.249995113737936
,-0.005441983552220808,-0.002028184359420725,,,0.11448154166656666,59.122467947932705,-0.00596702844249445,12.430521488159398,12.452270310102582,12.44139589913099,15.477840185165405,state,,
-0.499990227475872,,,0.40470738568111814,0.40470738568111814,,,,,,,15.477850914001465,control,-0.249995113737936,-0.249995113737936
,0.0011512518917080002,-0.0034628230817367227,,,0.1230583229692499,51.50825131016743,-0.004567954070395022,12.833222322174173,12.837366459156579,12.835294390665375,15.488255500793457,state,,
-0.499990227475872,,,0.33661323796749576,0.33661323796749576,,,,,,,15.488266468048096,control,-0.24999511373792713,-0.2499951137379449
,0.006483360793448709,0.00700748828254073,,,0.1289354240526211,45.18910785795546,-0.0029473382937952185,13.17625927738241,13.196967077802185,13.186613177592298,15.498756170272827,state,,
-0.499990227475872,,,0.26988097320814586,0.26988097320814586,,,,,,,15.498766899108887,control,-0.249995113737936,-0.249995113737936
,-0.0029041977996281604,-0.005762047837461942,,,0.12966982712978883,37.9656795288158,-0.0017390026593264761,13.455183122006412,13.44742795882398,13.451305540415195,15.508960008621216,state,,
-0.499990227475872,,,0.20448335374398297,0.20448335374398297,,,,,,,15.508970499038696,control,-0.24999511373792713,-0.2499951137379449
,-0.003717825278822664,-0.005576292378455302,,,0.1296166995138142,31.045407390281675,-0.0005702317305614986,13.640761163011884,13.662478961946373,13.651620062479129,15.519139528274536,state,,
-0.499990227475872,,,0.14039368666910332,0.14039368666910332,,,,,,,15.519150018692017,control,-0.249995113737936,-0.249995113737936
,0.001444704172959285,-0.008451636356291167,,,0.1388528455293936,24.805846037057478,0.0007955170334299176,13.792767190310602,13.807978448970648,13.800372819640625,15.529724836349487,state,,
-0.499990227475872,,,0.07758581293572125,0.07758581293572125,,,,,,,15.52973484992981,control,-0.249995113737936,-0.249995113737936
,0.0036130476007792257,0.0005801850993515924,,,0.1424434303128061,18.025038093329215,0.0022649064579100243,13.872538572294495,13.872868008373112,13.872703290333803,15.539874792098999,state,,
-0.499990227475872,,,0.016034096677006837,0.016034096677006837,,,,,,,15.539916276931763,control,-0.24999511373792713,-0.2499951137379449
,0.0025174196280623186,0.006599835346586691,,,0.14510131077666832,11.677951219518002,0.0038200517397226114,13.881360640117457,13.895570914900363,13.888465777508909,15.550119876861572,state,,
-0.499990227475872,,,-0.0442865852565333,-0.0442865852565333,,,,,,,15.550130844116211,control,-0.24999511373792713,-0.2499951137379449
,0.001047219289442091,0.00017912671302393709,,,0.14733991697462678,5.723039319343663,0.0052293430185225195,13.844630404301709,13.857211204185083,13.850920804243396,15.560254335403442,state,,
-0.499990227475872,,,-0.10340085355140263,-0.10340085355140263,,,,,,,15.560266017913818,control,-0.249995113737936,-0.249995113737936
,0.0031371731865991025,-0.008962518653495108,,,0.1452193025914976,-0.6881060970651434,0.0063674425784932135,13.7405874018414,13.743418987923606,13.742003194882503,15.570732593536377,state,,
-0.499990227475872,,,-0.16133283648037458,-0.16133283648037458,,,,,,,15.570743560791016,control,-0.249995113737936,-0.249995113737936
,-0.004026324555685673,-0.007903908039826048,,,0.1375269643278974,-6.776903272717409,0.007286940807522385,13.583483258351142,13.571172632361712,13.577327945356426,15.580940961837769,state,,
-0.499990227475872,,,-0.21810617975076707,-0.21810617975076707,,,,,,,15.58095097541809,control,-0.24999511373792713,-0.2499951137379449
,0.0028649700996072427,-0.0026906846115199033,,,0.14178770943479985,-12.974351628673823,0.008564233200182786,13.343574934284371,13.354323015773565,13.348948975028968,15.591484069824219,state,,
-0.499990227475872,,,-0.2737440561557517,-0.2737440561557517,,,,,,,15.591496229171753,control,-0.249995113737936,-0.249995113737936
,0.005631451659984795,-0.0004948100511049959,,,0.1393436084911447,-18.54751740614496,0.00974877611142941,13.069873979108301,13.079674246395712,13.074774112752007,15.602054119110107,state,,
-0.499990227475872,,,-0.32826917503263664,-0.32826917503263664,,,,,,,15.602066278457642,control,-0.249995113737936,-0.249995113737936
,0.0038665906990356332,-0.0036685708559510894,,,0.1364542972409086,-23.44290366508688,0.010802324570225966,12.772214665693713,12.752650502217612,12.762432583955663,15.61257529258728,state,,
-0.499990227475872,,,-0.3817037915319839,-0.3817037915319839,,,,,,,15.61258840560913,control,-0.249995113737936,-0.249995113737936
,0.0019111506910509685,0.0005460365559827092,,,0.13459710670704075,-28.974146119174026,0.011896438420896237,12.38074669104545,12.388570638880854,12.384658664963151,15.623096942901611,state,,
-0.499990227475872,,,-0.4340697157013442,-0.4340697157013442,,,,,,,15.623108625411987,control,-0.24999511373792713,-0.2499951137379449
,0.004466135848359191,-0.0009145167498087391,,,0.12017928704273198,-35.10372709509069,0.012623321072134904,11.921052645486903,11.951079520257752,11.936066082872326,15.63334345817566,state,,
-0.499990227475872,,,-0.48538832138731736,-0.48538832138731736,,,,,,,15.633355379104614,control,-0.24999511373792713,-0.2499951137379449
,0.00075416378606703,0.000475321996322233,,,0.12220931659245608,-40.38749881041463,0.013610337318790145,11.450794469741986,11.445400042461783,11.448097256101885,15.64383578300476,state,,
-0.499990227475872,,,-0.535680554959571,-0.535680554959571,,,,,,,15.643847942352295,control,-0.2499951137379449,-0.24999511373792713
,0.002279464048044655,-0.006221421183214866,,,0.1205687950994674,-45.290159465130344,0.014391260115311626,10.901002365932355,10.933332421468778,10.917167393700566,15.654366970062256,state,,
-0.499990227475872,,,-0.5849669438603795,-0.5849669438603795,,,,,,,15.65437912940979,control,-0.249995113737936,-0.249995113737936
,-0.00013360803561006087,0.007583739689228076,,,0.11324487448258946,-50.24477617875827,0.015234576561787318,10.342380191283421,10.329348724322625,10.335864457803023,15.664597511291504,state,,
-0.499990227475872,,,-0.6332676049831718,-0.6332676049831718,,,,,,,15.664608240127563,control,-0.249995113737936,-0.249995113737936
,-0.0021104650134554847,-0.004318399968789308,,,0.10943181639319696,-55.40867385418808,0.015842717370498707,9.691199998722466,9.70798347166674,9.699591735194602,15.675185680389404,state,,
-0.499990227475872,,,-0.6806022528835083,-0.6806022528835083,,,,,,,15.675285816192627,control,-0.24999511373792713,-0.2499951137379449
,-0.00033762977240652084,-0.0011365050108980087,,,0.09230078679848455,-59.98093160859456,0.01613534301090858,9.036435062865573,9.017590290810931,9.027012676838252,15.685662984848022,state,,
-0.499990227475872,,,-0.7269902078258381,-0.7269902078258381,,,,,,,15.685674905776978,control,-0.249995113737936,-0.249995113737936
,0.0006420373876115828,-0.005681341700533398,,,0.09391106312841496,-65.62751352914708,0.016653089737757285,8.282333694124038,8.27940510412367,8.280869399123855,15.696099519729614,state,,
-0.499990227475872,,,-0.7724504036693214,-0.7724504036693214,,,,,,,15.696109771728516,control,-0.2499951137379449,-0.24999511373792713
,0.0018365050032470276,-0.0012669859480879885,,,0.08231027497325484,-69.32800618022011,0.016931583208091763,7.523088017256501,7.534300317928106,7.528694167592303,15.706374168395996,state,,
-0.499990227475872,,,-0.817001395595935,-0.817001395595935,,,,,,,15.706385850906372,control,-0.249995113737936,-0.249995113737936
,0.004397944329524025,0.009353180959291031,,,0.07930430197567563,-74.19201425269367,0.017525340632950477,6.707841071265036,6.710880793271088,6.709360932268062,15.716488122940063,state,,
-0.499990227475872,,,-0.8606613676840162,-0.8606613676840162,,,,,,,15.716498851776123,control,-0.249995113737936,-0.249995113737936
,-0.0028705040795462926,-0.0038122934405789535,,,0.06749452651599862,-79.58453578067895,0.017555707177673824,5.81765522083233,5.83772663670855,5.827690928770441,15.727025270462036,state,,
-0.499990227475872,,,-0.9034481403303358,-0.9034481403303358,,,,,,,15.727035522460938,control,-0.24999511373794045,-0.24999511373793157
,0.00037326502308774896,0.0006087660394671414,,,0.06550670811495211,-82.87385147502039,0.017825371772354826,4.944893062342005,4.948309595269629,4.9466013288058175,15.737158298492432,state,,
-0.499990227475872,,,-0.945379177523729,-0.945379177523729,,,,,,,15.737168550491333,control,-0.24999511373794045,-0.24999511373793157
,0.006706420392163027,0.0012700482956115808,,,0.05281861525019947,-87.59097910709967,0.017857726811218482,3.987140228074561,4.004092011426923,3.9956161197507423,15.746868133544922,state,,
-0.499990227475872,,,-0.9864715939732545,-0.9864715939732545,,,,,,,15.7468900680542,control,-0.249995113737936,-0.249995113737936
,-0.002181747785300286,0.0019026034572445477,,,0.04409472067570108,-91.80841393136397,0.01781149751294321,3.01091209980365,3.0099067411806426,3.010409420492146,15.756991386413574,state,,
-0.499990227475872,,,-1.0267421620937893,-1.0267421620937893,,,,,,,15.756995677947998,control,-0.2499951137379338,-0.24999511373793823
,0.00438443075263083,-0.0007684592948806195,,,0.03516894552316609,-96.00192375543085,0.017674743395192018,1.9884048608170117,1.97889194157773,1.983648401197371,15.767480611801147,state,,
-0.499990227475872,,,-1.0662073188519137,-1.0662073188519137,,,,,,,15.767486572265625,control,-0.24999511373793712,-0.2499951137379349
,0.0016314179017328033,0.006946956369253815,,,0.02790879659656567,-100.52187661048225,0.017618376785739527,0.9063821507478266,0.9066025515525197,0.9064923511501731,15.778069257736206,state,,
-0.499990227475872,,,-1.1048831724748753,-1.1048831724748753,,,,,,,15.778077602386475,control,-0.249995113737936,-0.249995113737936
,0.003924356300251032,0.0023057731736640524,,,0.016884345078293214,-104.18675780734412,0.01732723227239932,-0.19970328548373392,-0.18770396002782383,-0.19370362275577888,15.788704633712769,state,,
-0.499990227475872,,,-1.1427855090253778,-1.1427855090253778,,,,,,,15.788719654083252,control,-0.249995113737936,-0.249995113737936
,-0.0017218145764604914,-0.011846409773165985,,,-0.002105773081857819,-107.9761115575038,0.016426827375451106,-1.3258446151563614,-1.3417037375976175,-1.3337741763769895,15.798959970474243,state,,
-0.499990227475872,,,-1.1799297988448703,-1.1799297988448703,,,,,,,15.798970699310303,control,-0.249995113737936,-0.249995113737936
,-0.0014977476928802194,-0.00021571492749536378,,,-0.018534516267405612,-112.11283686767567,0.015641020039367765,-2.5178488901083127,-2.523632256264621,-2.520740573186467,15.809599876403809,state,,
-0.499990227475872,,,-1.216331202867973,-1.216331202867973,,,,,,,15.80960988998413,control,-0.2499951137379338,-0.24999511373793823
,-0.002409077811824676,-0.007961287094534579,,,-0.02785586362303385,-115.69706898478822,0.014739834154969047,-3.7365390892413126,-3.7329730885528236,-3.7347560888970683,15.819830894470215,state,,
-0.499990227475872,,,-1.2520045788106136,-1.2520045788106136,,,,,,,15.819841623306274,control,-0.2499951137379338,-0.24999511373793823
,-0.0008947474172460256,0.0066163461476302044,,,-0.037421807596285564,-119.1268281622078,0.014041058736027925,-4.9761616174167935,-4.985059748961723,-4.9806106831892585,15.830304622650146,state,,
0.5,,,-1.1669644872344012,-1.1669644872344012,,,,,,,15.830316305160522,control,0.25,0.25
,0.0025322314761012607,-0.0002874246342310849,,,-0.049740725496754096,-118.24688518050513,0.013089849943164077,-6.1444890211438254,-6.153660593809394,-6.14907480747661,15.84048080444336,state,,
0.5,,,-1.083625197489713,-1.083625197489713,,,,,,,15.84049129486084,control,0.25,0.25
,-0.0009421228091797536,-0.0036143072620215483,,,-0.06340131386914327,-114.57497858449005,0.011915279763100268,-7.224875400605811,-7.2478933689717016,-7.236384384788757,15.850682258605957,state,,
0.5,,,-1.0019526935399188,-1.0019526935399188,,,,,,,15.850692987442017,control,0.25000000000000444,0.24999999999999556
,-0.00772502236242923,0.0031013073325179214,,,-0.06877618737079781,-108.98098816487172,0.010915084768502321,-8.236749413933435,-8.23757687356332,-8.237163143748377,15.860833883285522,state,,
0.5,,,-0.9219136396691203,-0.9219136396691203,,,,,,,15.860843896865845,control,0.25,0.25
,0.007426567589315751,0.004124772733078405,,,-0.08048761604620003,-102.73205823854832,0.00985283771329323,-9.176645559677434,-9.153412275228437,-9.165028917452936,15.870997428894043,state,,
0.5,,,-0.843475366875738,-0.843475366875738,,,,,,,15.871001958847046,control,0.2500000000000089,0.24999999999999112
,-0.004524949411350478,-0.00219712647791205,,,-0.08561770221582922,-95.03358029257915,0.00865804280670215,-9.999888167048079,-9.98579110983239,-9.992839638440234,15.880595445632935,state,,
0.5,,,-0.7666058595382232,-0.7666058595382232,,,,,,,15.88060188293457,control,0.25,0.25
,0.0012305195749163006,0.00589873642743042,,,-0.09443764450862402,-88.1567188945231,0.007536243947721288,-10.766466970878723,-10.763449387000517,-10.764958178939619,15.890787601470947,state,,
0.5,,,-0.6912737423474589,-0.6912737423474589,,,,,,,15.89079236984253,control,0.24999999999999112,0.2500000000000089
,-0.005171949680828386,0.00530844438752075,,,-0.100875800000995,-81.24066336515743,0.006352418514335328,-11.470196784733888,-11.46438795560918,-11.467292370171535,15.90102767944336,state,,
0.5,,,-0.6174482675005097,-0.6174482675005097,,,,,,,15.901035070419312,control,0.2500000000000089,0.24999999999999112
,-0.00515973456553595,0.004696766785374697,,,-0.10707513310942647,-73.61113984878618,0.005123973245601125,-12.074230591447256,-12.08972166965827,-12.081976130552762,15.91151237487793,state,,
0.5,,,-0.5450993021504995,-0.5450993021504995,,,,,,,15.91152286529541,control,0.25,0.25
,-0.0014477036008723654,-0.003030294761840112,,,-0.11646515762184913,-66.19292844922039,0.0036623931828546944,-12.628526895395419,-12.623154932066205,-12.625840913730812,15.921871423721313,state,,
0.5,,,-0.47419731610748955,-0.47419731610748955,,,,,,,15.921881675720215,control,0.25,0.25
,0.0028520907158170743,-0.00493934253759267,,,-0.1193468575584613,-58.71901856529523,0.0022998035438358145,-13.092331235261113,-13.095829023056401,-13.094080129158758,15.932355165481567,state,,
0.5,,,-0.4047133697853398,-0.4047133697853398,,,,,,,15.932365894317627,control,0.2500000000000089,0.24999999999999112
,0.0023967206901421663,-0.0053376443925237296,,,-0.11862510800449542,-52.05220661097595,0.0010169638260883768,-13.509507357007445,-13.50748581809078,-13.508496587549113,15.942591667175293,state,,
0.5,,,-0.336619102389633,-0.336619102389633,,,,,,,15.942601919174194,control,0.25,0.25
,-0.009162413734425336,-0.00270002333087796,,,-0.12391627999636455,-44.38264457352801,-0.000422736930633523,-13.840561628900307,-13.819954695746523,-13.830258162323414,15.952818632125854,state,,
0.5,,,-0.26988672034184036,-0.26988672034184036,,,,,,,15.952829122543335,control,0.24999999999999112,0.2500000000000089
,-0.003043152275556682,0.006022462018853636,,,-0.12157815443003725,-38.16751224416934,-0.0014843092609215847,-14.107245786109987,-14.118786976982692,-14.11301638154634,15.963398694992065,state,,
0.5,,,-0.20448898593500353,-0.20448898593500353,,,,,,,15.963408708572388,control,0.25,0.25
,-0.005838946633587783,0.009168718416276256,,,-0.12812267872778857,-31.003559744127845,-0.0026896729353972815,-14.312286715295418,-14.30578155218839,-14.309034133741903,15.97355842590332,state,,
0.5,,,-0.14039920621630345,-0.14039920621630345,,,,,,,15.973568677902222,control,0.24999999999999112,0.2500000000000089
,-0.003897898675649767,-0.011018080309206693,,,-0.13493972469668036,-25.267086837446442,-0.004302428656968025,-14.48107802741725,-14.45973437301327,-14.47040620021526,15.983787298202515,state,,
0.5,,,-0.07759122209197739,-0.07759122209197739,,,,,,,15.98379898071289,control,0.25,0.25
,-0.004494499153035152,0.011324353025589961,,,-0.1317495578233463,-17.62428617947842,-0.005285124150204067,-14.5240102457546,-14.526009977509169,-14.525010111631884,15.994388580322266,state,,
0.5,,,-0.016039397650137843,-0.016039397650137843,,,,,,,15.994399309158325,control,0.25,0.25
,0.00177133638626076,0.0024938059791082315,,,-0.12889177315820916,-11.372801484947258,-0.0063427813544884425,-14.53071891326766,-14.54776640153546,-14.53924265740156,16.004594564437866,state,,
0.5,,,0.04428139030286491,0.04428139030286491,,,,,,,16.004605770111084,control,0.25,0.25
,-0.0013387641239215222,-0.005654680216447701,,,-0.1290452765536806,-5.252025541105998,-0.007602172199806455,-14.491881817635537,-14.496813658585644,-14.49434773811059,16.015040397644043,state,,
0.5,,,0.10339576249680761,0.10339576249680761,,,,,,,16.015050649642944,control,0.25,0.25
,0.006700600697133827,-0.0012072452964342372,,,-0.13587684610550632,0.13487326049346926,-0.008865181943339474,-14.401933848006438,-14.412593848562802,-14.40726384828462,16.0256404876709,state,,
0.5,,,0.16132784724687144,0.16132784724687144,,,,,,,16.02565050125122,control,0.25,0.25
,-0.0016669046879856464,-0.0037530576413345802,,,-0.1407389067571871,6.270670041803751,-0.010229287710969674,-14.240083254827596,-14.253722563394994,-14.246902909111295,16.035906076431274,state,,
0.5,,,0.218101290301934,0.218101290301934,,,,,,,16.035915851593018,control,0.25,0.25
,-0.0005274434234863349,0.0009029700135209805,,,-0.14168508105708813,13.025588007554724,-0.011419383100991016,-13.99655898596378,-14.021719355221814,-14.009139170592796,16.04613184928894,state,,
0.5,,,0.27373926449589536,0.27373926449589536,,,,,,,16.04614233970642,control,0.24999999999999112,0.2500000000000089
,0.002574449901584015,-0.003006698326265246,,,-0.12849383489669455,18.529033821379002,-0.012285458849907432,-13.736096518279892,-13.736421025416412,-13.736258771848153,16.05651569366455,state,,
0.5,,,0.32826447920597746,0.32826447920597746,,,,,,,16.05652642250061,control,0.2500000000000089,0.24999999999999112
,0.0008816384588544095,0.011277662784784884,,,-0.12913893139474558,23.26338647991046,-0.013103662978727228,-13.438699724438223,-13.417850964070768,-13.428275344254494,16.066763401031494,state,,
0.5,,,0.3816991896218579,0.3816991896218579,,,,,,,16.06677770614624,control,0.24999999999999112,0.2500000000000089
,-0.004478796241059401,0.007097114832699345,,,-0.12631639600489253,29.612226964777513,-0.013941204020031184,-13.034679182275093,-13.027537097724638,-13.031108139999866,16.076920747756958,state,,
0.5,,,0.4340652058294207,0.4340652058294207,,,,,,,16.076931476593018,control,0.25,0.25
,0.0017934691401493813,-0.005334362361672478,,,-0.13098346357981414,34.52011156903443,-0.015108805739960903,-12.604784757592395,-12.61080647204823,-12.607795614820311,16.087433576583862,state,,
0.5,,,0.4853839017128323,0.4853839017128323,,,,,,,16.087478399276733,control,0.24999999999999112,0.2500000000000089
,-0.008819644140747764,0.002862822621377756,,,-0.12427260282464972,40.2056313294332,-0.01593643966621489,-12.108514321619136,-12.121988566649998,-12.115251444134568,16.09797763824463,state,,
0.5,,,0.5356762236785757,0.5356762236785757,,,,,,,16.09798812866211,control,0.2500000000000089,0.24999999999999112
,0.00415456544979229,0.006133792185489707,,,-0.12229779925698514,45.6924085299478,-0.016644926606934746,-11.576539964357057,-11.565465210691961,-11.571002587524509,16.108187198638916,state,,
0.5,,,0.5849626992050041,0.5849626992050041,,,,,,,16.108247756958008,control,0.25,0.25
,0.0015727415412971708,-0.008353498669299304,,,-0.10977880024003647,50.76135746502386,-0.017340297401466406,-10.978303177436292,-10.9871251924527,-10.982714184944495,16.118480920791626,state,,
0.5,,,0.633263445220904,0.633263445220904,,,,,,,16.118491888046265,control,0.24999999999999112,0.2500000000000089
,-0.0004634093828427071,-0.006131557902609962,,,-0.10786292017497148,54.994733948664845,-0.018142227702390924,-10.36798995207506,-10.362791180172543,-10.365390566123802,16.12903094291687,state,,
0.5,,,0.6805981763164859,0.6805981763164859,,,,,,,16.12904167175293,control,0.25,0.25
,0.010707488654404265,0.0026347820927413736,,,-0.10361648361747466,60.430891718924855,-0.018604392005060894,-9.672067025769925,-9.677057995986322,-9.674562510878124,16.139299869537354,state,,
0.5,,,0.7269862127901561,0.7269862127901561,,,,,,,16.139315843582153,control,0.25,0.25
,-0.005177812055461711,-0.00013555408588618374,,,-0.10261374705776513,64.70243873835437,-0.01926751569332065,-8.97182686401554,-8.947281818415288,-8.959554341215414,16.149492502212524,state,,
0.5,,,0.7724464885343529,0.7724464885343529,,,,,,,16.149502515792847,control,0.25,0.25
,-0.0051730556600673725,0.001875510800902147,,,-0.09180139168864465,69.56582398655434,-0.019621033524465196,-8.190523314501398,-8.182462527716098,-8.186492921108748,16.16001868247986,state,,
0.5,,,0.8169975587636658,0.8169975587636658,,,,,,,16.16002893447876,control,0.25,0.25
,-0.0067233960671584094,-0.004273271174519686,,,-0.08330183144444214,74.7165559187795,-0.020045954054967303,-7.352418819146087,-7.362283015184837,-7.357350917165462,16.1705219745636,state,,
0.5,,,0.8606576075883925,0.8606576075883925,,,,,,,16.1705322265625,control,0.25,0.25
,-0.002549344049634987,0.0013751666674878178,,,-0.07925094668887547,78.77452166840659,-0.020356171378726303,-6.5057718952519865,-6.504270444120654,-6.50502116968632,16.180732250213623,state,,
0.5,,,0.9034444554366245,0.9034444554366245,,,,,,,16.180741786956787,control,0.25,0.25
,-0.002085305576693017,-0.0035987693068918703,,,-0.06590564771924932,83.57093372395,-0.02047335061454424,-5.591719531579699,-5.594229595764884,-5.592974563672291,16.19130301475525,state,,
0.5,,,0.945375566327892,0.945375566327892,,,,,,,16.191314220428467,control,0.24999999999999556,0.25000000000000444
,0.0016551964494357335,0.00021058502300897158,,,-0.055971873630380795,87.66737170251054,-0.02044552377670328,-4.646518991010528,-4.655689031612387,-4.651104011311458,16.201974391937256,state,,
0.5,,,0.986468055001334,0.986468055001334,,,,,,,16.201986074447632,control,0.25,0.25
,0.0022686225422526842,0.007385416451044499,,,-0.04156489725297109,91.64058365425754,-0.020069506056595406,-3.6668418781584675,-3.67608320696483,-3.671462542561649,16.212419748306274,state,,
0.5,,,1.0267386939013075,1.0267386939013075,,,,,,,16.212432146072388,control,0.2500000000000022,0.24999999999999778
,-0.0011767529805938638,-0.00459645703998321,,,-0.03580766237105856,95.99533405776248,-0.020027588814269123,-2.6416116062643065,-2.642790787173895,-2.6422011967191006,16.222948789596558,state,,
0.5,,,1.0662039200232813,1.0662039200232813,,,,,,,16.222978353500366,control,0.24999999999999778,0.2500000000000022
,0.004361658861375196,0.0021765930748222613,,,-0.025140075916958514,100.40311651956804,-0.01963846923693176,-1.5732734387514344,-1.5627625509213823,-1.5680179948364084,16.233492612838745,state,,
0.5,,,1.1048798416228158,1.1048798416228158,,,,,,,16.233504056930542,control,0.25,0.25
,-0.004524012246262243,0.003874943545920188,,,-0.021239484117650396,104.37949788783014,-0.01935891584667135,-0.4593363445303003,-0.46253753731042824,-0.4609369409203643,16.243829250335693,state,,
0.5,,,1.1427822447903595,1.1427822447903595,,,,,,,16.243841409683228,control,0.2500000000000003,0.24999999999999972
,0.00776311544146604,0.009196679569680892,,,-0.009406808234385267,107.7444987082201,-0.018655186471933864,0.653519786778016,0.6866076083603263,0.6700636975691712,16.25395655632019,state,,
0.5,,,1.1799265998945523,1.1799265998945523,,,,,,,16.253966093063354,control,0.25,0.25
,0.0029259672563120144,0.00209015257378826,,,-0.0038014692531792562,111.98120874091714,-0.018175622612899768,1.8728112310616294,1.8417990077252073,1.8573051193934185,16.26453924179077,state,,
0.5,,,1.2163280678966613,1.2163280678966613,,,,,,,16.264549732208252,control,0.2499999999999989,0.2500000000000011
,-0.0027734360958287926,-0.006325903405501361,,,0.00984996533995637,115.50566343568934,-0.01764498587632367,3.064264023052264,3.072646361723647,3.0684551923879555,16.275087594985962,state,,
0.5,,,1.252001506538728,1.252001506538728,,,,,,,16.27509903907776,control,0.25,0.25
,-0.0037357941410681886,0.004889521117055893,,,0.02376605790970285,119.35406061173418,-0.01678333925918013,4.311466269184227,4.335023614536053,4.32324494186014,16.28536081314087,state,,
-0.499990227475872,,,1.1669614764079534,1.1669614764079534,,,,,,,16.285372257232666,control,-0.249995113737936,-0.249995113737936
,0.006064411637964887,0.00340602160501512,,,0.03196269778602176,117.76993267238294,-0.01590255965535329,5.477409669124551,5.474054509635842,5.475732089380196,16.29590153694153,state,,
-0.499990227475872,,,1.0836222468797942,1.0836222468797942,,,,,,,16.29594874382019,control,-0.249995113737936,-0.249995113737936
,-0.0027756001935956807,-0.0006088379765007421,,,0.03966546804019962,114.92290642874494,-0.015111827500923823,6.570982803247977,6.588315844129846,6.579649323688912,16.306582927703857,state,,
-0.499990227475872,,,1.0019498019421982,1.0019498019421982,,,,,,,16.30659508705139,control,-0.24999511373794045,-0.24999511373793157
,0.00733549622964796,-0.0014443446096830946,,,0.04704327855683266,108.70626029921736,-0.014210087533370077,7.5643740312608685,7.57116782990782,7.567770930584344,16.316704750061035,state,,
-0.499990227475872,,,0.9219108059033543,0.9219108059033543,,,,,,,16.31671667098999,control,-0.249995113737936,-0.249995113737936
,0.0035606459066893493,0.002048430717247833,,,0.05765076202116721,102.31169594610276,-0.013135234897366127,8.488553778952568,8.489676695994694,8.48911523747363,16.326984167099,state,,
-0.499990227475872,,,0.8434725897852873,0.8434725897852873,,,,,,,16.32699465751648,control,-0.24999511373792713,-0.2499951137379449
,0.003208066775940313,-0.003978011253729197,,,0.07422339351537009,95.70793716279138,-0.01194095512152392,9.341026822763324,9.341158224769659,9.341092523766491,16.337263345718384,state,,
-0.499990227475872,,,0.7666031379895815,0.7666031379895815,,,,,,,16.33727478981018,control,-0.249995113737936,-0.249995113737936
,0.0060923899143781055,-0.006924137117414285,,,0.0842829789968103,88.41268975746142,-0.01080684615272978,10.11370071113473,10.104523194420162,10.109111952777447,16.347488403320312,state,,
-0.499990227475872,,,0.6912710752297899,0.6912710752297899,,,,,,,16.347498655319214,control,-0.2499951137379449,-0.24999511373792713
,0.008331996950903671,0.0005158420890454496,,,0.09542429008978809,80.70938287326834,-0.009414570311823469,10.794303445987468,10.79290424327816,10.793603844632814,16.357646465301514,state,,
-0.499990227475872,,,0.6174456537251942,0.6174456537251942,,,,,,,16.357656717300415,control,-0.249995113737936,-0.249995113737936
,-0.0038442745330710374,0.002098376717012681,,,0.0983572383282687,74.03547617535799,-0.008210480587997079,11.429133688618478,11.426346476013002,11.42774008231574,16.367338180541992,state,,
-0.499990227475872,,,0.5450967406506904,0.5450967406506904,,,,,,,16.367341995239258,control,-0.249995113737936,-0.249995113737936
,-0.002975877301450109,-0.0072314103743949774,,,0.10326056208720574,66.11074322707043,-0.00711848727963647,11.961821037644432,11.96362190724782,11.962721472446127,16.37752366065979,state,,
-0.499990227475872,,,0.47419480583767654,0.47419480583767654,,,,,,,16.377527236938477,control,-0.2499951137379449,-0.24999511373792713
,0.0003623037765259305,-0.008361225177086989,,,0.10431619671718582,59.000105486667834,-0.006094186482635496,12.456482613647896,12.42262381199354,12.43955321282072,16.387858152389526,state,,
-0.499990227475872,,,0.404710909720923,0.404710909720923,,,,,,,16.387863874435425,control,-0.2499951137379449,-0.24999511373792713
,0.005600848280714753,-0.0023659096246367475,,,0.11552399431384586,51.63159294061063,-0.0046719489804140845,12.840814977089721,12.836376268376002,12.83859562273286,16.39817500114441,state,,
-0.499990227475872,,,0.33661669152650453,0.33661669152650453,,,,,,,16.398183822631836,control,-0.24999511373792713,-0.2499951137379449
,-0.0024704970370318597,-0.002702634654392557,,,0.1209780397052376,44.42500943888107,-0.0033806541924315345,13.159878540643268,13.176420216179123,13.168149378411195,16.40832495689392,state,,
-0.499990227475872,,,0.2698843576959744,0.2698843576959744,,,,,,,16.408334493637085,control,-0.249995113737936,-0.249995113737936
,0.0031005454783088198,0.004193684222444262,,,0.11625633244203692,38.157754879158375,-0.002150729030628073,13.455424013387391,13.44453693245915,13.44998047292327,16.418614149093628,state,,
-0.499990227475872,,,0.20448667054205494,0.20448667054205494,,,,,,,16.41862463951111,control,-0.249995113737936,-0.249995113737936
,0.002527318951008384,-0.00596047410209232,,,0.1223054485205829,31.52809362304665,-0.0009109423225934727,13.659610835073977,13.659883311246494,13.659747073160236,16.42874574661255,state,,
-0.499990227475872,,,0.14039693713121384,0.14039693713121384,,,,,,,16.428788900375366,control,-0.2499951137379449,-0.24999511373792713
,-0.000982592382785807,-0.0029144373308782764,,,0.13295388096730215,24.71713376246044,0.0005106321908214497,13.812140220501881,13.784897015265242,13.798518617883563,16.43908667564392,state,,
-0.499990227475872,,,0.07758899838858957,0.07758899838858957,,,,,,,16.439096212387085,control,-0.2499951137379449,-0.24999511373792713
,0.003004531481046513,-0.00260908165078007,,,0.13602567531941648,18.140713853827105,0.0018509905021488074,13.87676740650643,13.873750159075849,13.875258782791139,16.449382543563843,state,,
-0.499990227475872,,,0.016037218420817775,0.016037218420817775,,,,,,,16.449392795562744,control,-0.249995113737936,-0.249995113737936
,0.0003548858426224421,-0.008193841192060293,,,0.138429728421037,11.274988265240575,0.0030542990293340837,13.862520356326705,13.894954141493171,13.878737248909939,16.45960760116577,state,,
-0.499990227475872,,,-0.04428352594759857,-0.04428352594759857,,,,,,,16.45961833000183,control,-0.2499951137379449,-0.24999511373792713
,-0.0009278588035113187,-0.010808308585737758,,,0.13768217176633407,5.046361690532432,0.0041189816634443184,13.837826841571157,13.822311548451703,13.83006919501143,16.470004320144653,state,,
-0.499990227475872,,,-0.1033978554286466,-0.1033978554286466,,,,,,,16.470014333724976,control,-0.24999511373792713,-0.2499951137379449
,-0.0013649294255634618,-0.004111820555904107,,,0.1379914856138125,-0.014598581420114165,0.005302990306562481,13.751468521286329,13.747282528293539,13.749375524789933,16.480175256729126,state,,
-0.499990227475872,,,-0.16132989832007366,-0.16132989832007366,,,,,,,16.480186462402344,control,-0.24999511373792713,-0.2499951137379449
,0.0024799420444129756,-0.004391949050246306,,,0.13772827799668202,-7.019994030300816,0.006475166752066359,13.565660159472095,13.569702346701188,13.567681253086642,16.490402221679688,state,,
-0.499990227475872,,,-0.21810330035367217,-0.21810330035367217,,,,,,,16.49041223526001,control,-0.249995113737936,-0.249995113737936
,-0.005771442319231105,-0.003852450038792317,,,0.1381589901801425,-12.347781844720007,0.007587672343907048,13.347328134408706,13.371489981588262,13.359409057998484,16.500603199005127,state,,
-0.499990227475872,,,-0.2737412343465987,-0.2737412343465987,,,,,,,16.500613927841187,control,-0.249995113737936,-0.249995113737936
,0.0010419045989835912,0.0009883456360063934,,,0.13631830670337486,-18.096299763985236,0.008764961338220002,13.076428570530053,13.097482541726528,13.086955556128292,16.51111125946045,state,,
-0.499990227475872,,,-0.3282664096596667,-0.3282664096596667,,,,,,,16.511121034622192,control,-0.2499951137379449,-0.24999511373792713
,0.005540008392297038,0.0029725455415655112,,,0.12749643853044196,-23.73417329174027,0.009793620162804361,12.76478485613181,12.754983702196139,12.759884279163973,16.521491527557373,state,,
-0.499990227475872,,,-0.38170108146647336,-0.38170108146647336,,,,,,,16.521502256393433,control,-0.24999511373792713,-0.2499951137379449
,0.005758974157629331,0.0032976221278082723,,,0.12097272218348579,-29.56313611598092,0.010781281046093969,12.370633092745267,12.372331093947702,12.371482093346485,16.531638622283936,state,,
-0.499990227475872,,,-0.4340670598371439,-0.4340670598371439,,,,,,,16.531649351119995,control,-0.249995113737936,-0.249995113737936
,0.002093882773891189,0.00776265565703594,,,0.11959012247054274,-34.51469692604505,0.011871516154571889,11.944889555920494,11.950167616463212,11.947528586191853,16.541696786880493,state,,
-0.499990227475872,,,-0.485385718640401,-0.485385718640401,,,,,,,16.541707277297974,control,-0.249995113737936,-0.249995113737936
,-0.004449015727277613,0.007417754896582043,,,0.11130955522796242,-40.38659428735472,0.012696204053870997,11.45892824020062,11.441488748359852,11.450208494280236,16.55147886276245,state,,
-0.499990227475872,,,-0.5356780042675929,-0.5356780042675929,,,,,,,16.55148410797119,control,-0.249995113737936,-0.249995113737936
,-0.0020614375806494206,-0.0008662272434572692,,,0.11086341662866553,-45.439894176764156,0.013486125864068948,10.928174181334446,10.902593392425695,10.91538378688007,16.561445474624634,state,,
-0.499990227475872,,,-0.584964444182241,-0.584964444182241,,,,,,,16.561448574066162,control,-0.249995113737936,-0.249995113737936
,-0.0014366173634136918,-0.00016046792152786578,,,0.10665022167850813,-50.58665057593721,0.014177951124572477,10.337740551648734,10.317467666229014,10.327604108938875,16.571465969085693,state,,
-0.499990227475872,,,-0.6332651552985962,-0.6332651552985962,,,,,,,16.571468114852905,control,-0.2499951137379449,-0.24999511373792713
,-0.006229264720197632,-0.0016504822356708437,,,0.10153345422271776,-55.52500728452999,0.01472843460972668,9.693942389002496,9.693572906999941,9.693757648001219,16.58155083656311,state,,
-0.499990227475872,,,-0.6805998521926242,-0.6805998521926242,,,,,,,16.581552982330322,control,-0.249995113737936,-0.249995113737936
,-0.011982509517163691,-0.0077332810494150596,,,0.09821614586562764,-59.93740484881204,0.015107776530896757,9.039476460652624,9.008839761725147,9.024158111188886,16.591657876968384,state,,
-0.499990227475872,,,-0.7269878551487716,-0.7269878551487716,,,,,,,16.591659784317017,control,-0.249995113737936,-0.249995113737936
,0.0066021637757881085,0.0036834850640985305,,,0.09088501507202311,-64.96738692770853,0.015695129715198108,8.296679757448391,8.292179424071206,8.294429590759798,16.601760864257812,state,,
-0.499990227475872,,,-0.7724480980457962,-0.7724480980457962,,,,,,,16.601763010025024,control,-0.24999511373792713,-0.2499951137379449
,0.0009986637710680665,-0.0010984696287551614,,,0.09343220761330318,-69.85155444263519,0.016319351931044505,7.520820429224341,7.515539782864663,7.518180106044502,16.612037897109985,state,,
-0.499990227475872,,,-0.8169991360848803,-0.8169991360848803,,,,,,,16.612040519714355,control,-0.249995113737936,-0.249995113737936
,-0.004115424323147962,-0.0009526986714394445,,,0.07872302827388664,-74.12917663904896,0.016482509336349108,6.717535097949656,6.700080637910597,6.708807867930126,16.622236490249634,state,,
-0.499990227475872,,,-0.8606591533631827,-0.8606591533631827,,,,,,,16.622239112854004,control,-0.24999511373793157,-0.24999511373794045
,0.00027492877484376686,-0.0014725969057866948,,,0.06865156276083438,-78.87295715032084,0.016638994965656084,5.842866627897245,5.846290741494206,5.844578684695726,16.632548332214355,state,,
-0.499990227475872,,,-0.903445970295919,-0.903445970295919,,,,,,,16.632562160491943,control,-0.24999511373794045,-0.24999511373793157
,-0.004870941398070325,0.003445423397365819,,,0.06987396257185292,-83.09755649595331,0.01703358568108959,4.942551279706646,4.9501817860777,4.946366532892173,16.64259696006775,state,,
-0.499990227475872,,,-0.9453770508900006,-0.9453770508900006,,,,,,,16.64259934425354,control,-0.249995113737936,-0.249995113737936
,-0.003326034305594713,0.005925717981683859,,,0.06393694555424981,-87.8150269960297,0.01730796826676568,3.996656667407419,3.989614108660863,3.993135388034141,16.65274453163147,state,,
-0.499990227475872,,,-0.9864695098722005,-0.9864695098722005,,,,,,,16.652747631072998,control,-0.249995113737936,-0.249995113737936
,-0.002841002331503637,0.001218248509597525,,,0.05641795196192374,-91.77562242675484,0.01739468989663512,3.004248211377517,3.0204404480782525,3.0123443297278847,16.66285014152527,state,,
-0.499990227475872,,,-1.0267401196747565,-1.0267401196747565,,,,,,,16.662853717803955,control,-0.249995113737936,-0.249995113737936
,0.002070445971439452,0.004143903942186788,,,0.04412618967694844,-96.40781815503753,0.0173755854496434,1.9668564057284839,1.9822285211214643,1.974542463424974,16.673099756240845,state,,
-0.499990227475872,,,-1.0662053172812613,-1.0662053172812613,,,,,,,16.673104763031006,control,-0.2499951137379349,-0.24999511373793712
,0.007451163168599316,-0.008782056980026147,,,0.032361959152485735,-99.72975944932624,0.017049739538120588,0.9260314209335204,0.9227176414004756,0.924374531166998,16.683631658554077,state,,
-0.499990227475872,,,-1.104881210935636,-1.104881210935636,,,,,,,16.683640003204346,control,-0.24999511373793545,-0.24999511373793656
,-0.003762527765243332,0.003985395318062272,,,0.024038518662568634,-104.52015265725748,0.016856299896765067,-0.1974103336371125,-0.19672660885326101,-0.19706847124518675,16.69401454925537,state,,
-0.499990227475872,,,-1.1427835867169234,-1.1427835867169234,,,,,,,16.69402289390564,control,-0.249995113737936,-0.249995113737936
,-0.0037798356080540737,-0.0007437005949744814,,,0.011261277214794465,-107.93661826484751,0.016384099661212154,-1.3258630923705512,-1.3357556932870538,-1.3308093928288025,16.70444631576538,state,,
-0.499990227475872,,,-1.179927914982585,-1.179927914982585,,,,,,,16.704455852508545,control,-0.249995113737936,-0.249995113737936
,0.005273095764370048,0.00468765176835872,,,0.000670604971363468,-111.71351378828143,0.016019760333013104,-2.5018258635998456,-2.5142855162426203,-2.5080556899212327,16.715062379837036,state,,
-0.499990227475872,,,-1.2163293566829334,-1.2163293566829334,,,,,,,16.715073585510254,control,-0.24999511373793823,-0.2499951137379338
,0.008545670096377828,0.005331669101225684,,,-0.012546793721624034,-115.68798964069086,0.01552847492085777,-3.734528928144593,-3.7218537401337564,-3.728191334139175,16.725274801254272,state,,
-0.499990227475872,,,-1.2520027695492748,-1.2520027695492748,,,,,,,16.725285530090332,control,-0.2499951137379338,-0.24999511373793823
,-0.0013172352181051194,-0.006649008784815891,,,-0.028000229071782665,-119.16963248719173,0.01456496024972036,-4.968503293282576,-4.9820961585598385,-4.975299725921207,16.735692977905273,state,,
0.5,,,-1.1669627141582892,-1.1669627141582892,,,,,,,16.735707998275757,control,0.25,0.25
,-0.0048330031265388,-0.0007172208959533026,,,-0.041282259437642105,-118.39181576241694,0.01360845584579077,-6.15195705246307,-6.141720039314191,-6.146838545888631,16.745070457458496,state,,
0.5,,,-1.0836234598751233,-1.0836234598751233,,,,,,,16.745073318481445,control,0.25000000000000444,0.24999999999999556
,0.0028264329474149362,0.01234278069240826,,,-0.052660721802021186,-115.07337386957434,0.012888673903983974,-7.237057010987906,-7.252458272059019,-7.244757641523462,16.755139112472534,state,,
0.5,,,-1.0019509906776207,-1.0019509906776207,,,,,,,16.75514245033264,control,0.24999999999999556,0.25000000000000444
,0.004062972699150038,-0.002310194691047926,,,-0.0547611160519699,-108.43707352195577,0.012044501341615417,-8.219962215551943,-8.227054537100903,-8.223508376326423,16.76527452468872,state,,
0.5,,,-0.9219119708640684,-0.9219119708640684,,,,,,,16.765281915664673,control,0.25,0.25
,-0.0009505617561764136,0.0028814464722692096,,,-0.06935884376255827,-102.58961860016808,0.01093839804125491,-9.152557740130288,-9.160121113464012,-9.15633942679715,16.775365352630615,state,,
0.5,,,-0.8434737314467871,-0.8434737314467871,,,,,,,16.775367736816406,control,0.25,0.25
,0.0017410611192476368,-0.003263669985393056,,,-0.07793185888332455,-95.93004040928227,0.009770250737006745,-10.000017732251864,-10.019280971930787,-10.009649352091326,16.78549599647522,state,,
0.5,,,-0.7666042568178513,-0.7666042568178513,,,,,,,16.78549885749817,control,0.2500000000000089,0.24999999999999112
,0.0022577801581975497,0.0029283842714224128,,,-0.08838555873342266,-87.64838001820601,0.008612508387337877,-10.756424229331733,-10.752228637565413,-10.754326433448572,16.795761585235596,state,,
0.5,,,-0.6912721716814942,-0.6912721716814942,,,,,,,16.795766353607178,control,0.24999999999999112,0.2500000000000089
,-0.011604247315702755,-0.009801426114989383,,,-0.09984743763230206,-80.27718266646635,0.007010518517251246,-11.436396276551255,-11.443167744668164,-11.43978201060971,16.806324243545532,state,,
0.5,,,-0.6174467282478644,-0.6174467282478644,,,,,,,16.806334018707275,control,0.25,0.25
,0.004924954498404886,-0.003177961553931068,,,-0.11237621526828676,-74.0307773007089,0.005546916285354037,-12.073764859319722,-12.087585449810668,-12.080675154565196,16.81659483909607,state,,
0.5,,,-0.5450977936829071,-0.5450977936829071,,,,,,,16.816604137420654,control,0.2500000000000089,0.24999999999999112
,0.0035958466950036672,0.0025775656228831964,,,-0.11322087777747347,-66.29946752231099,0.0043835527955845615,-12.623811483435976,-12.617432942579287,-12.620622213007632,16.826815366744995,state,,
0.5,,,-0.47419583780924895,-0.47419583780924895,,,,,,,16.826824426651,control,0.2500000000000089,0.24999999999999112
,-0.006399170800768257,-0.0005747511856885676,,,-0.1089030894275653,-59.09258306183071,0.003233512419824173,-13.102328730420572,-13.091365099595784,-13.096846915008179,16.837188959121704,state,,
0.5,,,-0.40471192105306397,-0.40471192105306397,,,,,,,16.837270259857178,control,0.2500000000000089,0.24999999999999112
,0.0040915881840615795,0.00022393360520606387,,,-0.12101798334971556,-51.647571317402765,0.0018241979209110482,-13.486384538956978,-13.50327863330685,-13.494831586131914,16.847354650497437,state,,
0.5,,,-0.3366176826320027,-0.3366176826320027,,,,,,,16.847363471984863,control,0.25,0.25
,-0.01222562614272287,-0.0008923671971074657,,,-0.12262990333763603,-45.12384637524606,0.00044915930673669033,-13.833083349752306,-13.851400135633218,-13.842241742692762,16.85771918296814,state,,
0.5,,,-0.2698853289793626,-0.2698853289793626,,,,,,,16.857730388641357,control,0.25,0.25
,0.0027897739556822366,-0.005943436125427999,,,-0.13344383220488099,-37.61275125666586,-0.001130144870920667,-14.09694676126303,-14.100706166024722,-14.098826463643876,16.86786127090454,state,,
0.5,,,-0.20448762239977536,-0.20448762239977536,,,,,,,16.867871284484863,control,0.25,0.25
,0.003609877860596978,0.0075433463458606355,,,-0.1390628687516151,-31.170192683892076,-0.0023953689875310406,-14.299746415075616,-14.316237357286775,-14.307991886181195,16.87801718711853,state,,
0.5,,,-0.14039786995177986,-0.14039786995177986,,,,,,,16.878034353256226,control,0.25,0.25
,-0.004717868538113803,-0.0027617843583911195,,,-0.14606536107170395,-24.676328274928075,-0.003978709481843092,-14.445325338060439,-14.457478875709484,-14.451402106884961,16.887945652008057,state,,
0.5,,,-0.07758991255274425,-0.07758991255274425,,,,,,,16.887957096099854,control,0.25,0.25
,0.0011159653303230096,0.006255169827136217,,,-0.14648869509859144,-17.695055607316732,-0.005221142228681617,-14.52172231978648,-14.512762195305237,-14.51724225754586,16.89811134338379,state,,
0.5,,,-0.01603811430168936,-0.01603811430168936,,,,,,,16.898120164871216,control,0.2500000000000089,0.24999999999999112
,-0.000558330453925591,0.00039087382501282175,,,-0.13975563343524827,-11.91642111129199,-0.0063824562927011184,-14.534680482994759,-14.554192805450066,-14.544436644222412,16.908331632614136,state,,
0.5,,,0.04428264798434443,0.04428264798434443,,,,,,,16.908341646194458,control,0.24999999999999112,0.2500000000000089
,0.0031979079343068795,0.005885290204626434,,,-0.14247827472735594,-5.783691356578762,-0.007564778913867366,-14.50141608998186,-14.507920174572668,-14.504668132277263,16.918668270111084,state,,
0.5,,,0.10339699502465755,0.10339699502465755,,,,,,,16.918679237365723,control,0.25,0.25
,0.00040783450461784603,-0.0025587188068920993,,,-0.1409227498620652,1.0125695937677914,-0.008819009048440234,-14.377904175929496,-14.394848991791658,-14.386376583860578,16.929100275039673,state,,
0.5,,,0.1613290551241644,0.1613290551241644,,,,,,,16.929109811782837,control,0.2500000000000089,0.24999999999999112
,0.005390370196292712,0.007291894500032064,,,-0.14624311253907557,6.495436420776279,-0.009987607977687605,-14.23058624740443,-14.237733120334607,-14.234159683869517,16.939663410186768,state,,
0.5,,,0.21810247402168112,0.21810247402168112,,,,,,,16.939673900604248,control,0.24999999999999112,0.2500000000000089
,-0.0038688727894299864,-0.005665232856597594,,,-0.14591923113719812,12.623398433160707,-0.0113510103197139,-14.012943039816177,-14.007849270189574,-14.010396155002876,16.949836015701294,state,,
0.5,,,0.2737404245412475,0.2737404245412475,,,,,,,16.949846029281616,control,0.2500000000000089,0.24999999999999112
,0.004557559967480684,-0.001113633319064844,,,-0.15035687014720825,18.44903380056742,-0.012657788736442186,-13.721836691075252,-13.744539209844403,-13.733187950459827,16.96040177345276,state,,
0.5,,,0.32826561605042254,0.32826561605042254,,,,,,,16.960412740707397,control,0.25,0.25
,0.00548124742853112,-0.0007362182270530853,,,-0.1412757489038824,23.486055355550633,-0.013624712599277224,-13.408710988526531,-13.427610429494912,-13.41816070901072,16.97061777114868,state,,
0.5,,,0.3817003037294141,0.3817003037294141,,,,,,,16.970661640167236,control,0.24999999999999112,0.2500000000000089
,-0.003436349287053091,0.003649131930741307,,,-0.14120274347310088,29.532956114891014,-0.014696888112721386,-13.015837661149245,-13.037345805327345,-13.026591733238295,16.981050968170166,state,,
0.5,,,0.4340662976548258,0.4340662976548258,,,,,,,16.981061935424805,control,0.25,0.25
,-0.011018243634589163,0.007656677296440454,,,-0.13683291338441028,34.301851278565536,-0.015619676062605966,-12.602320776289666,-12.613027016938446,-12.607673896614056,16.991697788238525,state,,
0.5,,,0.4853849717017293,0.4853849717017293,,,,,,,16.9917094707489,control,0.25,0.25
,0.0018223995107246361,-0.007152089343083683,,,-0.1276707122956451,40.46606646887831,-0.01653908517857128,-12.091526852659385,-12.118286547627076,-12.10490670014323,17.00235366821289,state,,
0.5,,,0.5356772722676947,0.5356772722676947,,,,,,,17.002365350723267,control,0.25,0.25
,0.00405865811236378,-1.0553784978100191e-05,,,-0.12803482137664574,45.18911613243341,-0.017443032499851796,-11.587102495522632,-11.568589242030498,-11.577845868776565,17.012531995773315,state,,
0.5,,,0.5849637268223409,0.5849637268223409,,,,,,,17.01254415512085,control,0.25,0.25
,-0.0028280566320129734,0.004160127018067476,,,-0.12515626428270066,50.73546981425075,-0.0182238201875536,-10.9991796713108,-10.96525674903788,-10.982218210174342,17.02289843559265,state,,
0.5,,,0.6332644522858941,0.6332644522858941,,,,,,,17.02290987968445,control,0.2500000000000089,0.24999999999999112
,0.0044580419714221765,-0.0010361099142286616,,,-0.11653790803954484,54.774603320658045,-0.01885737944011002,-10.368604716919819,-10.371770024345137,-10.370187370632479,17.033010721206665,state,,
0.5,,,0.6805991632401762,0.6805991632401762,,,,,,,17.033021688461304,control,0.2500000000000089,0.24999999999999112
,0.002087361998550013,0.011301333121642885,,,-0.10806169544078911,60.485851252472735,-0.019185926067876023,-9.676988065492644,-9.671874982808527,-9.674431524150584,17.043305158615112,state,,
0.5,,,0.7269871799753727,0.7269871799753727,,,,,,,17.04331660270691,control,0.24999999999999112,0.2500000000000089
,0.006120208736516063,0.00314288210908167,,,-0.09373968814772535,65.15933935558022,-0.019397911552093465,-8.960771227320947,-8.936143287250475,-8.94845725728571,17.05343747138977,state,,
0.5,,,0.7724474363758651,0.7724474363758651,,,,,,,17.053447484970093,control,0.24999999999999112,0.2500000000000089
,-0.003969021033193036,0.005780335704825721,,,-0.09122743019416477,69.5530446774614,-0.019791200670741853,-8.18036110738361,-8.185636529545272,-8.18299881846444,17.063769102096558,state,,
0.5,,,0.8169984876483478,0.8169984876483478,,,,,,,17.063783168792725,control,0.24999999999999112,0.2500000000000089
,-0.0027557555677823276,-0.0006124859419290549,,,-0.08788726125721893,74.62813476080937,-0.020240677079265565,-7.353832102951545,-7.358057704080852,-7.355944903516198,17.074180603027344,state,,
0.5,,,0.860658517895381,0.860658517895381,,,,,,,17.074190855026245,control,0.24999999999999556,0.25000000000000444
,-0.004512610308316155,0.0033065520741049526,,,-0.07357854339643335,78.71057069685772,-0.020310134924600452,-6.4989488799593245,-6.508781541320301,-6.5038652106398125,17.084803581237793,state,,
0.5,,,0.9034453475374733,0.9034453475374733,,,,,,,17.084812879562378,control,0.24999999999999556,0.25000000000000444
,-0.003724504957177545,0.012100570206476785,,,-0.0655377815819952,82.84517115825054,-0.02022801189696678,-5.6037073015255485,-5.615511276360926,-5.609609288943237,17.095394611358643,state,,
0.5,,,0.9453764405867238,0.9453764405867238,,,,,,,17.09540581703186,control,0.25,0.25
,-0.002885752254828216,-0.005241592742705656,,,-0.0500869433635601,87.36992227998712,-0.020196342569772024,-4.655319964893746,-4.67247286593599,-4.663896415414868,17.105656623840332,state,,
0.5,,,0.9864689117749892,0.9864689117749892,,,,,,,17.105667114257812,control,0.25,0.25
,-0.0015543988505348357,0.0030534143068777224,,,-0.040217682584250763,92.12090657668443,-0.019991721307422182,-3.6754335686782156,-3.658712603543562,-3.667073086110889,17.116177558898926,state,,
0.5,,,1.0267395335394893,1.0267395335394893,,,,,,,17.116188049316406,control,0.25,0.25
,-0.0007764595899516808,0.000860008421550538,,,-0.031074127755132054,96.00971773256565,-0.0197478567395365,-2.650937717280218,-2.639229396648366,-2.645083556964292,17.12679362297058,state,,
0.5,,,1.0662047428686996,1.0662047428686996,,,,,,,17.12680459022522,control,0.25,0.25
,0.002244039140427523,-0.004982441600681617,,,-0.017891372211887344,100.1099458453202,-0.01940273417216302,-1.581119161874877,-1.5763347207574552,-1.578726941316166,17.13712430000305,state,,
0.5,,,1.1048806480113256,1.1048806480113256,,,,,,,17.137134075164795,control,0.2499999999999989,0.2500000000000011
,0.003177324962353525,-7.405599364745275e-05,,,-0.00951481391541692,104.00528044843638,-0.01895930822408999,-0.47099256758780694,-0.482363354659228,-0.47667796112351746,17.147767543792725,state,,
0.5,,,1.142783035051099,1.142783035051099,,,,,,,17.147778034210205,control,0.24999999999999972,0.2500000000000003
,0.00030993054241064313,-0.003552168400203808,,,-0.0018242814895432823,108.13909261521135,-0.01854596904624277,0.6686507410131375,0.672358517075186,0.6705046290441617,17.157982110977173,state,,
0.5,,,1.179927374350077,1.179927374350077,,,,,,,17.15799307823181,control,0.25,0.25
,-0.00844615941234557,0.004622160495433908,,,0.008125025668408455,111.96898440008191,-0.017921408042284013,1.8423440582388817,1.8599541296649185,1.8511490939519,17.16863465309143,state,,
0.5,,,1.2163288268630756,1.2163288268630756,,,,,,,17.16864585876465,control,0.2500000000000011,0.2499999999999989
,-0.007531387073513678,0.004355910484529345,,,0.022039424605803,115.30398938661678,-0.01710928226130873,3.057964421640454,3.056570059764311,3.0572672407023824,17.178964376449585,state,,
0.5,,,1.2520022503258141,1.2520022503258141,,,,,,,17.1789870262146,control,0.25,0.25
,-0.0011020107774233874,0.003821852926929869,,,0.031095085794752682,119.55432183400248,-0.016262597136680407,4.309375121411251,4.331538080430625,4.320456600920938,17.189348459243774,state,,
-0.499990227475872,,,1.1669622053192978,1.1669622053192978,,,,,,,17.189358949661255,control,-0.249995113737936,-0.249995113737936
,-0.009934341299800602,0.0015978996604600862,,,0.0416151530866979,118.7058906799081,-0.015413811122545468,5.493380853770765,5.494643759259815,5.49401230651529,17.20004916191101,state,,
-0.499990227475872,,,1.0836229612129118,1.0836229612129118,,,,,,,17.200061082839966,control,-0.249995113737936,-0.249995113737936
,-0.0022800271928258716,0.0011591204534195495,,,0.04746453527505465,114.2656782530402,-0.014548819527649113,6.568110894105297,6.563890932763271,6.566000913434284,17.210592031478882,state,,
-0.499990227475872,,,1.0019505019886534,1.0019505019886534,,,,,,,17.210604429244995,control,-0.24999511373793157,-0.24999511373794045
,-0.004391381678960775,0.0041329770765848655,,,0.05708255740266696,109.21786972201286,-0.013508550591923312,7.57372661126758,7.581955874142357,7.577841242704968,17.220735549926758,state,,
-0.499990227475872,,,0.9219114919488804,0.9219114919488804,,,,,,,17.22074580192566,control,-0.24999511373793157,-0.24999511373794045
,0.008407015889316591,0.002585021919862402,,,0.06840043781984974,102.7978482598064,-0.012285339498636656,8.499824930209344,8.507458890303477,8.50364191025641,17.230291604995728,state,,
-0.499990227475872,,,0.8434732621099028,0.8434732621099028,,,,,,,17.230294942855835,control,-0.249995113737936,-0.249995113737936
,0.0009401059669354554,0.002617091364078521,,,0.08101883083126149,95.21998125899314,-0.010997515340825345,9.332541195824595,9.337931251613615,9.335236223719104,17.240357160568237,state,,
-0.499990227475872,,,0.7666037968677046,0.7666037968677046,,,,,,,17.240360260009766,control,-0.24999511373792713,-0.2499951137379449
,-0.0007674807454615875,0.005386938501061398,,,0.09282823520543279,88.31664990354963,-0.009593582313875469,10.10581505625775,10.11125052744743,10.10853279185259,17.2504985332489,state,,
-0.499990227475872,,,0.6912717209303505,0.6912717209303505,,,,,,,17.25050187110901,control,-0.24999511373792713,-0.2499951137379449
,-0.002386391352284727,-0.009119718252741688,,,0.09697650311538206,81.27353361864998,-0.008577973899545458,10.820116060592694,10.798230841182923,10.809173450887808,17.2605619430542,state,,
-0.499990227475872,,,0.6174462865117434,0.6174462865117434,,,,,,,17.260565996170044,control,-0.249995113737936,-0.249995113737936
,0.004254543495387363,0.011315371401038464,,,0.10608483042206196,73.30513837108202,-0.006987255370648996,11.423260753213452,11.407547017551723,11.415403885382588,17.270864486694336,state,,
-0.499990227475872,,,0.5450973607815086,0.5450973607815086,,,,,,,17.27087140083313,control,-0.2499951137379449,-0.24999511373792713
,0.005981941336544477,-0.0007973617256813363,,,0.11171548187504943,65.7389245146839,-0.005639509798114923,11.941316861943015,11.963429331968609,11.952373096955812,17.281168937683105,state,,
-0.499990227475872,,,0.4741954135658784,0.4741954135658784,,,,,,,17.281177759170532,control,-0.249995113737936,-0.249995113737936
,0.006564419310214216,0.0017550907341870798,,,0.11848553809070919,59.28636247647165,-0.0041828766898585525,12.444487607177143,12.440594407466195,12.442541007321669,17.29145097732544,state,,
-0.499990227475872,,,0.40471150529456085,0.40471150529456085,,,,,,,17.291460275650024,control,-0.249995113737936,-0.249995113737936
,0.0017994228242214458,0.0005611973712698955,,,0.11731482753713854,51.82214612495653,-0.002948266359484645,12.834903707348591,12.849027844063682,12.841965775706136,17.302008152008057,state,,
-0.499990227475872,,,0.33661727518866963,0.33661727518866963,,,,,,,17.302018404006958,control,-0.24999511373792713,-0.2499951137379449
,-0.0041370739806087,0.007564734162308121,,,0.12347589692255548,44.330990542245516,-0.0014776574098695153,13.167854899623393,13.16424557454201,13.1660502370827,17.312623500823975,state,,
-0.499990227475872,,,0.26988492968489625,0.26988492968489625,,,,,,,17.312668085098267,control,-0.24999511373792713,-0.2499951137379449
,0.0009223581418242343,-0.0130585081920519,,,0.13184235220549712,38.138069418254055,-0.0002654550448779296,13.443997693126454,13.453737367591737,13.448867530359095,17.323074340820312,state,,
-0.499990227475872,,,0.20448723109119832,0.20448723109119832,,,,,,,17.323084592819214,control,-0.249995113737936,-0.249995113737936
,-0.0008372553665751451,-0.0010537795464532864,,,0.12614621650302063,31.267646356449767,0.0008571964514013834,13.650283056818115,13.654112572745332,13.652197814781722,17.333627939224243,state,,
-0.499990227475872,,,0.14039748646937436,0.14039748646937436,,,,,,,17.333638906478882,control,-0.24999511373792713,-0.2499951137379449
,0.001701397782739804,-0.01120250155540548,,,0.1338962517624779,24.687503184291526,0.0020734672772256602,13.79372796173982,13.79496526908918,13.7943466154145,17.344151496887207,state,,
-0.499990227475872,,,0.07758953673998686,0.07758953673998686,,,,,,,17.344162225723267,control,-0.249995113737936,-0.249995113737936
,0.0007334774483986975,0.004726485011998566,,,0.13426128675857185,18.061692405165907,0.003442409141416173,13.867003588480458,13.872017382953981,13.86951048571722,17.354395151138306,state,,
-0.499990227475872,,,0.016037746005187134,0.016037746005187134,,,,,,,17.354405403137207,control,-0.249995113737936,-0.249995113737936
,0.001365481010336721,0.0017533067598836775,,,0.13974700755907882,11.701282142130164,0.0048670843835393555,13.892606136748451,13.87798233083768,13.885294233793065,17.365134239196777,state,,
-0.499990227475872,,,-0.044283008914916606,-0.044283008914916606,,,,,,,17.365146160125732,control,-0.24999511373792713,-0.2499951137379449
,-0.0016515132441627346,-0.0011337206894351099,,,0.14458871061856685,4.796740916872039,0.006224649522737229,13.821863704644478,13.824881208122772,13.823372456383625,17.374980449676514,state,,
-0.499990227475872,,,-0.10339734873661827,-0.10339734873661827,,,,,,,17.374990224838257,control,-0.249995113737936,-0.249995113737936
,-0.0027993609714760653,-0.008371146619233796,,,0.14491472673465222,-0.6077833168153246,0.0073449046906034696,13.721088975877446,13.741468921183241,13.731278948530344,17.38532304763794,state,,
-0.499990227475872,,,-0.1613294017618859,-0.1613294017618859,,,,,,,17.385365962982178,control,-0.249995113737936,-0.249995113737936
,-0.005756021229720921,0.00039275096234768703,,,0.13813853277096427,-6.731945376984915,0.008406353545297996,13.563559835598394,13.569421021088226,13.566490428343311,17.39531970024109,state,,
-0.499990227475872,,,-0.21810281372664816,-0.21810281372664816,,,,,,,17.39533042907715,control,-0.2499951137379449,-0.24999511373792713
,-0.00748417748398389,0.003488734042809202,,,0.13732911018087934,-11.881408460559015,0.009576360455149141,13.354853173275925,13.376587013395506,13.365720093335716,17.405465364456177,state,,
-0.499990227475872,,,-0.27374075745211524,-0.27374075745211524,,,,,,,17.40547513961792,control,-0.249995113737936,-0.249995113737936
,0.0009151520655007236,0.008355151045590902,,,0.1386627351686277,-17.9176168781498,0.010922218008732233,13.087870658717753,13.093078708952186,13.09047468383497,17.415701150894165,state,,
-0.499990227475872,,,-0.32826594230307293,-0.32826594230307293,,,,,,,17.415711641311646,control,-0.249995113737936,-0.249995113737936
,-0.001657452650384278,-0.00546698890919677,,,0.1317139794223414,-23.76825596267151,0.011768099261727798,12.74992346496496,12.769429157341893,12.759676311153427,17.425783395767212,state,,
-0.499990227475872,,,-0.38170062345701145,-0.38170062345701145,,,,,,,17.425793170928955,control,-0.2499951137379449,-0.24999511373792713
,0.005300154898509185,0.0027570492438551424,,,0.12376937643385505,-29.637857101189816,0.012708069733351545,12.375017354114618,12.364742919133839,12.369880136624229,17.43605327606201,state,,
-0.499990227475872,,,-0.4340666109878712,-0.4340666109878712,,,,,,,17.436063528060913,control,-0.249995113737936,-0.249995113737936
,0.003933304415121955,0.0024234011769278256,,,0.11935706620768304,-34.75966200541576,0.013624745577404174,11.946084576120906,11.935450343407261,11.940767459764084,17.446118116378784,state,,
-0.499990227475872,,,-0.48538527876811377,-0.48538527876811377,,,,,,,17.44612741470337,control,-0.249995113737936,-0.249995113737936
,-0.0002214571185865818,0.0062581116706356575,,,0.11612434210143643,-40.11406075407045,0.014550153422861966,11.454066053074573,11.454751845745497,11.454408949410034,17.456496953964233,state,,
-0.499990227475872,,,-0.5356775731927514,-0.5356775731927514,,,,,,,17.456507444381714,control,-0.24999511373792713,-0.2499951137379449
,0.001312939980685778,-0.0022847086796922446,,,0.11245556716903327,-45.32283393437764,0.015267058976055578,10.91663188063492,10.919928939679517,10.91828041015722,17.466962099075317,state,,
-0.499990227475872,,,-0.5849640217288965,-0.5849640217288965,,,,,,,17.46697235107422,control,-0.2499951137379449,-0.24999511373792713
,0.01240121510435714,-0.006447376737921745,,,0.10823445543209187,-50.890252591314486,0.01592470745883574,10.318480133339698,10.323059195245744,10.32076966429272,17.47747302055359,state,,
-0.499990227475872,,,-0.6332647412943186,-0.6332647412943186,,,,,,,17.47748374938965,control,-0.249995113737936,-0.249995113737936
,0.0052470796855184024,0.00022153644023291185,,,0.10120102419576443,-55.088699929860624,0.016527110104906404,9.698441325383952,9.707683275156151,9.703062300270052,17.48772883415222,state,,
-0.499990227475872,,,-0.6805994464684322,-0.6805994464684322,,,,,,,17.48774027824402,control,-0.249995113737936,-0.249995113737936
,-0.008090910992873925,0.0028799787780615215,,,0.09457243755453157,-60.01186345693684,0.01700911291209359,9.035679047416522,9.013499121788062,9.024589084602292,17.498271942138672,state,,
-0.499990227475872,,,-0.7269874575390636,-0.7269874575390636,,,,,,,17.498283624649048,control,-0.249995113737936,-0.249995113737936
,0.005227417457725131,-0.0036770738356333966,,,0.09240172561210085,-65.0486160143835,0.017506897629882084,8.290301434968681,8.297579600618555,8.293940517793619,17.50852394104004,state,,
-0.499990227475872,,,-0.7724477083882824,-0.7724477083882824,,,,,,,17.508534908294678,control,-0.2499951137379449,-0.24999511373792713
,0.004626864702097624,1.1152350051683826e-05,,,0.09232070099047074,-70.08747264060084,0.018090553697552223,7.508762950618832,7.516976844237621,7.512869897428226,17.51907706260681,state,,
-0.499990227475872,,,-0.8169987542205166,-0.8169987542205166,,,,,,,17.519122838974,control,-0.249995113737936,-0.249995113737936
,-0.005849068461160091,-0.006112321721813639,,,0.08057491444722725,-74.11356282059248,0.018173967155885113,6.70857477787322,6.7067393298755,6.70765705387436,17.529682159423828,state,,
-0.499990227475872,,,-0.8606587791361062,-0.8606587791361062,,,,,,,17.529693126678467,control,-0.24999511373794045,-0.24999511373793157
,0.004632185103746728,0.0033635314175994345,,,0.07161575356448399,-78.6334466579327,0.018465191055079298,5.8443291051726804,5.854443698434613,5.849386401803647,17.53992533683777,state,,
-0.499990227475872,,,-0.903445603553384,-0.903445603553384,,,,,,,17.53993558883667,control,-0.24999511373794045,-0.24999511373793157
,0.007002348550825255,-0.002717705233645645,,,0.06091869003147032,-83.38875827482174,0.018523332267985408,4.950008800985803,4.929622567171016,4.939815684078409,17.55004596710205,state,,
-0.499990227475872,,,-0.9453766914823163,-0.9453766914823163,,,,,,,17.550055980682373,control,-0.24999511373793157,-0.24999511373794045
,0.007378300482452265,-0.0007006893815237409,,,0.0514973749538663,-88.22612245327332,0.018548127397729364,3.983973113850607,3.9771577211334983,3.980565417492053,17.56028413772583,state,,
-0.499990227475872,,,-0.9864691576526698,-0.9864691576526698,,,,,,,17.560295820236206,control,-0.24999511373793823,-0.2499951137379338
,0.0014642994555009033,0.0006829600254615528,,,0.049640442671406,-91.42252660733298,0.01865397738964009,3.0188907536236536,3.0120448449661796,3.0154677992949166,17.570760488510132,state,,
-0.499990227475872,,,-1.0267397744996165,-1.0267397744996165,,,,,,,17.57077121734619,control,-0.249995113737936,-0.249995113737936
,0.005300545124951468,0.00030323090635097575,,,0.04676860622536946,-95.9495653876071,0.01873518026188833,1.9831134039897207,1.9847307669581047,1.9839220854739126,17.58113741874695,state,,
-0.499990227475872,,,-1.0662049790096242,-1.0662049790096242,,,,,,,17.5811505317688,control,-0.2499951137379349,-0.24999511373793712
,0.002343435091626811,0.00691404688289695,,,0.03168033436644985,-100.22797841056698,0.018577146925280216,0.8984923989579243,0.9286060875400003,0.9135492432489623,17.591256141662598,state,,
-0.499990227475872,,,-1.1048808794294318,-1.1048808794294318,,,,,,,17.59126925468445,control,-0.24999511373793545,-0.24999511373793656
,-0.005645763134820751,-0.003754417602179802,,,0.02238878674839561,-104.55993686685227,0.01816417897908585,-0.2059237551711126,-0.19606701598531706,-0.20099538557821484,17.601826906204224,state,,
-0.499990227475872,,,-1.1427832618408431,-1.1427832618408431,,,,,,,17.601841688156128,control,-0.249995113737936,-0.249995113737936
,0.0007668157646523928,-0.0034816214620141993,,,0.010226555382538647,-107.53541561204703,0.017648203078038507,-1.3140674916258324,-1.3333440218440618,-1.323705756734947,17.612504243850708,state,,
-0.499990227475872,,,-1.1799275966040264,-1.1799275966040264,,,,,,,17.612515449523926,control,-0.249995113737936,-0.249995113737936
,-0.0026414744696886716,0.005631784794732055,,,-0.0007221495072463448,-111.58056436719936,0.017198092544713984,-2.509409696151099,-2.4983741886476856,-2.5038919423993926,17.6228187084198,state,,
-0.499990227475872,,,-1.216329044671946,-1.216329044671946,,,,,,,17.62282943725586,control,-0.2499951137379338,-0.24999511373793823
,-0.0017158330565316155,-0.016735310635105353,,,-0.012512505853025633,-116.1288281094811,0.016219840293709948,-3.7331190934908314,-3.7420170849115326,-3.737568089201182,17.633367776870728,state,,
-0.499990227475872,,,-1.252002463778507,-1.252002463778507,,,,,,,17.633379459381104,control,-0.249995113737936,-0.249995113737936
,-0.0036372406750949083,0.0009315546910498031,,,-0.02297826414006428,-119.36099313718448,0.015493042252348228,-4.979306814558272,-4.985932234797331,-4.982619524677801,17.6434907913208,state,,
0.5,,,-1.1669624145029367,-1.1669624145029367,,,,,,,17.643502473831177,control,0.25,0.25
,0.0006650080795753895,0.00014728718429868413,,,-0.03985555257883933,-118.36534818504965,0.014532773746411523,-6.159471574969295,-6.14138207494795,-6.150426824958623,17.653956651687622,state,,
0.5,,,-1.083623166212878,-1.083623166212878,,,,,,,17.653968334197998,control,0.25,0.25
,-0.0061221389313092026,-5.3162406465083756e-05,,,-0.05171317704333656,-114.60348311389482,0.013499662597757632,-7.23755061170174,-7.235628816229594,-7.236589713965667,17.66451072692871,state,,
0.5,,,-1.0019507028886203,-1.0019507028886203,,,,,,,17.664522171020508,control,0.25000000000000444,0.24999999999999556
,0.0042664877066344205,-0.004042683120800233,,,-0.060676923074666385,-109.27977611193748,0.012447586558237498,-8.246580086906844,-8.24273600627635,-8.244658046591598,17.674975633621216,state,,
0.5,,,-0.9219116888308478,-0.9219116888308478,,,,,,,17.67498755455017,control,0.25,0.25
,0.001074897528503975,0.0055406264324776204,,,-0.07145593415353477,-102.58113237206203,0.011436855761348874,-9.162069864090839,-9.165644423891045,-9.163857143990942,17.685504913330078,state,,
0.5,,,-0.8434734550542309,-0.8434734550542309,,,,,,,17.68551731109619,control,0.25,0.25
,0.007622844184675186,0.00832842709373314,,,-0.0821672113669241,-94.63022873918013,0.010442830606701892,-9.984758744625921,-9.982474995095474,-9.983616869860697,17.695618629455566,state,,
0.5,,,-0.7666039859531462,-0.7666039859531462,,,,,,,17.695630073547363,control,0.24999999999999112,0.2500000000000089
,0.0032470601880248084,-0.005398099671631288,,,-0.08934567683756464,-88.06260996246657,0.009166041199288006,-10.756326585892301,-10.763105554547002,-10.759716070219651,17.70610809326172,state,,
0.5,,,-0.6912719062340833,-0.6912719062340833,,,,,,,17.7061185836792,control,0.25,0.25
,-0.009793098984182368,0.0016034564951654738,,,-0.09802800495673758,-80.50273348009839,0.007839400504699744,-11.448109784340932,-11.440738683433725,-11.444424233887329,17.716623544692993,state,,
0.5,,,-0.6174464681094016,-0.6174464681094016,,,,,,,17.71663522720337,control,0.25,0.25
,0.00260400904602748,-0.006179028663113952,,,-0.10962807765976793,-73.69949990616608,0.006327669596530932,-12.075952695969617,-12.070332119468347,-12.073142407718983,17.727155685424805,state,,
0.5,,,-0.5450975387472137,-0.5450975387472137,,,,,,,17.727304458618164,control,0.2500000000000089,0.24999999999999112
,0.001227442812000408,0.0012177006198386816,,,-0.12045578243992028,-66.01222700331778,0.004879237501881712,-12.615712256061542,-12.606123603165841,-12.610917929613692,17.73748517036438,state,,
0.5,,,-0.4741955879722694,-0.4741955879722694,,,,,,,17.737496614456177,control,0.25,0.25
,-0.004928676427463062,0.0003359487783354981,,,-0.13070953108937655,-59.63837974023937,0.0033061391855811533,-13.08816366477179,-13.123553929574046,-13.105858797172917,17.74705219268799,state,,
0.5,,,-0.404711676212824,-0.404711676212824,,,,,,,17.747055292129517,control,0.25,0.25
,0.0025382295495391537,-0.0056780464365743,,,-0.1346592044948699,-51.6044238215751,0.0017679075581280073,-13.493232891317302,-13.494844420052473,-13.494038655684887,17.757250785827637,state,,
0.5,,,-0.3366174426885675,-0.3366174426885675,,,,,,,17.75725507736206,control,0.25,0.25
,-0.0012973284250735642,0.001853168713286808,,,-0.13774439680151943,-45.01640048444251,0.00035505049475365285,-13.831441406865714,-13.84726061833103,-13.839351012598371,17.76760983467102,state,,
0.5,,,-0.2698850938347962,-0.2698850938347962,,,,,,,17.767616510391235,control,0.24999999999999112,0.2500000000000089
,-0.008059976006238347,0.004688471696180432,,,-0.1399201014289928,-38.20316410659754,-0.001034267316197873,-14.111140383463141,-14.114752874268042,-14.112946628865592,17.777814865112305,state,,
0.5,,,-0.20448739195810028,-0.20448739195810028,,,,,,,17.777823209762573,control,0.25,0.25
,-0.008278520529111065,-0.007113337188787038,,,-0.140247074934183,-30.7025865509616,-0.0025909455081811915,-14.302171549086216,-14.299022640859482,-14.300597094972849,17.788119792938232,state,,
0.5,,,-0.14039764411893826,-0.14039764411893826,,,,,,,17.788129091262817,control,0.25,0.25
,-0.002278936748304567,0.006835920836699108,,,-0.1374754768226094,-24.435926328503957,-0.00373740447367677,-14.452948102885884,-14.437490623413597,-14.44521936314974,17.79837417602539,state,,
0.5,,,-0.07758969123655951,-0.07758969123655951,,,,,,,17.798383474349976,control,0.24999999999999112,0.2500000000000089
,-0.005292961643327825,-0.0012182455892687603,,,-0.14043982705703145,-18.30013881455768,-0.005151399267059752,-14.537724719691816,-14.523408600377598,-14.530566660034708,17.80880308151245,state,,
0.5,,,-0.016037897411828317,-0.016037897411828317,,,,,,,17.808812141418457,control,0.2500000000000089,0.24999999999999112
,0.0032798194131673057,0.004942252487828954,,,-0.14310244048529147,-11.90800189002839,-0.006380426935086385,-14.55021044043892,-14.545614879739253,-14.547912660089086,17.819518089294434,state,,
0.5,,,0.044282860536408244,0.044282860536408244,,,,,,,17.81952929496765,control,0.24999999999999112,0.2500000000000089
,-0.0021472841720113402,-0.006296111739669736,,,-0.15023805700933848,-5.058177052992406,-0.007973572043898902,-14.490484596276312,-14.488467568536125,-14.489476082406219,17.829893112182617,state,,
0.5,,,0.10339720332568007,0.10339720332568007,,,,,,,17.829903841018677,control,0.25,0.25
,0.0021494000889125155,0.00593837672042956,,,-0.14130719342393402,0.5837734936059036,-0.008937636217425507,-14.40286463243068,-14.384823198875411,-14.393843915653045,17.84044313430786,state,,
0.5,,,0.16132925925916647,0.16132925925916647,,,,,,,17.84045386314392,control,0.25,0.25
,-0.007643147885666958,0.014235067879403391,,,-0.14249487865979668,5.844990299341695,-0.009970550828110086,-14.243828187975833,-14.259490105081225,-14.251659146528528,17.850629806518555,state,,
0.5,,,0.21810267407398312,0.21810267407398312,,,,,,,17.850640058517456,control,0.24999999999999112,0.2500000000000089
,-0.0016772925492900574,-0.0059319977295735635,,,-0.13374047295102712,12.396142338801349,-0.01107212509048293,-14.029104415082886,-14.017761385192834,-14.023432900137859,17.860771894454956,state,,
0.5,,,0.2737406205925035,0.2737406205925035,,,,,,,17.86079978942871,control,0.24999999999999112,0.2500000000000089
,-0.0019334881798457437,-0.0024667475264742835,,,-0.12749446947340443,18.202006709657695,-0.012067135938270851,-13.751628720858019,-13.746390542515963,-13.749009631686992,17.87097191810608,state,,
0.5,,,0.32826580818065343,0.32826580818065343,,,,,,,17.87098264694214,control,0.2500000000000089,0.24999999999999112
,0.002182584155620895,0.0031737989609163376,,,-0.13355032455505775,24.193676512383817,-0.01315815256907821,-13.422095303280445,-13.401329656550203,-13.411712479915323,17.881147146224976,state,,
0.5,,,0.38170049201704037,0.38170049201704037,,,,,,,17.881158590316772,control,0.24999999999999112,0.2500000000000089
,-0.005106663508671556,0.003062122930412951,,,-0.12792572425242935,29.004858517722763,-0.014046262511758471,-13.041148676931215,-13.049034432892082,-13.045091554911648,17.890708684921265,state,,
0.5,,,0.4340664821766996,0.4340664821766996,,,,,,,17.890711784362793,control,0.25,0.25
,-0.0042031968155119654,0.005535090401612211,,,-0.12418046184876246,35.29262376983919,-0.014856586428621203,-12.586265933667278,-12.59791891658408,-12.592092425125678,17.9009211063385,state,,
0.5,,,0.48538515253316555,0.48538515253316555,,,,,,,17.900925874710083,control,0.24999999999999112,0.2500000000000089
,0.010243958231957317,-0.004149464423217566,,,-0.12401898257003965,40.06266875051848,-0.015777545191186654,-12.103318836236161,-12.127777391515664,-12.115548113875914,17.91132640838623,state,,
0.5,,,0.5356774494825023,0.5356774494825023,,,,,,,17.91133451461792,control,0.2500000000000089,0.24999999999999112
,0.005893396470420998,-0.00037093739141934177,,,-0.12155944666450079,45.60549582634978,-0.01658228778960821,-11.57800487478727,-11.56454777087313,-11.571276322830201,17.921847820281982,state,,
0.5,,,0.5849639004928522,0.5849639004928522,,,,,,,17.92186188697815,control,0.2500000000000089,0.24999999999999112
,0.0010410700906598772,0.004016618280452855,,,-0.1186443392519312,49.89840507050869,-0.01728982916270064,-10.995545817514449,-11.012391181445224,-11.003968499479836,17.932020902633667,state,,
0.5,,,0.6332646224829952,0.6332646224829952,,,,,,,17.932058095932007,control,0.24999999999999112,0.2500000000000089
,-0.005149438820678341,0.0020648595262193455,,,-0.11241517555625108,55.53507206751917,-0.01795270915309956,-10.35019813950641,-10.367616735075442,-10.358907437290927,17.942002773284912,state,,
0.5,,,0.6805993300333353,0.6805993300333353,,,,,,,17.942012548446655,control,0.2500000000000089,0.24999999999999112
,-0.0033003687999337717,0.0005940036179651225,,,-0.10175073023603642,60.46843579818861,-0.018442220635303257,-9.674223909106274,-9.677188404750543,-9.67570615692841,17.9523606300354,state,,
0.5,,,0.7269873434326686,0.7269873434326686,,,,,,,17.95237135887146,control,0.2500000000000089,0.24999999999999112
,-0.0009462932306987495,0.005797637020474244,,,-0.10008278114702862,65.08744356668159,-0.01893180131686984,-8.944345580207926,-8.958290278608155,-8.951317929408042,17.96250557899475,state,,
0.5,,,0.7724475965640152,0.7724475965640152,,,,,,,17.962515592575073,control,0.2500000000000089,0.24999999999999112
,0.0022841199401229004,-0.005839256730768994,,,-0.0985646852315171,69.22352803482758,-0.019591147117814935,-8.194027017444864,-8.19248262304446,-8.193254820244661,17.972693920135498,state,,
0.5,,,0.8169986446327349,0.8169986446327349,,,,,,,17.97270393371582,control,0.24999999999999112,0.2500000000000089
,0.00812866801519664,-0.0031057902163048635,,,-0.08657076998735237,74.57175695455216,-0.019862200935165598,-7.372188329935031,-7.3526467575910095,-7.36241754376302,17.982704639434814,state,,
0.5,,,0.8606586717400802,0.8606586717400802,,,,,,,17.982712984085083,control,0.25,0.25
,0.002362052795632073,-0.01061082101636303,,,-0.07473659295524837,79.35527296506982,-0.020196548473385503,-6.491074390218417,-6.494391194319606,-6.4927327922690115,17.992831230163574,state,,
0.5,,,0.9034454983052784,0.9034454983052784,,,,,,,17.992839813232422,control,0.25,0.25
,-0.0058379771675453294,0.0010542621461852384,,,-0.07077924176133653,82.8308861234835,-0.020452576461616537,-5.6055885033782635,-5.612627155802735,-5.609107829590499,18.003007411956787,state,,
0.5,,,0.9453765883391729,0.9453765883391729,,,,,,,18.003015756607056,control,0.25,0.25
,0.0057425418003657505,-0.0038707785436084903,,,-0.06542009309274777,88.09610578157769,-0.020634537913596762,-4.631770855989748,-4.656925540549635,-4.644348198269691,18.013192653656006,state,,
0.5,,,0.9864690565723895,0.9864690565723895,,,,,,,18.013251781463623,control,0.25,0.25
,0.0024030929855947147,0.006963813152091163,,,-0.06268922455580324,92.0193046274364,-0.02065070288098893,-3.6634248228458035,-3.6600061833346844,-3.661715503090244,18.023526191711426,state,,
0.5,,,1.0267396754409417,1.0267396754409417,,,,,,,18.023537158966064,control,0.2500000000000022,0.24999999999999778
,-0.0056518345482942465,-0.001451242824533604,,,-0.05404073196974755,96.06474629355094,-0.020705585214281615,-2.6192363062142703,-2.654129366464791,-2.6366828363395305,18.0340416431427,state,,
0.5,,,1.0662048819321228,1.0662048819321228,,,,,,,18.0340518951416,control,0.24999999999999778,0.2500000000000022
,0.0001133651206374041,0.00459615849943954,,,-0.03605600982233086,100.16432385525599,-0.02028238047809772,-1.5695790955173086,-1.5700064933498368,-1.5697927944335728,18.04460644721985,state,,
0.5,,,1.1048807842934805,1.1048807842934805,,,,,,,18.044617414474487,control,0.2500000000000011,0.2499999999999989
,-0.003738661141059486,0.001962057899292032,,,-0.024261349962451554,103.73524420244554,-0.019926125866046286,-0.46294915322473484,-0.4882656266649709,-0.47560738994485285,18.054808378219604,state,,
0.5,,,1.1427831686076109,1.1427831686076109,,,,,,,18.054819107055664,control,0.24999999999999972,0.2500000000000003
,-0.005171577940640864,0.00027684353088538923,,,-0.017307898398900817,108.04169258244349,-0.019626298823532427,0.6909898586837704,0.6557077224447458,0.6733487905642581,18.065049648284912,state,,
0.5,,,1.1799275052354588,1.1799275052354588,,,,,,,18.065099716186523,control,0.25,0.25
,-0.007577019436693741,-0.002347004298177286,,,-0.005829690842851891,112.2623791509501,-0.01921599923601275,1.8759485194196204,1.8503452708517774,1.8631468951356989,18.075599431991577,state,,
0.5,,,1.2163289551307497,1.2163289551307497,,,,,,,18.075610637664795,control,0.25,0.25
,-0.008803301682586737,-0.004061084079009735,,,0.007627419277826749,115.68054720591563,-0.0186920989111156,3.0878324583394874,3.0608759445035374,3.0743542014215124,18.085773468017578,state,,
0.5,,,1.2520023760281347,1.2520023760281347,,,,,,,18.085784912109375,control,0.25,0.25
,-0.005571748835761835,-0.005705894722901215,,,0.02147870311654077,119.73422678619502,-0.018043326005848438,4.349022148681671,4.323403418467682,4.336212783574677,18.09649133682251,state,,
-0.499990227475872,,,1.1669623285075719,1.1669623285075719,,,,,,,18.096503734588623,control,-0.24999511373794045,-0.24999511373793157
,-0.0009018401339138688,-0.006853008137569912,,,0.027079465931903808,117.74097530445859,-0.01746794013140376,5.477716910403086,5.486080997606718,5.481898954004903,18.106539011001587,state,,
-0.499990227475872,,,1.0836230819374204,1.0836230819374204,,,,,,,18.106549739837646,control,-0.24999511373794045,-0.24999511373793157
,0.0026995412873724632,-0.001596120425581729,,,0.04228489001516174,114.2741616600513,-0.016480874801535338,6.572900199327781,6.566028836225882,6.569464517776831,18.116815328598022,state,,
-0.499990227475872,,,1.0019506202986719,1.0019506202986719,,,,,,,18.116826057434082,control,-0.249995113737936,-0.249995113737936
,0.002880222841454257,0.014603251927450933,,,0.06230907785305562,109.18644450212375,-0.014939997728854227,7.571028133669507,7.589682724979106,7.580355429324307,18.126756191253662,state,,
-0.499990227475872,,,0.9219116078926983,0.9219116078926983,,,,,,,18.126765489578247,control,-0.24999511373794045,-0.24999511373793157
,-0.008131720326309625,-0.0003020980530716823,,,0.0728174984738883,102.21303067253044,-0.013833954912702498,8.495347208111951,8.487653607746239,8.491500407929095,18.136833906173706,state,,
-0.499990227475872,,,0.8434733757348443,0.8434733757348443,,,,,,,18.136842012405396,control,-0.249995113737936,-0.249995113737936
,-0.003293050785303526,-0.002960380174096228,,,0.08328551479697513,95.49089758163382,-0.012661498910864577,9.335179718265248,9.34366690731806,9.339423312791654,18.146631956100464,state,,
-0.499990227475872,,,0.7666039082201475,0.7666039082201475,,,,,,,18.14663553237915,control,-0.249995113737936,-0.249995113737936
,0.008955472108231003,-0.0022994294485105555,,,0.09187528793782665,88.93857777349696,-0.011354354266701675,10.11908999086141,10.129961372955052,10.124525681908231,18.156702518463135,state,,
-0.499990227475872,,,0.6912718300557446,0.6912718300557446,,,,,,,18.156705856323242,control,-0.2499951137379449,-0.24999511373792713
,-0.004438327833546666,0.0018860305569114166,,,0.09774613537133951,80.92833788924683,-0.01007999040353665,10.804240573881827,10.80840369313352,10.806322133507674,18.16678810119629,state,,
-0.499990227475872,,,0.6174463934546297,0.6174463934546297,,,,,,,18.16679072380066,control,-0.249995113737936,-0.249995113737936
,0.004909695920166139,-0.0038906522651885873,,,0.10907296412534986,72.93706186430933,-0.008672847878711181,11.409175754514106,11.407839533591316,11.408507644052712,18.17685341835022,state,,
-0.499990227475872,,,0.5450974655855372,0.5450974655855372,,,,,,,18.17685556411743,control,-0.2499951137379449,-0.24999511373792713
,-0.006460478029193961,0.002829373441227428,,,0.11343390508761694,66.58161065411636,-0.007319427006764981,11.96190403329432,11.984443172757112,11.973173603025717,18.187006950378418,state,,
-0.499990227475872,,,0.47419551627382645,0.47419551627382645,,,,,,,18.187009572982788,control,-0.2499951137379449,-0.24999511373792713
,-0.0035452628051651307,-0.0016431204200113105,,,0.12395921165881676,58.864980809540896,-0.005855178251536943,12.44959827574992,12.428420589737408,12.439009432743664,18.197096824645996,state,,
-0.499990227475872,,,0.40471160594834993,0.40471160594834993,,,,,,,18.197099208831787,control,-0.24999511373792713,-0.2499951137379449
,-0.001744770005282535,0.00012264782332959862,,,0.13035858316579374,51.94518226975159,-0.004375690382875791,12.847920827494463,12.848737654826385,12.848329241160425,18.20728325843811,state,,
-0.499990227475872,,,0.33661737382938295,0.33661737382938295,,,,,,,18.207285404205322,control,-0.2499951137379449,-0.24999511373792713
,-0.0012888721564266912,-0.002730970785503778,,,0.12590901545256755,44.17947564056075,-0.0031882149840398322,13.155720873327812,13.177337002476808,13.16652893790231,18.21781063079834,state,,
-0.499990227475872,,,0.26988502635279527,0.26988502635279527,,,,,,,18.21781301498413,control,-0.249995113737936,-0.249995113737936
,-0.0003860522325506781,0.004530133973779769,,,0.1296850954553433,38.12429096577284,-0.0017176452563037316,13.455547436343435,13.447253744311286,13.45140059032736,18.228288412094116,state,,
-0.499990227475872,,,0.20448732582573936,0.20448732582573936,,,,,,,18.228291511535645,control,-0.24999511373792713,-0.2499951137379449
,0.004204187641746564,-0.0008204630331255411,,,0.12493710915153558,31.039914118381663,-0.000521231269351163,13.658881646318628,13.639215097906108,13.649048372112368,18.23870873451233,state,,
-0.499990227475872,,,0.14039757930922458,0.14039757930922458,,,,,,,18.23871159553528,control,-0.249995113737936,-0.249995113737936
,0.0006708817814822692,0.010005164414421001,,,0.13304965592028936,24.34614887853467,0.0011061276202279505,13.783109700448554,13.788840856183205,13.78597527831588,18.249284982681274,state,,
-0.499990227475872,,,0.0775896277230401,0.0775896277230401,,,,,,,18.249288320541382,control,-0.249995113737936,-0.249995113737936
,0.000191159515677748,2.490450472690529e-06,,,0.13455782926047996,18.01061704218507,0.002423401520409448,13.870193953578779,13.860302702122459,13.865248327850619,18.259685277938843,state,,
-0.499990227475872,,,0.01603783516857929,0.01603783516857929,,,,,,,18.259689807891846,control,-0.249995113737936,-0.249995113737936
,-0.0011617650747534356,-0.00274097641794524,,,0.13985136945787208,11.833065281542849,0.0037642535291374972,13.887827606910655,13.882692774638988,13.885260190774822,18.26998782157898,state,,
-0.499990227475872,,,-0.0442829215347923,-0.0442829215347923,,,,,,,18.270021200180054,control,-0.2499951137379449,-0.24999511373792713
,0.00283969378331291,0.0022886270689432523,,,0.13591098659296297,5.930703481816366,0.00501876902693775,13.855662831675813,13.845593608241511,13.850628219958661,18.28053331375122,state,,
-0.499990227475872,,,-0.10339726310409644,-0.10339726310409644,,,,,,,18.280543088912964,control,-0.24999511373792713,-0.2499951137379449
,0.0005328780323764751,0.004575307108390697,,,0.14129404768535542,-1.103682843582554,0.006471695673430533,13.709215459095972,13.746055852888643,13.727635655992309,18.290771484375,state,,
-0.499990227475872,,,-0.1613293178420145,-0.1613293178420145,,,,,,,18.290785551071167,control,-0.2499951137379449,-0.24999511373792713
,0.00407309469635128,-0.004049178597109239,,,0.1314256651003437,-6.733338199139022,0.0074271174481636655,13.572860838221802,13.56854621423192,13.570703526226861,18.300917863845825,state,,
-0.499990227475872,,,-0.21810273148517423,-0.21810273148517423,,,,,,,18.300928354263306,control,-0.249995113737936,-0.249995113737936
,0.0009515042704347779,0.004682968559625376,,,0.13523707898125564,-12.511515144875107,0.008753114262119794,13.356359116405386,13.350892548556129,13.353625832480757,18.311468839645386,state,,
-0.499990227475872,,,-0.27374067685547077,-0.27374067685547077,,,,,,,18.311480045318604,control,-0.249995113737936,-0.249995113737936
,0.0006034750641346057,-0.0031114525415011367,,,0.1358926901408552,-18.309222917813326,0.009862470629840763,13.082545753162558,13.073974683309606,13.078260218236082,18.32198715209961,state,,
-0.499990227475872,,,-0.32826586331836133,-0.32826586331836133,,,,,,,18.32199764251709,control,-0.249995113737936,-0.249995113737936
,-0.0009564130900957127,0.0005871417818852527,,,0.14180892228873015,-23.907134479303316,0.011146764435023522,12.745826067761696,12.754364619923921,12.750095343842808,18.332131147384644,state,,
-0.499990227475872,,,-0.3817005460519941,-0.3817005460519941,,,,,,,18.332141637802124,control,-0.249995113737936,-0.249995113737936
,-0.007023994348646958,0.0004918940391475887,,,0.1352170180267548,-29.267311193152103,0.012098842423633956,12.371178647410433,12.37304609244112,12.372112369925777,18.342701196670532,state,,
-0.499990227475872,,,-0.4340665351309542,-0.4340665351309542,,,,,,,18.34271216392517,control,-0.249995113737936,-0.249995113737936
,-0.008215855629527863,-0.0050127240537205485,,,0.127939155352686,-34.33859252307626,0.012838785663232774,11.947396274093935,11.94863271700268,11.948014495548307,18.352914810180664,state,,
-0.499990227475872,,,-0.4853852044283351,-0.4853852044283351,,,,,,,18.352925300598145,control,-0.249995113737936,-0.249995113737936
,0.00761730342861226,0.00350910760578762,,,0.12344844857733786,-40.60635445408721,0.013839245090427742,11.439676320289689,11.444716523036462,11.442196421663075,18.363447904586792,state,,
-0.499990227475872,,,-0.5356775003397685,-0.5356775003397685,,,,,,,18.363458156585693,control,-0.249995113737936,-0.249995113737936
,0.00018755389612833958,0.0026150260993131236,,,0.11107388222477504,-45.41886319980024,0.014503669096182318,10.913208386372439,10.909620281847065,10.911414334109752,18.373915672302246,state,,
-0.499990227475872,,,-0.5849639503329731,-0.5849639503329731,,,,,,,18.373925924301147,control,-0.249995113737936,-0.249995113737936
,0.004136729551085437,-0.003756454595767978,,,0.10140462175548162,-50.243165724344905,0.015013259338119271,10.309073349051593,10.355329685930613,10.332201517491104,18.384093046188354,state,,
-0.499990227475872,,,-0.6332646713263137,-0.6332646713263137,,,,,,,18.384103536605835,control,-0.2499951137379449,-0.24999511373792713
,0.0012837568597354077,0.0039811937738292655,,,0.09942750960414737,-55.14616126302684,0.015735751105978274,9.705861764400177,9.699550850133745,9.702706307266961,18.394323348999023,state,,
-0.499990227475872,,,-0.6805993778997874,-0.6805993778997874,,,,,,,18.394335508346558,control,-0.249995113737936,-0.249995113737936
,-0.0016831809735823502,-0.00900869073609792,,,0.09721870110643549,-59.960657185770984,0.016155278943890426,9.024002584784242,9.02894672111416,9.0264746529492,18.40449857711792,state,,
-0.499990227475872,,,-0.7269873903417916,-0.7269873903417916,,,,,,,18.404524564743042,control,-0.249995113737936,-0.249995113737936
,-0.0018501786986136152,0.0050406823087376295,,,0.09017117381406763,-65.03009870752666,0.016681529948080465,8.303077213620856,8.28790478274647,8.295490998183663,18.414839267730713,state,,
-0.499990227475872,,,-0.7724476425349558,-0.7724476425349558,,,,,,,18.414858102798462,control,-0.249995113737936,-0.249995113737936
,-0.0024267631768276395,0.007541201853285697,,,0.07820080233740333,-69.45588230965652,0.017045314503344736,7.519765824910129,7.541221457797262,7.530493641353695,18.424715757369995,state,,
-0.499990227475872,,,-0.8169986896842567,-0.8169986896842567,,,,,,,18.424726247787476,control,-0.249995113737936,-0.249995113737936
,-0.009357215508572398,0.004692637594452452,,,0.07344751180923527,-74.5412059705913,0.017363432644962293,6.700295564375986,6.70799671934759,6.704146141861788,18.4349684715271,state,,
-0.499990227475872,,,-0.8606587158905716,-0.8606587158905716,,,,,,,18.434978485107422,control,-0.249995113737936,-0.249995113737936
,9.220560509399812e-05,0.002756168761354703,,,0.06660198240721651,-78.9705857044112,0.017609698414523325,5.843156277273067,5.844732756468584,5.843944516870826,18.44506859779358,state,,
-0.499990227475872,,,-0.9034455415727602,-0.9034455415727602,,,,,,,18.4450786113739,control,-0.249995113737936,-0.249995113737936
,-0.0004388375651436147,-0.0019661618914079792,,,0.05906178935530181,-83.11708647682437,0.01767467421132677,4.964058136935489,4.929501948376891,4.94678004265619,18.45536518096924,state,,
-0.499990227475872,,,-0.945376630741305,-0.945376630741305,,,,,,,18.455377101898193,control,-0.249995113737936,-0.249995113737936
,-0.002956442338648925,-0.006045862110663551,,,0.05162025444302311,-87.8961522614998,0.017572503809272493,3.991078112186256,3.99243653929764,3.991757325741948,18.46554946899414,state,,
-0.499990227475872,,,-0.9864690981264788,-0.9864690981264788,,,,,,,18.46556067466736,control,-0.2499951137379338,-0.24999511373793823
,0.0022731989638927696,-0.003816121327694201,,,0.041513018913309524,-91.6796210547896,0.01741199853020433,3.010625359462505,3.0188653188283983,3.0147453391454517,18.476033687591553,state,,
-0.499990227475872,,,-1.026739716163949,-1.026739716163949,,,,,,,18.476080417633057,control,-0.249995113737936,-0.249995113737936
,0.003747822914134008,0.004247010828089177,,,0.03349100500258298,-95.70302161825427,0.017369293043514995,1.9988802078726786,1.9884812205103155,1.993680714191497,18.486575603485107,state,,
-0.499990227475872,,,-1.0662049218406702,-1.0662049218406702,,,,,,,18.486586093902588,control,-0.2499951137379349,-0.24999511373793712
,0.005239834811756134,-0.010995414193894708,,,0.01885806072984353,-101.12344681809628,0.016808964571868798,0.8966128205191323,0.8957421786589898,0.896177499589061,18.49715232849121,state,,
-0.499990227475872,,,-1.1048808234038567,-1.1048808234038567,,,,,,,18.49716281890869,control,-0.249995113737936,-0.249995113737936
,0.008630717059058997,-0.005228907700616532,,,0.01007877900366267,-104.15897356298058,0.016397374541389873,-0.1990264445506787,-0.1884218447980081,-0.1937241446743434,18.507363319396973,state,,
-0.499990227475872,,,-1.1427832069357797,-1.1427832069357797,,,,,,,18.507375478744507,control,-0.249995113737936,-0.249995113737936
,-0.005455403299548684,0.0015816121670997408,,,0.007643628476216196,-107.67718051394806,0.01609094152431789,-1.3150257677996655,-1.3379541372413306,-1.326489952520498,18.517781734466553,state,,
-0.499990227475872,,,-1.1799275427970641,-1.1799275427970641,,,,,,,18.517793655395508,control,-0.249995113737936,-0.249995113737936
,-0.0014182856504460477,0.005731277960602591,,,-0.004732424613181595,-111.86687449827991,0.015621346073090415,-2.5151399019369705,-2.508539594599383,-2.5118397482681765,18.527913570404053,state,,
-0.499990227475872,,,-1.2163289919411229,-1.2163289919411229,,,,,,,18.52792453765869,control,-0.24999511373793823,-0.2499951137379338
,0.0023014473659821945,-0.0010517880871968644,,,-0.021330377738734217,-116.14070129668323,0.014834303945631894,-3.737084841838445,-3.745448812808472,-3.7412668273234586,18.53833246231079,state,,
-0.499990227475872,,,-1.2520024121023003,-1.2520024121023003,,,,,,,18.538347721099854,control,-0.249995113737936,-0.249995113737936
,0.0013190060156568681,-0.0009621311116380375,,,-0.0326704049816158,-119.39885738790262,0.014028246730504942,-4.983504546522068,-4.990716585339409,-4.987110565930738,18.54805874824524,state,,
0.5,,,-1.1669623638602542,-1.1669623638602542,,,,,,,18.548070907592773,control,0.24999999999999556,0.25000000000000444
,-0.0010976590950648678,0.00019847152833599727,,,-0.03809894852838672,-117.90927654876373,0.013280914746516072,-6.129905720524406,-6.15508611157556,-6.142495916049983,18.558154582977295,state,,
0.5,,,-1.083623116583049,-1.083623116583049,,,,,,,18.558162450790405,control,0.24999999999999556,0.25000000000000444
,0.0018791232632264343,-0.0007554359480685976,,,-0.05388681373738594,-114.10034095515925,0.012236629439821813,-7.238136111218769,-7.2076203544562185,-7.222878232837494,18.56826162338257,state,,
0.5,,,-1.0019506542513879,-1.0019506542513879,,,,,,,18.568270444869995,control,0.25,0.25
,0.006341423805937508,0.012243791437463568,,,-0.06458450432915534,-108.68864775253476,0.011462319592585072,-8.223436639302387,-8.223833236684396,-8.223634937993392,18.57821536064148,state,,
0.5,,,-0.9219116411663602,-0.9219116411663602,,,,,,,18.578222274780273,control,0.2500000000000089,0.24999999999999112
,-0.006201345910068362,-0.006213982576920544,,,-0.07679999079850536,-102.50920795066963,0.010124193219351041,-9.15253541051528,-9.148220946483768,-9.150378178499524,18.588164806365967,state,,
0.5,,,-0.8434734083430329,-0.8434734083430329,,,,,,,18.588168382644653,control,0.25,0.25
,0.0016914208509352813,0.0009512189699858253,,,-0.08202394715329492,-95.59434118968787,0.009062363238049988,-10.000085982797891,-9.992450152828495,-9.996268067813194,18.598294734954834,state,,
0.5,,,-0.7666039401761722,-0.7666039401761722,,,,,,,18.598297357559204,control,0.2500000000000089,0.24999999999999112
,0.0016797514711824047,0.0010058395515575092,,,-0.09473656601621164,-88.54169538736863,0.007781311742057322,-10.777664130602085,-10.761213224508593,-10.769438677555339,18.60839319229126,state,,
0.5,,,-0.6912718613726487,-0.6912718613726487,,,,,,,18.608399629592896,control,0.25,0.25
,0.00490229057143134,-0.007069561712635008,,,-0.10284476518289164,-80.97498893587014,0.006392216889967587,-11.467497048888795,-11.450024338003022,-11.458760693445909,18.61855673789978,state,,
0.5,,,-0.6174464241451958,-0.6174464241451958,,,,,,,18.61855936050415,control,0.25,0.25
,4.202807771741491e-05,-0.005129118959289698,,,-0.1096594088110889,-73.43172154574307,0.004984228245492018,-12.070657588001952,-12.075388571364202,-12.073023079683077,18.628627061843872,state,,
0.5,,,-0.5450974956622918,-0.5450974956622918,,,,,,,18.62862992286682,control,0.25,0.25
,0.002108540928459818,-0.003991017820117404,,,-0.11480904074562967,-66.90108794795982,0.003616386155098345,-12.626783554472581,-12.649407840130928,-12.638095697301754,18.638733625411987,state,,
0.5,,,-0.47419554574904593,-0.47419554574904593,,,,,,,18.638736963272095,control,0.24999999999999112,0.2500000000000089
,-0.004640919961560851,-0.012187711720638575,,,-0.12140065379688747,-58.74978908962348,0.001986469731719778,-13.097256406416966,-13.094466868794303,-13.095861637605633,18.64932894706726,state,,
0.5,,,-0.404711634834065,-0.404711634834065,,,,,,,18.649333238601685,control,0.24999999999999112,0.2500000000000089
,0.00029623464008665326,-0.002152442258706677,,,-0.13254175183807704,-52.271045552381096,0.00043203225896600446,-13.520439059066277,-13.510480315397253,-13.515459687231765,18.659722328186035,state,,
0.5,,,-0.3366174021373837,-0.3366174021373837,,,,,,,18.659727334976196,control,0.25,0.25
,0.00632923962723138,0.004509672773785765,,,-0.1281407494872055,-44.17688368049201,-0.0006372492287125275,-13.829097242617198,-13.82771463103675,-13.828405936826975,18.670027017593384,state,,
0.5,,,-0.26988505409463603,-0.26988505409463603,,,,,,,18.670033931732178,control,0.2500000000000089,0.24999999999999112
,0.005720702020701438,-0.002670041607139709,,,-0.13123846909547524,-37.97991652928685,-0.001970305740995683,-14.102376855351133,-14.116777758030072,-14.109577306690603,18.68059778213501,state,,
0.5,,,-0.2044873530127433,-0.2044873530127433,,,,,,,18.68061089515686,control,0.2500000000000089,0.24999999999999112
,-0.0004415434381749525,-0.001898508969821492,,,-0.13414808002588646,-31.040100876414243,-0.003333726353187577,-14.309692553255719,-14.309362884593535,-14.309527718924627,18.690632820129395,state,,
0.5,,,-0.14039760595248843,-0.14039760595248843,,,,,,,18.69064235687256,control,0.2500000000000089,0.24999999999999112
,-0.0010984343727026245,0.0008471693871463351,,,-0.14238974962116438,-24.452356535335873,-0.0047877053137866145,-14.459538392383509,-14.438869761030809,-14.449204076707158,18.700732707977295,state,,
0.5,,,-0.07758965383343866,-0.07758965383343866,,,,,,,18.70074200630188,control,0.24999999999999112,0.2500000000000089
,0.0019417960360974338,0.0026218818998293755,,,-0.14438955123759456,-17.985599386460844,-0.006079309336427642,-14.526137757665108,-14.526139110274762,-14.526138433969935,18.711321592330933,state,,
0.5,,,-0.016037860756769884,-0.016037860756769884,,,,,,,18.71133303642273,control,0.25,0.25
,0.0038491712416290737,0.00015104114451791498,,,-0.14310070610929304,-12.046469290863532,-0.007312871700189847,-14.557775448210252,-14.54638242307086,-14.552078935640555,18.721554040908813,state,,
0.5,,,0.044282896458365514,0.044282896458365514,,,,,,,18.721564054489136,control,0.24999999999999112,0.2500000000000089
,0.00013310576540592788,-0.00030889543309936703,,,-0.1430943120519597,-5.497036521352712,-0.00857784583002619,-14.509281880642696,-14.49634180112233,-14.502811840882513,18.731813669204712,state,,
0.5,,,0.1033972385291982,0.1033972385291982,,,,,,,18.73182487487793,control,0.25,0.25
,0.0017316166723265966,-0.010108252563983107,,,-0.13477264030838318,0.6240552137572983,-0.00977636922727402,-14.40053467979848,-14.397767496339059,-14.39915108806877,18.74217987060547,state,,
0.5,,,0.16132929375861424,0.16132929375861424,,,,,,,18.742194175720215,control,0.2500000000000089,0.24999999999999112
,0.003307995599680089,-0.0016817857998231353,,,-0.13793293282504882,6.856373763373164,-0.010992794729084335,-14.226309355960362,-14.23648448409078,-14.23139692002557,18.751945734024048,state,,
0.5,,,0.21810270788344194,0.21810270788344194,,,,,,,18.75195550918579,control,0.24999999999999112,0.2500000000000089
,-0.0020282854939737815,0.00042744497025314093,,,-0.1428021395115231,12.86811249528731,-0.012259733664632962,-14.008448818220256,-14.00562318477291,-14.007036001496584,18.76233458518982,state,,
0.5,,,0.27374065372577305,0.27374065372577305,,,,,,,18.762345552444458,control,0.2500000000000089,0.24999999999999112
,-0.0007008902805374033,-0.0036331988201104533,,,-0.14224577740669972,17.789733874299582,-0.013476802493870437,-13.750754583468016,-13.75086266793985,-13.750808625703932,18.772334575653076,state,,
0.5,,,0.3282658406512576,0.3282658406512576,,,,,,,18.772345781326294,control,0.24999999999999112,0.2500000000000089
,0.005159862847842758,-0.0033956548662785004,,,-0.14119052883842806,24.306163118519756,-0.014603463624527814,-13.389305964948752,-13.418763638983473,-13.404034801966112,18.782869338989258,state,,
0.5,,,0.38170052383823244,0.38170052383823244,,,,,,,18.7828950881958,control,0.25,0.25
,-0.0008672681024156079,0.001987673668870811,,,-0.13537868426286417,29.68577375231401,-0.015521248454096597,-13.011478360601854,-13.031637443428476,-13.021557902015164,18.792666912078857,state,,
0.5,,,0.4340665133614678,0.4340665133614678,,,,,,,18.792678594589233,control,0.24999999999999112,0.2500000000000089
,0.0013856315022363597,-0.009772266801041487,,,-0.13560877768972562,34.329082977054625,-0.016718812218045085,-12.595256237763612,-12.613476783641289,-12.604366510702452,18.80258083343506,state,,
0.5,,,0.48538518309423845,0.48538518309423845,,,,,,,18.802587747573853,control,0.2500000000000089,0.24999999999999112
,0.0019222731812640764,-0.002039269693360827,,,-0.1302204173966892,39.88123127304762,-0.017604402491375508,-12.108887435620533,-12.125490591106113,-12.117189013363323,18.812512636184692,state,,
0.5,,,0.5356774794323537,0.5356774794323537,,,,,,,18.812527179718018,control,0.25,0.25
,0.00012822961962365224,-0.0008571725808855851,,,-0.12718747605255926,45.4416941607745,-0.018470670866535796,-11.575733023708526,-11.572816088910475,-11.5742745563095,18.822670936584473,state,,
0.5,,,0.5849639298437066,0.5849639298437066,,,,,,,18.822676420211792,control,0.25,0.25
,0.0016961954614993448,-0.00293583804625147,,,-0.11972414566638494,49.753097981478746,-0.019204324932218457,-11.0104212064831,-11.005829700560254,-11.008125453521677,18.832672119140625,state,,
0.5,,,0.6332646512468325,0.6332646512468325,,,,,,,18.83267641067505,control,0.25,0.25
,-0.0018191117605360254,0.0074437735234618154,,,-0.11376652512332742,55.76824701388672,-0.019721772567853374,-10.353462959310566,-10.355954867066622,-10.354708913188594,18.84296488761902,state,,
0.5,,,0.6805993582218959,0.6805993582218959,,,,,,,18.842971324920654,control,0.25,0.25
,0.0039152092872260956,0.0037763426834794152,,,-0.10696464098333958,60.44153359854019,-0.02017455366474071,-9.68479277791049,-9.667039044409366,-9.675915911159928,18.853320121765137,state,,
0.5,,,0.7269873710574579,0.7269873710574579,,,,,,,18.853328943252563,control,0.25,0.25
,0.0028331963828586593,-0.0043009129107986,,,-0.09767306846250967,64.80640042875663,-0.020646417461154094,-8.959543248387575,-8.957222538963787,-8.958382893675681,18.863776206970215,state,,
0.5,,,0.7724476236363087,0.7724476236363087,,,,,,,18.86378526687622,control,0.25,0.25
,-0.0006940123099051558,-0.0053912238047361455,,,-0.0914352639359094,69.73650691291819,-0.021141789693327334,-8.164225514394,-8.200879971314256,-8.182552742854128,18.874075412750244,state,,
0.5,,,0.8169986711635826,0.8169986711635826,,,,,,,18.87408447265625,control,0.25,0.25
,0.00045008942280731144,0.0011383883028522072,,,-0.08598842598119445,74.3887250807747,-0.021456462293220072,-7.356221945715551,-7.373024334825954,-7.364623140270752,18.884408950805664,state,,
0.5,,,0.860658697740311,0.860658697740311,,,,,,,18.884419679641724,control,0.25,0.25
,0.004518052597693523,-0.004625431071007668,,,-0.08404775520765594,78.7327873588177,-0.021877324570560925,-6.518993639866345,-6.497321096568888,-6.508157368217617,18.894545793533325,state,,
0.5,,,0.9034455237855048,0.9034455237855048,,,,,,,18.894554376602173,control,0.25000000000000444,0.24999999999999556
,0.000708432334970552,-0.0007698864865163965,,,-0.07241776644948256,83.17308722420421,-0.02198137111635848,-5.603394608662715,-5.608119248811127,-5.605756928736921,18.904709577560425,state,,
0.5,,,0.9453766133097947,0.9453766133097947,,,,,,,18.904718160629272,control,0.25,0.25
,-0.005646042118076726,-0.007187211617348537,,,-0.06747458014307536,87.39185887396064,-0.02230555538381374,-4.656958547455684,-4.6724304601720075,-4.664694503813846,18.91506028175354,state,,
0.5,,,0.9864690810435988,0.9864690810435988,,,,,,,18.915072202682495,control,0.25,0.25
,-0.006258788952135257,-4.966796240184186e-05,,,-0.05724148973449713,92.22374827266614,-0.022312474581001062,-3.6637580753253305,-3.667352150393577,-3.6655551128594537,18.925017833709717,state,,
0.5,,,1.0267396994227267,1.0267396994227267,,,,,,,18.92502737045288,control,0.25,0.25
,-0.005563156976216994,-0.003252338547034948,,,-0.0412839071536512,96.1374369468834,-0.022127890199941158,-2.6505203329724676,-2.633264574163883,-2.6418924535681754,18.935110569000244,state,,
0.5,,,1.0662049054342722,1.0662049054342722,,,,,,,18.935118913650513,control,0.25,0.25
,0.0036244608809711167,-0.006227828823912472,,,-0.03744249584678745,100.36033606206021,-0.02208533938867566,-1.5686665570574043,-1.5734925751659856,-1.571079566111695,18.945770502090454,state,,
0.5,,,1.1048808073255867,1.1048808073255867,,,,,,,18.94581437110901,control,0.25,0.25
,0.011977180822679002,-0.0009677031171539361,,,-0.02447899366140613,104.00614497975126,-0.021614597810095098,-0.4724217515577435,-0.4735647789068127,-0.47299326523227814,18.955968618392944,state,,
0.5,,,1.142783191179075,1.142783191179075,,,,,,,18.955978631973267,control,0.2500000000000003,0.24999999999999972
,0.005889674064642588,0.0031947962330938933,,,-0.01406749575506254,108.28571752747101,-0.021058963657585375,0.6821223705835253,0.6738284745593334,0.6779754225714294,18.966500759124756,state,,
0.5,,,1.1799275273554934,1.1799275273554934,,,,,,,18.966511249542236,control,0.24999999999999944,0.25000000000000056
,-0.0040590525961195015,0.006246566459085688,,,0.0027545482607896857,112.06918953733344,-0.020266827022900936,1.8564753672342205,1.8612909231391943,1.8588831451867074,18.976954698562622,state,,
0.5,,,1.2163289768083836,1.2163289768083836,,,,,,,18.976965188980103,control,0.25,0.25
,0.003821314843924724,-0.00027570392165158385,,,0.006870194000509861,115.82676738309564,-0.0197109654504597,3.0861450507028514,3.067764004973607,3.076954527838229,18.9870183467865,state,,
0.5,,,1.2520023972722159,1.2520023972722159,,,,,,,18.98702907562256,control,0.2500000000000022,0.24999999999999778
,-0.002041287188076824,0.0021953898192758866,,,0.01882703616464055,119.21062545608524,-0.018924402725418593,4.313076247076447,4.332756865529258,4.322916556302852,18.997363090515137,state,,
-0.499990227475872,,,1.1669623493267716,1.1669623493267716,,,,,,,18.997374057769775,control,-0.24999511373793157,-0.24999511373794045
,-0.004536451951619467,0.004104660961503181,,,0.03619773675493225,118.11069602514527,-0.017881976784320755,5.48170113661734,5.491334055294001,5.48651759595567,19.00742483139038,state,,
-0.499990227475872,,,1.083623102340236,1.083623102340236,,,,,,,19.00743532180786,control,-0.24999511373793157,-0.24999511373794045
,-0.006878473216535535,-0.001344058450245035,,,0.03600421012114559,114.49005376792087,-0.017254824690929416,6.577548786141315,6.570038858647511,6.573793822394412,19.017653942108154,state,,
-0.499990227475872,,,1.0019506402934313,1.0019506402934313,,,,,,,19.017680644989014,control,-0.24999511373793157,-0.24999511373794045
,0.00031690406307919276,0.005460801721562828,,,0.05445674977000861,108.84163772110647,-0.015988745614497847,7.575185261818375,7.569440470494559,7.572312866156468,19.027857065200806,state,,
-0.499990227475872,,,0.9219116274875627,0.9219116274875627,,,,,,,19.027867317199707,control,-0.24999511373794045,-0.24999511373793157
,-0.0037907919194737193,-0.007484413802360664,,,0.06530824366517929,102.89871474181942,-0.015031096209083605,8.514978688563323,8.498452224872409,8.506715456717867,19.03803586959839,state,,
-0.499990227475872,,,0.8434733949378115,0.8434733949378115,,,,,,,19.03804612159729,control,-0.2499951137379449,-0.24999511373792713
,0.002720391436771073,-0.0012587202166776123,,,0.07886498627809214,95.04643302626997,-0.01375357736762154,9.32861837858846,9.33579530545671,9.332206842022586,19.04818081855774,state,,
-0.499990227475872,,,0.7666039270390552,0.7666039270390552,,,,,,,19.04819130897522,control,-0.2499951137379449,-0.24999511373792713
,0.004196908154838221,0.0062854707795496146,,,0.09118513962392033,88.11468513187809,-0.01224909931037074,10.100597346457512,10.105465651893361,10.103031499175437,19.058480978012085,state,,
-0.499990227475872,,,0.691271848498274,0.691271848498274,,,,,,,19.05849266052246,control,-0.249995113737936,-0.249995113737936
,-0.0021097139758840568,-0.0038829682959904944,,,0.10034614952531642,80.4199707657792,-0.010969874246612102,10.792562041779528,10.776970006477956,10.784766024128743,19.069013595581055,state,,
-0.499990227475872,,,0.6174464115283085,0.6174464115283085,,,,,,,19.069040298461914,control,-0.2499951137379449,-0.24999511373792713
,0.003480148619265651,-0.0035475575892348,,,0.10609482282383112,73.12818238770453,-0.009665370651651002,11.398741689108473,11.401249174032978,11.399995431570726,19.079355478286743,state,,
-0.499990227475872,,,0.5450974832977422,0.5450974832977422,,,,,,,19.0793673992157,control,-0.2499951137379449,-0.24999511373792713
,-0.00043499669228047827,0.005052729872852208,,,0.1101179282628664,66.16343517200818,-0.008243822335861675,11.955989556334158,11.945575220894739,11.95078238861445,19.089524030685425,state,,
-0.499990227475872,,,0.4741955336317874,0.4741955336317874,,,,,,,19.089535236358643,control,-0.2499951137379449,-0.24999511373792713
,-0.0007685710438896194,-0.00011352480521968628,,,0.11759463138545087,59.902919247398984,-0.0068219795648301286,12.44638587723942,12.453958873796042,12.450172375517731,19.100016832351685,state,,
-0.499990227475872,,,0.40471162295915164,0.40471162295915164,,,,,,,19.100027322769165,control,-0.249995113737936,-0.249995113737936
,-0.0008320745516453518,0.005413277300521592,,,0.12476525952405856,51.91928153221575,-0.0052609169550408095,12.827766670359239,12.856836630075279,12.842301650217259,19.110334634780884,state,,
-0.499990227475872,,,0.3366173904999686,0.3366173904999686,,,,,,,19.110345363616943,control,-0.249995113737936,-0.249995113737936
,-0.0036207664355301906,0.003991936122202499,,,0.12225174257889831,44.91840839519758,-0.003953860986735797,13.17844815499917,13.181678600196157,13.180063377597664,19.120521306991577,state,,
-0.499990227475872,,,0.2698850426899692,0.2698850426899692,,,,,,,19.120532035827637,control,-0.249995113737936,-0.249995113737936
,0.004606238822254645,-0.0016922628151949959,,,0.12055491994852682,37.824614327947,-0.002721281131182963,13.446493154613162,13.444323408925328,13.445408281769245,19.131046533584595,state,,
-0.499990227475872,,,0.20448734183616984,0.20448734183616984,,,,,,,19.131057024002075,control,-0.249995113737936,-0.249995113737936
,0.002726983821279568,-0.0017593919535867613,,,0.12832950847927882,31.398474587682806,-0.001304639871036256,13.64794546290893,13.666290211450752,13.657117837179841,19.141175746917725,state,,
-0.499990227475872,,,0.14039759499944646,0.14039759499944646,,,,,,,19.141186237335205,control,-0.249995113737936,-0.249995113737936
,0.0031298481774108522,-0.0038242474597150605,,,0.13402930343311048,24.158717590773126,7.18146135604997e-05,13.780837087347114,13.786124316259567,13.783480701803342,19.15164875984192,state,,
-0.499990227475872,,,0.07758964309945754,0.07758964309945754,,,,,,,19.15169382095337,control,-0.2499951137379449,-0.24999511373792713
,-0.004715425642602981,-0.00427565421525546,,,0.13995521987189408,17.83888370442893,0.0014156852040516884,13.855096758825498,13.867475758363494,13.861286258594497,19.162145137786865,state,,
-0.499990227475872,,,0.016037850237468385,0.016037850237468385,,,,,,,19.162156105041504,control,-0.2499951137379449,-0.24999511373792713
,0.00627024425844568,0.0014202904715004663,,,0.14038588449125816,11.636439289435621,0.0028385589849040382,13.88900717165211,13.868864193745816,13.878935682698962,19.172387838363647,state,,
-0.499990227475872,,,-0.044282906767280986,-0.044282906767280986,,,,,,,19.172399282455444,control,-0.24999511373792713,-0.2499951137379449
,0.0026234042180993014,-0.005994898164476571,,,0.13857685517670326,5.442578033362617,0.004015529239595053,13.843668988610629,13.82589721030867,13.83478309945965,19.182954788208008,state,,
-0.499990227475872,,,-0.10339724863193536,-0.10339724863193536,,,,,,,19.18296527862549,control,-0.249995113737936,-0.249995113737936
,-0.011339303908228755,0.006674384220020241,,,0.14259790300355601,-0.7421220852722166,0.005430849421659822,13.730060507094882,13.727798131034621,13.72892931906475,19.19368863105774,state,,
-0.499990227475872,,,-0.16132930365929665,-0.16132930365929665,,,,,,,19.19370126724243,control,-0.24999511373792713,-0.2499951137379449
,0.004102928632848642,0.0021668824905632365,,,0.1390697275024974,-6.414815425088548,0.006696540269635475,13.58263854231001,13.566356350182472,13.57449744624624,19.203858852386475,state,,
-0.499990227475872,,,-0.21810271758611072,-0.21810271758611072,,,,,,,19.203871250152588,control,-0.249995113737936,-0.249995113737936
,-0.0014872666923129588,-0.005647444620189512,,,0.14192789274731885,-12.689711531681436,0.007877904914451513,13.356964256178577,13.338500259129807,13.347732257654192,19.21404767036438,state,,
-0.499990227475872,,,-0.2737406632343885,-0.2737406632343885,,,,,,,19.214059591293335,control,-0.249995113737936,-0.249995113737936
,-0.0031438347141655365,-0.000629330160593386,,,0.1424656020128548,-17.488433569876882,0.009085598605116436,13.107330051065224,13.085617726265056,13.096473888665141,19.224632501602173,state,,
-0.499990227475872,,,-0.3282658499697007,-0.3282658499697007,,,,,,,19.224644899368286,control,-0.2499951137379449,-0.24999511373792713
,0.003183776042971137,-0.002476656481632721,,,0.14123776951547262,-24.490732321086583,0.010242264507196057,12.748311267653852,12.731931771402452,12.740121519528152,19.23516845703125,state,,
-0.499990227475872,,,-0.3817005329703067,-0.3817005329703067,,,,,,,19.235179901123047,control,-0.249995113737936,-0.249995113737936
,-0.0006394639651329091,-0.0015262237736646412,,,0.1312470470384335,-29.045526678563547,0.011130462378330472,12.383093816651186,12.37125508148194,12.377174449066564,19.24542999267578,state,,
-0.499990227475872,,,-0.43406652231090054,-0.43406652231090054,,,,,,,19.245442628860474,control,-0.249995113737936,-0.249995113737936
,0.004758229323084441,0.0034913255405436116,,,0.129209821355922,-34.19227999873962,0.012238250247559073,11.952261321009498,11.954415730792709,11.953338525901103,19.254947662353516,state,,
-0.499990227475872,,,-0.48538519186468254,-0.48538519186468254,,,,,,,19.254951238632202,control,-0.24999511373792713,-0.2499951137379449
,-0.0008515424308334296,0.004409686348477722,,,0.11868916550635006,-40.890928760417616,0.01306384750078416,11.437553627937946,11.438080236164417,11.43781693205118,19.265058994293213,state,,
-0.499990227475872,,,-0.5356774880273889,-0.5356774880273889,,,,,,,19.26506209373474,control,-0.24999511373792713,-0.2499951137379449
,-0.0035263030392887417,0.0039602244676538835,,,0.10701441764240599,-45.46138309176952,0.013712305773263895,10.909558935016952,10.911365187447934,10.910462061232444,19.275184631347656,state,,
-0.499990227475872,,,-0.584963938266841,-0.584963938266841,,,,,,,19.275187969207764,control,-0.2499951137379449,-0.24999511373792713
,0.002262628905411594,-0.002141911358850144,,,0.1056782325203695,-50.24125594784721,0.01442563802526813,10.336674491964356,10.327276433064482,10.331975462514418,19.28544282913208,state,,
-0.499990227475872,,,-0.6332646595015041,-0.6332646595015041,,,,,,,19.285447597503662,control,-0.24999511373792713,-0.2499951137379449
,0.006224816438688464,0.0014152410026229785,,,0.1024893702761055,-55.13993520689825,0.015160041286714443,9.70974464859068,9.695477768560247,9.702611208575464,19.29567527770996,state,,
-0.499990227475872,,,-0.680599366311474,-0.680599366311474,,,,,,,19.295680284500122,control,-0.249995113737936,-0.249995113737936
,-0.0016732641879611463,0.004663088381089516,,,0.09452554953849132,-60.24637270609219,0.0157288806730828,9.014758236554123,9.022993772557655,9.018876004555889,19.306013584136963,state,,
-0.499990227475872,,,-0.7269873789852446,-0.7269873789852446,,,,,,,19.306021451950073,control,-0.249995113737936,-0.249995113737936
,0.0016299490988075903,-0.0029204414396937182,,,0.08695130153168511,-65.1975783152271,0.01610190491785536,8.291645713242008,8.284552960173599,8.288099336707804,19.316450357437134,state,,
-0.499990227475872,,,-0.7724476314055397,-0.7724476314055397,,,,,,,19.316459894180298,control,-0.249995113737936,-0.249995113737936
,-3.869142106808205e-05,0.004522140466671366,,,0.08666020175531594,-69.4810467526726,0.016704023431830185,7.537755127771611,7.512475575511031,7.525115351641321,19.326921463012695,state,,
-0.499990227475872,,,-0.8169986787774288,-0.8169986787774288,,,,,,,19.32693076133728,control,-0.249995113737936,-0.249995113737936
,-0.0027310905723530706,-0.0030299156043775218,,,0.0754461576577173,-74.39994122755107,0.01685359796690784,6.698779668190862,6.706878936495895,6.702829302343378,19.337050437927246,state,,
-0.499990227475872,,,-0.8606587052018801,-0.8606587052018801,,,,,,,19.337059497833252,control,-0.249995113737936,-0.249995113737936
,-0.0018186189393940902,-0.004477124925695715,,,0.07348782798888281,-79.33055383241955,0.017105256132146328,5.838595839690839,5.823505414640321,5.83105062716558,19.347429275512695,state,,
-0.499990227475872,,,-0.9034455310978424,-0.9034455310978424,,,,,,,19.347439765930176,control,-0.249995113737936,-0.249995113737936
,0.00675006961362471,-0.0044047118406703315,,,0.06366248693591844,-83.02382059969733,0.017197880862319524,4.92977336610022,4.954291143803136,4.942032254951679,19.357836723327637,state,,
-0.499990227475872,,,-0.9453766204758856,-0.9453766204758856,,,,,,,19.357880115509033,control,-0.24999511373794045,-0.24999511373793157
,0.00373281292275713,-0.002460808131881671,,,0.06098985242460251,-87.8172332306847,0.017387709128327697,3.977661988371886,3.9974787940176237,3.9875703911947546,19.36803150177002,state,,
-0.499990227475872,,,-0.9864690880663678,-0.9864690880663678,,,,,,,19.368041515350342,control,-0.2499951137379338,-0.24999511373793823
,0.009256631317341899,-0.003422163068360051,,,0.0479454093971066,-92.16085000279239,0.01730731225710798,2.999832910124329,2.993829256173773,2.996831083149051,19.37862467765808,state,,
-0.499990227475872,,,-1.0267397063050405,-1.0267397063050405,,,,,,,19.378634691238403,control,-0.249995113737936,-0.249995113737936
,-0.0046946648148097824,-0.0009019439548781415,,,0.04004507606621751,-95.74303790799344,0.017174505352225193,1.9640987160912116,2.000678109607672,1.9823884128494418,19.388836145401,state,,
-0.499990227475872,,,-1.0662049121789396,-1.0662049121789396,,,,,,,19.38884663581848,control,-0.249995113737936,-0.249995113737936
,0.0010478824422364495,0.006045267091633127,,,0.03006071182861832,-100.15974833835651,0.017085663842179112,0.9059805849817466,0.9150130145104436,0.9104967997460951,19.39931559562683,state,,
-0.499990227475872,,,-1.104880813935361,-1.104880813935361,,,,,,,19.399332284927368,control,-0.249995113737936,-0.249995113737936
,-0.0025124753651890553,0.00572110509451955,,,0.014616150628256202,-103.8474023270245,0.01672961355250519,-0.19372199481935493,-0.17961412437075552,-0.18666805959505522,19.40930485725403,state,,
-0.499990227475872,,,-1.1427831976566538,-1.1427831976566538,,,,,,,19.40931534767151,control,-0.249995113737936,-0.249995113737936
,-0.0007180692627310721,-0.00079433621020305,,,0.005443599353581678,-108.2666765891588,0.016280958767922408,-1.3380808860096622,-1.3412586337031172,-1.3396697598563896,19.419694662094116,state,,
-0.499990227475872,,,-1.1799275337035209,-1.1799275337035209,,,,,,,19.419710636138916,control,-0.24999511373793712,-0.2499951137379349
,0.0010718152202233923,0.003779545842835909,,,-0.004030621114627607,-111.51706900336288,0.015841954314033034,-2.505912370872087,-2.5072317328497453,-2.5065720518609163,19.42947769165039,state,,
-0.499990227475872,,,-1.2163289830294506,-1.2163289830294506,,,,,,,19.42948865890503,control,-0.249995113737936,-0.249995113737936
,0.008929489969256035,-0.008643463017291554,,,-0.016793272396948437,-115.89093698037749,0.015063041564431197,-3.731782244160948,-3.738405140963079,-3.7350936925620135,19.43968176841736,state,,
-0.499990227475872,,,-1.2520024033688617,-1.2520024033688617,,,,,,,19.439692735671997,control,-0.249995113737936,-0.249995113737936
,0.01413507428658443,-0.007438369879117938,,,-0.02915483532625577,-119.19261959173613,0.014245863729517475,-4.987412736099428,-4.971722862482979,-4.979567799291203,19.450111389160156,state,,
0.5,,,-1.1669623553014843,-1.1669623553014843,,,,,,,19.450121641159058,control,0.25,0.25
,-0.004609107317002167,0.005498010315641196,,,-0.04106444138047386,-117.92544444381767,0.01343635883053877,-6.142309546075592,-6.134999503672282,-6.138654524873937,19.460193872451782,state,,
0.5,,,-1.0836231081954546,-1.0836231081954546,,,,,,,19.46024203300476,control,0.25,0.25
,-0.0035834132244803754,-0.0019249765600465047,,,-0.057463935542445596,-115.0841049428893,0.01228207663253564,-7.232086027601267,-7.256462475689392,-7.244274251645329,19.470439195632935,state,,
0.5,,,-1.0019506460315455,-1.0019506460315455,,,,,,,19.470450162887573,control,0.25,0.25
,0.004849383586667986,-0.006308159740078169,,,-0.06734993307424558,-108.68072046127313,0.011136833084794535,-8.222345730921406,-8.235991123041288,-8.229168426981346,19.481019020080566,state,,
0.5,,,-0.9219116331109145,-0.9219116331109145,,,,,,,19.48102903366089,control,0.24999999999999112,0.2500000000000089
,-0.0014212756142364046,-0.00742081750211015,,,-0.07428055236939438,-102.41410608834755,0.009925431095136796,-9.158471167805066,-9.148675277144212,-9.15357322247464,19.49154782295227,state,,
0.5,,,-0.8434734004486961,-0.8434734004486961,,,,,,,19.491591215133667,control,0.25,0.25
,0.0012445429743963672,0.003151360286191053,,,-0.08024370420978139,-95.8373482489211,0.00891102964189164,-10.014503870921255,-10.000044835073826,-10.007274352997541,19.50205397605896,state,,
0.5,,,-0.7666039324397222,-0.7666039324397222,,,,,,,19.50206446647644,control,0.2500000000000089,0.24999999999999112
,0.0038919375753340654,0.00014871818801212865,,,-0.0965022682416192,-88.26329706524523,0.007560909536982225,-10.769212794364899,-10.76951231591248,-10.76936255513869,19.512686014175415,state,,
0.5,,,-0.6912718537909277,-0.6912718537909277,,,,,,,19.512696266174316,control,0.25,0.25
,-0.006054801516839031,-0.00043432219100945696,,,-0.10623240173617786,-80.6199255003011,0.006159552349792522,-11.4585591786852,-11.449268368308424,-11.453913773496812,19.523170709609985,state,,
0.5,,,-0.6174464167151092,-0.6174464167151092,,,,,,,19.523181438446045,control,0.25,0.25
,-0.002966195932988128,0.0005816603543392297,,,-0.11140959337056233,-73.4119976285626,0.004848306810759603,-12.072822498471696,-12.073809531045773,-12.073316014758735,19.533788919448853,state,,
0.5,,,-0.5450974883808071,-0.5450974883808071,,,,,,,19.53379988670349,control,0.25,0.25
,-0.0007201300022316213,0.01145945463697237,,,-0.11074938594035902,-65.94539399514696,0.0038794821327809794,-12.61002810524405,-12.61784242890316,-12.613935267073604,19.54402446746826,state,,
0.5,,,-0.4741955386131909,-0.4741955386131909,,,,,,,19.54403519630432,control,0.24999999999999112,0.2500000000000089
,-0.008517426859907067,0.0014578230469681809,,,-0.12498786971180353,-59.1468542213332,0.0023144766699513307,-13.093798337098496,-13.100605039313512,-13.097201688206004,19.55412793159485,state,,
0.5,,,-0.40471162784092707,-0.40471162784092707,,,,,,,19.55413794517517,control,0.25,0.25
,0.011972482014827462,0.004553424154564031,,,-0.12240046931132953,-51.67497004221356,0.0012782433505745257,-13.49315271144738,-13.496912605545496,-13.495032658496438,19.564290761947632,state,,
0.5,,,-0.3366173952841085,-0.3366173952841085,,,,,,,19.564330577850342,control,0.25,0.25
,-0.0023071848639677844,-0.006678671557388219,,,-0.12843209936917277,-44.987999933156054,-0.00024544936855882535,-13.834373823482908,-13.842598622740239,-13.838486223111573,19.574500799179077,state,,
0.5,,,-0.26988504737842633,-0.26988504737842633,,,,,,,19.574511528015137,control,0.25,0.25
,-0.00077836538513568,0.005876006229966958,,,-0.12895540842212738,-38.18421954015239,-0.0014133920637060796,-14.129014642720119,-14.095071138054427,-14.112042890387272,19.584951400756836,state,,
0.5,,,-0.2044873464308578,-0.2044873464308578,,,,,,,19.58496332168579,control,0.24999999999999112,0.2500000000000089
,-0.01264312928009685,0.001737199282738005,,,-0.13491558306482032,-31.87755608261383,-0.0028661703810611717,-14.332719308293896,-14.328170261396066,-14.330444784844982,19.594943046569824,state,,
0.5,,,-0.14039759950224065,-0.14039759950224065,,,,,,,19.594953060150146,control,0.2500000000000089,0.24999999999999112
,-0.012702631281677318,-0.0023388643306609604,,,-0.14224268960423062,-24.002363035762265,-0.00445915163592653,-14.453420498698385,-14.436841151464952,-14.44513082508167,19.604960203170776,state,,
0.5,,,-0.07758964751219583,-0.07758964751219583,,,,,,,19.604969263076782,control,0.2500000000000089,0.24999999999999112
,0.002469891925076939,0.011672279822312353,,,-0.14439720433764444,-17.909641597145438,-0.005587830553450504,-14.522817615072604,-14.531699520266077,-14.52725856766934,19.61503267288208,state,,
0.5,,,-0.016037854561951906,-0.016037854561951906,,,,,,,19.61504077911377,control,0.25,0.25
,0.0036071489552982573,0.0012929273083311466,,,-0.1450517978445046,-11.097640250315079,-0.0068612487653621,-14.538787191596322,-14.52085001140932,-14.529818601502821,19.62516760826111,state,,
0.5,,,0.04428290252928713,0.04428290252928713,,,,,,,19.625176429748535,control,0.25,0.25
,-0.0028475539577551296,-0.0008862684397983431,,,-0.14333541460085666,-5.449389889551852,-0.008143808474358546,-14.504340104169403,-14.484495503680067,-14.494417803924735,19.63541007041931,state,,
0.5,,,0.10339724447870138,0.10339724447870138,,,,,,,19.635418176651,control,0.25,0.25
,-0.0053498150540570045,0.001567388821525667,,,-0.14127475004425005,0.644126347532354,-0.009348175714716894,-14.386814605059746,-14.395175829850542,-14.390995217455144,19.64569664001465,state,,
0.5,,,0.16132929958912734,0.16132929958912734,,,,,,,19.645705461502075,control,0.25,0.25
,-0.00260316009378376,-0.0011719256749816434,,,-0.13840914057815445,6.042098076881293,-0.010518283915608757,-14.2495138905781,-14.239811806115323,-14.244662848346712,19.655884742736816,state,,
0.5,,,0.2181027135973448,0.2181027135973448,,,,,,,19.655893802642822,control,0.25,0.25
,0.004354422139733748,-0.0009056462017905404,,,-0.13723358026160803,12.735843487018414,-0.0116232051605378,-14.013740506717117,-14.007799786271535,-14.010770146494327,19.665979385375977,state,,
0.5,,,0.27374065932539793,0.27374065932539793,,,,,,,19.665988445281982,control,0.2500000000000089,0.24999999999999112
,0.004629691223618695,-0.00048072005918989194,,,-0.13417297449053225,18.006609230173165,-0.012636697314611757,-13.748380229119565,-13.745254194885122,-13.746817212002345,19.676111459732056,state,,
0.5,,,0.32826584613889,0.32826584613889,,,,,,,19.676120042800903,control,0.2500000000000089,0.24999999999999112
,-0.004977254231894318,-0.003663694995076809,,,-0.1353772072699225,24.387571039218727,-0.013838705540369485,-13.401938973592333,-13.40083170690994,-13.401385340251137,19.686660528182983,state,,
0.5,,,0.3817005292161122,0.3817005292161122,,,,,,,19.68666958808899,control,0.25,0.25
,0.010120960378661135,-0.0010449908604513959,,,-0.1399443225784338,29.236097839604945,-0.014953107992929511,-13.022370963446223,-13.04134435886495,-13.031857661155588,19.6970477104187,state,,
0.5,,,0.43406651863178997,0.43406651863178997,,,,,,,19.697086572647095,control,0.2500000000000089,0.24999999999999112
,0.002394628611563778,-0.0019704283043176676,,,-0.13664594053492918,34.506179956028866,-0.01596479333315835,-12.59656824885863,-12.609271550466154,-12.602919899662393,19.70735216140747,state,,
0.5,,,0.48538518825915417,0.48538518825915417,,,,,,,19.707363605499268,control,0.2500000000000089,0.24999999999999112
,0.0023802496316791635,0.0009932546924681291,,,-0.1352124904192012,40.53430547547245,-0.016916357435409878,-12.103723719870315,-12.09954877514545,-12.101636247507884,19.717305183410645,state,,
0.5,,,0.5356774844939711,0.5356774844939711,,,,,,,19.717312812805176,control,0.2500000000000089,0.24999999999999112
,0.006463371447472843,0.003797911975520073,,,-0.12568910450065662,45.28375615118535,-0.017546971007207056,-11.563795234289898,-11.582622427299992,-11.573208830794945,19.727457523345947,state,,
0.5,,,0.5849639348040916,0.5849639348040916,,,,,,,19.727466344833374,control,0.25,0.25
,-0.00536389011396304,-0.0034353133084521876,,,-0.12484543257498806,49.87628375996195,-0.01851425173751874,-10.994306436283766,-11.008400856062325,-11.001353646173046,19.737282752990723,state,,
0.5,,,0.6332646561080097,0.6332646561080097,,,,,,,19.73728656768799,control,0.25,0.25
,0.004401438381001068,0.00346111025141153,,,-0.11175164632518325,55.11888585271842,-0.01894220204605224,-10.358812362596304,-10.374640005150198,-10.36672618387325,19.747356176376343,state,,
0.5,,,0.6805993629858496,0.6805993629858496,,,,,,,19.747359037399292,control,0.25,0.25
,-0.0031738361247553126,-0.00028516254699350555,,,-0.10368600095722595,60.294184148053986,-0.01948680913031367,-9.674357765069601,-9.68847605858028,-9.68141691182494,19.75738024711609,state,,
0.5,,,0.7269873757261325,0.7269873757261325,,,,,,,19.7573823928833,control,0.24999999999999112,0.2500000000000089
,-0.0011054492699220902,0.0022906368995728103,,,-0.09902279927036617,64.65756754033521,-0.019964698251151408,-8.969770837198688,-8.96102082854716,-8.965395832872924,19.767468214035034,state,,
0.5,,,0.7724476282116097,0.7724476282116097,,,,,,,19.767471075057983,control,0.25,0.25
,0.0003847011570354612,-0.0013338343395752213,,,-0.09562261306992331,69.67440040902167,-0.02047564343202673,-8.17686930285499,-8.200743604766954,-8.188806453810972,19.77753233909607,state,,
0.5,,,0.8169986756473775,0.8169986756473775,,,,,,,19.777534246444702,control,0.25,0.25
,0.001107656190122706,-0.0073206701477024115,,,-0.0791837635569442,74.1972483296267,-0.020717705322568065,-7.364718603547233,-7.384982616798739,-7.374850610172986,19.787699460983276,state,,
0.5,,,0.8606587021344299,0.8606587021344299,,,,,,,19.787701845169067,control,0.25,0.25
,0.000847173026574775,0.004351125183047474,,,-0.07036239657215426,79.26899259854827,-0.02077248288093691,-6.505915901826975,-6.496966832448661,-6.501441367137818,19.797953844070435,state,,
0.5,,,0.9034455280917413,0.9034455280917413,,,,,,,19.797956466674805,control,0.25,0.25
,0.004805814046183246,-0.008222857870119272,,,-0.06484552576770881,83.62214728260743,-0.021027729346819485,-5.596682022743684,-5.595192548677473,-5.595937285710578,19.80849575996399,state,,
0.5,,,0.9453766175299065,0.9453766175299065,,,,,,,19.80849838256836,control,0.24999999999999556,0.25000000000000444
,-0.002175246107345457,0.0034229255905004995,,,-0.05660499728885117,87.74306429991024,-0.02099022955647476,-4.653880859993044,-4.651959562754857,-4.65292021137395,19.819039344787598,state,,
0.5,,,0.9864690851793083,0.9864690851793083,,,,,,,19.819042205810547,control,0.25,0.25
,-0.004330773208366588,0.0011980393868820634,,,-0.05121610745781986,91.78234711388794,-0.021002472128448343,-3.6679902451539466,-3.673628870038056,-3.6708095575960016,19.829503059387207,state,,
0.5,,,1.0267397034757222,1.0267397034757222,,,,,,,19.829506158828735,control,0.2500000000000022,0.24999999999999778
,0.0009749758605791454,0.006272733160757781,,,-0.03928045686220054,95.9763798647783,-0.020661744625772704,-2.6409651999199037,-2.6476261092178333,-2.6442956545688685,19.839981079101562,state,,
0.5,,,1.0662049094062078,1.0662049094062078,,,,,,,19.83998417854309,control,0.25,0.25
,0.0052231322400540575,0.0028607531585174628,,,-0.03421962837328336,99.91429765191288,-0.02041726778684909,-1.5741803835085337,-1.5907771563285524,-1.5824787699185432,19.85031270980835,state,,
0.5,,,1.1048808112180837,1.1048808112180837,,,,,,,19.85031795501709,control,0.2500000000000011,0.2499999999999989
,0.00268207853044549,-0.0042096393287501055,,,-0.021828828014604926,103.98603736240439,-0.020092092083634827,-0.480224512072687,-0.4754047801346542,-0.47781464610367064,19.860618352890015,state,,
0.5,,,1.142783194993722,1.142783194993722,,,,,,,19.860623359680176,control,0.2500000000000003,0.24999999999999972
,-0.0009078228788939426,0.005373876282351526,,,-0.013202574505923942,108.52540898209128,-0.019596302642604552,0.6887947122823026,0.6705768615130281,0.6796857868976653,19.871140003204346,state,,
0.5,,,1.1799275310938475,1.1799275310938475,,,,,,,19.871145725250244,control,0.25,0.25
,-0.00018195940100260678,0.012079650765327288,,,-0.003449183990905334,111.97331299985359,-0.018867350914994443,1.8500429323214187,1.8585450950176392,1.854294013669529,19.88188624382019,state,,
0.5,,,1.2163289804719706,1.2163289804719706,,,,,,,19.881895780563354,control,0.25,0.25
,0.009254820902531604,-0.0019272283713181694,,,0.011265833790715435,115.13506405936128,-0.018121390203579,3.052504422732398,3.0594265477832234,3.0559654852578104,19.89202642440796,state,,
0.5,,,1.2520024008625312,1.2520024008625312,,,,,,,19.892035007476807,control,0.2500000000000022,0.24999999999999778
,0.009675538487990189,-0.0009639220819030184,,,0.018509763346729415,120.04957520576735,-0.01741487297714781,4.339307508192694,4.330048714804422,4.334678111498558,19.902550220489502,state,,
-0.499990227475872,,,1.1669623528452806,1.1669623528452806,,,,,,,19.902563095092773,control,-0.249995113737936,-0.249995113737936
,0.004677670126712306,-0.0022033358175026652,,,0.03821182718502564,117.96135061765257,-0.016395232621160435,5.480757316269103,5.481355665984164,5.481056491126633,19.913517951965332,state,,
-0.499990227475872,,,1.083623105788375,1.083623105788375,,,,,,,19.913522005081177,control,-0.249995113737936,-0.249995113737936
,-1.2547272345356804e-05,-4.1862792909168126e-05,,,0.05335596324924066,114.88475008504099,-0.015313363892758015,6.593734044686994,6.568142702730235,6.580938373708614,19.923574924468994,state,,
-0.499990227475872,,,1.0019506436726073,1.0019506436726073,,,,,,,19.92357850074768,control,-0.24999511373793157,-0.24999511373794045
,-0.003056522779995053,-0.005590148528748982,,,0.06045877226629703,108.83940224289836,-0.014434586233570523,7.567194262626476,7.579041131291335,7.573117696958906,19.934473991394043,state,,
-0.499990227475872,,,0.9219116307991553,0.9219116307991553,,,,,,,19.93447732925415,control,-0.249995113737936,-0.249995113737936
,0.004321676932577217,-0.0015235509417339413,,,0.06739603692581969,102.58906589774696,-0.013377662246732471,8.513887868525208,8.485174458283986,8.499531163404598,19.944549798965454,state,,
-0.499990227475872,,,0.8434733981831721,0.8434733981831721,,,,,,,19.94455313682556,control,-0.2499951137379449,-0.24999511373792713
,-0.00616600322221772,-0.007478445131072943,,,0.07590055271834614,95.45141516720716,-0.012422567921457078,9.350134475193176,9.330757675794382,9.34044607549378,19.95463466644287,state,,
-0.499990227475872,,,0.7666039302195087,0.7666039302195087,,,,,,,19.954638481140137,control,-0.2499951137379449,-0.24999511373792713
,0.0015656518565975869,-0.008463451060958263,,,0.08843600682481098,88.18046155779126,-0.011261718552908067,10.110870410664122,10.102189329893184,10.106529870278653,19.9647057056427,state,,
-0.499990227475872,,,0.6912718516151184,0.6912718516151184,,,,,,,19.964709043502808,control,-0.249995113737936,-0.249995113737936
,-0.0015832104949009107,-0.0023222203146548237,,,0.10328213293232058,80.61034249485814,-0.00985190352887864,10.778465353433115,10.805836863289354,10.792151108361235,19.974773168563843,state,,
-0.499990227475872,,,0.617446414582816,0.617446414582816,,,,,,,19.974775791168213,control,-0.2499951137379449,-0.24999511373792713
,-0.0013939420097131975,-0.003697876589037892,,,0.10584288200680853,73.89847307809822,-0.008660946200384184,11.427734683461749,11.420891555809755,11.424313119635752,19.98493194580078,state,,
-0.499990227475872,,,0.5450974862911597,0.5450974862911597,,,,,,,19.984935760498047,control,-0.249995113737936,-0.249995113737936
,0.0022440961399721854,-0.008895135789282471,,,0.10744887436355444,66.33356898286512,-0.007562448821467282,11.962956443609214,11.971542799165098,11.967249621387156,19.994971990585327,state,,
-0.499990227475872,,,0.4741955365653365,0.4741955365653365,,,,,,,19.994975328445435,control,-0.249995113737936,-0.249995113737936
,-0.011138730670634206,0.004582840134611,,,0.11456570556544604,58.99796307722042,-0.006179348286858441,12.442099167914769,12.438859748312462,12.440479458113614,20.005122184753418,state,,
-0.499990227475872,,,0.40471162583402975,0.40471162583402975,,,,,,,20.005124807357788,control,-0.24999511373792713,-0.2499951137379449
,0.004965410918090931,-0.01637162282166752,,,0.12457825862552993,51.67902114876613,-0.004950117682856688,12.832543580783865,12.849026601195483,12.840785090989673,20.015488862991333,state,,
-0.499990227475872,,,0.33661739331734913,0.33661739331734913,,,,,,,20.015491008758545,control,-0.24999511373792713,-0.2499951137379449
,-0.00604306589058975,0.001502200599684823,,,0.12408530674412485,44.71065593015575,-0.0036640192618795355,13.174722227133923,13.179251119486244,13.176986673310083,20.025904893875122,state,,
-0.499990227475872,,,0.26988504545100217,0.26988504545100217,,,,,,,20.0259211063385,control,-0.24999511373792713,-0.2499951137379449
,0.001217276933019725,-0.004735750917727966,,,0.13801700597171157,38.14841256111325,-0.0021040355923264598,13.453153944725793,13.454904959125612,13.454029451925702,20.036097764968872,state,,
-0.499990227475872,,,0.20448734454198214,0.20448734454198214,,,,,,,20.036112308502197,control,-0.249995113737936,-0.249995113737936
,-0.007363424776409906,0.005277300767142613,,,0.14393520908474314,30.6253698191331,-0.0005200393327770161,13.64536049580065,13.635739916537869,13.640550206169259,20.046592950820923,state,,
-0.499990227475872,,,0.1403975976511425,0.1403975976511425,,,,,,,20.046595573425293,control,-0.24999511373792713,-0.2499951137379449
,-0.007629615459071877,-3.084065636238509e-06,,,0.14576493721327305,24.519081392172346,0.00088640813942267,13.78584191960026,13.791270923162578,13.788556421381418,20.05674934387207,state,,
-0.499990227475872,,,0.07758964569811963,0.07758964569811963,,,,,,,20.056752681732178,control,-0.24999511373792713,-0.2499951137379449
,0.005852291981750968,0.0014682814486921994,,,0.1468323530480015,18.300713641167597,0.002390761078060694,13.871129665517987,13.874060656961072,13.87259516123953,20.06723976135254,state,,
-0.499990227475872,,,0.016037852784157244,0.016037852784157244,,,,,,,20.067244291305542,control,-0.2499951137379449,-0.24999511373792713
,-0.003109139181282444,0.007673661150326797,,,0.13559604490982896,11.289457470763162,0.003611674854883185,13.872693419342957,13.875110837190682,13.87390212826682,20.07746124267578,state,,
-0.499990227475872,,,-0.0442829042715259,-0.0442829042715259,,,,,,,20.07746696472168,control,-0.2499951137379449,-0.24999511373792713
,0.0051484849974388226,-0.001108775629999303,,,0.14223795924850471,5.4759299669997015,0.0050503613855973194,13.833611088201385,13.838661439867321,13.836136264034353,20.08794617652893,state,,
-0.499990227475872,,,-0.10339724618609537,-0.10339724618609537,,,,,,,20.087953329086304,control,-0.249995113737936,-0.249995113737936
,0.0034828818101318125,-0.002707823613850314,,,0.14008308503536532,-0.7859875143017252,0.006259885919537874,13.725010661433252,13.732219092272885,13.728614876853069,20.09854292869568,state,,
-0.499990227475872,,,-0.16132930126237346,-0.16132930126237346,,,,,,,20.098552465438843,control,-0.249995113737936,-0.249995113737936
,0.005477809167875746,0.009994365058688493,,,0.14513613848952828,-6.321883829850502,0.007857854934311993,13.568237745857537,13.58634127863883,13.577289512248184,20.109033346176147,state,,
-0.499990227475872,,,-0.218102715237126,-0.218102715237126,,,,,,,20.1090726852417,control,-0.249995113737936,-0.249995113737936
,-0.0011073711623791416,0.012636635949365984,,,0.1479439860875648,-12.88491021335139,0.009416514832570402,13.332697491657786,13.355275710456214,13.343986601057,20.119163990020752,state,,
-0.499990227475872,,,-0.2737406609323835,-0.2737406609323835,,,,,,,20.119174242019653,control,-0.2499951137379449,-0.24999511373792713
,0.00036949749736876725,0.004773596329490065,,,0.1367870531581884,-18.042213751209207,0.010481809257720253,13.080731063439071,13.08223579343567,13.08148342843737,20.129730939865112,state,,
-0.499990227475872,,,-0.3282658477137358,-0.3282658477137358,,,,,,,20.129741668701172,control,-0.24999511373792713,-0.2499951137379449
,0.001146895811715097,-0.001474420528277667,,,0.13333341665239767,-23.825220097647026,0.011501853500975427,12.743987816161312,12.758395829567013,12.751191822864161,20.13993811607361,state,,
-0.499990227475872,,,-0.3817005307594611,-0.3817005307594611,,,,,,,20.139949083328247,control,-0.24999511373792713,-0.2499951137379449
,-0.00021712371591751912,-0.001136821203570057,,,0.11909493318677003,-28.868658049006147,0.012189883853774317,12.382709556353966,12.381763312367019,12.382236434360493,20.150349378585815,state,,
-0.499990227475872,,,-0.4340665201442719,-0.4340665201442719,,,,,,,20.150360107421875,control,-0.2499951137379449,-0.24999511373792713
,-0.0005381007936629851,0.0035934278942362195,,,0.125232903914534,-34.740165784653875,0.013327575389298494,11.940487376551982,11.9422862805698,11.94138682856089,20.16087031364441,state,,
-0.499990227475872,,,-0.48538518974138645,-0.48538518974138645,,,,,,,20.16088080406189,control,-0.249995113737936,-0.249995113737936
,0.0022414296851622846,0.0018240043013997656,,,0.11979931208653641,-40.0771771763128,0.014196568561797783,11.454390272401888,11.456957492329582,11.455673882365735,20.171053409576416,state,,
-0.499990227475872,,,-0.5356774859465587,-0.5356774859465587,,,,,,,20.171064138412476,control,-0.249995113737936,-0.249995113737936
,0.0005446314211979262,0.0008740307413455315,,,0.11786334673884952,-45.61362345511904,0.015053518468448794,10.913866252358,10.90897848478414,10.91142236857107,20.18161368370056,state,,
-0.499990227475872,,,-0.5849639362276275,-0.5849639362276275,,,,,,,20.1816246509552,control,-0.2499951137379449,-0.24999511373792713
,-0.006369265482548288,-0.004646909299943309,,,0.11616874625195756,-50.49657910125056,0.015726610484693558,10.337978649159579,10.319505200361489,10.328741924760534,20.1917884349823,state,,
-0.499990227475872,,,-0.6332646575030749,-0.6332646575030749,,,,,,,20.19179892539978,control,-0.249995113737936,-0.249995113737936
,-0.004474854936011065,-0.0004738178740161865,,,0.11609424782851455,-54.81920847099232,0.01650234329737294,9.707784585561644,9.715721528269855,9.71175305691575,20.202319860458374,state,,
-0.499990227475872,,,-0.6805993643530135,-0.6805993643530135,,,,,,,20.20233130455017,control,-0.2499951137379449,-0.24999511373792713
,-0.0005363186060123642,-0.002002614539089943,,,0.10585646039126492,-60.58276306669738,0.017004578115877425,9.00702628218943,9.021364929570828,9.01419560588013,20.212778329849243,state,,
-0.499990227475872,,,-0.7269873770659532,-0.7269873770659532,,,,,,,20.21278977394104,control,-0.249995113737936,-0.249995113737936
,-0.0007432752702531157,-0.0028368718030357927,,,0.09794998562293708,-65.34122679414322,0.017438617694941393,8.280272826218635,8.289827244909462,8.285050035564048,20.22326946258545,state,,
-0.499990227475872,,,-0.7724476295246341,-0.7724476295246341,,,,,,,20.223280668258667,control,-0.24999511373792713,-0.2499951137379449
,-0.007895110585232755,-0.0016910175385564268,,,0.0908340310832552,-69.47959650680437,0.01777472549814985,7.5154120993684534,7.533367642401192,7.524389870884823,20.23384428024292,state,,
-0.499990227475872,,,-0.8169986769341413,-0.8169986769341413,,,,,,,20.23385524749756,control,-0.24999511373794045,-0.24999511373793157
,-0.003008865423330243,-0.0067703168425478025,,,0.07763475020831064,-74.26841345845716,0.017821849327677764,6.714977847026695,6.696000847690247,6.705489347358471,20.24434232711792,state,,
-0.499990227475872,,,-0.8606587033954585,-0.8606587033954585,,,,,,,20.244370937347412,control,-0.249995113737936,-0.249995113737936
,0.0035133428150095542,-0.005093343432764525,,,0.0701311448519423,-78.6991350216496,0.017962918210623097,5.853861563525028,5.842100183109738,5.847980873317383,20.254862785339355,state,,
-0.499990227475872,,,-0.9034455293275492,-0.9034455293275492,,,,,,,20.25487494468689,control,-0.24999511373793157,-0.24999511373794045
,0.006270923382763899,-0.0077952444226713526,,,0.06428443872581892,-83.54244357362711,0.018040020711176993,4.93731695189767,4.933628623871258,4.935472787884464,20.265319347381592,state,,
-0.499990227475872,,,-0.9453766187409982,-0.9453766187409982,,,,,,,20.265331506729126,control,-0.249995113737936,-0.249995113737936
,-0.0032897806497677712,-0.0060585813234356675,,,0.049468524880450074,-87.86315200430394,0.01779172471651983,3.970070438843416,4.006079675959224,3.9880750574013204,20.27555251121521,state,,
-0.499990227475872,,,-0.9864690863661782,-0.9864690863661782,,,,,,,20.275563955307007,control,-0.24999511373793823,-0.2499951137379338
,-0.0018600370451920542,-0.007203421399100963,,,0.04154986961415549,-91.4808163290179,0.0175677303566025,3.0118450802428387,3.019534876034359,3.0156899781385986,20.286001205444336,state,,
-0.499990227475872,,,-1.0267397046388547,-1.0267397046388547,,,,,,,20.286011457443237,control,-0.2499951137379338,-0.24999511373793823
,-0.006226854272690279,0.002801483429926075,,,0.02910611941248341,-96.27281286178581,0.017309038906161277,1.9688797374779787,1.984509974469655,1.9766948559738169,20.29629373550415,state,,
-0.499990227475872,,,-1.0662049105460776,-1.0662049105460776,,,,,,,20.296304941177368,control,-0.249995113737936,-0.249995113737936
,0.0067268960118230005,-0.007442011419438324,,,0.02144094295560582,-100.56497708943385,0.016960935969000956,0.9053898218912488,0.9000765175892298,0.9027331697402393,20.30685019493103,state,,
-0.499990227475872,,,-1.1048808123351561,-1.1048808123351561,,,,,,,20.306864500045776,control,-0.249995113737936,-0.249995113737936
,0.0057556199688671055,-0.0017358939436673167,,,0.014850870430033001,-103.73332408707043,0.016670726458227418,-0.17617692243579974,-0.19387483704597647,-0.1850258797408881,20.316951990127563,state,,
-0.499990227475872,,,-1.1427831960884531,-1.1427831960884531,,,,,,,20.316962718963623,control,-0.249995113737936,-0.249995113737936
,-0.011817957295681265,0.009043603290507985,,,0.00662461239850403,-108.36769377271915,0.016349820905376764,-1.3290645300744552,-1.3558576735789492,-1.3424611018267023,20.327592372894287,state,,
-0.499990227475872,,,-1.179927532166684,-1.179927532166684,,,,,,,20.327604055404663,control,-0.2499951137379349,-0.24999511373793712
,0.003164697834431098,-0.001763151696998035,,,-0.007073975441239198,-111.96682751272368,0.015726346331758317,-2.5140251644524456,-2.524797574569541,-2.519411369510993,20.337915658950806,state,,
-0.499990227475872,,,-1.2163289815233504,-1.2163289815233504,,,,,,,20.337931156158447,control,-0.249995113737936,-0.249995113737936
,0.00025845212089409784,0.007527723991130698,,,-0.02531273608477822,-115.85344090499717,0.015016727661835205,-3.7326402018184566,-3.7469661019569696,-3.7398031518877133,20.348356246948242,state,,
-0.499990227475872,,,-1.2520024018928835,-1.2520024018928835,,,,,,,20.348368167877197,control,-0.2499951137379338,-0.24999511373793823
,0.010798910854040486,-5.9137130766724394e-05,,,-0.03536893753119244,-119.25025340744665,0.014287783563771821,-4.9897850245804705,-4.982950247448127,-4.9863676360142986,20.358832836151123,state,,
0.5,,,-1.1669623538550258,-1.1669623538550258,,,,,,,20.358843326568604,control,0.25,0.25
,0.000804092044812179,-0.002665629562244316,,,-0.040198036412345345,-118.27989160481283,0.013484980261638916,-6.167115186073092,-6.140330342556417,-6.153722764314754,20.369186878204346,state,,
0.5,,,-1.0836231067779252,-1.0836231067779252,,,,,,,20.369250059127808,control,0.24999999999999556,0.25000000000000444
,-0.0002838271493579576,-0.001443982947927159,,,-0.05695457844256222,-114.60611185182003,0.012362588930372695,-7.257440624387777,-7.225187099774186,-7.241313862080982,20.379770517349243,state,,
0.5,,,-1.0019506446423665,-1.0019506446423665,,,,,,,20.379781484603882,control,0.25,0.25
,0.003668274442321064,-0.004481657387226942,,,-0.06218409460042113,-108.87768813805963,0.011364132591200025,-8.257092629644314,-8.22074746724488,-8.238920048444598,20.390087366104126,state,,
0.5,,,-0.9219116317495191,-0.9219116317495191,,,,,,,20.39009737968445,control,0.2500000000000089,0.24999999999999112
,0.00737662589757095,-0.0012636301551327814,,,-0.07202293132703222,-102.22477321994299,0.01030463456452959,-9.141347668726356,-9.169219033524085,-9.15528335112522,20.4002902507782,state,,
0.5,,,-0.8434733991145287,-0.8434733991145287,,,,,,,20.400301933288574,control,0.25,0.25
,-0.003958488157849903,0.0007071331379721768,,,-0.08213958769813329,-96.22319528404601,0.009115251103830458,-10.033111220632321,-10.010883228329188,-10.021997224480755,20.41047191619873,state,,
0.5,,,-0.7666039311322381,-0.7666039311322381,,,,,,,20.410483360290527,control,0.25,0.25
,0.0034920601631080414,-0.004037269334010949,,,-0.09236612854656237,-88.26380898893713,0.007814961265026888,-10.77063510847174,-10.785280385699616,-10.77795774708568,20.42102885246277,state,,
0.5,,,-0.6912718525095933,-0.6912718525095933,,,,,,,20.42104697227478,control,0.2500000000000089,0.24999999999999112
,-0.005682537493265232,0.001332411450006935,,,-0.0995360062672491,-80.0556408062441,0.006549653028190617,-11.442752544046343,-11.453001658248855,-11.447877101147599,20.4308500289917,state,,
0.5,,,-0.6174464154594015,-0.6174464154594015,,,,,,,20.43086051940918,control,0.25,0.25
,0.00024314170312465162,0.007907462995235539,,,-0.10674494569414936,-73.25151541305024,0.0054045045791861306,-12.07195628601172,-12.072246186595708,-12.072101236303713,20.44099998474121,state,,
0.5,,,-0.5450974871502134,-0.5450974871502134,,,,,,,20.44101071357727,control,0.24999999999999112,0.2500000000000089
,-0.008332769569892994,-0.005212427763120567,,,-0.12318397713011034,-66.20857490851941,0.0036698626189000166,-12.618929915258647,-12.625260296479523,-12.622095105869086,20.451576948165894,state,,
0.5,,,-0.47419553740720916,-0.47419553740720916,,,,,,,20.451626300811768,control,0.2500000000000089,0.24999999999999112
,-0.0020518186795245785,-0.0021336281106104035,,,-0.1256988268868237,-59.260260529360785,0.0022662716060461397,-13.116704501611986,-13.091519204793482,-13.104111853202735,20.461621522903442,state,,
0.5,,,-0.40471162665906496,-0.40471162665906496,,,,,,,20.461632251739502,control,0.2500000000000089,0.24999999999999112
,-4.436567423780348e-05,-0.004445392578068141,,,-0.1239597358697746,-51.69502821511964,0.0009461276023199638,-13.497079707083518,-13.50423573993434,-13.50065772350893,20.47177529335022,state,,
0.5,,,-0.33661739412588365,-0.33661739412588365,,,,,,,20.47178602218628,control,0.2500000000000089,0.24999999999999112
,-0.003310054815551764,-0.00031591592119532,,,-0.12561579678310514,-44.81176995700066,-0.000364372202634456,-13.845121699327546,-13.833328231558776,-13.839224965443162,20.48238968849182,state,,
0.5,,,-0.26988504624336596,-0.26988504624336596,,,,,,,20.48240065574646,control,0.2500000000000089,0.24999999999999112
,-0.0003307563525014955,0.0009508030096304324,,,-0.139440828564112,-37.77269205206586,-0.0019282969523564306,-14.102464627734467,-14.10737833551731,-14.104921481625889,20.4925754070282,state,,
0.5,,,-0.20448734531849866,-0.20448734531849866,,,,,,,20.492586135864258,control,0.25,0.25
,0.003758062016053246,0.005981116286842923,,,-0.13262364862537543,-31.121076393745476,-0.002948392907690197,-14.316253647431093,-14.304283341381767,-14.31026849440643,20.503023386001587,state,,
0.5,,,-0.14039759841212868,-0.14039759841212868,,,,,,,20.503034353256226,control,0.24999999999999112,0.2500000000000089
,0.0016040799977262272,0.0036493930101475698,,,-0.13832864743470044,-23.96418286791755,-0.004258605054572979,-14.43410410133181,-14.43790554847582,-14.436004824903815,20.513550758361816,state,,
0.5,,,-0.0775896464438861,-0.0775896464438861,,,,,,,20.513561248779297,control,0.25,0.25
,-0.0023721938960864684,0.0071790406207594614,,,-0.13814638912230218,-18.31878949799324,-0.005412993302329436,-14.535091075405605,-14.523595912257557,-14.52934349383158,20.524007320404053,state,,
0.5,,,-0.016037853515008388,-0.016037853515008388,,,,,,,20.524018049240112,control,0.25,0.25
,-0.0002531625389662971,0.0011028324655974644,,,-0.14181449345632346,-12.36474121491684,-0.006737388606937799,-14.561951518794677,-14.554507050034937,-14.558229284414807,20.534271240234375,state,,
0.5,,,0.044282903555291776,0.044282903555291776,,,,,,,20.53428292274475,control,0.25,0.25
,-0.004880751390276147,-0.003922387894653272,,,-0.14428084214720116,-5.617268461905676,-0.008168411084715728,-14.504459141350333,-14.509566068313475,-14.507012604831903,20.544602394104004,state,,
0.5,,,0.10339724548418594,0.10339724548418594,,,,,,,20.544615030288696,control,0.24999999999999112,0.2500000000000089
,-0.0004947113818355856,0.006068844308925522,,,-0.1448623725841871,1.0811176429910883,-0.009329003041720843,-14.384951985300237,-14.39423461963727,-14.389593302468754,20.554847717285156,state,,
0.5,,,0.16132930057450223,0.16132930057450223,,,,,,,20.554858922958374,control,0.25,0.25
,-0.004891462610219165,0.006364891319879677,,,-0.14257949400119688,6.670899801132933,-0.010426495026992921,-14.23652863779884,-14.231311678860978,-14.233920158329909,20.565305948257446,state,,
0.5,,,0.2181027145630122,0.2181027145630122,,,,,,,20.565324544906616,control,0.25,0.25
,-0.0008138039137450039,-0.0003909541401977633,,,-0.14017861016717117,12.078775844424813,-0.011571832773636425,-14.026101009170153,-14.028025749817537,-14.027063379493846,20.57550859451294,state,,
0.5,,,0.2737406602717519,0.2737406602717519,,,,,,,20.57551908493042,control,0.2500000000000089,0.24999999999999112
,-0.009981471922906462,-0.006172227496541374,,,-0.14331731911472542,18.397491763034516,-0.012986876442826012,-13.73801203654577,-13.747033912693196,-13.742522974619483,20.585713148117065,state,,
0.5,,,0.3282658470663169,0.3282658470663169,,,,,,,20.585758924484253,control,0.25,0.25
,0.002273082922594672,-5.269675558673491e-05,,,-0.14506927327848435,24.815027438954058,-0.014164497538031878,-13.39215757001224,-13.392311325389409,-13.392234447700824,20.596286296844482,state,,
0.5,,,0.38170053012499056,0.38170053012499056,,,,,,,20.596302270889282,control,0.25,0.25
,0.003173336882869497,0.0009309330496192539,,,-0.14344281157529926,29.155382591101976,-0.015224980645832265,-13.031709513105886,-13.03149393502598,-13.031601724065933,20.60601282119751,state,,
0.5,,,0.43406651952249076,0.43406651952249076,,,,,,,20.606024503707886,control,0.25,0.25
,-0.0004429922308858195,-0.0030371120456274803,,,-0.1360049126497076,35.157901005876624,-0.016201266789781146,-12.59910279209746,-12.56987654057457,-12.584489666336015,20.61606240272522,state,,
0.5,,,0.48538518913204093,0.48538518913204093,,,,,,,20.61607074737549,control,0.25,0.25
,0.0014986753063004855,0.004256464480414917,,,-0.13216681666166205,39.685353356480235,-0.017026700000121412,-12.113791127522333,-12.117367853777775,-12.115579490650054,20.62635040283203,state,,
0.5,,,0.5356774853494001,0.5356774853494001,,,,,,,20.626360416412354,control,0.25,0.25
,-0.013657702002394627,0.0012477476672814593,,,-0.11974685744860517,45.444109830407854,-0.017748505255557868,-11.576371814937433,-11.562598057976912,-11.569484936457172,20.63682770729065,state,,
0.5,,,0.5849639356424121,0.5849639356424121,,,,,,,20.636837005615234,control,0.25,0.25
,-0.0013073604625539307,-0.0009814859959411287,,,-0.12116679877272518,50.20111212513621,-0.018635313107879442,-10.988715857928167,-10.994811686582352,-10.99176377225526,20.647398471832275,state,,
0.5,,,0.6332646569295639,0.6332646569295639,,,,,,,20.647409677505493,control,0.25,0.25
,-0.0061723733987733885,0.0036020372919183495,,,-0.10923286382181643,55.282426290353555,-0.019130171887810993,-10.351170449316365,-10.36496531602764,-10.358067882672003,20.657649278640747,state,,
0.5,,,0.6805993637909726,0.6805993637909726,,,,,,,20.657695293426514,control,0.2500000000000089,0.24999999999999112
,-0.007798444037398382,0.0011367495705832734,,,-0.10425216324066126,59.90018520034313,-0.019732630898447297,-9.68490396164248,-9.686240268388367,-9.685572115015423,20.66805338859558,state,,
0.5,,,0.7269873765151531,0.7269873765151531,,,,,,,20.66806411743164,control,0.25,0.25
,-0.013724310543553036,0.0005070824404271475,,,-0.09492963955378442,64.63723528970857,-0.020219668637488895,-8.96500246865693,-8.962612068100462,-8.963807268378696,20.678683519363403,state,,
0.5,,,0.7724476289848501,0.7724476289848501,,,,,,,20.67869544029236,control,0.25,0.25
,-0.0010971980486032644,-0.007432257025660644,,,-0.08736001514361444,70.52339071437507,-0.020703761591531533,-8.157655213787923,-8.172129362353399,-8.16489228807066,20.688828706741333,state,,
0.5,,,0.8169986764051531,0.8169986764051531,,,,,,,20.688839435577393,control,0.25,0.25
,-0.002549429865934457,0.005820420903060706,,,-0.07895451366433623,74.73096627723561,-0.020847452299359234,-7.362760991699656,-7.33847296904457,-7.350616980372113,20.699436902999878,state,,
0.5,,,0.86065870287705,0.86065870287705,,,,,,,20.699447870254517,control,0.24999999999999556,0.25000000000000444
,-0.002185024878527738,-0.0016335074285828016,,,-0.0755102247408271,78.97792307936278,-0.021167605350708465,-6.485893067389133,-6.500597598136579,-6.493245332762856,20.709893465042114,state,,
0.5,,,0.9034455288195091,0.9034455288195091,,,,,,,20.709903955459595,control,0.25,0.25
,0.0029340235783750857,-0.003313438950860725,,,-0.06612459795860418,83.03697441089403,-0.021289880264103576,-5.59957465882279,-5.596972901749655,-5.598273780286222,20.72010564804077,state,,
0.5,,,0.9453766182431189,0.9453766182431189,,,,,,,20.72011661529541,control,0.25,0.25
,0.0007922503985536681,3.566101712642889e-05,,,-0.060359971357703844,87.5087333170158,-0.021363411212848394,-4.657352593837623,-4.646679793549609,-4.6520161936936155,20.730738878250122,state,,
0.5,,,0.9864690858782565,0.9864690858782565,,,,,,,20.730749368667603,control,0.24999999999999556,0.25000000000000444
,-0.005374646755801501,-0.0013978575052344124,,,-0.052124669381765895,91.5470643969603,-0.02138865633656281,-3.6605962784754564,-3.683950750329609,-3.6722735144025327,20.74102234840393,state,,
0.5,,,1.0267397041606914,1.0267397041606914,,,,,,,20.74103355407715,control,0.25,0.25
,-0.0005697831502802212,0.00335491709528323,,,-0.04082874860853324,95.75938817071552,-0.021131013058838223,-2.649529006350012,-2.645747828941413,-2.6476384176457124,20.750553607940674,state,,
0.5,,,1.0662049100774775,1.0662049100774775,,,,,,,20.75055694580078,control,0.25,0.25
,0.0037674102658511147,0.00734319707230219,,,-0.03493056150143406,99.67002757250984,-0.020798633496641863,-1.5859499501480925,-1.5914468154040355,-1.5886983827760641,20.76083731651306,state,,
0.5,,,1.104880811875928,1.104880811875928,,,,,,,20.76084280014038,control,0.2500000000000011,0.2499999999999989
,0.008153199394898222,0.005925520363791529,,,-0.02571356149570026,104.30717193561064,-0.02032455956054938,-0.4651092450815671,-0.4785391923147058,-0.47182421869813645,20.771403312683105,state,,
0.5,,,1.1427831956384094,1.1427831956384094,,,,,,,20.771414041519165,control,0.25,0.25
,-0.0010668297099479277,-0.004014662772273597,,,-0.006625515809093527,108.10867273164095,-0.019772012959321923,0.6663011797220978,0.6732293660856483,0.669765272903873,20.781896114349365,state,,
0.5,,,1.1799275317256412,1.1799275317256412,,,,,,,20.78190588951111,control,0.25000000000000056,0.24999999999999944
,-0.006711564607399911,-0.0014374672016824125,,,0.008552882482254831,111.7006511472255,-0.01913681919624172,1.8315497468836592,1.8563300459325316,1.8439398964080955,20.79237961769104,state,,
0.5,,,1.2163289810911284,1.2163289810911284,,,,,,,20.79242515563965,control,0.2499999999999989,0.2500000000000011
,-6.847841544545122e-05,-0.0012907063263991702,,,0.015144621533024389,115.83495299090103,-0.018531589086963535,3.0614430848131424,3.0747346827520485,3.0680888837825955,20.80294156074524,state,,
0.5,,,1.2520024014693059,1.2520024014693059,,,,,,,20.802952766418457,control,0.25,0.25
,-0.003899214521307429,-0.0015736000378718262,,,0.028121801959809373,119.61348686368237,-0.017745399502732226,4.3224292391592645,4.326292734378236,4.324360986768751,20.813104391098022,state,,
-0.499990227475872,,,1.1669623534399196,1.1669623534399196,,,,,,,20.813115119934082,control,-0.24999511373794045,-0.24999511373793157
,-0.0008843767891306624,-0.001308406568874999,,,0.0401715111809023,118.48408169623573,-0.016843994327681248,5.490164834499295,5.492288689932389,5.491226762215842,20.823566198349,state,,
-0.499990227475872,,,1.0836231063711212,1.0836231063711212,,,,,,,20.82357907295227,control,-0.249995113737936,-0.249995113737936
,0.0009006458895349807,-0.001689703521270995,,,0.04889737086194705,114.5855375948779,-0.01592076821658087,6.580502480151393,6.569567283259278,6.575034881705336,20.833506107330322,state,,
-0.499990227475872,,,1.0019506442436987,1.0019506442436987,,,,,,,20.833518743515015,control,-0.249995113737936,-0.249995113737936
,-0.002728433908973986,0.015258407080551742,,,0.06508921154920341,109.04946655907929,-0.014453115921366317,7.577569010689312,7.577271469771903,7.577420240230607,20.843544721603394,state,,
-0.499990227475872,,,0.9219116313588247,0.9219116313588247,,,,,,,20.84355616569519,control,-0.24999511373793157,-0.24999511373794045
,8.084297270652917e-05,0.0007657272922164893,,,0.07257243246613991,102.41473402840334,-0.01332556657831319,8.493201409788764,8.498743655570584,8.495972532679673,20.853768348693848,state,,
-0.499990227475872,,,0.8434733987316483,0.8434733987316483,,,,,,,20.853779077529907,control,-0.24999511373792713,-0.2499951137379449
,-0.0024650042872663,-0.00029570330994469325,,,0.07345980161081725,95.98931268015218,-0.012353369071199511,9.342576936021254,9.36462686913666,9.353601902578959,20.86380887031555,state,,
-0.499990227475872,,,0.7666039307570154,0.7666039307570154,,,,,,,20.86381721496582,control,-0.2499951137379449,-0.24999511373792713
,-0.008851651584853583,-0.007846798982562405,,,0.084058923807959,87.7607138279151,-0.011332927264909264,10.097462309597253,10.1030313357082,10.100246822652727,20.87347984313965,state,,
-0.499990227475872,,,0.691271852141875,0.691271852141875,,,,,,,20.873482942581177,control,-0.249995113737936,-0.249995113737936
,0.0023823398704921088,-0.002781363119067893,,,0.09217456798418108,81.0897567337051,-0.010114589470256893,10.805451460467046,10.804494160173016,10.80497281032003,20.88344430923462,state,,
-0.499990227475872,,,0.6174464150990375,0.6174464150990375,,,,,,,20.88344717025757,control,-0.249995113737936,-0.249995113737936
,-0.0016176191677863471,0.0054946613599525925,,,0.09974942317572524,73.12868348984385,-0.008730848669561359,11.40606816515772,11.413042293463787,11.409555229310754,20.893470525741577,state,,
-0.499990227475872,,,0.5450974867970568,0.5450974867970568,,,,,,,20.89347267150879,control,-0.2499951137379449,-0.24999511373792713
,-0.004557003990677386,-0.0036673806824309863,,,0.10873787456343201,66.19567437161177,-0.007456615792603051,11.958570925091536,11.963768486628647,11.96116970586009,20.903729915618896,state,,
-0.499990227475872,,,0.47419553706111567,0.47419553706111567,,,,,,,20.903733730316162,control,-0.24999511373792713,-0.2499951137379449
,-0.0015978030024398715,-0.0019946094682614947,,,0.11883807180618128,58.78904196832609,-0.006038502560311767,12.428318048921435,12.434041770435764,12.4311799096786,20.913748264312744,state,,
-0.499990227475872,,,0.4047116263198933,0.4047116263198933,,,,,,,20.913751363754272,control,-0.249995113737936,-0.249995113737936
,-0.00969798058678796,-0.006192949519230891,,,0.12823129929657112,52.06919462745549,-0.004705852527057014,12.838478314553036,12.851366013128773,12.844922163840906,20.923975467681885,state,,
-0.499990227475872,,,0.3366173937934955,0.3366173937934955,,,,,,,20.92397975921631,control,-0.2499951137379449,-0.24999511373792713
,0.008458310859227805,-0.006419039000459948,,,0.1292373336226716,44.78762451812726,-0.0033901497857095177,13.17196981609207,13.181847426678331,13.1769086213852,20.934390783309937,state,,
-0.499990227475872,,,0.2698850459176256,0.2698850459176256,,,,,,,20.934399127960205,control,-0.249995113737936,-0.249995113737936
,0.0006561063301141125,-0.0059549458161573,,,0.13582330826031364,38.48109497728582,-0.0019985225158935375,13.461371735944477,13.461324336335645,13.46134803614006,20.944985151290894,state,,
-0.499990227475872,,,0.20448734499927307,0.20448734499927307,,,,,,,20.9449942111969,control,-0.249995113737936,-0.249995113737936
,0.0003895676669040413,0.010523615850975146,,,0.14566814470871833,31.095936260842414,-0.00018339991695108046,13.648155610124576,13.661382284324363,13.654768947224468,20.955101490020752,state,,
-0.499990227475872,,,0.14039759809928762,0.14039759809928762,,,,,,,20.95511031150818,control,-0.24999511373792713,-0.2499951137379449
,-0.0007557808907258541,-0.0015873929859194916,,,0.14083604879763306,24.418058459898617,0.0010857436456361167,13.795917602430492,13.78941800893965,13.79266780568507,20.965433597564697,state,,
-0.499990227475872,,,0.07758964613730188,0.07758964613730188,,,,,,,20.96544337272644,control,-0.24999511373792713,-0.2499951137379449
,-0.0029754108691725503,-0.009854900259023875,,,0.14051090919291048,17.41486611670149,0.002226603044066997,13.853005672929074,13.85770872500647,13.855357198967772,20.975770235061646,state,,
-0.499990227475872,,,0.016037853214555836,0.016037853214555836,,,,,,,20.975780963897705,control,-0.249995113737936,-0.249995113737936
,-0.00384876544503345,0.005546732017841654,,,0.1405773451066446,11.723377590752847,0.0036309178185413536,13.89995017741956,13.864066065839934,13.882008121629747,20.986068964004517,state,,
-0.499990227475872,,,-0.04428290384973528,-0.04428290384973528,,,,,,,20.986079216003418,control,-0.249995113737936,-0.249995113737936
,-0.005252943241658377,-0.0070730758311890775,,,0.14004853265472686,5.693585042966553,0.004747905817503147,13.834389717024195,13.85156396913486,13.842976843079526,20.996609210968018,state,,
-0.499990227475872,,,-0.10339724577274056,-0.10339724577274056,,,,,,,20.996653079986572,control,-0.24999511373792713,-0.2499951137379449
,-0.007171825620628692,0.0012607713518785826,,,0.13697128819537135,-0.6656421978173857,0.005913151253380692,13.73050414221075,13.739716210068877,13.735110176139813,21.007046222686768,state,,
-0.499990227475872,,,-0.16132930085728575,-0.16132930085728575,,,,,,,21.00705623626709,control,-0.24999511373792713,-0.2499951137379449
,-0.0010160409249400943,0.008918805951576143,,,0.13809534852381544,-6.528674912570075,0.0073195662506606845,13.5685732723801,13.584447454035649,13.576510363207873,21.01768970489502,state,,
-0.499990227475872,,,-0.21810271484014004,-0.21810271484014004,,,,,,,21.01770043373108,control,-0.24999511373792713,-0.2499951137379449
,-0.0038158549600695187,0.008060792073237354,,,0.14094793447267678,-11.466021657775165,0.008716039008882135,13.382069421541019,13.38447024366761,13.383269832604315,21.02788805961609,state,,
-0.499990227475872,,,-0.27374066054333723,-0.27374066054333723,,,,,,,21.027899265289307,control,-0.249995113737936,-0.249995113737936
,0.0011707925330571246,-0.0034262334058246455,,,0.13435297582313116,-17.795663861386366,0.009696327801333638,13.118089267845539,13.091058351193805,13.104573809519671,21.038023233413696,state,,
-0.499990227475872,,,-0.3282658473324705,-0.3282658473324705,,,,,,,21.038033962249756,control,-0.24999511373792713,-0.2499951137379449
,0.0029056314398703546,-0.0033226345361774823,,,0.12972812275220696,-24.327811443384185,0.01065722520049633,12.75367746537842,12.760989209457094,12.757333337417757,21.048625469207764,state,,
-0.499990227475872,,,-0.3817005303858211,-0.3817005303858211,,,,,,,21.04863667488098,control,-0.249995113737936,-0.249995113737936
,0.010851029548716308,0.0023608207823059553,,,0.13046794022054364,-30.1944818113768,0.011854384669923917,12.362943001015788,12.361092119880833,12.362017560448312,21.059131383895874,state,,
-0.499990227475872,,,-0.4340665197781047,-0.4340665197781047,,,,,,,21.05914282798767,control,-0.2499951137379449,-0.24999511373792713
,0.009271961412141816,0.002386540559821656,,,0.1315812234756673,-35.4625333839567,0.013033084721228695,11.93570913274624,11.911388030823424,11.923548581784832,21.06936764717102,state,,
-0.499990227475872,,,-0.48538518938254255,-0.48538518938254255,,,,,,,21.069379329681396,control,-0.249995113737936,-0.249995113737936
,-0.004668844088455052,-0.006544410655899147,,,0.13389007711706996,-40.02297824246073,0.013960091764698243,11.459784841515601,11.441689288819063,11.450737065167331,21.079578638076782,state,,
-0.499990227475872,,,-0.5356774855948917,-0.5356774855948917,,,,,,,21.079589128494263,control,-0.24999511373792713,-0.2499951137379449
,0.005055990488282412,0.0010885041847516156,,,0.1254317339612684,-44.41104429602214,0.01483170287828561,10.950834810180025,10.922741953626584,10.936788381903305,21.090070962905884,state,,
-0.499990227475872,,,-0.5849639358829939,-0.5849639358829939,,,,,,,21.090081214904785,control,-0.2499951137379449,-0.24999511373792713
,0.0008408201710051867,-0.006186590478787426,,,0.11487107701016172,-50.418758871486276,0.01538319254001676,10.334328498909226,10.33964159319359,10.336985046051408,21.10065770149231,state,,
-0.499990227475872,,,-0.633264657165334,-0.633264657165334,,,,,,,21.10066843032837,control,-0.249995113737936,-0.249995113737936
,-0.014801256887134238,0.00263765454026669,,,0.10813884834486326,-55.40149288836149,0.015965064954350294,9.702264917728305,9.705069966827716,9.703667442278011,21.111138820648193,state,,
-0.499990227475872,,,-0.6805993640220274,-0.6805993640220274,,,,,,,21.11115050315857,control,-0.249995113737936,-0.249995113737936
,0.004248007158769516,0.002919347832032533,,,0.09739668123519735,-60.433786324075506,0.016514208227549523,9.010096104161198,9.028380178836759,9.019238141498978,21.12147831916809,state,,
-0.499990227475872,,,-0.7269873767415869,-0.7269873767415869,,,,,,,21.121490716934204,control,-0.24999511373792713,-0.2499951137379449
,-0.0023408974279024385,-0.002102184752067415,,,0.09457969119544044,-65.41708809164243,0.017006183907484807,8.297185038109975,8.27432606120976,8.285755549659868,21.13202404975891,state,,
-0.499990227475872,,,-0.772447629206755,-0.772447629206755,,,,,,,21.132075548171997,control,-0.2499951137379449,-0.24999511373792713
,0.004973472333895233,0.005433871096719139,,,0.09226979700909735,-69.75276105388588,0.017667863196935977,7.525146407350472,7.513300714177361,7.519223560763916,21.142179489135742,state,,
-0.499990227475872,,,-0.8169986766226198,-0.8169986766226198,,,,,,,21.14219093322754,control,-0.249995113737936,-0.249995113737936
,0.0010735039045484257,-0.0005544693987282756,,,0.0904151266780009,-74.54454925593572,0.018165064412180573,6.687238167058286,6.7077906136297,6.6975143903439935,21.15238928794861,state,,
-0.499990227475872,,,-0.8606587030901673,-0.8606587030901673,,,,,,,21.152400016784668,control,-0.24999511373794045,-0.24999511373793157
,-0.0017309114967276852,0.0004744823214585685,,,0.08132796216313803,-78.57877628473271,0.01844873732436374,5.835666393530733,5.859373426825004,5.847519910177869,21.162962675094604,state,,
-0.499990227475872,,,-0.9034455290283641,-0.9034455290283641,,,,,,,21.162972927093506,control,-0.24999511373794045,-0.24999511373793157
,0.005304614599083997,0.0032822556078417613,,,0.07668666935560133,-83.37935380985843,0.01885499280662813,4.937348794580585,4.937296821014061,4.937322807797323,21.17309260368347,state,,
-0.499990227475872,,,-0.9453766184477967,-0.9453766184477967,,,,,,,21.17310333251953,control,-0.249995113737936,-0.249995113737936
,-0.00133185018385335,0.009421737462922741,,,0.061503644560695105,-87.1649562685403,0.019004621091356654,4.01124491004088,3.9996021114069515,4.005423510723915,21.183736562728882,state,,
-0.499990227475872,,,-0.9864690860788408,-0.9864690860788408,,,,,,,21.18374752998352,control,-0.24999511373793157,-0.24999511373794045
,-0.000427260554856008,0.0034668401576146103,,,0.054366308896849444,-91.91184943129613,0.019102940474263086,2.999371467473191,3.0221402631123753,3.010755865292783,21.194324731826782,state,,
-0.499990227475872,,,-1.026739704357264,-1.026739704357264,,,,,,,21.1943359375,control,-0.2499951137379338,-0.24999511373793823
,0.003978712268822076,0.00239514479340361,,,0.036922720003274005,-96.50018882764454,0.018880423627251737,1.9747917800545518,1.9706647948756963,1.9727282874651242,21.204586029052734,state,,
-0.499990227475872,,,-1.0662049102701188,-1.0662049102701188,,,,,,,21.20461344718933,control,-0.24999511373793712,-0.2499951137379349
,0.004460058369226093,-0.0008533000520480229,,,0.02273111187654403,-100.34231476873275,0.018517254343962442,0.9219540084966921,0.8943576039577432,0.9081558062272177,21.215068578720093,state,,
-0.499990227475872,,,-1.1048808120647164,-1.1048808120647164,,,,,,,21.215078592300415,control,-0.24999511373793656,-0.24999511373793545
,0.005524123713763743,-0.005260448442724001,,,0.0058306835028068115,-104.30814593053613,0.017879539267194516,-0.19552548435911507,-0.2005621483709486,-0.19804381636503182,21.2252938747406,state,,
-0.499990227475872,,,-1.1427831958234222,-1.1427831958234222,,,,,,,21.22530508041382,control,-0.24999511373793615,-0.24999511373793587
,-7.57674717498023e-05,0.005775330960128345,,,-0.00037747219231730553,-107.55969981771315,0.017523842246347184,-1.322129163282252,-1.3286526405768524,-1.3253909019295522,21.235905647277832,state,,
-0.499990227475872,,,-1.1799275319069538,-1.1799275319069538,,,,,,,21.235915899276733,control,-0.249995113737936,-0.249995113737936
,-0.0032983993703076006,-0.0028477305320828224,,,-0.009789483114952419,-111.81897283430223,0.016848986997226194,-2.5098081996118147,-2.5129299318469505,-2.5113690657293826,21.246498107910156,state,,
-0.499990227475872,,,-1.2163289812688147,-1.2163289812688147,,,,,,,21.246508836746216,control,-0.249995113737936,-0.249995113737936
,-0.00035461780284118486,0.006310381701219391,,,-0.017318340606052036,-115.63502121695635,0.01633514567641357,-3.7353947504504688,-3.72151239798287,-3.7284535742166693,21.25672221183777,state,,
-0.499990227475872,,,-1.2520024016434386,-1.2520024016434386,,,,,,,21.256733894348145,control,-0.249995113737936,-0.249995113737936
,0.0014706482216384968,0.0038151607068602823,,,-0.03253203423614473,-119.5224840323948,0.015529847822951588,-4.9902400006764225,-4.980858613037406,-4.985549306856914,21.267303943634033,state,,
0.5,,,-1.1669623536105698,-1.1669623536105698,,,,,,,21.267313957214355,control,0.24999999999999556,0.25000000000000444
,0.001533819867642654,-0.00707854856966283,,,-0.04511187242470638,-118.46058274214872,0.014456632365772111,-6.160017967763996,-6.146490932909142,-6.1532544503365685,21.27762484550476,state,,
0.5,,,-1.0836231065383584,-1.0836231065383584,,,,,,,21.27763795852661,control,0.24999999999999556,0.25000000000000444
,0.003476592467182158,-0.005654978069875016,,,-0.055836597280900374,-114.16971202383357,0.01336957905204864,-7.2234516257066455,-7.229868858445538,-7.2266602420760915,21.286994218826294,state,,
0.5,,,-1.0019506444075912,-1.0019506444075912,,,,,,,21.286997079849243,control,0.24999999999999556,0.25000000000000444
,-0.002885830231709634,-0.010380427418446414,,,-0.06770273957194935,-108.66011699443003,0.012035167431042298,-8.223186466020307,-8.227960501347653,-8.22557348368398,21.297216415405273,state,,
0.5,,,-0.9219116315194393,-0.9219116315194393,,,,,,,21.29721999168396,control,0.2500000000000089,0.24999999999999112
,-0.004248491564887817,-0.0014229014302288658,,,-0.07428815954199611,-102.75565958357869,0.010901486814154746,-9.164795220853977,-9.153520221543047,-9.159157721198511,21.307291507720947,state,,
0.5,,,-0.8434733988890506,-0.8434733988890506,,,,,,,21.307294368743896,control,0.24999999999999112,0.2500000000000089
,-0.0029697305101069223,0.0024496349513543443,,,-0.0851902096061874,-95.33430578919932,0.009697722037270312,-9.994774786225756,-9.993997743793399,-9.994386265009577,21.317306995391846,state,,
0.5,,,-0.7666039309112695,-0.7666039309112695,,,,,,,21.317309379577637,control,0.25,0.25
,-0.003942531366432158,-0.0054120957977583685,,,-0.09410186962562997,-88.16535796312164,0.00830852830996358,-10.753712068490408,-10.770172924133545,-10.761942496311978,21.327404022216797,state,,
0.5,,,-0.6912718522930441,-0.6912718522930441,,,,,,,21.32740616798401,control,0.2500000000000089,0.24999999999999112
,0.011720325179022266,0.0006997908434105466,,,-0.10389829831141685,-80.77821746918278,0.0070671492194158405,-11.456174208467973,-11.448135148554705,-11.452154678511338,21.337469816207886,state,,
0.5,,,-0.6174464152471832,-0.6174464152471832,,,,,,,21.337479829788208,control,0.24999999999999112,0.2500000000000089
,0.004142385756869565,0.006426010336968387,,,-0.11656660124221327,-73.48953665607559,0.005731700895304106,-12.063586719106992,-12.078507455032184,-12.071047087069587,21.34753131866455,state,,
0.5,,,-0.5450974869422396,-0.5450974869422396,,,,,,,21.34753394126892,control,0.24999999999999112,0.2500000000000089
,0.005443229716313061,0.00741809719627583,,,-0.12452422954612473,-66.13713772340662,0.004446535058051162,-12.610630449540109,-12.620172352323628,-12.61540140093187,21.357693195343018,state,,
0.5,,,-0.47419553720339475,-0.47419553720339475,,,,,,,21.35769534111023,control,0.2500000000000089,0.24999999999999112
,-0.0005113127349447888,0.0032777172976798607,,,-0.12960776322674683,-58.78987838192564,0.003060967535849631,-13.085143521383472,-13.08758631964382,-13.086364920513645,21.367971658706665,state,,
0.5,,,-0.40471162645932685,-0.40471162645932685,,,,,,,21.367974281311035,control,0.24999999999999112,0.2500000000000089
,0.002462047452947112,0.0038338519217425973,,,-0.12800431719907857,-51.803199289967296,0.0018555359166396218,-13.493578808011668,-13.492822116158576,-13.493200462085122,21.378411531448364,state,,
0.5,,,-0.3366173939301403,-0.3366173939301403,,,,,,,21.378414392471313,control,0.25,0.25
,0.01052162434453611,0.00039755803709066214,,,-0.1266840274635414,-45.0215271413268,0.0006787899870724591,-13.8303623823967,-13.840601755623126,-13.835482069009913,21.388556957244873,state,,
0.5,,,-0.26988504605153746,-0.26988504605153746,,,,,,,21.38856053352356,control,0.25,0.25
,0.0008122315246270213,0.00848409646396948,,,-0.12934980196134657,-38.43647951943985,-0.00048467330349261323,-14.131025251021965,-14.099059901482889,-14.115042576252428,21.398663997650146,state,,
0.5,,,-0.2044873451305067,-0.2044873451305067,,,,,,,21.39866805076599,control,0.2500000000000089,0.24999999999999112
,0.0026223373281251683,0.005272791803088911,,,-0.13288289461001304,-30.656228853050482,-0.001719206659482223,-14.2949227050755,-14.300633954080388,-14.297778329577945,21.408812999725342,state,,
0.5,,,-0.14039759822789658,-0.14039759822789658,,,,,,,21.408817291259766,control,0.2500000000000089,0.24999999999999112
,-0.011074581392671123,-0.0012252521324603754,,,-0.13473826331452876,-25.20675951248047,-0.0031434679966522738,-14.46948387098442,-14.456745981865188,-14.463114926424804,21.419142961502075,state,,
0.5,,,-0.07758964626333864,-0.07758964626333864,,,,,,,21.419149160385132,control,0.2500000000000089,0.24999999999999112
,0.009230767018637558,-0.002677381798019139,,,-0.1337041255939365,-17.738164205939427,-0.004360182422143902,-14.509316857321004,-14.533943507449608,-14.521630182385305,21.429486751556396,state,,
0.5,,,-0.016037853338071867,-0.016037853338071867,,,,,,,21.429495811462402,control,0.24999999999999112,0.2500000000000089
,-0.0056228162268130545,-0.006692113247728704,,,-0.13641696660305705,-11.275295123299056,-0.005822472057272075,-14.537793352120591,-14.525253402904402,-14.531523377512496,21.439661741256714,state,,
0.5,,,0.044282903728689565,0.044282903728689565,,,,,,,21.43967080116272,control,0.24999999999999112,0.2500000000000089
,0.0004472977107393165,0.006852110680497381,,,-0.14063826248421052,-5.7646107093805625,-0.0070238146494798195,-14.507738335984184,-14.495190100369499,-14.501464218176842,21.450014114379883,state,,
0.5,,,0.10339724565411577,0.10339724565411577,,,,,,,21.4500253200531,control,0.2500000000000089,0.24999999999999112
,-3.501469368591349e-05,-0.004157739855617855,,,-0.1344899789756528,0.28460797566416174,-0.00818717128778936,-14.400168841376681,-14.404514824349977,-14.402341832863328,21.459896087646484,state,,
0.5,,,0.16132930074103347,0.16132930074103347,,,,,,,21.459904193878174,control,0.24999999999999112,0.2500000000000089
,0.004294515179302599,0.0019465472763895376,,,-0.14000661439973278,6.736749255890229,-0.009417751005473169,-14.22903723183017,-14.235533413123632,-14.232285322476901,21.470070838928223,state,,
0.5,,,0.2181027147262128,0.2181027147262128,,,,,,,21.470112562179565,control,0.2500000000000089,0.24999999999999112
,-0.003083493231529067,0.0013007050780338852,,,-0.14338786192195946,12.727866091823493,-0.01069034477482143,-14.006914216523013,-14.012395934778349,-14.00965507565068,21.48065948486328,state,,
0.5,,,0.27374066043168854,0.27374066043168854,,,,,,,21.480668783187866,control,0.25,0.25
,-0.008684363249191467,0.000813442305661884,,,-0.1496944775381182,18.016596263361187,-0.01209556946809761,-13.740524882966717,-13.750107833171528,-13.745316358069122,21.490774154663086,state,,
0.5,,,0.32826584722305474,0.32826584722305474,,,,,,,21.490782737731934,control,0.24999999999999112,0.2500000000000089
,-0.008364791093758208,0.010890958464739533,,,-0.14486262339286776,23.50211916869828,-0.01306210023033257,-13.41905720775832,-13.426923507840318,-13.422990357799318,21.501336336135864,state,,
0.5,,,0.38170053027859363,0.38170053027859363,,,,,,,21.501344919204712,control,0.24999999999999112,0.2500000000000089
,-0.00766048827289356,-0.0056802219325542535,,,-0.14347807513043193,29.504961658168273,-0.014351987734734594,-13.025599185706643,-13.039205885768387,-13.032402535737514,21.5119366645813,state,,
0.5,,,0.43406651967302173,0.43406651967302173,,,,,,,21.511947870254517,control,0.24999999999999112,0.2500000000000089
,-0.0015875638140319115,0.0008246394427025154,,,-0.13281178614453557,34.662343926445544,-0.01520087804142466,-12.589432499679482,-12.617961116984471,-12.603696808331977,21.52241539955139,state,,
0.5,,,0.4853851892795613,0.4853851892795613,,,,,,,21.522425889968872,control,0.25,0.25
,-0.008777194799640188,0.00495323413428986,,,-0.12245031139296175,40.342297820506005,-0.015912739492787587,-12.113078989524672,-12.106670122974405,-12.109874556249538,21.532968997955322,state,,
0.5,,,0.5356774854939701,0.5356774854939701,,,,,,,21.532979726791382,control,0.25,0.25
,0.0013095756132830746,-0.0029974773561315493,,,-0.1190354438750415,45.27762050911035,-0.016757963883763632,-11.575313534520923,-11.581786967466956,-11.578550250993938,21.543087005615234,state,,
0.5,,,0.5849639357840908,0.5849639357840908,,,,,,,21.543127059936523,control,0.24999999999999112,0.2500000000000089
,2.208018976972382e-06,-0.007430858559129335,,,-0.11630521562473514,50.41519948416617,-0.017662242699865063,-10.998798568428558,-10.986463725994971,-10.992631147211764,21.55378532409668,state,,
0.5,,,0.6332646570684091,0.6332646570684091,,,,,,,21.55379581451416,control,0.24999999999999112,0.2500000000000089
,0.00670361147038717,-0.003489842536921429,,,-0.10809620521922411,55.64992603094525,-0.018259574456474928,-10.358420141901878,-10.347217110771894,-10.352818626336886,21.56393551826477,state,,
0.5,,,0.6805993639270409,0.6805993639270409,,,,,,,21.56394600868225,control,0.25,0.25
,-0.0016319049488477022,0.0006311913507136628,,,-0.09570845152387128,60.115230758775326,-0.01864377194546374,-9.681078989704165,-9.680118583824944,-9.680598786764556,21.57409358024597,state,,
0.5,,,0.7269873766485,0.7269873766485,,,,,,,21.574104070663452,control,0.2500000000000089,0.24999999999999112
,-0.0010127802171515576,0.0059542388733171804,,,-0.09976209351847215,65.10532981772853,-0.0192130054029264,-8.951827246896139,-8.948423943928278,-8.950125595412208,21.584288358688354,state,,
0.5,,,0.77244762911553,0.77244762911553,,,,,,,21.58429980278015,control,0.25,0.25
,-2.3459169751217613e-05,-0.0012461379990685848,,,-0.0929794345390989,69.64434071668953,-0.01966172749806116,-8.176930972028417,-8.185952200198683,-8.18144158611355,21.59461545944214,state,,
0.5,,,0.8169986765332193,0.8169986765332193,,,,,,,21.5946261882782,control,0.25,0.25
,0.000864952674361475,-0.003589743520414825,,,-0.08053046433646205,74.18152833594272,-0.019928017446630673,-7.368854105636076,-7.36597533240427,-7.367414719020173,21.604806661605835,state,,
0.5,,,0.860658703002555,0.860658703002555,,,,,,,21.60481834411621,control,0.25000000000000444,0.24999999999999556
,-0.00016822312371249926,-0.006314499687357854,,,-0.07529243203753332,79.25964460781955,-0.020308390897002107,-6.504965476087398,-6.483029608543639,-6.493997542315519,21.615381479263306,state,,
0.5,,,0.9034455289425039,0.9034455289425039,,,,,,,21.615392446517944,control,0.25000000000000444,0.24999999999999556
,0.002930740646414773,-0.004365284846517191,,,-0.0731587511467402,83.35916114014111,-0.0206494514111462,-5.596225346449035,-5.594094851297995,-5.5951600988735155,21.625599145889282,state,,
0.5,,,0.9453766183636538,0.9453766183636538,,,,,,,21.625611305236816,control,0.25000000000000444,0.24999999999999556
,0.000311917176338714,-0.009603294647250188,,,-0.059000209850888864,87.37124207309992,-0.020774102577437725,-4.667636117503865,-4.647550736268139,-4.657593426886002,21.635995149612427,state,,
0.5,,,0.9864690859963807,0.9864690859963807,,,,,,,21.63600516319275,control,0.25000000000000444,0.24999999999999556
,0.0051765708800482445,6.172373525123397e-05,,,-0.04036259162058548,92.04492405306013,-0.020428142446467384,-3.6670010950585965,-3.6585193597421686,-3.6627602274003825,21.64611840248108,state,,
0.5,,,1.026739704276453,1.026739704276453,,,,,,,21.64612865447998,control,0.25,0.25
,-0.005209126651467121,0.007545289404221178,,,-0.032894303976970414,95.9747781508636,-0.020128299107096938,-2.631209118776224,-2.649724631948196,-2.6404668753622103,21.656466722488403,state,,
0.5,,,1.066204910190924,1.066204910190924,,,,,,,21.65648102760315,control,0.2500000000000022,0.24999999999999778
,0.011903610671432113,0.004313283067714093,,,-0.03251505288761737,99.93802675151008,-0.019874211613548867,-1.5758236841258806,-1.580195410469353,-1.5780095472976168,21.66658663749695,state,,
0.5,,,1.1048808119871054,1.1048808119871054,,,,,,,21.666600465774536,control,0.25,0.25
,0.012888930682907489,0.0003336740269218354,,,-0.022481436852455752,103.76000130787975,-0.01944287623353489,-0.4781375462746086,-0.4810242935594928,-0.47958091991705065,21.67659854888916,state,,
0.5,,,1.1427831957473633,1.1427831957473633,,,,,,,21.676634311676025,control,0.24999999999999972,0.2500000000000003
,0.007993219739858984,0.0017712063142207536,,,-0.014667223537760097,108.03655290865458,-0.018987874827721622,0.6705160147153795,0.6671800689537855,0.6688480418345825,21.686748504638672,state,,
0.5,,,1.179927531832416,1.179927531832416,,,,,,,21.686761379241943,control,0.25,0.25
,-0.0036659740708958463,-0.005038350267848003,,,-0.0034118470881020725,112.62099402103658,-0.018591050913509016,1.8675676480107521,1.868475608949005,1.8680216284798785,21.6968731880188,state,,
0.5,,,1.2163289811957678,1.2163289811957678,,,,,,,21.696882486343384,control,0.2500000000000011,0.2499999999999989
,-0.010670771942388737,0.0009564672080573947,,,0.0037256705664274873,115.45235683435251,-0.01813715217415634,3.065861713417297,3.06935375771467,3.067607735565984,21.70705485343933,state,,
0.5,,,1.2520024015718525,1.2520024015718525,,,,,,,21.707063674926758,control,0.24999999999999778,0.2500000000000022
,-0.006236073884085979,0.005506265451949947,,,0.026509053107490008,119.19375607452454,-0.017107595078015934,4.3216434561618176,4.316539573091369,4.319091514626593,21.717401027679443,state,,
-0.499990227475872,,,1.1669623535404154,1.1669623535404154,,,,,,,21.71741008758545,control,-0.249995113737936,-0.249995113737936
,0.002329921152621126,0.0006880411696560289,,,0.040680669195283105,118.47406156321065,-0.016119912160662234,5.493088313678056,5.491667359041002,5.492377836359529,21.727954149246216,state,,
-0.499990227475872,,,1.0836231064696071,1.0836231064696071,,,,,,,21.72796320915222,control,-0.24999511373793157,-0.24999511373794045
,0.004538174409321456,-0.0033903676660965434,,,0.05708173366647617,114.52103053629453,-0.015015811009627051,6.570977869724467,6.578369528094615,6.574673698909541,21.738037109375,state,,
-0.499990227475872,,,1.0019506443402149,1.0019506443402149,,,,,,,21.738046884536743,control,-0.249995113737936,-0.249995113737936
,0.008801264054549614,0.0001234431605490967,,,0.05816880088937919,109.04924682557603,-0.0140650785982547,7.569120139558209,7.5870399097542816,7.578080024656245,21.748254537582397,state,,
-0.499990227475872,,,0.9219116314534106,0.9219116314534106,,,,,,,21.748321294784546,control,-0.24999511373793157,-0.24999511373794045
,0.002988130720556627,-0.006165427701519497,,,0.06453489905884412,102.35481679186627,-0.013148595324362088,8.490648350874878,8.499517708065387,8.495083029470132,21.75839877128601,state,,
-0.499990227475872,,,0.8434733988243424,0.8434733988243424,,,,,,,21.758407831192017,control,-0.249995113737936,-0.249995113737936
,0.00039075953585603827,-0.0008776980826771556,,,0.07441105895402972,95.62556556207086,-0.012020010383746909,9.341308050395105,9.347170600480746,9.344239325437925,21.768760681152344,state,,
-0.499990227475872,,,0.7666039308478556,0.7666039308478556,,,,,,,21.768770933151245,control,-0.249995113737936,-0.249995113737936
,-0.0003236818484832288,0.0006875897115624174,,,0.08100895208025766,87.56427759378542,-0.010876709593439572,10.095341276670787,10.087824160512803,10.091582718591795,21.779052734375,state,,
-0.499990227475872,,,0.6912718522308985,0.6912718522308985,,,,,,,21.7790629863739,control,-0.249995113737936,-0.249995113737936
,0.0002123444950359876,0.0008097367406214767,,,0.09468838546359834,81.28538395012168,-0.009505514565280407,10.808956570040015,10.800053154038535,10.804504862039275,21.789538860321045,state,,
-0.499990227475872,,,0.6174464151862804,0.6174464151862804,,,,,,,21.789549112319946,control,-0.249995113737936,-0.249995113737936
,0.004123329839164129,-0.0028711644466453885,,,0.10490376596334641,73.30215696198323,-0.008154964729696583,11.413220750486602,11.407718105434244,11.410469427960422,21.800032138824463,state,,
-0.499990227475872,,,0.5450974868825549,0.5450974868825549,,,,,,,21.800042867660522,control,-0.24999511373792713,-0.2499951137379449
,-0.005248741347911924,-2.0326294093656805e-05,,,0.10885365509396353,66.51347923875412,-0.006907116263387,11.97743333001264,11.957684787341336,11.967559058676988,21.810282230377197,state,,
-0.499990227475872,,,0.47419553714490376,0.47419553714490376,,,,,,,21.810293436050415,control,-0.249995113737936,-0.249995113737936
,-0.009055397286572568,-0.004656763868852044,,,0.11887508575175229,59.169231844982654,-0.005605687407838331,12.445141756015724,12.439586343036206,12.442364049525965,21.82093834877014,state,,
-0.499990227475872,,,0.4047116264020057,0.4047116264020057,,,,,,,21.8209490776062,control,-0.249995113737936,-0.249995113737936
,-0.0023719288737686635,-0.0030617174716041883,,,0.11756148886406687,51.78918706908581,-0.004440692068867609,12.836415981884988,12.849181737283956,12.842798859584473,21.831250429153442,state,,
-0.499990227475872,,,0.33661739387396555,0.33661739387396555,,,,,,,21.83126449584961,control,-0.2499951137379449,-0.24999511373792713
,0.006116573356749163,-0.001313017904877338,,,0.11972790750361492,44.36820618012808,-0.0031279637426016994,13.1719908443716,13.164753840186284,13.168372342278943,21.841733932495117,state,,
-0.499990227475872,,,0.2698850459964862,0.2698850459964862,,,,,,,21.84174418449402,control,-0.2499951137379449,-0.24999511373792713
,-0.0012661134302652786,-0.001513994649424203,,,0.12130595808662842,38.126969673859826,-0.0018937712374711816,13.450936332482401,13.449683017357044,13.450309674919723,21.851969480514526,state,,
-0.499990227475872,,,0.20448734507655647,0.20448734507655647,,,,,,,21.85197949409485,control,-0.249995113737936,-0.249995113737936
,-0.007408549803355549,-0.003235084503131387,,,0.12766140727535485,30.94185171895787,-0.0006250499215012461,13.646826053410084,13.643920922964325,13.645373488187204,21.862422943115234,state,,
-0.499990227475872,,,0.14039759817502534,0.14039759817502534,,,,,,,21.862433671951294,control,-0.24999511373792713,-0.2499951137379449
,-0.0015214862443936037,0.003344464231682347,,,0.13187365469532286,24.470796338129496,0.000792056242696353,13.790878553040383,13.783304259920568,13.787091406480474,21.872949600219727,state,,
-0.499990227475872,,,0.07758964621152484,0.07758964621152484,,,,,,,21.87296462059021,control,-0.24999511373792713,-0.2499951137379449
,-0.008092281923845967,-0.004027012320801908,,,0.13440569713446754,18.51586258433609,0.001993736304399958,13.886206951740752,13.868741684366722,13.877474318053736,21.883474111557007,state,,
-0.499990227475872,,,0.016037853287294346,0.016037853287294346,,,,,,,21.88351798057556,control,-0.24999511373792713,-0.2499951137379449
,-0.0007045264753210399,-0.0024515047666085997,,,0.13302786854987664,12.03545753879872,0.0031810283759761,13.900027049144112,13.889353038492347,13.89469004381823,21.89369249343872,state,,
-0.499990227475872,,,-0.04428290377845154,-0.04428290377845154,,,,,,,21.893703937530518,control,-0.249995113737936,-0.249995113737936
,0.002233355522704984,0.01077541670818863,,,0.1314249979605035,4.766261040190722,0.0045927962579696375,13.834793845048953,13.81852575237937,13.82665979871416,21.903954029083252,state,,
-0.499990227475872,,,-0.1033972457028825,-0.1033972457028825,,,,,,,21.90396475791931,control,-0.24999511373792713,-0.2499951137379449
,-0.0011156050226013348,-0.002004787562275787,,,0.13165446955600452,-0.43835221193745744,0.00574495909310509,13.74073730476992,13.738147263228095,13.739442283999008,21.91408061981201,state,,
-0.499990227475872,,,-0.16132930078882485,-0.16132930078882485,,,,,,,21.914090156555176,control,-0.249995113737936,-0.249995113737936
,0.002803387426730038,-0.003647319835529497,,,0.13824191899100363,-6.521751111402283,0.00703641071545368,13.579377201049223,13.575431743590824,13.577404472320023,21.924376964569092,state,,
-0.499990227475872,,,-0.21810271477304835,-0.21810271477304835,,,,,,,21.924392700195312,control,-0.24999511373792713,-0.2499951137379449
,0.007529854481569769,-0.00166119841871954,,,0.13369505720699543,-12.061404585491616,0.008155798819106785,13.367746429671184,13.369501776575529,13.368624103123356,21.93435549736023,state,,
-0.499990227475872,,,-0.2737406604775874,-0.2737406604775874,,,,,,,21.934366464614868,control,-0.24999511373792713,-0.2499951137379449
,0.002530926214060092,-0.003107683204996109,,,0.13766883536432623,-18.551978607911167,0.009360648524033883,13.065805136382,13.093802109872104,13.079803623127052,21.944568634033203,state,,
-0.499990227475872,,,-0.32826584726803565,-0.32826584726803565,,,,,,,21.944578886032104,control,-0.249995113737936,-0.249995113737936
,0.0023714095874181967,0.00893053493884443,,,0.13215076827686933,-23.847059032854588,0.010561637355777573,12.761946801920848,12.752171618936389,12.757059210428618,21.95479965209961,state,,
-0.499990227475872,,,-0.3817005303226749,-0.3817005303226749,,,,,,,21.954813957214355,control,-0.249995113737936,-0.249995113737936
,0.011100143278734135,0.009037404394851708,,,0.133999528408906,-29.41252427584756,0.011938445945099267,12.38337176190932,12.36534191262527,12.374356837267296,21.964757442474365,state,,
-0.499990227475872,,,-0.4340665197162214,-0.4340665197162214,,,,,,,21.964766025543213,control,-0.2499951137379449,-0.24999511373792713
,0.0034901785188587563,-0.003838862966691764,,,0.12357788025313356,-34.8632255117554,0.012698570708297406,11.93843000519797,11.939517950099148,11.938973977648558,21.97502875328064,state,,
-0.499990227475872,,,-0.48538518932189695,-0.48538518932189695,,,,,,,21.975040197372437,control,-0.24999511373792713,-0.2499951137379449
,0.005790477685109595,-0.002809068125434585,,,0.11893359304168083,-40.13482351167144,0.013524298529079607,11.45578477881764,11.451666530310051,11.453725654563845,21.985613107681274,state,,
-0.499990227475872,,,-0.535677485535459,-0.535677485535459,,,,,,,21.985623836517334,control,-0.249995113737936,-0.249995113737936
,0.004095047087288554,-0.011259885429800333,,,0.11476283235161308,-45.684946652170794,0.014130502939117336,10.902313650796422,10.914772818772015,10.908543234784219,21.995909452438354,state,,
-0.499990227475872,,,-0.5849639358247498,-0.5849639358247498,,,,,,,21.995919466018677,control,-0.249995113737936,-0.249995113737936
,0.006601866274486369,0.009552723108916378,,,0.11477228043928286,-50.020777027216084,0.01519497596300949,10.332714838642218,10.34594232306261,10.339328580852413,22.006025791168213,state,,
-0.499990227475872,,,-0.6332646571082547,-0.6332646571082547,,,,,,,22.006036281585693,control,-0.24999511373792713,-0.2499951137379449
,-0.013021393606509208,-0.003473460153285132,,,0.10556831059180258,-55.205677383897594,0.015616609177425148,9.695617347011543,9.713885762774373,9.704751554892958,22.016284227371216,state,,
-0.499990227475872,,,-0.6805993639660897,-0.6805993639660897,,,,,,,22.016294956207275,control,-0.249995113737936,-0.249995113737936
,0.0066321241037404065,0.0052224202522967835,,,0.09192806092041045,-60.48872603289078,0.01613440291617635,9.021161635759325,9.01040229195233,9.015781963855828,22.02644658088684,state,,
-0.499990227475872,,,-0.7269873766867678,-0.7269873766867678,,,,,,,22.02645754814148,control,-0.249995113737936,-0.249995113737936
,0.002506875581304498,-0.004456813227862398,,,0.08661455462809353,-64.9922285240085,0.016509261740397494,8.299557238424658,8.28881118226922,8.294184210346938,22.036620616912842,state,,
-0.499990227475872,,,-0.7724476291530324,-0.7724476291530324,,,,,,,22.036631107330322,control,-0.24999511373792713,-0.2499951137379449
,0.0014667634645884628,-0.00768264397372123,,,0.07643561292717296,-70.00261830637194,0.016633354734123335,7.505036998253566,7.523793396176818,7.514415197215191,22.047069549560547,state,,
-0.499990227475872,,,-0.8169986765699717,-0.8169986765699717,,,,,,,22.047080039978027,control,-0.24999511373793157,-0.24999511373794045
,-0.0022117157600473366,-0.00029917534222984065,,,0.07461765315930882,-74.31783725954948,0.016977342152117495,6.704191868993419,6.700924094861567,6.702557981927493,22.057302713394165,state,,
-0.499990227475872,,,-0.8606587030385722,-0.8606587030385722,,,,,,,22.057313680648804,control,-0.24999511373793157,-0.24999511373794045
,-0.0014477342365174296,-0.001847659447604107,,,0.07000662582919896,-78.62574830734118,0.017202617848376425,5.841925300843565,5.853550629333349,5.847737965088458,22.067932844161987,state,,
-0.499990227475872,,,-0.9034455289778007,-0.9034455289778007,,,,,,,22.067943811416626,control,-0.24999511373794045,-0.24999511373793157
,-0.001891307169322743,0.00046344164835078266,,,0.06536095660664573,-83.26238471990271,0.017416941449270886,4.9412536856354885,4.941385829267564,4.941319757451526,22.078237771987915,state,,
-0.499990227475872,,,-0.9453766183982446,-0.9453766183982446,,,,,,,22.078251361846924,control,-0.249995113737936,-0.249995113737936
,-0.0042028289771949565,-0.009978086608067586,,,0.053925666126147326,-87.62488882904972,0.017197949891497297,3.9884639841821583,4.00281493549401,3.995639459838084,22.088342428207397,state,,
-0.499990227475872,,,-0.9864690860302796,-0.9864690860302796,,,,,,,22.0883891582489,control,-0.249995113737936,-0.249995113737936
,0.0012995149747485127,0.006793180960909413,,,0.05413084794430116,-91.90050985752542,0.01751921254503486,3.0132137826680867,3.003957695563661,3.008585739115874,22.098973989486694,state,,
-0.499990227475872,,,-1.026739704309674,-1.026739704309674,,,,,,,22.098984718322754,control,-0.249995113737936,-0.249995113737936
,-0.0005244938333381125,0.0014561282080791161,,,0.04049004708775082,-96.05280686431314,0.017371756772933594,1.9671507501287795,1.9967928720535155,1.9819718110911475,22.109034061431885,state,,
-0.499990227475872,,,-1.0662049102234805,-1.0662049102234805,,,,,,,22.109044313430786,control,-0.249995113737936,-0.249995113737936
,-0.0011482967214406763,-0.009674176128462475,,,0.02847345168555551,-99.92767591482648,0.016923502459036024,0.9202315299417368,0.9218176612994292,0.921024595620583,22.11959433555603,state,,
-0.499990227475872,,,-1.104880812019011,-1.104880812019011,,,,,,,22.11960482597351,control,-0.249995113737936,-0.249995113737936
,0.0030428836795119785,0.0006005362277056338,,,0.01041311934013776,-104.42796132755305,0.016434884619765434,-0.1990093069504508,-0.19074926211140095,-0.19487928453092587,22.1300790309906,state,,
-0.499990227475872,,,-1.1427831957786307,-1.1427831957786307,,,,,,,22.130089044570923,control,-0.249995113737936,-0.249995113737936
,-0.005964987313463946,-0.0013241826403034892,,,-0.009506578253967425,-107.73198826882357,0.015629175320043612,-1.3141961177112358,-1.3353726606894876,-1.3247843892003617,22.14031219482422,state,,
-0.499990227475872,,,-1.1799275318630582,-1.1799275318630582,,,,,,,22.14032244682312,control,-0.249995113737936,-0.249995113737936
,-0.011071902508157976,0.0054921314650967865,,,-0.02089887809487591,-112.0579852435798,0.01494958162480778,-2.5265209826802915,-2.5019082610586345,-2.514214621869463,22.150827169418335,state,,
-0.499990227475872,,,-1.2163289812257971,-1.2163289812257971,,,,,,,22.150837421417236,control,-0.249995113737936,-0.249995113737936
,0.009429875915318516,-0.004711208131249312,,,-0.027716477295608173,-116.14591418884584,0.014250931908289617,-3.7466689390626384,-3.7348014081827103,-3.7407351736226744,22.160987854003906,state,,
-0.499990227475872,,,-1.2520024016012812,-1.2520024016012812,,,,,,,22.16099786758423,control,-0.249995113737936,-0.249995113737936
,-0.004406724208878874,-0.0012293323409467147,,,-0.039105482750819355,-119.06981349999212,0.01334522299088289,-4.978963676005456,-4.976973546934118,-4.977968611469787,22.171406269073486,state,,
0.5,,,-1.1669623535692555,-1.1669623535692555,,,,,,,22.171419620513916,control,0.25000000000000444,0.24999999999999556
,0.005605157425334628,-0.008374885636206487,,,-0.04661682979239001,-118.11873873494723,0.012386174400495494,-6.148538371795996,-6.139499975821152,-6.144019173808574,22.18119525909424,state,,
0.5,,,-1.0836231064978703,-1.0836231064978703,,,,,,,22.181232929229736,control,0.25,0.25
,-0.001391905057851428,0.002055697806504848,,,-0.05549928296701977,-114.74342244306192,0.011479591542199014,-7.2286660147341015,-7.246801127273854,-7.237733571003978,22.191737413406372,state,,
0.5,,,-1.001950644367913,-1.001950644367913,,,,,,,22.191746473312378,control,0.25,0.25
,0.005579206065859054,-0.006719890438034431,,,-0.062877778859922,-108.39409356367369,0.010431110111231707,-8.218341299825934,-8.222902298161344,-8.220621798993639,22.20241665840149,state,,
0.5,,,-0.9219116314805547,-0.9219116314805547,,,,,,,22.202427625656128,control,0.25,0.25
,0.0026859602631554005,-0.004860556127531033,,,-0.0711623861385916,-102.6357972272623,0.009321312852208,-9.144487383028629,-9.16617989435833,-9.15533363869348,22.212863206863403,state,,
0.5,,,-0.8434733988509435,-0.8434733988509435,,,,,,,22.212873458862305,control,0.25,0.25
,-0.004270979724768206,-0.0033352918251278348,,,-0.08340448897040155,-95.43877321133549,0.008028661736712496,-9.99903769129388,-9.99131666078262,-9.99517717603825,22.22302222251892,state,,
0.5,,,-0.7666039308739245,-0.7666039308739245,,,,,,,22.223065853118896,control,0.2500000000000089,0.24999999999999112
,0.002758888656142934,0.0022979159708105103,,,-0.09601921895852511,-88.35476655888118,0.006789249949287422,-10.765160941876381,-10.766797806250947,-10.765979374063665,22.233646869659424,state,,
0.5,,,-0.691271852256446,-0.691271852256446,,,,,,,22.233657360076904,control,0.2500000000000089,0.24999999999999112
,-0.0023075072817712915,-0.005304233470446884,,,-0.1102901885752923,-80.65964181283978,0.005230137605012015,-11.43821412953408,-11.461994026641795,-11.450104078087938,22.243870973587036,state,,
0.5,,,-0.617446415211317,-0.617446415211317,,,,,,,22.243881225585938,control,0.25,0.25
,0.004417705888996259,0.004589695948330257,,,-0.11432604687646669,-73.89070124822295,0.004055974301344209,-12.081046079950767,-12.081514031118767,-12.081280055534766,22.254497528076172,state,,
0.5,,,-0.5450974869070906,-0.5450974869070906,,,,,,,22.25450825691223,control,0.24999999999999112,0.2500000000000089
,-0.004692918368372765,-0.0006761213351813612,,,-0.12203394720861391,-66.07748212282254,0.0026070275335055315,-12.616533756196779,-12.618873508275682,-12.61770363223623,22.26497220993042,state,,
0.5,,,-0.47419553716894874,-0.47419553716894874,,,,,,,22.26498246192932,control,0.25,0.25
,-4.8831270000389824e-05,0.004380493365320109,,,-0.12132314852818102,-58.880543545164024,0.0014537279198471636,-13.105231573445046,-13.078700891978075,-13.09196623271156,22.275550603866577,state,,
0.5,,,-0.40471162642556974,-0.40471162642556974,,,,,,,22.27556085586548,control,0.24999999999999112,0.2500000000000089
,0.00297179711544123,0.0028103311021548476,,,-0.12593141960565424,-51.92819752642173,0.0001886502130663708,-13.50631997090488,-13.494876398053057,-13.500598184478967,22.28578519821167,state,,
0.5,,,-0.33661739389705836,-0.33661739389705836,,,,,,,22.28579568862915,control,0.24999999999999112,0.2500000000000089
,-0.009541844594925675,-0.0037473246329900794,,,-0.1332421037131617,-44.5198826368709,-0.0013796422853569208,-13.832271516249063,-13.823508518515629,-13.827890017382346,22.29625368118286,state,,
0.5,,,-0.26988504601911717,-0.26988504601911717,,,,,,,22.296297550201416,control,0.25,0.25
,0.000599345251190298,0.007041905891766999,,,-0.13823005583901923,-38.578808087602184,-0.0026535449373459616,-14.118150337921255,-14.120095582236765,-14.119122960079011,22.306645154953003,state,,
0.5,,,-0.20448734509873484,-0.20448734509873484,,,,,,,22.30665612220764,control,0.2500000000000089,0.24999999999999112
,0.006405091040310186,0.000503234735199512,,,-0.14010220093886316,-30.91460712266611,-0.00395001481951997,-14.29810599462642,-14.314472974301076,-14.306289484463747,22.317166566848755,state,,
0.5,,,-0.14039759819676015,-0.14039759819676015,,,,,,,22.317176818847656,control,0.24999999999999112,0.2500000000000089
,-0.0005460096453235462,-0.0035779505301950752,,,-0.14370372431423933,-24.62236137535688,-0.005410240852532725,-14.453940508628797,-14.45079728503919,-14.452368896833994,22.32777976989746,state,,
0.5,,,-0.07758964623282494,-0.07758964623282494,,,,,,,22.32779026031494,control,0.25,0.25
,-0.001234415095764135,0.001405620747679097,,,-0.150659304635681,-18.109654955828578,-0.006874311648727871,-14.53132350544312,-14.528301503426587,-14.529812504434855,22.33816432952881,state,,
0.5,,,-0.01603785330816844,-0.01603785330816844,,,,,,,22.33817458152771,control,0.2500000000000089,0.24999999999999112
,0.0003599851370297407,-0.0030102207894528816,,,-0.1545425358485523,-11.607309681638958,-0.008369393910367694,-14.547521649878448,-14.537273474208538,-14.542397562043494,22.34854555130005,state,,
0.5,,,0.04428290375799493,0.04428290375799493,,,,,,,22.34855604171753,control,0.2500000000000089,0.24999999999999112
,-0.00014739821470443059,0.003326102087968161,,,-0.1459652814271412,-5.238840926627996,-0.009442275127978034,-14.490709764053008,-14.496147522109283,-14.493428643081145,22.358952045440674,state,,
0.5,,,0.10339724568283504,0.10339724568283504,,,,,,,22.358962535858154,control,0.25,0.25
,0.0002637614465361465,-0.0015549237927807195,,,-0.14165695821323487,0.6897395895850562,-0.01060564481893657,-14.390510043996883,-14.393839871438985,-14.392174957717934,22.369157552719116,state,,
0.5,,,0.16132930076917834,0.16132930076917834,,,,,,,22.3691668510437,control,0.25,0.25
,-0.004691184986821998,0.005903369153401895,,,-0.13845791931812312,6.49937402620693,-0.011630005642058803,-14.236311699618396,-14.233124327664282,-14.234718013641338,22.379634618759155,state,,
0.5,,,0.21810271475379478,0.21810271475379478,,,,,,,22.37964415550232,control,0.24999999999999112,0.2500000000000089
,0.004602117403210164,0.0024100508967782744,,,-0.13817661737276998,12.400959997207561,-0.012672471345255764,-14.019987432004475,-14.013576079460742,-14.016781755732609,22.38997507095337,state,,
0.5,,,0.27374066045871887,0.27374066045871887,,,,,,,22.38998508453369,control,0.25,0.25
,-0.0036530548757237784,-0.0035008847605487174,,,-0.13240281144112426,18.28151923500422,-0.013722918038545232,-13.741923670356869,-13.738825442240257,-13.740374556298562,22.400062084197998,state,,
0.5,,,0.3282658472495445,0.3282658472495445,,,,,,,22.40007185935974,control,0.24999999999999112,0.2500000000000089
,-0.0053676723044003075,-0.0038643024736877813,,,-0.12926715252498588,23.51027991462459,-0.014782258362171207,-13.4199121397073,-13.42419475291611,-13.422053446311704,22.41028070449829,state,,
0.5,,,0.3817005303045536,0.3817005303045536,,,,,,,22.410292148590088,control,0.24999999999999112,0.2500000000000089
,-0.010374341891170655,0.0015942804832013015,,,-0.1262364443838007,29.447967144928747,-0.015728173143400876,-13.014908317315253,-13.051236777762274,-13.033072547538763,22.42040205001831,state,,
0.5,,,0.4340665196984625,0.4340665196984625,,,,,,,22.42040514945984,control,0.25,0.25
,-0.0008323514705015411,-0.002484888160580426,,,-0.12923619229114672,35.18126924500943,-0.016783497428198603,-12.589064409131389,-12.590958627152554,-12.59001151814197,22.430105686187744,state,,
0.5,,,0.48538518930449326,0.48538518930449326,,,,,,,22.43011164665222,control,0.24999999999999112,0.2500000000000089
,-0.00014249234549203792,-0.0039045437588244238,,,-0.12947514174490005,39.760666391636875,-0.017798234447012288,-12.105567223170722,-12.133475746827147,-12.119521484998934,22.440333127975464,state,,
0.5,,,0.5356774855184034,0.5356774855184034,,,,,,,22.440337657928467,control,0.25,0.25
,0.010117234872458207,-0.000996190085018643,,,-0.11787076976779189,45.12054572295588,-0.018364017299022706,-11.585292442964658,-11.580729354582992,-11.583010898773825,22.45066809654236,state,,
0.5,,,0.5849639358080354,0.5849639358080354,,,,,,,22.45067596435547,control,0.25,0.25
,-0.0021081581648036037,0.0009194333748933744,,,-0.11294065420650133,50.299318288831486,-0.01902950467485145,-10.994993585227219,-11.000196395942243,-10.99759499058473,22.460904121398926,state,,
0.5,,,0.6332646570918747,0.6332646570918747,,,,,,,22.460912704467773,control,0.24999999999999112,0.2500000000000089
,-0.0014616445040206997,-0.005358731663458756,,,-0.10247396665643894,55.045383105636944,-0.019604534245870695,-10.380257584213895,-10.362952799677002,-10.371605191945449,22.470996379852295,state,,
0.5,,,0.6805993639500372,0.6805993639500372,,,,,,,22.471004724502563,control,0.25,0.25
,-0.0038873601572264765,0.0009374035457332479,,,-0.09833014122265984,60.831626326476055,-0.020127174050581224,-9.66965750362817,-9.672738511627502,-9.671198007627837,22.481159687042236,state,,
0.5,,,0.7269873766710364,0.7269873766710364,,,,,,,22.481168508529663,control,0.2500000000000089,0.24999999999999112
,0.008909836299637914,0.0002886274275316181,,,-0.09504404754499839,64.98856893147854,-0.020537527822658136,-8.959193139342874,-8.95111190453614,-8.955152521939507,22.49182653427124,state,,
0.5,,,0.7724476291376157,0.7724476291376157,,,,,,,22.49183678627014,control,0.25,0.25
,0.0005293332777553287,0.006899323065049868,,,-0.08823171210284236,69.47076272865704,-0.020757405466349698,-8.185453658178105,-8.192763471384408,-8.189108564781257,22.50228261947632,state,,
0.5,,,0.8169986765548634,0.8169986765548634,,,,,,,22.502294301986694,control,0.2500000000000089,0.24999999999999112
,-0.006473707289338294,-0.0003040130819029659,,,-0.08913864261337207,74.68705786393382,-0.021287952164480987,-7.357517564520126,-7.36091857668261,-7.359218070601369,22.512858629226685,state,,
0.5,,,0.860658703023766,0.860658703023766,,,,,,,22.512869358062744,control,0.25000000000000444,0.24999999999999556
,-0.0033198608099059197,-0.001984964328818538,,,-0.08381929027152944,78.5969307182318,-0.021666434091264588,-6.4985504039292294,-6.523492004584403,-6.511021204256816,22.52338218688965,state,,
0.5,,,0.9034455289632908,0.9034455289632908,,,,,,,22.523392915725708,control,0.25,0.25
,0.008404131727346676,0.00034682438228447884,,,-0.07449783143924346,83.45713600129916,-0.021753190630257976,-5.611256520291526,-5.586938029147821,-5.599097274719673,22.533793449401855,state,,
0.5,,,0.9453766183840249,0.9453766183840249,,,,,,,22.533803462982178,control,0.24999999999999556,0.25000000000000444
,0.007977043452313178,0.005740680541849816,,,-0.0694774154425404,88.21802637980974,-0.021759107057725307,-4.640608718423154,-4.6416814559682775,-4.641145087195715,22.54400634765625,state,,
0.5,,,0.9864690860163443,0.9864690860163443,,,,,,,22.544021129608154,control,0.24999999999999556,0.25000000000000444
,-0.0058086767071546235,-0.0030143966004098845,,,-0.059183017575185876,91.99388230513327,-0.021846736249413946,-3.6632331791981407,-3.6589901221070127,-3.6611116506525767,22.554624795913696,state,,
0.5,,,1.0267397042960174,1.0267397042960174,,,,,,,22.554636478424072,control,0.25,0.25
,-0.004838201316295881,-0.003441615879454652,,,-0.04361588373120071,96.52672716519236,-0.021698539862770313,-2.625049479988579,-2.6223543448633087,-2.6237019124259437,22.565003633499146,state,,
0.5,,,1.066204910210097,1.066204910210097,,,,,,,22.565014362335205,control,0.25,0.25
,0.00368769790289836,0.003471196575987979,,,-0.028460860261107418,99.1225776386865,-0.021219519441139197,-1.5924362133740115,-1.5898875718273395,-1.5911618926006756,22.57528257369995,state,,
0.5,,,1.104880812005895,1.104880812005895,,,,,,,22.575294017791748,control,0.2500000000000011,0.2499999999999989
,0.008523021881254896,0.0009008643154226862,,,-0.023694562443752898,104.36854679881571,-0.020877218566237452,-0.46172280930110543,-0.46624565529549045,-0.46398423229829794,22.585466146469116,state,,
0.5,,,1.1427831957657772,1.1427831957657772,,,,,,,22.585476636886597,control,0.25,0.25
,-0.0025338955399145757,-0.0004978483905529809,,,-0.012749984603054293,108.12365425913666,-0.020446245236737486,0.6816630658510853,0.6723703375653183,0.6770167017082018,22.59566569328308,state,,
0.5,,,1.1799275318504618,1.1799275318504618,,,,,,,22.595675945281982,control,0.24999999999999944,0.25000000000000056
,-0.0031299733819451924,-0.011468695783070275,,,0.000741465393439833,111.67305468877622,-0.02006010220586858,1.843014482836853,1.8574609390330017,1.8502377109349273,22.60613465309143,state,,
0.5,,,1.2163289812134526,1.2163289812134526,,,,,,,22.606144428253174,control,0.2500000000000011,0.2499999999999989
,-0.002864685802500538,-0.0007442183436625235,,,0.008827415577385136,115.5661331002095,-0.019485631248129767,3.0767408993544043,3.05897771912443,3.067859309239417,22.616427898406982,state,,
0.5,,,1.2520024015891835,1.2520024015891835,,,,,,,22.616443634033203,control,0.25,0.25
,-0.004645736667910549,0.0022737893582269854,,,0.025826352925771866,118.95781478172962,-0.01857422893659605,4.3170566145760425,4.305778880539017,4.311417747557529,22.626922130584717,state,,
-0.499990227475872,,,1.1669623535573999,1.1669623535573999,,,,,,,22.626934051513672,control,-0.24999511373793157,-0.24999511373794045
,0.0023476735141968815,0.005981934715580001,,,0.03637367223238035,118.09638937353233,-0.017557513741147227,5.470316052739802,5.487027207481993,5.478671630110897,22.637529611587524,state,,
-0.499990227475872,,,1.0836231064862518,1.0836231064862518,,,,,,,22.637576580047607,control,-0.24999511373793157,-0.24999511373794045
,0.005141999183660853,-0.002448823896855446,,,0.03878921882509877,114.50547191458448,-0.01680009277885906,6.569248317462041,6.563901928286135,6.566575122874088,22.64803910255432,state,,
-0.499990227475872,,,1.0019506443565267,1.0019506443565267,,,,,,,22.648050546646118,control,-0.24999511373794045,-0.24999511373793157
,-0.00322070194786079,0.006417687982536221,,,0.055283276050321795,109.09702075869953,-0.015574062940671258,7.567909982058809,7.575024331677326,7.571467156868067,22.65860652923584,state,,
-0.499990227475872,,,0.9219116314693963,0.9219116314693963,,,,,,,22.658618450164795,control,-0.249995113737936,-0.249995113737936
,0.009046943918038532,-0.0012588661148927377,,,0.06552864363774755,102.738223247607,-0.01442103930658076,8.502613594066341,8.49267837341977,8.497645983743055,22.66875958442688,state,,
-0.499990227475872,,,0.8434733988400083,0.8434733988400083,,,,,,,22.668771743774414,control,-0.249995113737936,-0.249995113737936
,-0.009292397494504267,0.005222219050337287,,,0.08004434083128079,95.5889051666845,-0.013098087672332665,9.34732158403922,9.332178624317567,9.339750104178393,22.679040670394897,state,,
-0.499990227475872,,,0.766603930863208,0.766603930863208,,,,,,,22.679051160812378,control,-0.24999511373792713,-0.2499951137379449
,-0.005701803395873957,0.003058025341957799,,,0.09338198963544353,88.20501841534195,-0.011702778155316724,10.102981685117376,10.105582476404864,10.10428208076112,22.689258813858032,state,,
-0.499990227475872,,,0.6912718522459438,0.6912718522459438,,,,,,,22.689270734786987,control,-0.249995113737936,-0.249995113737936
,-0.001392250679410344,-0.003874861237047571,,,0.1002302240672748,81.08243151965767,-0.010466208641791845,10.795877803252376,10.807616006253074,10.801746904752726,22.69971537590027,state,,
-0.499990227475872,,,0.6174464152010248,0.6174464152010248,,,,,,,22.699727535247803,control,-0.2499951137379449,-0.24999511373792713
,0.004761081676111468,0.003361443347440344,,,0.10647272743512783,72.98966414367553,-0.009022561076644274,11.412516822748925,11.39316948339396,11.402843153071442,22.71006727218628,state,,
-0.499990227475872,,,0.5450974868970044,0.5450974868970044,,,,,,,22.710078954696655,control,-0.249995113737936,-0.249995113737936
,6.33015863267055e-05,0.008449360761754973,,,0.11623880513797635,66.5147684503453,-0.0073975350425920005,11.964665997020672,11.965213347009533,11.964939672015102,22.720728635787964,state,,
-0.499990227475872,,,0.4741955371590643,0.4741955371590643,,,,,,,22.720741033554077,control,-0.249995113737936,-0.249995113737936
,-0.010290853531478598,-3.826394916616139e-05,,,0.11579331917372465,59.10657839633702,-0.006203166900980446,12.428268023130032,12.447932875534985,12.43810044933251,22.731508493423462,state,,
-0.499990227475872,,,0.40471162641588304,0.40471162641588304,,,,,,,22.73152184486389,control,-0.2499951137379449,-0.24999511373792713
,0.0020271695075304973,0.0004072631545090835,,,0.1189451435242033,52.16304799311613,-0.00484592112238634,12.85290598615095,12.845536435140101,12.849221210645524,22.74153733253479,state,,
-0.499990227475872,,,0.3366173938875654,0.3366173938875654,,,,,,,22.741548776626587,control,-0.24999511373792713,-0.2499951137379449
,-0.005931909128824245,-0.005031511855029818,,,0.12643007766198056,45.42606188989007,-0.00353499766076102,13.196767852727099,13.195750878387782,13.196259365557442,22.751078128814697,state,,
-0.499990227475872,,,0.2698850460098141,0.2698850460098141,,,,,,,22.751081705093384,control,-0.2499951137379449,-0.24999511373792713
,-0.006457416420588286,-0.006351852486314062,,,0.12453253953755077,37.50026663450677,-0.002443650172378865,13.454953707720282,13.43528445751903,13.445119082619655,22.76160192489624,state,,
-0.499990227475872,,,0.2044873450896178,0.2044873450896178,,,,,,,22.761605739593506,control,-0.24999511373792713,-0.2499951137379449
,-0.004970972844966082,-0.001452087272802521,,,0.12512035343441286,31.10456417808453,-0.0012275771822135562,13.660248276330556,13.64849964037353,13.654373958352043,22.771804094314575,state,,
-0.499990227475872,,,0.14039759818782543,0.14039759818782543,,,,,,,22.77182650566101,control,-0.249995113737936,-0.249995113737936
,0.0038519093218769996,0.003625042570929239,,,0.13256106443572985,24.31333262164623,0.0003037938737682037,13.78606380668443,13.792779148074814,13.789421477379623,22.7826509475708,state,,
-0.499990227475872,,,0.07758964622406891,0.07758964622406891,,,,,,,22.782660484313965,control,-0.2499951137379449,-0.24999511373792713
,0.0016787622384151714,0.004327683053994144,,,0.1330464696185556,18.070539926988804,0.0016977172667616933,13.875086221796064,13.866453268292418,13.87076974504424,22.79289436340332,state,,
-0.499990227475872,,,0.01603785329958754,0.01603785329958754,,,,,,,22.7929048538208,control,-0.249995113737936,-0.249995113737936
,0.0038392992773467354,0.004673092580153356,,,0.1342433187608823,11.722178721930673,0.003109049996253594,13.885034681405864,13.888873769857668,13.886954225631765,22.803438186645508,state,,
-0.499990227475872,,,-0.04428290376640421,-0.04428290376640421,,,,,,,22.803448915481567,control,-0.24999511373792713,-0.2499951137379449
,-0.001624198641887717,0.0002252871794001239,,,0.13723319476225354,5.329658513184061,0.0044262475100114804,13.837264165962189,13.83975721755765,13.83851069175992,22.813994884490967,state,,
-0.499990227475872,,,-0.10339724569107613,-0.10339724569107613,,,,,,,22.814005851745605,control,-0.249995113737936,-0.249995113737936
,0.006369873557116042,-0.0013415099263652589,,,0.13224107513192473,-0.38598317911167346,0.0055739654289609745,13.74469259235575,13.742674601927655,13.743683597141704,22.824545860290527,state,,
-0.499990227475872,,,-0.1613293007772546,-0.1613293007772546,,,,,,,22.82455611228943,control,-0.2499951137379449,-0.24999511373792713
,0.0024891549662671127,0.0013841937040941707,,,0.1327308597506957,-6.630039564742535,0.006810820942056854,13.588028117592277,13.567983797652746,13.578005957622512,22.834895610809326,state,,
-0.499990227475872,,,-0.2181027147617095,-0.2181027147617095,,,,,,,22.834906816482544,control,-0.2499951137379449,-0.24999511373792713
,-0.009079493292758256,-0.0028876119127475047,,,0.1334016164929307,-12.411152671586295,0.00786708021565676,13.362742850887809,13.361027465419982,13.361885158153896,22.845489978790283,state,,
-0.499990227475872,,,-0.27374066046647527,-0.27374066046647527,,,,,,,22.845533847808838,control,-0.2499951137379449,-0.24999511373792713
,0.007225813929696318,-0.005922341113147971,,,0.13200794318329342,-17.863791512735748,0.00892111628413854,13.093885604943498,13.099045996216821,13.096465800580159,22.855706453323364,state,,
-0.499990227475872,,,-0.32826584725714575,-0.32826584725714575,,,,,,,22.85571789741516,control,-0.24999511373792713,-0.2499951137379449
,-0.006341547903243709,0.002443434104735751,,,0.13240475881839842,-24.05643018592332,0.010040459722823495,12.759856919199466,12.754828267118416,12.757342593158942,22.865705490112305,state,,
-0.499990227475872,,,-0.38170053031200285,-0.38170053031200285,,,,,,,22.86571502685547,control,-0.2499951137379449,-0.24999511373792713
,-0.00563907906747231,0.002142972345173725,,,0.13186674252047342,-29.643296280608826,0.011117201359666684,12.375603326758505,12.36838046287486,12.371991894816682,22.87610650062561,state,,
-0.499990227475872,,,-0.43406651970576277,-0.43406651970576277,,,,,,,22.87611985206604,control,-0.249995113737936,-0.249995113737936
,-0.004975537482658761,-0.0002909464176317476,,,0.12345282805366087,-35.36281790346443,0.011926841892145289,11.91597038032405,11.938699023560337,11.927334701942193,22.886146306991577,state,,
-0.499990227475872,,,-0.4853851893116475,-0.4853851893116475,,,,,,,22.88615846633911,control,-0.249995113737936,-0.249995113737936
,0.007708115779628769,0.0039268509791255245,,,0.12674251756110566,-40.286077356527116,0.013107606183417346,11.440994777372783,11.451240863765298,11.44611782056904,22.895817279815674,state,,
-0.499990227475872,,,-0.5356774855254145,-0.5356774855254145,,,,,,,22.895823001861572,control,-0.24999511373792713,-0.2499951137379449
,-0.004562720188643789,0.007713842345981854,,,0.12228704057354484,-45.08367907615512,0.014079465907036836,10.926792202615184,10.911057451266796,10.91892482694099,22.90576934814453,state,,
-0.499990227475872,,,-0.5849639358149061,-0.5849639358149061,,,,,,,22.90577220916748,control,-0.2499951137379449,-0.24999511373792713
,-0.010798625058387775,-0.001724928283551876,,,0.11347351898180663,-50.43601418407286,0.014655949990222092,10.32643830062479,10.332320951673852,10.329379626149322,22.915844440460205,state,,
-0.499990227475872,,,-0.633264657098608,-0.633264657098608,,,,,,,22.915847063064575,control,-0.2499951137379449,-0.24999511373792713
,0.002420574629932348,-0.0008794777866454497,,,0.10425566024271252,-55.399214838213965,0.01523815222689974,9.703032147439933,9.689759224561737,9.696395686000834,22.925925493240356,state,,
-0.499990227475872,,,-0.6805993639566359,-0.6805993639566359,,,,,,,22.925928354263306,control,-0.24999511373792713,-0.2499951137379449
,0.0013510557331419747,0.0011420760727251613,,,0.1011719008562394,-59.79742550634348,0.015903759381555114,9.024049135359823,9.032794332796511,9.028421734078167,22.935982704162598,state,,
-0.499990227475872,,,-0.7269873766775032,-0.7269873766775032,,,,,,,22.935985326766968,control,-0.249995113737936,-0.249995113737936
,-0.01134640500038712,0.0021730349890336656,,,0.09143123011620492,-64.96632099499831,0.0162815968016609,8.297879287580722,8.295106707206683,8.296492997393702,22.94615912437439,state,,
-0.499990227475872,,,-0.7724476291439533,-0.7724476291439533,,,,,,,22.94616174697876,control,-0.249995113737936,-0.249995113737936
,-0.00020519344788805282,0.002078809161859841,,,0.08754872387185539,-69.80505599826785,0.016786204896382977,7.535285080944436,7.507578075061186,7.521431578002812,22.95638155937195,state,,
-0.499990227475872,,,-0.8169986765610742,-0.8169986765610742,,,,,,,22.95638346672058,control,-0.24999511373794045,-0.24999511373793157
,-0.0052792577327134115,-0.0005295471698686579,,,0.08130787161402932,-74.97693720284241,0.017096651754935698,6.682819217434175,6.695879102756179,6.689349160095177,22.96645951271057,state,,
-0.499990227475872,,,-0.8606587030298527,-0.8606587030298527,,,,,,,22.966461896896362,control,-0.249995113737936,-0.249995113737936
,0.0011358956738159824,0.012299916914059614,,,0.07281751159864731,-78.46512179954453,0.017568485891231906,5.8442371488638365,5.854126371139197,5.849181760001517,22.976665496826172,state,,
-0.499990227475872,,,-0.9034455289692556,-0.9034455289692556,,,,,,,22.9766788482666,control,-0.249995113737936,-0.249995113737936
,-0.00659509087647989,-0.00029198941727185437,,,0.06472679937144503,-83.57082365447926,0.017666577588307076,4.944668741564719,4.919758767715465,4.932213754640092,22.987171411514282,state,,
-0.499990227475872,,,-0.9453766183898704,-0.9453766183898704,,,,,,,22.98717498779297,control,-0.24999511373793157,-0.24999511373794045
,-0.0008654026463810487,-0.0007357275521718568,,,0.05631613058419281,-87.63076795158898,0.017709611521290483,3.9976265400233597,3.984953569512491,3.9912900547679255,22.997369527816772,state,,
-0.499990227475872,,,-0.9864690860220731,-0.9864690860220731,,,,,,,22.997373580932617,control,-0.24999511373793823,-0.2499951137379338
,-0.004213444265701377,0.0023357166850319464,,,0.0436510865465979,-91.53910219292965,0.017593477727464255,3.026532829176234,3.0008590937480877,3.013695961462161,23.00780701637268,state,,
-0.499990227475872,,,-1.0267397043016315,-1.0267397043016315,,,,,,,23.007811784744263,control,-0.249995113737936,-0.249995113737936
,0.0004194370677057512,0.007542924525367304,,,0.03269763595671646,-95.79640797457458,0.01753012643311948,1.9879835922168059,1.9879659193355255,1.9879747557761656,23.01803207397461,state,,
-0.499990227475872,,,-1.0662049102155988,-1.0662049102155988,,,,,,,23.018037796020508,control,-0.2499951137379349,-0.24999511373793712
,0.002843995079481796,0.002431448306474547,,,0.018970800019929398,-100.36867302257886,0.017213353604041286,0.9055234908484225,0.9175128435490947,0.9115181671987587,23.0285325050354,state,,
-0.499990227475872,,,-1.104880812011287,-1.104880812011287,,,,,,,23.028541564941406,control,-0.24999511373793656,-0.24999511373793545
,-0.004273410474927692,0.0037881201936516215,,,0.014520892083116504,-104.45954700290476,0.016976327093892123,-0.18582565137938892,-0.21054551738816568,-0.1981855843837773,23.038938999176025,state,,
-0.499990227475872,,,-1.1427831957710612,-1.1427831957710612,,,,,,,23.038947582244873,control,-0.24999511373793587,-0.24999511373793615
,0.0006897260551401342,0.0013039023951612076,,,0.003866558414006434,-107.81587094823227,0.016533591557838363,-1.3302946820914034,-1.3292290149441106,-1.329761848517757,23.04961609840393,state,,
-0.499990227475872,,,-1.1799275318556401,-1.1799275318556401,,,,,,,23.049625396728516,control,-0.24999511373793712,-0.2499951137379349
,-0.002849817500748968,0.0005634306182226449,,,-0.0026413073304269903,-111.88741784768267,0.016060565587928444,-2.5077416545462126,-2.519131762458557,-2.5134367085023848,23.05990505218506,state,,
-0.499990227475872,,,-1.2163289812185274,-1.2163289812185274,,,,,,,23.059914350509644,control,-0.249995113737936,-0.249995113737936
,0.003867927003074876,-0.011494208971322726,,,-0.0233702282068166,-115.7563010081547,0.014998041700622473,-3.7390394535577296,-3.726110359456957,-3.7325749065073435,23.070626735687256,state,,
-0.499990227475872,,,-1.2520024015941569,-1.2520024015941569,,,,,,,23.070636987686157,control,-0.2499951137379338,-0.24999511373793823
,-0.007470383762455759,0.0019335064803588356,,,-0.0325610303822976,-118.95159905699185,0.014211788153111563,-4.968109021487614,-4.977782268491774,-4.972945644989694,23.081132411956787,state,,
0.5,,,-1.1669623535622737,-1.1669623535622737,,,,,,,23.081143140792847,control,0.25,0.25
,-0.002798834505448045,0.004493089413794596,,,-0.04390696012439922,-118.17471924537705,0.01337868530157188,-6.146218255885546,-6.138438566560024,-6.142328411222785,23.091708660125732,state,,
0.5,,,-1.0836231064910282,-1.0836231064910282,,,,,,,23.09171986579895,control,0.25,0.25
,0.0039682430645478885,-4.559936611624182e-05,,,-0.059323814384479465,-114.27917983032619,0.012313647630361791,-7.214047762869799,-7.232193785399363,-7.223120774134581,23.101908922195435,state,,
0.5,,,-1.0019506443612076,-1.0019506443612076,,,,,,,23.101919412612915,control,0.25,0.25
,-0.007248412429424619,-0.004805641593477669,,,-0.06476074115476887,-109.23932600264114,0.011200580609292118,-8.238148166021045,-8.232456372473605,-8.235302269247324,23.11205530166626,state,,
0.5,,,-0.9219116314739835,-0.9219116314739835,,,,,,,23.112064599990845,control,0.24999999999999112,0.2500000000000089
,-0.00733703864444448,-0.0016310581281775642,,,-0.07397000250842978,-102.65079151695555,0.010018978605193076,-9.157517125922366,-9.156383676685738,-9.156950401304051,23.122474908828735,state,,
0.5,,,-0.8434733988445038,-0.8434733988445038,,,,,,,23.12248396873474,control,0.24999999999999112,0.2500000000000089
,-0.0017676723722007716,0.004965261344235227,,,-0.08474059828239613,-95.76673929421683,0.008894963173341255,-10.00464213706174,-10.005467263480377,-10.005054700271058,23.133046627044678,state,,
0.5,,,-0.7666039308676138,-0.7666039308676138,,,,,,,23.13305640220642,control,0.25,0.25
,-0.002820511847850351,0.00589256288716884,,,-0.09603548179341909,-87.9544432761613,0.007683960041254494,-10.753516730607076,-10.767008429824132,-10.760262580215604,23.143690824508667,state,,
0.5,,,-0.6912718522502614,-0.6912718522502614,,,,,,,23.1437029838562,control,0.25,0.25
,0.0013395427340577059,-0.00478562456462848,,,-0.10024090988341575,-80.62801383068461,0.006399150466886876,-11.450031799319813,-11.44984614543276,-11.449938972376287,23.153996467590332,state,,
0.5,,,-0.6174464152052561,-0.6174464152052561,,,,,,,23.154006958007812,control,0.2500000000000089,0.24999999999999112
,-0.007109665235020772,-0.001106846910244551,,,-0.11357868262665147,-73.69731341922036,0.00487244209216693,-12.07085796149034,-12.082355205731927,-12.076606583611134,23.164628505706787,state,,
0.5,,,-0.5450974869011509,-0.5450974869011509,,,,,,,23.164638996124268,control,0.2500000000000089,0.24999999999999112
,-0.006348174331021968,0.000535960620711335,,,-0.10854484899029318,-66.3965580383153,0.003748307169866629,-12.644278377262543,-12.604475689290874,-12.624377033276708,23.175100326538086,state,,
0.5,,,-0.47419553716312784,-0.47419553716312784,,,,,,,23.175111055374146,control,0.25,0.25
,-0.0005401588909990764,0.000793073884247503,,,-0.11975389004912931,-58.89574655818226,0.0023313785605481394,-13.095840738814442,-13.092070014049897,-13.09395537643217,23.185275554656982,state,,
0.5,,,-0.4047116264198653,-0.4047116264198653,,,,,,,23.18531036376953,control,0.2500000000000089,0.24999999999999112
,0.0011101832541461742,-0.0005890260909455913,,,-0.1313706260228464,-51.68754587523829,0.0008091790995790974,-13.504732776565575,-13.48748473990575,-13.496108758235662,23.195568561553955,state,,
0.5,,,-0.336617393891468,-0.336617393891468,,,,,,,23.195579767227173,control,0.25,0.25
,-0.0076914984951130085,0.007974101345484238,,,-0.13029962725740837,-44.963707153302735,-0.00038055161187460764,-13.846931746832533,-13.830533478875099,-13.838732612853816,23.205785274505615,state,,
0.5,,,-0.2698850460136386,-0.2698850460136386,,,,,,,23.205796241760254,control,0.25,0.25
,-0.007110819031849782,0.004071416671997058,,,-0.1318654853372353,-38.06146446314602,-0.00167111851704624,-14.102799198226968,-14.116190108231915,-14.109494653229442,23.216412782669067,state,,
0.5,,,-0.20448734509336586,-0.20448734509336586,,,,,,,23.216423749923706,control,0.25,0.25
,0.01308508633359252,-0.003186467547923728,,,-0.13027593721771413,-31.22568015122825,-0.0028558451675241106,-14.30935139982783,-14.316561737025271,-14.31295656842655,23.227014303207397,state,,
0.5,,,-0.14039759819149855,-0.14039759819149855,,,,,,,23.227024793624878,control,0.24999999999999112,0.2500000000000089
,-0.012849571330663547,-0.0021470539198718617,,,-0.13862627840939895,-24.888749181421144,-0.0044270812899041894,-14.457181029102799,-14.46479631380334,-14.46098867145307,23.237149238586426,state,,
0.5,,,-0.07758964622766859,-0.07758964622766859,,,,,,,23.237159729003906,control,0.25,0.25
,0.0032589004734739045,0.001413881292006256,,,-0.1410391665397041,-17.799308836019826,-0.005712155811505358,-14.532473429273544,-14.519826195407843,-14.526149812340694,23.247702836990356,state,,
0.5,,,-0.016037853303115218,-0.016037853303115218,,,,,,,23.247713804244995,control,0.2500000000000089,0.24999999999999112
,-0.006220921429721435,-0.000616943098605962,,,-0.13892240577499287,-11.704385763191919,-0.006988260629559475,-14.550638456616504,-14.541741456367642,-14.546189956492073,23.258169889450073,state,,
0.5,,,0.044282903762947086,0.044282903762947086,,,,,,,23.258180141448975,control,0.25,0.25
,-0.0004173442278326249,0.01116971994224339,,,-0.13664433637073342,-5.350160801408549,-0.007952021583310105,-14.50507316104734,-14.492048705527832,-14.498560933287585,23.26852798461914,state,,
0.5,,,0.10339724568768814,0.10339724568768814,,,,,,,23.26853895187378,control,0.24999999999999112,0.2500000000000089
,-4.4749053099603024e-05,-0.0021417614913427554,,,-0.13433025008253147,0.6635147828538015,-0.009117687947545878,-14.387145858580416,-14.4052844732604,-14.396215165920408,23.279027462005615,state,,
0.5,,,0.16132930077393437,0.16132930077393437,,,,,,,23.279037714004517,control,0.25,0.25
,-0.004395873334011277,0.004084032272743889,,,-0.13676214557361108,6.627638965353753,-0.0102746067653367,-14.234632655872746,-14.23540092768924,-14.235016791780993,23.28952431678772,state,,
0.5,,,0.2181027147584557,0.2181027147584557,,,,,,,23.289539098739624,control,0.25,0.25
,-0.004082244619633277,0.0031426528520524244,,,-0.1341415070189852,12.111684590038951,-0.011319051045002674,-14.031685320441925,-14.021551977457255,-14.02661864894959,23.299467086791992,state,,
0.5,,,0.2737406604632866,0.2737406604632866,,,,,,,23.299477577209473,control,0.25,0.25
,-0.0089568732148561,0.00864486150734157,,,-0.13264737998640236,18.49263939935473,-0.012279568784642597,-13.740074896428574,-13.74019751357379,-13.740136205001182,23.30950951576233,state,,
0.5,,,0.32826584725402086,0.32826584725402086,,,,,,,23.309518575668335,control,0.25,0.25
,0.00432974812476019,-0.00602158174489648,,,-0.13263775858697419,24.19179392284205,-0.0134175944561549,-13.399339316847342,-13.41568749192667,-13.407513404387007,23.319647550582886,state,,
0.5,,,0.3817005303089404,0.3817005303089404,,,,,,,23.319679498672485,control,0.2500000000000089,0.24999999999999112
,-0.0003748048668777813,0.000946528402462303,,,-0.13165641541173165,29.675070421294073,-0.01441363631269764,-13.02509870991471,-13.021888578619771,-13.02349364426724,23.329883813858032,state,,
0.5,,,0.4340665197027616,0.4340665197027616,,,,,,,23.329894065856934,control,0.25,0.25
,0.011649098271907575,0.0018577722034345096,,,-0.13840056603857698,34.56171266202277,-0.015470113276881641,-12.590031796542256,-12.610174585205042,-12.60010319087365,23.33991003036499,state,,
0.5,,,0.4853851893087064,0.4853851893087064,,,,,,,23.339918613433838,control,0.2500000000000089,0.24999999999999112
,-0.0028393648664219455,0.0011804277260832993,,,-0.1259984800028853,39.99600997425568,-0.016205488448064007,-12.121792151368982,-12.105514974998632,-12.113653563183806,23.35001230239868,state,,
0.5,,,0.5356774855225322,0.5356774855225322,,,,,,,23.35002040863037,control,0.24999999999999112,0.2500000000000089
,0.006987368646543911,-0.0024190728651158856,,,-0.12525858470846904,45.29522252264019,-0.017094652385545868,-11.577435737353326,-11.575287764247483,-11.576361750800405,23.36035132408142,state,,
0.5,,,0.5849639358120815,0.5849639358120815,,,,,,,23.360360383987427,control,0.2500000000000089,0.24999999999999112
,-0.0005412174814578735,-0.00962293448402435,,,-0.11868863649280628,50.56155943652597,-0.018000408426987795,-10.991839452542242,-10.9820201499616,-10.986929801251922,23.37040901184082,state,,
0.5,,,0.6332646570958398,0.6332646570958398,,,,,,,23.370417594909668,control,0.25,0.25
,-0.0002348459731530062,0.006769186657689814,,,-0.10896637425706804,55.27589459312652,-0.018436934236241626,-10.368586431351691,-10.349693330576644,-10.359139880964168,23.380531072616577,state,,
0.5,,,0.680599363953923,0.680599363953923,,,,,,,23.380539417266846,control,0.2500000000000089,0.24999999999999112
,-0.014137629911723737,-0.004261681070479105,,,-0.10338691023594926,60.307889250932405,-0.019182772127604015,-9.677898169439011,-9.674050442790314,-9.675974306114663,23.39083480834961,state,,
0.5,,,0.7269873766748445,0.7269873766748445,,,,,,,23.390873193740845,control,0.25,0.25
,0.001418360217106105,-0.0028868469995709405,,,-0.09486479174321902,64.91758667445208,-0.019643202353743956,-8.965156312155527,-8.941709340362529,-8.953432826259029,23.40111207962036,state,,
0.5,,,0.7724476291413476,0.7724476291413476,,,,,,,23.401121139526367,control,0.2500000000000089,0.24999999999999112
,0.003194120148960193,-0.0005640327621560182,,,-0.09266146188338051,69.56229177135457,-0.020115063063195285,-8.177495025985138,-8.1902792360306,-8.183887131007868,23.41119122505188,state,,
0.5,,,0.8169986765585207,0.8169986765585207,,,,,,,23.411268949508667,control,0.24999999999999112,0.2500000000000089
,0.002264085612417789,0.00240907553042051,,,-0.07703832306421693,74.63782759265303,-0.020166767450898165,-7.362441138923564,-7.351017248279185,-7.356729193601375,23.421754360198975,state,,
0.5,,,0.8606587030273503,0.8606587030273503,,,,,,,23.42176365852356,control,0.25,0.25
,0.001429185120966472,0.007184655154930034,,,-0.07309139963824765,78.93586305407993,-0.020278395183950578,-6.498337548073601,-6.49959286019348,-6.49896520413354,23.431854486465454,state,,
0.5,,,0.9034455289668033,0.9034455289668033,,,,,,,23.431862354278564,control,0.25,0.25
,0.007616611436009833,-0.00501841631351125,,,-0.06988521531761974,83.58321784188388,-0.020548569499867518,-5.585901985903084,-5.592434168170163,-5.589168077036623,23.442043781280518,state,,
0.5,,,0.9453766183874672,0.9453766183874672,,,,,,,23.442051887512207,control,0.24999999999999556,0.25000000000000444
,0.0023481044315681278,0.0031609461444086708,,,-0.06162088024311038,87.19602648136946,-0.020540703475413785,-4.669461122178777,-4.649955231583233,-4.659708176881005,23.452102184295654,state,,
0.5,,,0.9864690860197178,0.9864690860197178,,,,,,,23.452110767364502,control,0.25,0.25
,-0.0025058550573267397,0.007211909611778072,,,-0.04575390272653512,91.80673857918308,-0.020219748378365533,-3.660692828787651,-3.675825229082569,-3.6682590289351102,23.462294340133667,state,,
0.5,,,1.0267397042993234,1.0267397042993234,,,,,,,23.46230411529541,control,0.2500000000000022,0.24999999999999778
,0.0038800169096259484,0.0059378688529273275,,,-0.037177436288177754,96.29311547726962,-0.01991109973476554,-2.6162356168264416,-2.651614319517634,-2.633924968172038,23.472845315933228,state,,
0.5,,,1.0662049102133369,1.0662049102133369,,,,,,,23.47286081314087,control,0.2500000000000022,0.24999999999999778
,-0.005793527539601038,-0.007760549335468478,,,-0.033043525373374794,100.11160309578551,-0.019963629618996084,-1.5689560638407638,-1.575115574663201,-1.5720358192519823,23.48282766342163,state,,
0.5,,,1.10488081200907,1.10488081200907,,,,,,,23.482837915420532,control,0.2499999999999989,0.2500000000000011
,0.009585830181404058,0.000997802618379339,,,-0.02835904316428775,103.43251879995678,-0.019683740103765744,-0.4747603713917322,-0.49495286113102466,-0.48485661626137844,23.492902040481567,state,,
0.5,,,1.1427831957688888,1.1427831957688888,,,,,,,23.492911100387573,control,0.25,0.25
,-0.0035773993292904037,-0.001959098817037711,,,-0.012913367666145073,108.05113209464332,-0.019242918738037417,0.6736821114317543,0.6646423251542174,0.6691622182929858,23.50290608406067,state,,
0.5,,,1.179927531853511,1.179927531853511,,,,,,,23.502914905548096,control,0.25,0.25
,0.006565503838849707,-0.0027127064236202574,,,-0.006157888622794345,112.34600458765581,-0.018818907250355885,1.8705117869452839,1.851442778836274,1.860977282890779,23.513625860214233,state,,
0.5,,,1.2163289812164408,1.2163289812164408,,,,,,,23.513636589050293,control,0.25,0.25
,-0.0026825012847163003,-0.0026937896417574274,,,0.008786218190707223,115.66941758138992,-0.018197545389888103,3.0701365113405426,3.0709939272465374,3.07056521929354,23.523791790008545,state,,
0.5,,,1.252002401592112,1.252002401592112,,,,,,,23.523824453353882,control,0.25,0.25
,0.0008778240240978038,0.006932762163600776,,,0.026115484418337,119.18379235432883,-0.017176376174551367,4.324250170736514,4.312422138335279,4.3183361545358965,23.533724784851074,state,,
-0.499990227475872,,,1.1669623535602698,1.1669623535602698,,,,,,,23.533732891082764,control,-0.249995113737936,-0.249995113737936
,0.007587853702397517,0.005180729848074417,,,0.03814755087129465,118.23543627519925,-0.016123031068214725,5.4917080239465,5.479485899068334,5.485596961507417,23.543890476226807,state,,
-0.499990227475872,,,1.0836231064890642,1.0836231064890642,,,,,,,23.543899297714233,control,-0.249995113737936,-0.249995113737936
,0.007079296322527462,0.005353408160975157,,,0.05218768956461417,114.65875499544654,-0.014922410145357144,6.564043499708898,6.58647622210749,6.575259860908194,23.554112434387207,state,,
-0.499990227475872,,,1.001950644359283,1.001950644359283,,,,,,,23.554121255874634,control,-0.24999511373793157,-0.24999511373794045
,0.006071173689456814,-0.004265360961029626,,,0.058920836906494814,109.17841130857109,-0.013979889494118632,7.585950576440892,7.5736926140251795,7.579821595233035,23.564276456832886,state,,
-0.499990227475872,,,0.9219116314720972,0.9219116314720972,,,,,,,23.56428599357605,control,-0.24999511373793157,-0.24999511373794045
,0.00044511332604911747,-0.0071654960656217775,,,0.06978927361885316,102.10159676335776,-0.01298085318934208,8.493780169381196,8.482632953108965,8.48820656124508,23.57426381111145,state,,
-0.499990227475872,,,0.8434733988426553,0.8434733988426553,,,,,,,23.574269771575928,control,-0.249995113737936,-0.249995113737936
,0.015735072120535484,-0.0008890223471383369,,,0.07803748548165432,95.60680442162554,-0.011731711110880364,9.350880773205605,9.330932776608655,9.340906774907129,23.58421754837036,state,,
-0.499990227475872,,,0.7666039308658021,0.7666039308658021,,,,,,,23.584221363067627,control,-0.24999511373792713,-0.2499951137379449
,0.005096202826081703,0.00023253793802302427,,,0.0822457249761964,88.45165976916108,-0.010587520006647257,10.107049659465911,10.116041757736118,10.111545708601014,23.59426999092102,state,,
-0.499990227475872,,,0.6912718522484862,0.6912718522484862,,,,,,,23.59427309036255,control,-0.24999511373792713,-0.2499951137379449
,0.004280495124270066,0.0012202991491412486,,,0.08866975148954809,80.92791627501562,-0.009356413885381472,10.804651095176673,10.797510453995919,10.801080774586296,23.604396104812622,state,,
-0.499990227475872,,,0.6174464152035164,0.6174464152035164,,,,,,,23.604398488998413,control,-0.249995113737936,-0.249995113737936
,-5.297620939299754e-05,0.0023729490863204287,,,0.10000693379065813,73.4780048023642,-0.007972978148072482,11.420013631829589,11.414569966096387,11.417291798962989,23.614566326141357,state,,
-0.499990227475872,,,0.545097486899446,0.545097486899446,,,,,,,23.61456871032715,control,-0.2499951137379449,-0.24999511373792713
,-0.0019631711544911214,0.009145345458586578,,,0.11111839379694574,66.2210584258383,-0.006400267778099645,11.966753794117102,11.961255194810256,11.96400449446368,23.62464427947998,state,,
-0.499990227475872,,,0.47419553716145707,0.47419553716145707,,,,,,,23.62464690208435,control,-0.2499951137379449,-0.24999511373792713
,0.0044795565405203455,0.004619022626961475,,,0.11827121443508613,58.95225783240832,-0.004886853926529053,12.44359576473699,12.432085271879801,12.437840518308395,23.63476037979126,state,,
-0.499990227475872,,,0.40471162641822794,0.40471162641822794,,,,,,,23.634763717651367,control,-0.24999511373792713,-0.2499951137379449
,0.0006008312754400023,0.001663939014470634,,,0.13109071137465939,51.59568034188471,-0.0032733780597112246,12.847332886134044,12.82609462294936,12.836713754541702,23.64534854888916,state,,
-0.499990227475872,,,0.3366173938898634,0.3366173938898634,,,,,,,23.645352602005005,control,-0.24999511373792713,-0.2499951137379449
,0.007962349241633035,0.0009652743491071648,,,0.1282103201754178,45.279167021468666,-0.0019235674891055323,13.198997967917741,13.178952017985031,13.188974992951387,23.655882120132446,state,,
-0.499990227475872,,,0.26988504601206614,0.26988504601206614,,,,,,,23.655887603759766,control,-0.2499951137379449,-0.24999511373792713
,0.004738259875370842,-0.002544194868228739,,,0.12091814285324462,37.85525121436594,-0.0008301450513842315,13.438386179469664,13.460358251160738,13.4493722153152,23.66652202606201,state,,
-0.499990227475872,,,0.2044873450918248,0.2044873450918248,,,,,,,23.66653084754944,control,-0.249995113737936,-0.249995113737936
,-0.0021247099380492874,0.007218041742732714,,,0.12555174424204985,31.065254069939257,0.000603130124003631,13.65436726642129,13.649549923784825,13.651958595103057,23.677042245864868,state,,
-0.499990227475872,,,0.14039759818998832,0.14039759818998832,,,,,,,23.677051305770874,control,-0.249995113737936,-0.249995113737936
,0.003787632469751709,-0.006721128571066854,,,0.12743358580487207,25.282336634021025,0.001768334020086271,13.811895183362584,13.813592760440212,13.812743971901398,23.687718391418457,state,,
-0.499990227475872,,,0.07758964622618855,0.07758964622618855,,,,,,,23.687729835510254,control,-0.249995113737936,-0.249995113737936
,0.00468937573813292,0.003075755338018159,,,0.1369470249940084,17.436445695754195,0.003311118525825311,13.855236100720672,13.869238291840194,13.862237196280432,23.697890281677246,state,,
-0.499990227475872,,,0.01603785330166478,0.01603785330166478,,,,,,,23.69790029525757,control,-0.24999511373792713,-0.2499951137379449
,0.0031786111626857824,-0.0021874556680793224,,,0.14447059035255827,11.81841815872917,0.004756784800532001,13.890222538455575,13.891792846691088,13.891007692573332,23.708430767059326,state,,
-0.499990227475872,,,-0.04428290376436851,-0.04428290376436851,,,,,,,23.708441257476807,control,-0.2499951137379449,-0.24999511373792713
,-0.002196050316055762,-0.002712237732230758,,,0.14449168136944351,5.278866684198937,0.006007060024251752,13.842949168747417,13.836483161528152,13.839716165137784,23.718923568725586,state,,
-0.499990227475872,,,-0.10339724568908114,-0.10339724568908114,,,,,,,23.718933582305908,control,-0.24999511373792713,-0.2499951137379449
,-0.00041243339645018163,0.0048703370137779855,,,0.14448952968305312,-0.5271551147523015,0.007385999388294869,13.737470878830685,13.746606935349359,13.742038907090022,23.729276418685913,state,,
-0.499990227475872,,,-0.1613293007752995,-0.1613293007752995,,,,,,,23.729321479797363,control,-0.249995113737936,-0.249995113737936
,0.011367188582236653,-0.0008450219729342284,,,0.1340525387756424,-6.794452118103566,0.008453688625902955,13.578666786292706,13.570027725943591,13.574347256118148,23.73963189125061,state,,
-0.499990227475872,,,-0.2181027147597935,-0.2181027147597935,,,,,,,23.73964214324951,control,-0.249995113737936,-0.249995113737936
,-0.00987192664969839,0.004194518239974644,,,0.13332745386316328,-12.480783726969875,0.009580218360504704,13.366843872305665,13.351233408669081,13.359038640487373,23.749760389328003,state,,
-0.499990227475872,,,-0.27374066046459766,-0.27374066046459766,,,,,,,23.74976944923401,control,-0.249995113737936,-0.249995113737936
,-0.0010435375951880917,-0.0015847948392538943,,,0.13041943798055297,-18.36163588159026,0.010579927845814605,13.0885559678153,13.07509525752755,13.081825612671425,23.76028537750244,state,,
-0.499990227475872,,,-0.3282658472553057,-0.3282658472553057,,,,,,,23.76029634475708,control,-0.249995113737936,-0.249995113737936
,-0.0001944248650665958,-0.008312985257902273,,,0.1283567340622224,-23.70413040899901,0.011433980821132273,12.755581240682845,12.763930493984326,12.759755867333585,23.770496606826782,state,,
-0.499990227475872,,,-0.38170053031019957,-0.38170053031019957,,,,,,,23.770507335662842,control,-0.24999511373792713,-0.2499951137379449
,1.3886109917979758e-05,0.005151205949765949,,,0.12848768121406007,-29.504501657526365,0.01255802184836941,12.3778098061893,12.366980344133097,12.372395075161197,23.78083348274231,state,,
-0.499990227475872,,,-0.43406651970399557,-0.43406651970399557,,,,,,,23.780844688415527,control,-0.24999511373792713,-0.2499951137379449
,-0.017232122398169198,-0.006362418568489609,,,0.11488133795612326,-34.52765764303062,0.012970074063999734,11.958526664265236,11.935818312193618,11.947172488229427,23.790900230407715,state,,
-0.499990227475872,,,-0.48538518930991564,-0.48538518930991564,,,,,,,23.790910720825195,control,-0.249995113737936,-0.249995113737936
,0.0020319524515689355,-0.0017658329891199068,,,0.12595909748507922,-40.22749017255639,0.014095896189302504,11.46337705835726,11.444986810276465,11.454181934316862,23.801279306411743,state,,
-0.499990227475872,,,-0.5356774855237173,-0.5356774855237173,,,,,,,23.80129098892212,control,-0.249995113737936,-0.249995113737936
,-0.0034676363356896797,-0.007619163658232174,,,0.12168123983904765,-44.96002321699595,0.014768230932367076,10.94289446505654,10.915627733763609,10.929261099410073,23.811862468719482,state,,
-0.499990227475872,,,-0.584963935813243,-0.584963935813243,,,,,,,23.811872959136963,control,-0.24999511373792713,-0.2499951137379449
,0.002476543890328454,-0.007089957662412669,,,0.10940545431958253,-50.70235044927459,0.01523605049736189,10.330191736789201,10.331499500271786,10.330845618530493,23.82208228111267,state,,
-0.499990227475872,,,-0.6332646570969782,-0.6332646570969782,,,,,,,23.822092533111572,control,-0.24999511373792713,-0.2499951137379449
,0.010778427050049753,-0.0018262576155517458,,,0.10257554242292256,-55.25246059765242,0.015871930125769287,9.698340029595487,9.713467491167062,9.705903760381275,23.832293033599854,state,,
-0.499990227475872,,,-0.6805993639550387,-0.6805993639550387,,,,,,,23.83230447769165,control,-0.2499951137379449,-0.24999511373792713
,-0.011368429967461267,0.004812570674841865,,,0.09344746900275981,-60.587414730315714,0.016328569415286393,9.003166676796212,9.027075685083643,9.015121180939929,23.84251379966736,state,,
-0.499990227475872,,,-0.726987376675938,-0.726987376675938,,,,,,,23.842524766921997,control,-0.2499951137379449,-0.24999511373792713
,-0.0034381948599894402,-0.0007588130752301464,,,0.09384761262030886,-65.44806223839079,0.016884056993470602,8.281438437588701,8.28512346401585,8.283280950802276,23.852938175201416,state,,
-0.499990227475872,,,-0.7724476291424194,-0.7724476291424194,,,,,,,23.852948904037476,control,-0.249995113737936,-0.249995113737936
,-0.002032088527876878,-0.003956270173802375,,,0.08403498403111452,-69.68961176397025,0.017124049576249883,7.517013067491259,7.520743884160876,7.518878475826067,23.8634614944458,state,,
-0.499990227475872,,,-0.8169986765595709,-0.8169986765595709,,,,,,,23.8635094165802,control,-0.249995113737936,-0.249995113737936
,0.000803537248274506,0.0023474635414871717,,,0.06886474666197621,-74.05887485395198,0.017265130264850635,6.713252663524888,6.704248827360294,6.708750745442591,23.873924016952515,state,,
-0.499990227475872,,,-0.8606587030283794,-0.8606587030283794,,,,,,,23.873934507369995,control,-0.24999511373794045,-0.24999511373793157
,0.002434493292013383,-0.003597900259830089,,,0.06469052713315214,-78.55071678117886,0.01743570070966758,5.8494015687633,5.854105817237189,5.851753693000244,23.884541034698486,state,,
-0.499990227475872,,,-0.9034455289678118,-0.9034455289678118,,,,,,,23.884552478790283,control,-0.249995113737936,-0.249995113737936
,0.0015815973616243038,0.004849520662447243,,,0.06409723747611444,-83.71588847508076,0.017803427447125,4.93085212973863,4.933924965359679,4.932388547549154,23.89470863342285,state,,
-0.499990227475872,,,-0.9453766183884555,-0.9453766183884555,,,,,,,23.894719123840332,control,-0.24999511373793157,-0.24999511373794045
,0.004419517726263215,0.0033852113592136596,,,0.05135518343462704,-87.66528268000053,0.017843329003758058,4.00352701857869,3.982231300933314,3.9928791597560016,23.90474796295166,state,,
-0.499990227475872,,,-0.9864690860206864,-0.9864690860206864,,,,,,,23.904757738113403,control,-0.2499951137379338,-0.24999511373793823
,0.00013250873223169047,-0.005470684112161134,,,0.046992242514991255,-91.60766046971344,0.017774073327070424,2.999488596850078,3.0286267307139547,3.0140576637820162,23.915507555007935,state,,
-0.499990227475872,,,-1.0267397043002726,-1.0267397043002726,,,,,,,23.915518283843994,control,-0.2499951137379338,-0.24999511373793823
,0.003130297008235658,0.0034024757304106233,,,0.038406028386369466,-96.2594786467072,0.017743224148421128,1.9757032566397912,1.9791505265434397,1.9774268915916156,23.926032304763794,state,,
-0.499990227475872,,,-1.0662049102142672,-1.0662049102142672,,,,,,,23.926043033599854,control,-0.24999511373793712,-0.2499951137379349
,0.0007660875525786075,-0.005468360956591145,,,0.03198059007429316,-100.12643501392844,0.017501436467967698,0.8998397766745789,0.9293962621172954,0.9146180193959372,23.936455011367798,state,,
-0.499990227475872,,,-1.104880812009982,-1.104880812009982,,,,,,,23.936471462249756,control,-0.24999511373793656,-0.24999511373793545
,-0.0030125476399505326,-0.00367962209361424,,,0.01742058405018908,-104.30956457410863,0.017000069178491308,-0.19367536691756895,-0.1964330351920301,-0.19505420105479954,23.946343660354614,state,,
-0.499990227475872,,,-1.1427831957697825,-1.1427831957697825,,,,,,,23.946354866027832,control,-0.24999511373793587,-0.24999511373793615
,-8.867373142174496e-05,0.0032604231217489093,,,0.0032463398923949782,-107.95878099873815,0.016526429835522605,-1.331262733639288,-1.3341794549234585,-1.3327210942813732,23.956878662109375,state,,
-0.499990227475872,,,-1.179927531854387,-1.179927531854387,,,,,,,23.9568932056427,control,-0.249995113737936,-0.249995113737936
,-0.0009012656666941127,-0.0030386514806814754,,,-0.0076280932926882815,-112.04606762225015,0.015884154934282996,-2.527169534660578,-2.5092963803402353,-2.5182329575004063,23.966859579086304,state,,
-0.499990227475872,,,-1.2163289812172993,-1.2163289812172993,,,,,,,23.966870069503784,control,-0.24999511373793823,-0.2499951137379338
,0.00014187842717962613,4.919284728415013e-05,,,-0.009566379145900611,-115.63553231463167,0.015440197177156178,-3.724304117164892,-3.739128653897824,-3.731716385531358,23.97681164741516,state,,
-0.499990227475872,,,-1.2520024015929534,-1.2520024015929534,,,,,,,23.976820707321167,control,-0.249995113737936,-0.249995113737936
,0.0017796625622952947,-0.00038557919100021065,,,-0.02478417098675488,-119.16954858038599,0.014652952952281202,-4.987873041875279,-4.971441932327549,-4.979657487101414,23.9872465133667,state,,
0.5,,,-1.1669623535610942,-1.1669623535610942,,,,,,,23.987264156341553,control,0.25,0.25
,0.00237523222651555,-0.0037276053212925604,,,-0.040287379626900155,-118.32688611055599,0.013667434381936433,-6.157122758714357,-6.141907158213296,-6.1495149584638265,23.997706651687622,state,,
0.5,,,-1.0836231064898723,-1.0836231064898723,,,,,,,23.997716903686523,control,0.25,0.25
,-0.0013173890258069785,0.0008586122154417166,,,-0.04542568990206862,-114.5867745193761,0.01287066979318151,-7.235723745516271,-7.235990212308589,-7.23585697891243,24.007960081100464,state,,
0.5,,,-1.0019506443600747,-1.0019506443600747,,,,,,,24.007970094680786,control,0.25000000000000444,0.24999999999999556
,0.004990546189118566,-0.0009988755852050441,,,-0.05406485221850814,-108.83772898496174,0.011962934754562513,-8.236489744533541,-8.228980990018066,-8.232735367275804,24.01847791671753,state,,
0.5,,,-0.9219116314728732,-0.9219116314728732,,,,,,,24.01848840713501,control,0.2500000000000089,0.24999999999999112
,-0.0006493705113864182,0.0005670472544145379,,,-0.0670983305472078,-102.3245670038514,0.010864273579405056,-9.153206303932393,-9.151435385805861,-9.152320844869127,24.02878189086914,state,,
0.5,,,-0.8434733988434158,-0.8434733988434158,,,,,,,24.02879285812378,control,0.25,0.25
,0.003973636078018375,-0.0013048241781051506,,,-0.07876702512126424,-95.50131844673709,0.009694098255855687,-10.000263027657732,-9.997214283853387,-9.99873865575556,24.03907799720764,state,,
0.5,,,-0.7666039308665475,-0.7666039308665475,,,,,,,24.039088487625122,control,0.25,0.25
,0.001122136578334356,-0.00024444631295353564,,,-0.08945323977239589,-88.47095338722725,0.008456435771816232,-10.778199367500745,-10.764913541562612,-10.771556454531678,24.049741744995117,state,,
0.5,,,-0.6912718522492165,-0.6912718522492165,,,,,,,24.049752950668335,control,0.25,0.25
,-0.00841543044439513,-0.003602532292916346,,,-0.09706164677649233,-80.97527358097585,0.0070837679217922046,-11.465042254189813,-11.45898122789326,-11.462011741041536,24.060107469558716,state,,
0.5,,,-0.6174464152042323,-0.6174464152042323,,,,,,,24.060117483139038,control,0.25,0.25
,-0.001118704440500084,-0.0032710261088677002,,,-0.1080295126372444,-73.31374103933872,0.005639024879395141,-12.082039110198062,-12.06438503753959,-12.073212073868827,24.070573806762695,state,,
0.5,,,-0.5450974869001477,-0.5450974869001477,,,,,,,24.070618629455566,control,0.2500000000000089,0.24999999999999112
,-0.005993273568828209,-0.00554602163615049,,,-0.11749928415913635,-66.1856485791666,0.004075285993728643,-12.618283835136094,-12.6249590542144,-12.621621444675247,24.081103801727295,state,,
0.5,,,-0.47419553716214474,-0.47419553716214474,,,,,,,24.081114053726196,control,0.25,0.25
,0.0047240837968743395,-0.003401603151204459,,,-0.11725428802791063,-59.41037857548563,0.0028161732541648696,-13.106497029833859,-13.109289888652732,-13.107893459243297,24.091302394866943,state,,
0.5,,,-0.40471162641890185,-0.40471162641890185,,,,,,,24.091313123703003,control,0.2500000000000089,0.24999999999999112
,0.0014057323465363621,-0.0010820814078474352,,,-0.12527041799874536,-51.846411158878915,0.0013932587299863859,-13.505038744024937,-13.506907836891434,-13.505973290458186,24.101842403411865,state,,
0.5,,,-0.3366173938905238,-0.3366173938905238,,,,,,,24.101853609085083,control,0.2500000000000089,0.24999999999999112
,-0.0017693563198097222,0.0007877717646839987,,,-0.13393270486926728,-44.679467611435136,-8.502780819436698e-05,-13.831430972870976,-13.845974061786851,-13.838702517328914,24.11200189590454,state,,
0.5,,,-0.26988504601271335,-0.26988504601271335,,,,,,,24.112011909484863,control,0.25,0.25
,-0.00015715554076596244,0.004713974422925598,,,-0.13719975928037906,-37.835210213724984,-0.0013967324333736578,-14.106696976449513,-14.109552783155046,-14.10812487980228,24.122260808944702,state,,
0.5,,,-0.20448734509245908,-0.20448734509245908,,,,,,,24.12227153778076,control,0.25,0.25
,0.0013127543398653966,-0.0029123648122583935,,,-0.1382312992577433,-31.28444885899392,-0.002788143674762177,-14.316613239643154,-14.316808287017121,-14.316710763330137,24.13258647918701,state,,
0.5,,,-0.1403975981906099,-0.1403975981906099,,,,,,,24.132596731185913,control,0.25,0.25
,0.007394433190399199,-0.004269525262095352,,,-0.13446720239041615,-24.580651009523848,-0.004020068370166642,-14.459896691568115,-14.45174934223624,-14.455823016902178,24.14291024208069,state,,
0.5,,,-0.0775896462267977,-0.0775896462267977,,,,,,,24.14292049407959,control,0.25,0.25
,0.002068359580523506,-0.0002825246173517574,,,-0.1416984966737497,-17.564769791289496,-0.005435242737521518,-14.518083627917491,-14.52153536650714,-14.519809497212314,24.153424501419067,state,,
0.5,,,-0.016037853302261748,-0.016037853302261748,,,,,,,24.153438806533813,control,0.24999999999999112,0.2500000000000089
,0.0031467759261878227,0.005417299145286959,,,-0.13956473466921307,-11.417320635436152,-0.0065412808941956654,-14.533146646832998,-14.539139376188324,-14.53614301151066,24.163634538650513,state,,
0.5,,,0.044282903763783486,0.044282903763783486,,,,,,,24.163644313812256,control,0.24999999999999112,0.2500000000000089
,0.00659111062946764,-0.0035498219845910323,,,-0.13684195599908516,-5.383437286025041,-0.007730259438375533,-14.494892021690012,-14.492998274832077,-14.493945148261044,24.1737961769104,state,,
0.5,,,0.1033972456885078,0.1033972456885078,,,,,,,24.173806190490723,control,0.25,0.25
,-0.0037403635078962273,-0.00501388612690232,,,-0.13300984540940763,0.38402536468171755,-0.008944528525311569,-14.407235453804219,-14.38939029743266,-14.39831287561844,24.184023141860962,state,,
0.5,,,0.16132930077473764,0.16132930077473764,,,,,,,24.18403387069702,control,0.2500000000000089,0.24999999999999112
,0.007629178117224898,-0.009107647464706128,,,-0.13103978503565686,6.554367974737124,-0.010135816783993,-14.248819360447946,-14.22031092590202,-14.234565143174983,24.193939447402954,state,,
0.5,,,0.2181027147592429,0.2181027147592429,,,,,,,24.19394826889038,control,0.25,0.25
,-0.0011711569413006319,0.00239907958809079,,,-0.13661030391577322,12.315518154823446,-0.011327174858457354,-14.011643921566506,-14.02779289587589,-14.019718408721198,24.204177856445312,state,,
0.5,,,0.27374066046405804,0.27374066046405804,,,,,,,24.20418643951416,control,0.25,0.25
,0.0023537859646692518,0.00016812393070244613,,,-0.1429077236117562,17.87335389449877,-0.012583003278461877,-13.760776768695946,-13.74428156468405,-13.752529166689998,24.21469473838806,state,,
0.5,,,0.32826584725477687,0.32826584725477687,,,,,,,24.214703798294067,control,0.25,0.25
,0.002839753260160058,-0.003201598388588016,,,-0.13519315819480188,23.93240580412405,-0.01357852937115444,-13.414235069202226,-13.419309535721837,-13.416772302462032,24.225188493728638,state,,
0.5,,,0.3817005303096813,0.3817005303096813,,,,,,,24.225245475769043,control,0.2500000000000089,0.24999999999999112
,0.0018116957854612556,0.0049793816413982875,,,-0.13419683654277273,28.88352994056031,-0.014504885910691896,-13.04595884143144,-13.052315988646333,-13.049137415038887,24.235847234725952,state,,
0.5,,,0.4340665197034877,0.4340665197034877,,,,,,,24.235857486724854,control,0.25,0.25
,-0.009857697070765423,-0.011466765133032797,,,-0.12759635601081948,35.155824683858896,-0.015652696863448515,-12.602832319784726,-12.592672674030815,-12.59775249690777,24.24619460105896,state,,
0.5,,,0.48538518930941793,0.48538518930941793,,,,,,,24.24624276161194,control,0.24999999999999112,0.2500000000000089
,-0.000725991310436714,-0.007610821983260129,,,-0.13296273504666006,39.71125425350969,-0.016877359753053576,-12.125821905601459,-12.130454176360507,-12.128138040980982,24.256691694259644,state,,
0.5,,,0.5356774855232296,0.5356774855232296,,,,,,,24.256702661514282,control,0.24999999999999112,0.2500000000000089
,0.006376871201034065,0.0013561855689180836,,,-0.1262762255634355,45.77365287913837,-0.01760473857864165,-11.578880368695705,-11.568950514031028,-11.573915441363367,24.267279386520386,state,,
0.5,,,0.584963935812765,0.584963935812765,,,,,,,24.267293691635132,control,0.25,0.25
,-0.004052987169637164,-0.00011472614384545897,,,-0.1211976734842237,50.815346754512234,-0.018397664813400653,-10.98446714095539,-10.986574706316722,-10.985520923636056,24.277769565582275,state,,
0.5,,,0.6332646570965097,0.6332646570965097,,,,,,,24.277798414230347,control,0.25,0.25
,-0.0028347245190107275,0.005624571733580127,,,-0.1222045826899376,55.63421629632389,-0.01916389118181992,-10.362137171196457,-10.342830968610315,-10.352484069903387,24.28796410560608,state,,
0.5,,,0.6805993639545795,0.6805993639545795,,,,,,,24.287975072860718,control,0.2500000000000089,0.24999999999999112
,0.0038423190998537484,0.004616690014758888,,,-0.1124579640520987,59.84638006576727,-0.019620671461994938,-9.697576257117682,-9.676386944369847,-9.686981600743763,24.298470497131348,state,,
0.5,,,0.726987376675488,0.726987376675488,,,,,,,24.298480987548828,control,0.24999999999999112,0.2500000000000089
,0.0006636546265568746,0.0055442331668668346,,,-0.09895606080152244,65.27964880323127,-0.01988381210108743,-8.933062253188861,-8.962361656891229,-8.947711955040045,24.30893087387085,state,,
0.5,,,0.7724476291419782,0.7724476291419782,,,,,,,24.30894136428833,control,0.25,0.25
,0.00011413593305585417,-0.0038963793651783317,,,-0.09790448226310738,70.10813228456865,-0.02050496396444212,-8.178095060052906,-8.16147080159733,-8.169782930825118,24.31950330734253,state,,
0.5,,,0.8169986765591386,0.8169986765591386,,,,,,,24.319514274597168,control,0.25,0.25
,-0.0030535277698302073,-0.003758939996768333,,,-0.08258665957866344,73.70965595540189,-0.020762041517554904,-7.359519340115963,-7.391213343451121,-7.375366341783542,24.330018758773804,state,,
0.5,,,0.8606587030279558,0.8606587030279558,,,,,,,24.330028295516968,control,0.24999999999999556,0.25000000000000444
,-0.000772665426357328,0.01252429637957185,,,-0.08056132631742245,78.57377899222982,-0.02088214073389942,-6.518690273828325,-6.505736984870498,-6.512213629349411,24.340688943862915,state,,
0.5,,,0.9034455289673966,0.9034455289673966,,,,,,,24.34070110321045,control,0.24999999999999556,0.25000000000000444
,0.009321639119283702,0.001347030612384741,,,-0.07031819527645009,83.606337615749,-0.020903858776996742,-5.590669989613606,-5.601439200503671,-5.5960545950586384,24.35086989402771,state,,
0.5,,,0.9453766183880488,0.9453766183880488,,,,,,,24.35088062286377,control,0.25,0.25
,-0.007761769680968671,-0.0060846252365991125,,,-0.062498140059919466,87.69073418533068,-0.0211511938381993,-4.65982599297553,-4.648458132715832,-4.654142062845681,24.361411809921265,state,,
0.5,,,0.9864690860202878,0.9864690860202878,,,,,,,24.361423015594482,control,0.25,0.25
,-0.0029458594254483305,0.0062980031261484735,,,-0.05123962205341376,92.53106752085478,-0.020963907063971884,-3.65697559279635,-3.646614587165688,-3.651795089981019,24.371652603149414,state,,
0.5,,,1.026739704299882,1.026739704299882,,,,,,,24.371663331985474,control,0.25,0.25
,-0.002765397069849635,-0.003009091517814508,,,-0.04339528155780019,96.10224233657875,-0.020928231012671876,-2.6308073120140048,-2.6370639963029063,-2.6339356541584555,24.382113695144653,state,,
0.5,,,1.0662049102138844,1.0662049102138844,,,,,,,24.382123708724976,control,0.25,0.25
,-0.00248544653579492,0.00198052128117941,,,-0.030757542319349872,99.75227008183893,-0.02059992090968409,-1.583925206688156,-1.5727167083758322,-1.578320957531994,24.39274573326111,state,,
0.5,,,1.1048808120096067,1.1048808120096067,,,,,,,24.392757654190063,control,0.25,0.25
,-0.005774181208229006,0.0051246219570632865,,,-0.01672394968200703,104.01879888987882,-0.020084920042079884,-0.473455601036028,-0.46700250630167983,-0.4702290536688539,24.40287137031555,state,,
0.5,,,1.1427831957694146,1.1427831957694146,,,,,,,24.402881383895874,control,0.25,0.25
,0.004131757585037018,0.005264978766812746,,,-0.008726145765281051,108.0121323254042,-0.01951979619656535,0.6795964513340571,0.6672998389719199,0.6734481451529886,24.413069486618042,state,,
0.5,,,1.1799275318540263,1.1799275318540263,,,,,,,24.41311526298523,control,0.24999999999999944,0.25000000000000056
,-0.008730381427464363,0.0032759334007339577,,,0.0014636400944198057,111.71523622313917,-0.01896439939525418,1.8590497195058873,1.8400247532843501,1.8495372363951188,24.423234462738037,state,,
0.5,,,1.2163289812169458,1.2163289812169458,,,,,,,24.423248529434204,control,0.2499999999999989,0.2500000000000011
,-0.0009709759955433807,0.0065278454689528045,,,0.014397017150052777,115.8261124692701,-0.01813254922920741,3.0640673950011488,3.0823825821766495,3.0732249885888994,24.43384575843811,state,,
0.5,,,1.2520024015926068,1.2520024015926068,,,,,,,24.433857679367065,control,0.24999999999999778,0.2500000000000022
,-7.889976773736196e-06,-0.002097263035031831,,,0.03132470055771454,119.40708622889818,-0.017242155456960076,4.33460593154933,4.313971705191868,4.324288818370599,24.443994522094727,state,,
-0.499990227475872,,,1.1669623535607545,1.1669623535607545,,,,,,,24.44400429725647,control,-0.249995113737936,-0.249995113737936
,-0.004925567280759806,0.0022379472946025916,,,0.04176685227457289,118.2933314226533,-0.016324417262372548,5.490419951195862,5.4885723974371565,5.489496174316509,24.453572034835815,state,,
-0.499990227475872,,,1.0836231064895394,1.0836231064895394,,,,,,,24.453574895858765,control,-0.24999511373793157,-0.24999511373794045
,-0.0035540709486763717,0.010366413668719798,,,0.048324199925162965,114.91360209401013,-0.015260234779941772,6.589063474204486,6.580620790515492,6.584842132359989,24.46364736557007,state,,
-0.499990227475872,,,1.0019506443597486,1.0019506443597486,,,,,,,24.463650465011597,control,-0.249995113737936,-0.249995113737936
,-0.0016223838857782633,-0.003855158720103769,,,0.058208984135533166,108.65364320425272,-0.01431830617833856,7.570717162323392,7.572779286310251,7.5717482243168215,24.47377109527588,state,,
-0.499990227475872,,,0.9219116314725535,0.9219116314725535,,,,,,,24.473773956298828,control,-0.249995113737936,-0.249995113737936
,0.008638957660695907,0.0003616402738785871,,,0.06386490522622389,102.43087677920605,-0.0132512231569898,8.49945834058273,8.494578836384541,8.497018588483636,24.48383641242981,state,,
-0.499990227475872,,,0.8434733988431025,0.8434733988431025,,,,,,,24.48385000228882,control,-0.249995113737936,-0.249995113737936
,0.002248800243927375,0.011182483057561976,,,0.07780701032038922,95.4082502044669,-0.01178613491777282,9.348147511361425,9.330517523123536,9.33933251724248,24.49388551712036,state,,
-0.499990227475872,,,0.7666039308662405,0.7666039308662405,,,,,,,24.493887901306152,control,-0.249995113737936,-0.249995113737936
,-0.0014643193804105585,-0.0003578413484790279,,,0.08782155761783125,87.64508245129208,-0.010555343527611352,10.093963199415695,10.090494179701231,10.092228689558464,24.503939151763916,state,,
-0.499990227475872,,,0.6912718522489156,0.6912718522489156,,,,,,,24.503941535949707,control,-0.2499951137379449,-0.24999511373792713
,0.0053933380195055605,0.0006214919662097284,,,0.09847145660448195,81.22822103863179,-0.009165766094208772,10.802707234523693,10.802059522773765,10.802383378648729,24.51413106918335,state,,
-0.499990227475872,,,0.6174464152039374,0.6174464152039374,,,,,,,24.51413345336914,control,-0.249995113737936,-0.249995113737936
,0.0033612968778479846,0.006950633272617144,,,0.10317801601469967,73.53097481265522,-0.007748119709869506,11.412289566817906,11.418085729720735,11.41518764826932,24.52428150177002,state,,
-0.499990227475872,,,0.5450974868998586,0.5450974868998586,,,,,,,24.524283409118652,control,-0.249995113737936,-0.249995113737936
,-0.0003233520235245784,-0.00042000983895850087,,,0.111670673959966,66.06492098370167,-0.006380784019729396,11.952402309493012,11.961619532266036,11.957010920879524,24.53456139564514,state,,
-0.499990227475872,,,0.4741955371618614,0.4741955371618614,,,,,,,24.53456425666809,control,-0.249995113737936,-0.249995113737936
,0.004669441478878877,0.0005404285192902484,,,0.11987379781388316,58.78490515842161,-0.004909999914554817,12.428382976314396,12.429606867736975,12.428994922025685,24.544838428497314,state,,
-0.499990227475872,,,0.4047116264186242,0.4047116264186242,,,,,,,24.544840812683105,control,-0.249995113737936,-0.249995113737936
,-0.004173653987682089,-0.0062353319810597154,,,0.12798985886149633,51.764762532936544,-0.0035819596057431492,12.84121364946294,12.828613365235949,12.834913507349444,24.55506443977356,state,,
-0.499990227475872,,,0.3366173938902517,0.3366173938902517,,,,,,,24.555067777633667,control,-0.249995113737936,-0.249995113737936
,0.004962629739174925,-0.002363766934780984,,,0.12616177342245505,45.154207174460325,-0.002313740257184126,13.17864350524767,13.183847140563604,13.181245322905637,24.565298080444336,state,,
-0.499990227475872,,,0.26988504601244667,0.26988504601244667,,,,,,,24.56530213356018,control,-0.249995113737936,-0.249995113737936
,0.003216158550907245,-0.00483079584997543,,,0.12410716760795096,37.75629981856363,-0.0011533375518369192,13.432976281973545,13.449157655363631,13.441066968668588,24.575626134872437,state,,
-0.499990227475872,,,0.20448734509219774,0.20448734509219774,,,,,,,24.57563090324402,control,-0.249995113737936,-0.249995113737936
,0.0061901473330679205,0.0012319793665661366,,,0.12817670840987333,31.535688250367023,0.00025393118699034985,13.66646305634008,13.648376429977812,13.657419743158947,24.585942268371582,state,,
-0.499990227475872,,,0.14039759819035377,0.14039759819035377,,,,,,,24.58595061302185,control,-0.2499951137379449,-0.24999511373792713
,0.01113248114870903,-0.005541589606443721,,,0.13022385454493368,24.331625848715042,0.0015325016364298237,13.770735209852123,13.801424365126996,13.786079787489559,24.596264600753784,state,,
-0.499990227475872,,,0.07758964622654671,0.07758964622654671,,,,,,,24.596275091171265,control,-0.24999511373792713,-0.2499951137379449
,-0.0012637120766439908,-0.012626851160823682,,,0.1363723094753485,18.31974272979799,0.0026860777890904673,13.870632432340123,13.876557814101679,13.873595123220902,24.60642719268799,state,,
-0.499990227475872,,,0.016037853302015778,0.016037853302015778,,,,,,,24.606436252593994,control,-0.2499951137379449,-0.24999511373792713
,-0.003837117751627695,-0.006179880966519949,,,0.13705690301264753,11.539541154744239,0.003838673035114807,13.87410475893876,13.888055791432079,13.881080275185418,24.616491556167603,state,,
-0.499990227475872,,,-0.04428290376402454,-0.04428290376402454,,,,,,,24.616519689559937,control,-0.24999511373792713,-0.2499951137379449
,0.0033222553175785642,-0.003835714617879032,,,0.14036481884624277,5.493927795027642,0.005138258957458499,13.84066060201687,13.838940654210258,13.839800628113565,24.6266348361969,state,,
-0.499990227475872,,,-0.10339724568874403,-0.10339724568874403,,,,,,,24.62664246559143,control,-0.2499951137379449,-0.24999511373792713
,0.002454635545599079,-0.006764198430806099,,,0.13668163021159063,-0.11694583135586223,0.006205891269946549,13.750256327968701,13.748406357090735,13.749331342529718,24.63689684867859,state,,
-0.499990227475872,,,-0.16132930077496915,-0.16132930077496915,,,,,,,24.636905670166016,control,-0.249995113737936,-0.249995113737936
,0.0021261121116644176,0.0037186232899308336,,,0.1305120228556517,-6.70405107695974,0.007345148554389567,13.581932480765921,13.57297511065344,13.57745379570968,24.64711618423462,state,,
-0.499990227475872,,,-0.21810271475946977,-0.21810271475946977,,,,,,,24.647125482559204,control,-0.24999511373792713,-0.2499951137379449
,-0.0012521703832656084,0.005090147288761203,,,0.1274571102966179,-12.415184700329974,0.008480638328097829,13.357401961778933,13.367410906270287,13.36240643402461,24.6573805809021,state,,
-0.499990227475872,,,-0.27374066046428036,-0.27374066046428036,,,,,,,24.657389163970947,control,-0.249995113737936,-0.249995113737936
,-0.0027716697354367888,-0.0034039797471877974,,,0.132623025436938,-18.611569398650822,0.009603247503355249,13.074098050650726,13.081246378618129,13.077672214634427,24.667478561401367,state,,
-0.499990227475872,,,-0.32826584725499475,-0.32826584725499475,,,,,,,24.667487621307373,control,-0.249995113737936,-0.249995113737936
,-0.010504631862482043,0.009979286563034156,,,0.1278238841533757,-23.649028559638666,0.010692028103347,12.769092270973774,12.752924281883354,12.761008276428564,24.677592039108276,state,,
-0.499990227475872,,,-0.38170053030989487,-0.38170053030989487,,,,,,,24.677600622177124,control,-0.249995113737936,-0.249995113737936
,0.0003264019033976993,0.004456946255583675,,,0.12938477841112542,-28.86596871696657,0.011851432116365985,12.393774863124131,12.384861952622996,12.389318407873564,24.687686920166016,state,,
-0.499990227475872,,,-0.434066519703697,-0.434066519703697,,,,,,,24.687695026397705,control,-0.249995113737936,-0.249995113737936
,-0.010476974689158551,0.004297078516179231,,,0.12176106854165943,-34.910661333726374,0.012686467591793758,11.94709512203553,11.94091992515139,11.94400752359346,24.697617530822754,state,,
-0.499990227475872,,,-0.48538518930962304,-0.48538518930962304,,,,,,,24.697622299194336,control,-0.249995113737936,-0.249995113737936
,0.0012560238992651615,0.007013873657741639,,,0.11120622920799542,-40.49430500932638,0.013493247710307615,11.451611998933746,11.448784049779537,11.450198024356641,24.707582712173462,state,,
-0.499990227475872,,,-0.5356774855234305,-0.5356774855234305,,,,,,,24.70758581161499,control,-0.249995113737936,-0.249995113737936
,-0.007233616648886846,0.008718821874043655,,,0.10847524872381728,-45.381459989461035,0.014347759413737672,10.912902602990266,10.924301271384877,10.91860193718757,24.7177836894989,state,,
-0.499990227475872,,,-0.5849639358129619,-0.5849639358129619,,,,,,,24.717787504196167,control,-0.24999511373792713,-0.2499951137379449
,0.0003564707239768183,0.00499481930711451,,,0.10543770920279844,-49.89455063864041,0.015137856300015082,10.350252104933197,10.345404619581393,10.347828362257296,24.728273153305054,state,,
-0.499990227475872,,,-0.6332646570967027,-0.6332646570967027,,,,,,,24.728277444839478,control,-0.2499951137379449,-0.24999511373792713
,-0.0019666931432900363,0.009371757065635915,,,0.10411870976574013,-55.57614449419525,0.015990051106437572,9.704469201599922,9.698813883680346,9.701641542640134,24.73863458633423,state,,
-0.499990227475872,,,-0.6805993639547685,-0.6805993639547685,,,,,,,24.73863959312439,control,-0.249995113737936,-0.249995113737936
,-0.005177753347739127,0.004824019288468018,,,0.09788973393221652,-60.09132438548189,0.01657927571932475,9.028284909733982,9.02944904810717,9.028866978920576,24.748969316482544,state,,
-0.499990227475872,,,-0.7269873766756731,-0.7269873766756731,,,,,,,24.748976945877075,control,-0.249995113737936,-0.249995113737936
,0.0023232714084412283,-0.0029032083055924142,,,0.08930641188747142,-65.05456472649884,0.016948103310889577,8.306021377991712,8.29263643851427,8.299328908252992,24.759480476379395,state,,
-0.499990227475872,,,-0.7724476291421596,-0.7724476291421596,,,,,,,24.7594895362854,control,-0.2499951137379449,-0.24999511373792713
,-0.0026424840754925545,0.007102613646944743,,,0.09228903543123211,-70.24497629920822,0.01766809899108817,7.521302518161145,7.50723984066506,7.514271179413102,24.769652128219604,state,,
-0.499990227475872,,,-0.8169986765593165,-0.8169986765593165,,,,,,,24.769660472869873,control,-0.249995113737936,-0.249995113737936
,-0.0019632140980417835,-0.0018523864047718527,,,0.08230398439901673,-74.08212234431052,0.017912337360097202,6.711451995486923,6.713307764364361,6.712379879925642,24.780192852020264,state,,
-0.499990227475872,,,-0.8606587030281301,-0.8606587030281301,,,,,,,24.780242681503296,control,-0.249995113737936,-0.249995113737936
,0.007640005124336998,-0.005737690554299651,,,0.06873083941847889,-78.77796242657232,0.017961892612724524,5.844280085608439,5.855447193499196,5.849863639553817,24.79078459739685,state,,
-0.499990227475872,,,-0.9034455289675674,-0.9034455289675674,,,,,,,24.790794849395752,control,-0.24999511373793157,-0.24999511373794045
,-0.008895260386321957,0.009513920671284216,,,0.04865465167691458,-83.21011347079715,0.01787267540477155,4.958551216035201,4.935894044212834,4.947222630124017,24.801424980163574,state,,
-0.499990227475872,,,-0.945376618388216,-0.945376618388216,,,,,,,24.801435232162476,control,-0.24999511373793157,-0.24999511373794045
,-0.010222063550481506,-0.0014101277004316872,,,0.043947130056677455,-87.47466227975397,0.01776610701677391,4.006991591224011,4.002215618828517,4.004603605026264,24.81188726425171,state,,
-0.499990227475872,,,-0.9864690860204517,-0.9864690860204517,,,,,,,24.81189751625061,control,-0.249995113737936,-0.249995113737936
,-0.002407841157146521,-0.002873292904978811,,,0.04264802690792832,-91.99957205674997,0.017732972808219172,3.0180251114986745,3.0071583058081024,3.0125917086533884,24.822366952896118,state,,
-0.499990227475872,,,-1.0267397043000426,-1.0267397043000426,,,,,,,24.82241177558899,control,-0.249995113737936,-0.249995113737936
,0.0009733475162417153,0.007366193201971928,,,0.03419492091756375,-96.78958274785438,0.017721335865951326,1.982600047311046,1.9543209392481848,1.9684604932796155,24.83293104171753,state,,
-0.499990227475872,,,-1.0662049102140418,-1.0662049102140418,,,,,,,24.83294129371643,control,-0.249995113737936,-0.249995113737936
,-0.007384622269539222,0.0002813071393584478,,,0.020039881339915185,-99.81426466127334,0.017288633692571227,0.9280728840109754,0.9162841937625327,0.922178538886754,24.84310245513916,state,,
-0.499990227475872,,,-1.104880812009761,-1.104880812009761,,,,,,,24.843113660812378,control,-0.249995113737936,-0.249995113737936
,0.002706486699356312,-0.005201697683588087,,,0.012896781456206914,-104.74300761973727,0.016877087732587847,-0.20322928164368076,-0.2041605539913379,-0.2036949178175093,24.85332417488098,state,,
-0.499990227475872,,,-1.1427831957695658,-1.1427831957695658,,,,,,,24.853334665298462,control,-0.24999511373793615,-0.24999511373793587
,-0.004746415886091174,0.00786436085702933,,,0.006421018246767499,-108.1863551412304,0.01660799063082633,-1.33620740235033,-1.3445146918750681,-1.3403610471126992,24.863935232162476,state,,
-0.499990227475872,,,-1.1799275318541744,-1.1799275318541744,,,,,,,24.863945960998535,control,-0.2499951137379349,-0.24999511373793712
,-0.0030829217928210156,-0.0007512216032655597,,,-0.009665384582378117,-111.92585247820043,0.015889098578875355,-2.5390161226208394,-2.4992549183401196,-2.5191355204804795,24.874428272247314,state,,
-0.499990227475872,,,-1.216328981217091,-1.216328981217091,,,,,,,24.874439001083374,control,-0.249995113737936,-0.249995113737936
,-0.0006032845180278031,-0.0014200290285584052,,,-0.02234211409554156,-115.41799621142343,0.01511953256345643,-3.736389984146916,-3.7213993684684774,-3.7288946763076964,24.88489866256714,state,,
-0.499990227475872,,,-1.2520024015927491,-1.2520024015927491,,,,,,,24.884909629821777,control,-0.24999511373793823,-0.2499951137379338
,0.004435584084236099,-0.0049025926476632285,,,-0.03275845781846783,-119.21275046650528,0.014271291547366486,-4.9855327376320515,-4.977302403816503,-4.981417570724277,24.895464181900024,state,,
0.5,,,-1.166962353560894,-1.166962353560894,,,,,,,24.895475387573242,control,0.25,0.25
,0.0007605560944398948,0.0006469121200567111,,,-0.04864960158841847,-118.7494791530417,0.013274644970480982,-6.16745949587833,-6.155618844724978,-6.161539170301654,24.905709505081177,state,,
0.5,,,-1.083623106489676,-1.083623106489676,,,,,,,24.905723810195923,control,0.25,0.25
,-0.0036317635331842013,-0.0022798432722577313,,,-0.05576516928365298,-114.00575221611216,0.012278099225796287,-7.22226210235054,-7.2299337644369075,-7.226097933393724,24.915753602981567,state,,
0.5,,,-1.0019506443598825,-1.0019506443598825,,,,,,,24.915756702423096,control,0.25000000000000444,0.24999999999999556
,0.0011995582370803474,-0.0007686869746920823,,,-0.07173653013131237,-108.45051776473929,0.0110707872458582,-8.213031290987564,-8.231346326500594,-8.222188808744079,24.925485134124756,state,,
0.5,,,-0.9219116314726847,-0.9219116314726847,,,,,,,24.92548894882202,control,0.25,0.25
,0.006040057590576139,0.0016368429565171406,,,-0.08082763874251903,-102.20544666776232,0.009986465100120624,-9.149323357129902,-9.140376406704663,-9.144849881917281,24.935587167739868,state,,
0.5,,,-0.843473398843231,-0.843473398843231,,,,,,,24.93559217453003,control,0.24999999999999112,0.2500000000000089
,0.007774659407158399,-0.0016358179755763993,,,-0.09700072675627117,-95.4483412995891,0.008606986706926511,-9.997462101918435,-9.986119143840401,-9.991790622879417,24.94569444656372,state,,
0.5,,,-0.7666039308663664,-0.7666039308663664,,,,,,,24.945698738098145,control,0.24999999999999112,0.2500000000000089
,-0.0008137716797581195,-0.0020485753428162025,,,-0.09502569496130447,-88.58534629722003,0.00748605478828107,-10.761764146205863,-10.77506810968897,-10.768416127947416,24.955759286880493,state,,
0.5,,,-0.6912718522490391,-0.6912718522490391,,,,,,,24.955775499343872,control,0.25,0.25
,-0.0003058022024025436,0.0020675225340600063,,,-0.10779073257449306,-80.87205728580362,0.0061127476797092715,-11.451539950643431,-11.457211836234809,-11.45437589343912,24.965839624404907,state,,
0.5,,,-0.6174464152040582,-0.6174464152040582,,,,,,,24.965843200683594,control,0.2500000000000089,0.24999999999999112
,0.008427832566751647,0.000811648949082881,,,-0.10886482533878633,-73.25965383846088,0.004980277250578167,-12.069471288898805,-12.062163247257777,-12.065817268078291,24.976160049438477,state,,
0.5,,,-0.545097486899977,-0.545097486899977,,,,,,,24.97616457939148,control,0.25,0.25
,-0.002607312845069578,-0.0036909984275528686,,,-0.10925787302474259,-66.59801949453588,0.003711647683301633,-12.622584855588732,-12.628963663477286,-12.62577425953301,24.986565113067627,state,,
0.5,,,-0.47419553716197743,-0.47419553716197743,,,,,,,24.986572980880737,control,0.2500000000000089,0.24999999999999112
,-0.0030893569963158026,-0.00031281974646151845,,,-0.11685277425902586,-59.057345320159406,0.0023407827064874176,-13.0964632393861,-13.096205072263627,-13.096334155824863,24.99681067466736,state,,
0.5,,,-0.40471162641873787,-0.40471162641873787,,,,,,,24.996819734573364,control,0.24999999999999112,0.2500000000000089
,-0.001844836378024933,0.001292886295245276,,,-0.12999957135980925,-52.02443488788608,0.0008209637536207255,-13.504564127235126,-13.50472839024855,-13.504646258741838,25.00696301460266,state,,
0.5,,,-0.3366173938903631,-0.3366173938903631,,,,,,,25.006972551345825,control,0.25,0.25
,-0.005709242344262809,0.004997912487887746,,,-0.13767919382426813,-44.99041932123634,-0.0006183500669951981,-13.84433975663923,-13.840861477825644,-13.842600617232437,25.01753568649292,state,,
0.5,,,-0.26988504601255586,-0.26988504601255586,,,,,,,25.017544984817505,control,0.25,0.25
,-0.0021948269471592195,-0.006085258518843005,,,-0.14254373863024858,-37.71751922825443,-0.002212347761483545,-14.103386826567881,-14.104661192379766,-14.104024009473823,25.028059720993042,state,,
0.5,,,-0.20448734509230476,-0.20448734509230476,,,,,,,25.028103351593018,control,0.25,0.25
,-0.004691246080095764,0.0026758928203935084,,,-0.13738895544465063,-31.16740602159844,-0.00342352776011294,-14.301278381911247,-14.321621178538207,-14.311449780224727,25.038522481918335,state,,
0.5,,,-0.14039759819045866,-0.14039759819045866,,,,,,,25.038532733917236,control,0.25,0.25
,0.0014169417251129366,-0.004013688557886402,,,-0.13680119459853313,-24.391668597905607,-0.004754808719795432,-14.442343880097393,-14.452710631495481,-14.447527255796437,25.049039363861084,state,,
0.5,,,-0.07758964622664949,-0.07758964622664949,,,,,,,25.0490505695343,control,0.25,0.25
,0.007176233467223916,0.004637213564565517,,,-0.14043096739748795,-18.005893539831394,-0.005957395319161464,-14.541115439529142,-14.510791409667272,-14.525953424598207,25.05943512916565,state,,
0.5,,,-0.016037853302116503,-0.016037853302116503,,,,,,,25.059446334838867,control,0.25,0.25
,-0.002374316620899966,-0.001741100608900816,,,-0.14194554587569466,-11.666107294253736,-0.007307164005595171,-14.531855886483992,-14.55157144477156,-14.541713665627775,25.069889545440674,state,,
0.5,,,0.044282903763925824,0.044282903763925824,,,,,,,25.069899797439575,control,0.24999999999999112,0.2500000000000089
,0.002243142521670783,-0.0053814604350409505,,,-0.143571700845316,-5.815017125056606,-0.008680916075536548,-14.506489403736982,-14.506992285438876,-14.50674084458793,25.080065727233887,state,,
0.5,,,0.1033972456886473,0.1033972456886473,,,,,,,25.080076932907104,control,0.25,0.25
,-0.006616339153264995,-0.0025067628872306996,,,-0.14322476262127543,0.6811078137580155,-0.010005443195556464,-14.397353172476034,-14.395728281433687,-14.39654072695486,25.090606689453125,state,,
0.5,,,0.16132930077487434,0.16132930077487434,,,,,,,25.090617895126343,control,0.25,0.25
,-0.0021499673617543964,-0.0005594461751116353,,,-0.14505523971036954,7.012822524858484,-0.011286043856504106,-14.23364963203755,-14.21763063247114,-14.225640132254345,25.10093116760254,state,,
0.5,,,0.21810271475937684,0.21810271475937684,,,,,,,25.1009418964386,control,0.25,0.25
,0.0006967429930984449,0.001587847703112065,,,-0.1383737668602308,12.162090273670312,-0.01228177253733014,-14.030210914620735,-14.013921261309134,-14.022066087964934,25.111079216003418,state,,
0.5,,,0.2737406604641893,0.2737406604641893,,,,,,,25.1110897064209,control,0.24999999999999112,0.2500000000000089
,-0.005860165755454039,-0.004243947334162,,,-0.13715789608460366,17.985567484078047,-0.013487916325138356,-13.759547961711366,-13.739505827733062,-13.749526894722214,25.120882511138916,state,,
0.5,,,0.32826584725490554,0.32826584725490554,,,,,,,25.120886087417603,control,0.25,0.25
,0.005181338710231911,-0.005129244032770807,,,-0.1326972614809883,23.669794489500923,-0.014510039148994706,-13.422655375964187,-13.422067958576324,-13.422361667270255,25.131131410598755,state,,
0.5,,,0.38170053030980744,0.38170053030980744,,,,,,,25.131136417388916,control,0.25,0.25
,0.0024399665313162076,0.0011051420047421795,,,-0.13004133755436093,29.53684898740937,-0.015418432626149217,-13.043047642738864,-13.024184567107126,-13.033616104922995,25.141767740249634,state,,
0.5,,,0.43406651970361126,0.43406651970361126,,,,,,,25.141775608062744,control,0.25,0.25
,0.0044308442705967,-0.0054686366810186085,,,-0.12974387905539123,35.088613965861526,-0.016449812697713947,-12.586346414086709,-12.602395348601023,-12.594370881343867,25.152247667312622,state,,
0.5,,,0.48538518930953906,0.48538518930953906,,,,,,,25.152260065078735,control,0.2500000000000089,0.24999999999999112
,-0.007982011457291114,-0.0014107862308504972,,,-0.12573459008483884,40.27918693929562,-0.0173802280180475,-12.106365462008826,-12.11157149265275,-12.108968477330787,25.162313222885132,state,,
0.5,,,0.5356774855233483,0.5356774855233483,,,,,,,25.162359952926636,control,0.24999999999999112,0.2500000000000089
,-9.302886910909341e-05,0.00756727602144445,,,-0.11858437827285274,45.53754783114678,-0.017947657081205777,-11.569013707623782,-11.570793464715013,-11.569903586169398,25.172523975372314,state,,
0.5,,,0.5849639358128813,0.5849639358128813,,,,,,,25.172535181045532,control,0.25,0.25
,0.0006381802983337255,0.008546647085579477,,,-0.11141700647291354,50.13398042787042,-0.018409611922524084,-10.9892501943394,-11.001568375770532,-10.995409285054965,25.18289279937744,state,,
0.5,,,0.6332646570966236,0.6332646570966236,,,,,,,25.182903289794922,control,0.24999999999999112,0.2500000000000089
,0.0029631393192528915,-0.0002540321359481636,,,-0.10281938998227745,56.085472242420735,-0.01890191838355441,-10.326691569416843,-10.352975687633345,-10.339833628525094,25.193483352661133,state,,
0.5,,,0.6805993639546912,0.6805993639546912,,,,,,,25.193493843078613,control,0.25,0.25
,0.0028692636150117958,-0.000695353157888288,,,-0.09935862942705712,59.96935897885909,-0.01943947616816927,-9.67218761733279,-9.684464505637573,-9.678326061485182,25.20397710800171,state,,
0.5,,,0.7269873766755974,0.7269873766755974,,,,,,,25.20398759841919,control,0.25,0.25
,-0.0055849764964183415,-0.00408348817084919,,,-0.09090905330300918,64.42055542906127,-0.019931378081359804,-8.958125959533856,-8.968429071310727,-8.963277515422291,25.21453309059143,state,,
0.5,,,0.7724476291420854,0.7724476291420854,,,,,,,25.214544534683228,control,0.25,0.25
,-0.003951864225182646,-0.007357807398790024,,,-0.09040926566792487,69.89507705781797,-0.020581210482862638,-8.169543550773174,-8.184850503259023,-8.1771970270161,25.224929571151733,state,,
0.5,,,0.8169986765592436,0.8169986765592436,,,,,,,25.224940299987793,control,0.2500000000000089,0.24999999999999112
,-0.0013327371043360095,-0.010844037794228753,,,-0.09014740158305189,74.2073471881593,-0.021264474191161918,-7.3723280086330005,-7.360655280197742,-7.366491644415371,25.235315561294556,state,,
0.5,,,0.8606587030280588,0.8606587030280588,,,,,,,25.235326290130615,control,0.24999999999999556,0.25000000000000444
,0.001138149204673751,0.006560821753787352,,,-0.07466810544499752,79.13377948222386,-0.021203473018245017,-6.492593988269403,-6.500900500635277,-6.49674724445234,25.245826244354248,state,,
0.5,,,0.9034455289674976,0.9034455289674976,,,,,,,25.24583673477173,control,0.25000000000000444,0.24999999999999556
,0.007272662853158432,0.004586088023124322,,,-0.06909841160780894,83.36170448702063,-0.021234774625159474,-5.609155045669409,-5.582526320787812,-5.5958406832286105,25.255999088287354,state,,
0.5,,,0.9453766183881476,0.9453766183881476,,,,,,,25.256009578704834,control,0.25,0.25
,0.0008577183060734779,-0.004369949521180878,,,-0.06873330299535699,87.27400483113884,-0.021557007465063012,-4.659349261582256,-4.662319620526881,-4.660834441054568,25.266650438308716,state,,
0.5,,,0.9864690860203846,0.9864690860203846,,,,,,,25.266660690307617,control,0.25,0.25
,-0.001780288472242241,0.003035604796616865,,,-0.06274960382937853,91.92498053208145,-0.02160859813437049,-3.65585491041778,-3.6792692064486663,-3.667562058433223,25.27710461616516,state,,
0.5,,,1.0267397042999769,1.0267397042999769,,,,,,,25.277114868164062,control,0.24999999999999778,0.2500000000000022
,-0.0039865084766369805,-0.0013405362767049797,,,-0.04762276742886667,95.52815354958062,-0.021465957086359396,-2.6611195914615777,-2.6487488951031892,-2.6549342432823835,25.287365436553955,state,,
0.5,,,1.0662049102139775,1.0662049102139775,,,,,,,25.287375688552856,control,0.25,0.25
,0.010506351595222944,-0.00030380400401619007,,,-0.04374162108247729,99.99520446840296,-0.021336632829766545,-1.5896684021490042,-1.5781053480929497,-1.583886875120977,25.2976016998291,state,,
0.5,,,1.104880812009698,1.104880812009698,,,,,,,25.297611951828003,control,0.25,0.25
,-0.004356162530956677,-0.008650883278214942,,,-0.025553725509792725,104.45869668878701,-0.021073906029851205,-0.46290427927782823,-0.47361816712311716,-0.4682612232004727,25.308096170425415,state,,
0.5,,,1.142783195769504,1.142783195769504,,,,,,,25.308111667633057,control,0.25,0.25
,-0.009962246173945295,-0.0008807425508782916,,,-0.021145878505712874,107.90238534067677,-0.020885519877089434,0.6548554030854534,0.6762858716106808,0.6655706373480671,25.318615913391113,state,,
0.5,,,1.179927531854114,1.179927531854114,,,,,,,25.318626642227173,control,0.25,0.25
,0.006074645238523564,-0.008591376503412561,,,-0.0041299875274974345,111.77902112690458,-0.020361559567690077,1.8480105802811544,1.84210826654209,1.8450594234116222,25.329089403152466,state,,
0.5,,,1.2163289812170317,1.2163289812170317,,,,,,,25.329099655151367,control,0.25,0.25
,-0.0004902944043018971,-0.001968829342692349,,,0.015507864205279784,115.82896885354431,-0.01954051784608182,3.073643298478356,3.0619687654074745,3.067806031942915,25.339283227920532,state,,
0.5,,,1.2520024015926912,1.2520024015926912,,,,,,,25.33929419517517,control,0.2500000000000022,0.24999999999999778
,-0.010133431235768929,-0.005138055151688288,,,0.024350122312858033,119.56228131828013,-0.018948102162215884,4.32887828755623,4.31681442926906,4.3228463584126455,25.349579095840454,state,,
-0.499990227475872,,,1.1669623535608373,1.1669623535608373,,,,,,,25.349589347839355,control,-0.24999511373794045,-0.24999511373793157
,-0.006554833458406593,0.007177116405342902,,,0.03758457505912574,118.50140056636629,-0.01791406313363466,5.495542085134224,5.486409759878767,5.490975922506495,25.359811305999756,state,,
-0.499990227475872,,,1.0836231064896205,1.0836231064896205,,,,,,,25.3598210811615,control,-0.24999511373793157,-0.24999511373794045
,0.005085427345677259,0.0039009870475682725,,,0.05040586845450981,114.7591842190048,-0.016755874841183155,6.5735488979960115,6.584468185436699,6.579008541716355,25.369993209838867,state,,
-0.499990227475872,,,1.001950644359828,1.001950644359828,,,,,,,25.370032787322998,control,-0.249995113737936,-0.249995113737936
,-0.007391489438955931,-0.004795477117305404,,,0.0632521666914121,109.01908783913524,-0.015748732083407664,7.573293571125501,7.5823923265538875,7.577842948839694,25.379634618759155,state,,
-0.499990227475872,,,0.9219116314726314,0.9219116314726314,,,,,,,25.37963843345642,control,-0.249995113737936,-0.249995113737936
,-0.0025743686225279533,-0.0015574715055140696,,,0.07277005819687166,102.50020765084787,-0.014624461687787338,8.492802510046568,8.505385139571827,8.499093824809197,25.389851570129395,state,,
-0.499990227475872,,,0.8434733988431788,0.8434733988431788,,,,,,,25.389856100082397,control,-0.249995113737936,-0.249995113737936
,-0.0019153356835954925,-0.00577748012612565,,,0.0757284989547279,95.5001320213901,-0.013669461362689277,9.340978204179535,9.344392758177598,9.342685481178567,25.399958610534668,state,,
-0.499990227475872,,,0.7666039308663153,0.7666039308663153,,,,,,,25.399961709976196,control,-0.249995113737936,-0.249995113737936
,0.0021753863584469085,0.010530182539906173,,,0.08465264372651703,88.51483307758845,-0.012219845425727243,10.11928164903144,10.114037003701338,10.116659326366388,25.41006302833557,state,,
-0.499990227475872,,,0.6912718522489889,0.6912718522489889,,,,,,,25.410065412521362,control,-0.249995113737936,-0.249995113737936
,0.007984940708310297,0.00488373284070403,,,0.101889702743315,80.62005293699173,-0.010562340224820868,10.786924239744172,10.8074968149285,10.797210527336336,25.42034649848938,state,,
-0.499990227475872,,,0.6174464152040091,0.6174464152040091,,,,,,,25.420350551605225,control,-0.249995113737936,-0.249995113737936
,-0.00017173613842608252,-0.0005784642900695171,,,0.11007873334169371,73.035469780282,-0.009160873124932288,11.406847396781998,11.406858273359937,11.406852835070968,25.43055558204651,state,,
-0.499990227475872,,,0.545097486899929,0.545097486899929,,,,,,,25.430559873580933,control,-0.249995113737936,-0.249995113737936
,0.00416009420222191,-4.049687456749609e-05,,,0.11236084329796646,66.31876072678098,-0.007815036187980715,11.968408123947368,11.957873271295233,11.9631406976213,25.44083309173584,state,,
-0.499990227475872,,,0.47419553716193036,0.47419553716193036,,,,,,,25.440840482711792,control,-0.249995113737936,-0.249995113737936
,0.0014817893031818356,0.0024025118822989,,,0.12072479311567809,59.06170273846413,-0.00629381811923571,12.433383015977794,12.443133103805058,12.438258059891426,25.451435327529907,state,,
-0.499990227475872,,,0.40471162641869174,0.40471162641869174,,,,,,,25.451448678970337,control,-0.249995113737936,-0.249995113737936
,-0.007568338869354694,0.004105174772632071,,,0.1299068389458728,51.78861527977122,-0.004735885376686873,12.843709633580794,12.837069227679354,12.840389430630074,25.461323499679565,state,,
-0.499990227475872,,,0.3366173938903179,0.3366173938903179,,,,,,,25.46133589744568,control,-0.249995113737936,-0.249995113737936
,-0.001586860198290815,-0.0050501931535437295,,,0.1252123528949725,44.91204573348766,-0.003597133685322766,13.182283322975838,13.17784844599282,13.180065884484328,25.47153902053833,state,,
-0.499990227475872,,,0.26988504601251156,0.26988504601251156,,,,,,,25.471549034118652,control,-0.24999511373792713,-0.2499951137379449
,-0.006954254204182815,-0.00024842371220063007,,,0.12547225691904754,37.83951294256117,-0.0023520368144234072,13.445110741733812,13.446685575314975,13.445898158524393,25.48173952102661,state,,
-0.499990227475872,,,0.20448734509226135,0.20448734509226135,,,,,,,25.48174810409546,control,-0.249995113737936,-0.249995113737936
,0.004812872226908685,0.0046509725348040255,,,0.13065408835852788,30.579300337894907,-0.0008259081980455664,13.630282827204379,13.641999751816162,13.63614128951027,25.49188208580017,state,,
-0.499990227475872,,,0.1403975981904161,0.1403975981904161,,,,,,,25.49189043045044,control,-0.249995113737936,-0.249995113737936
,0.0030125382336440958,-0.0032961204960449265,,,0.13572786830084274,24.6498701796378,0.0005567892323336967,13.7873704641733,13.789169894559041,13.78827017936617,25.50247550010681,state,,
-0.499990227475872,,,0.0775896462266078,0.0775896462266078,,,,,,,25.502504348754883,control,-0.249995113737936,-0.249995113737936
,-0.0004871619764688754,0.002215870053050332,,,0.13655001310239515,18.353135112602107,0.0019299361701136705,13.875211737940237,13.867960020792387,13.871585879366311,25.512137413024902,state,,
-0.499990227475872,,,0.016037853302075647,0.016037853302075647,,,,,,,25.51214623451233,control,-0.24999511373792713,-0.2499951137379449
,0.0029087024519345436,-0.01333038208722034,,,0.14104540416237776,11.418127359841312,0.00311350449372983,13.877582653460088,13.873203499622859,13.875393076541474,25.522296667099,state,,
-0.499990227475872,,,-0.04428290376396586,-0.04428290376396586,,,,,,,25.522305965423584,control,-0.2499951137379449,-0.24999511373792713
,0.003976907601094309,-0.0023399776579157597,,,0.13306775522942282,5.737415154188806,0.00421269730162219,13.850533036444938,13.834178734159375,13.842355885302156,25.532482147216797,state,,
-0.499990227475872,,,-0.10339724568868655,-0.10339724568868655,,,,,,,25.532491207122803,control,-0.249995113737936,-0.249995113737936
,-0.006766066629205198,0.005288971667544423,,,0.12723798718673668,-0.4863441244014952,0.005328144644086331,13.731126429466126,13.745750047889816,13.738438238677972,25.542678833007812,state,,
-0.499990227475872,,,-0.1613293007749128,-0.1613293007749128,,,,,,,25.542688369750977,control,-0.2499951137379449,-0.24999511373792713
,-0.0007295782373544621,-0.002389927275242727,,,0.13399232645046555,-6.727437464280945,0.006585996543475018,13.575944727024655,13.567722829977725,13.57183377850119,25.552967309951782,state,,
-0.499990227475872,,,-0.21810271475941453,-0.21810271475941453,,,,,,,25.55297827720642,control,-0.249995113737936,-0.249995113737936
,-0.0037815350584339442,-0.014715451285160852,,,0.1301267755625321,-12.935896027692324,0.007363620019843845,13.34001581424763,13.347312448331278,13.343664131289454,25.563116550445557,state,,
-0.499990227475872,,,-0.27374066046422624,-0.27374066046422624,,,,,,,25.563127040863037,control,-0.249995113737936,-0.249995113737936
,0.0035977736739873367,-0.0045761050813623305,,,0.1231295466294029,-18.2994182090785,0.008251367884560283,13.075460245319148,13.075153439568066,13.075306842443606,25.57364058494568,state,,
-0.499990227475872,,,-0.3282658472549417,-0.3282658472549417,,,,,,,25.573684215545654,control,-0.24999511373792713,-0.2499951137379449
,3.555427033716784e-05,-0.0004304586294549942,,,0.12627588099066242,-23.418687292483547,0.009360929116643827,12.756160150750764,12.76312839235849,12.759644271554627,25.5838565826416,state,,
-0.499990227475872,,,-0.38170053030984286,-0.38170053030984286,,,,,,,25.5838680267334,control,-0.249995113737936,-0.249995113737936
,0.0046676029851522895,-0.006304955148910691,,,0.13191772785193792,-29.096600826223348,0.010467831524340847,12.375376502422474,12.381246423093701,12.378311462758088,25.59400963783264,state,,
-0.499990227475872,,,-0.434066519703646,-0.434066519703646,,,,,,,25.594019889831543,control,-0.249995113737936,-0.249995113737936
,0.00278128721131117,-0.00014043706241903444,,,0.1245476117559311,-35.05073412406456,0.011377879785448686,11.939375683124458,11.92670661067453,11.933041146899495,25.60426378250122,state,,
-0.499990227475872,,,-0.4853851893095731,-0.4853851893095731,,,,,,,25.60427474975586,control,-0.249995113737936,-0.249995113737936
,-0.0025413369126310306,-0.004898360856167988,,,0.12366394775976056,-39.9195568228172,0.012234349677566559,11.460674236586248,11.452037480847498,11.456355858716872,25.614787817001343,state,,
-0.499990227475872,,,-0.5356774855233817,-0.5356774855233817,,,,,,,25.614797592163086,control,-0.24999511373792713,-0.2499951137379449
,0.006732266248562259,0.0015370815363545073,,,0.11914348591551313,-45.0805366547107,0.013161051599168147,10.92099152328008,10.925830370770765,10.923410947025422,25.62523317337036,state,,
-0.499990227475872,,,-0.584963935812914,-0.584963935812914,,,,,,,25.62524914741516,control,-0.249995113737936,-0.249995113737936
,-0.012906925290447225,0.004364918319413633,,,0.11412300528466535,-49.97233025607508,0.01391885524512538,10.345982161393913,10.345682501086943,10.345832331240427,25.634851217269897,state,,
-0.499990227475872,,,-0.6332646570966556,-0.6332646570966556,,,,,,,25.634859085083008,control,-0.24999511373792713,-0.2499951137379449
,-0.003958998517370551,0.010126553223300645,,,0.1058896710153499,-55.60366963963891,0.014704159077318268,9.704576808843065,9.695763361020562,9.700170084931813,25.645134687423706,state,,
-0.499990227475872,,,-0.6805993639547225,-0.6805993639547225,,,,,,,25.64514470100403,control,-0.24999511373792713,-0.2499951137379449
,0.005557444742745372,-0.007468542386786501,,,0.09682485453625304,-60.05805397837413,0.015115906493021669,9.036673676613674,9.0207179564943,9.028695816553988,25.65544629096985,state,,
-0.499990227475872,,,-0.7269873766756281,-0.7269873766756281,,,,,,,25.655457258224487,control,-0.2499951137379449,-0.24999511373792713
,-0.005504605183507804,-0.010589867338245611,,,0.09061588752175868,-65.49230834977897,0.015362985901131056,8.283782096842138,8.290785680224696,8.287283888533416,25.665727853775024,state,,
-0.499990227475872,,,-0.7724476291421154,-0.7724476291421154,,,,,,,25.665738344192505,control,-0.24999511373792713,-0.2499951137379449
,0.0019151168513253528,-0.001746925870825628,,,0.08741320597672614,-69.98732629967964,0.0158399486431571,7.518509203229674,7.513231182640867,7.515870192935271,25.676024198532104,state,,
-0.499990227475872,,,-0.8169986765592732,-0.8169986765592732,,,,,,,25.676034688949585,control,-0.24999511373794045,-0.24999511373793157
,0.004837777828052776,-0.007742830254864575,,,0.08248750705429969,-74.72641491315548,0.016142593892614465,6.6976641500052105,6.688698061885182,6.693181105945197,25.686116695404053,state,,
-0.499990227475872,,,-0.8606587030280877,-0.8606587030280877,,,,,,,25.686126947402954,control,-0.24999511373794045,-0.24999511373793157
,0.014198521502911447,-0.006053248290996437,,,0.06966329410241656,-78.71962557673774,0.01629121897807659,5.843453624490702,5.84140823268166,5.842430928586181,25.69675350189209,state,,
-0.499990227475872,,,-0.9034455289675258,-0.9034455289675258,,,,,,,25.69676399230957,control,-0.24999511373793157,-0.24999511373794045
,0.003218254568042588,0.0004457146331818431,,,0.062056612820229104,-83.33083391739788,0.016482828225479904,4.925131480248573,4.946334378367303,4.935732929307938,25.70695447921753,state,,
-0.499990227475872,,,-0.9453766183881753,-0.9453766183881753,,,,,,,25.707027912139893,control,-0.249995113737936,-0.249995113737936
,0.0037366295788247607,-0.006075821755200521,,,0.058050454072406235,-87.58118746089424,0.016570251448603884,3.9851274635298637,3.9994216906010074,3.9922745770654355,25.717122793197632,state,,
-0.499990227475872,,,-0.9864690860204117,-0.9864690860204117,,,,,,,25.71713376045227,control,-0.249995113737936,-0.249995113737936
,0.004063670364637519,-0.001942954136753687,,,0.04377265910203502,-92.00531817303045,0.01643496983504425,3.0107256123262105,2.992892723999822,3.0018091681630166,25.72775888442993,state,,
-0.499990227475872,,,-1.0267397043000035,-1.0267397043000035,,,,,,,25.72776961326599,control,-0.24999511373793823,-0.2499951137379338
,0.0002797775573296676,-0.00524428937554309,,,0.03425455275925523,-95.78768033360622,0.016193943846377762,1.9805774749258704,1.9868909278441629,1.9837342013850168,25.738173961639404,state,,
-0.499990227475872,,,-1.0662049102140034,-1.0662049102140034,,,,,,,25.738184452056885,control,-0.24999511373793712,-0.2499951137379349
,0.001768643047252498,0.004561205678438588,,,0.023270828544950987,-100.28140065182652,0.016020380855178908,0.9064480384875381,0.912352790942516,0.909400414715027,25.748621702194214,state,,
-0.499990227475872,,,-1.1048808120097233,-1.1048808120097233,,,,,,,25.74863600730896,control,-0.24999511373793545,-0.24999511373793656
,0.003309614928143624,0.0004879896531158322,,,0.01489890302817801,-103.81740774587476,0.015744789288753502,-0.18690584557169548,-0.18319608148090324,-0.18505096352629935,25.758502960205078,state,,
-0.499990227475872,,,-1.142783195769529,-1.142783195769529,,,,,,,25.75851321220398,control,-0.24999511373793615,-0.24999511373793587
,0.0016216340748200267,0.001904470799426762,,,0.003664831092779355,-107.99975130610639,0.015333739610685541,-1.3185302265254846,-1.3446948569131258,-1.3316125417193052,25.768882751464844,state,,
-0.499990227475872,,,-1.1799275318541385,-1.1799275318541385,,,,,,,25.768893241882324,control,-0.249995113737936,-0.249995113737936
,0.005046147943356017,-0.005009046025866808,,,-0.007555882140017725,-111.7577212391524,0.014718212160595484,-2.503344253076777,-2.51465515331188,-2.5089997031943287,25.779438972473145,state,,
-0.499990227475872,,,-1.2163289812170557,-1.2163289812170557,,,,,,,25.779449462890625,control,-0.2499951137379338,-0.24999511373793823
,-0.007929836553381786,-0.000577222113278181,,,-0.023871342243865598,-115.67559994671268,0.013861553754800061,-3.7272643189193673,-3.728957038952085,-3.7281106789357263,25.789601802825928,state,,
-0.499990227475872,,,-1.2520024015927147,-1.2520024015927147,,,,,,,25.78961157798767,control,-0.2499951137379338,-0.24999511373793823
,0.00700804915612888,-0.002410187300028688,,,-0.031490140250353224,-119.41892741849279,0.013159926259771129,-4.983889707444547,-4.97986401294586,-4.981876860195204,25.80008339881897,state,,
0.5,,,-1.1669623535608604,-1.1669623535608604,,,,,,,25.800093412399292,control,0.25000000000000444,0.24999999999999556
,0.011152592311813727,0.006348864518510684,,,-0.035501766079028205,-118.58561261551095,0.012682715513895411,-6.1660560995439395,-6.142884639147446,-6.154470369345693,25.810298919677734,state,,
0.5,,,-1.083623106489643,-1.083623106489643,,,,,,,25.810312271118164,control,0.25,0.25
,-0.0034343179634315772,0.0007566874064872346,,,-0.056556359712373556,-114.88593653507644,0.011530698681908515,-7.2403696856645885,-7.2485254365203255,-7.244447561092457,25.820847511291504,state,,
0.5,,,-1.0019506443598503,-1.0019506443598503,,,,,,,25.820857763290405,control,0.25,0.25
,0.006194491156092646,0.001052665443263177,,,-0.06623501329884116,-108.88736694357594,0.010561321189101084,-8.23143649140329,-8.244265569259534,-8.237851030331413,25.831382513046265,state,,
0.5,,,-0.9219116314726532,-0.9219116314726532,,,,,,,25.83139395713806,control,0.2500000000000089,0.24999999999999112
,-0.006811672666796322,-0.005880946596542199,,,-0.08101919952540948,-102.53448123297034,0.00916145298413299,-9.16897212569616,-9.155200926877923,-9.162086526287041,25.84160351753235,state,,
0.5,,,-0.8434733988432002,-0.8434733988432002,,,,,,,25.84161400794983,control,0.25,0.25
,0.0066384419486284745,-0.0020009552605632693,,,-0.08966615857633314,-94.9367537237249,0.007972519982276742,-9.993108286235103,-9.987956662941142,-9.990532474588122,25.852173566818237,state,,
0.5,,,-0.7666039308663362,-0.7666039308663362,,,,,,,25.852185010910034,control,0.24999999999999112,0.2500000000000089
,-0.0014311806787747163,-0.006938597917478608,,,-0.09842666351303635,-88.23851582471664,0.006568112321549344,-10.752797652430516,-10.779826078913533,-10.766311865672025,25.862364768981934,state,,
0.5,,,-0.6912718522490093,-0.6912718522490093,,,,,,,25.86237621307373,control,0.25,0.25
,0.00558039765677524,0.0008208687726331328,,,-0.11499398864076485,-81.1407131980459,0.005103838989024468,-11.456662928341602,-11.472844992338306,-11.464753960339955,25.872554779052734,state,,
0.5,,,-0.6174464152040291,-0.6174464152040291,,,,,,,25.872565507888794,control,0.2500000000000089,0.24999999999999112
,-0.004480159069943718,0.00590877866188217,,,-0.1155182486197822,-73.71311961074784,0.003933692196595611,-12.082667175052006,-12.084675490903633,-12.083671332977818,25.88307499885559,state,,
0.5,,,-0.5450974868999485,-0.5450974868999485,,,,,,,25.88308596611023,control,0.24999999999999112,0.2500000000000089
,0.009047280077012883,0.0024536773412007877,,,-0.12875575661038907,-66.07619063335075,0.002495249562519765,-12.609796831993702,-12.635978647270054,-12.622887739631878,25.89328908920288,state,,
0.5,,,-0.47419553716194957,-0.47419553716194957,,,,,,,25.89329957962036,control,0.25,0.25
,-0.002938175364951517,-0.002420366387156976,,,-0.12851000781552477,-58.98700231701635,0.0011187505141180662,-13.09496919534808,-13.104890457645217,-13.099929826496648,25.903517961502075,state,,
0.5,,,-0.40471162641871056,-0.40471162641871056,,,,,,,25.903528213500977,control,0.25,0.25
,0.010689184904919727,-0.0023141097808444633,,,-0.1322619094076803,-51.26643937614681,-0.00022614465266852614,-13.490308911730608,-13.489126377687327,-13.489717644708968,25.9136745929718,state,,
0.5,,,-0.33661739389033635,-0.33661739389033635,,,,,,,25.9137179851532,control,0.25,0.25
,-0.011129071137010121,-0.001159327309717207,,,-0.1309179057560763,-44.72802546032672,-0.0015921070716604848,-13.82129393443991,-13.844577685247838,-13.832935809843875,25.924155712127686,state,,
0.5,,,-0.2698850460125296,-0.2698850460125296,,,,,,,25.92416501045227,control,0.2500000000000089,0.24999999999999112
,0.0002445425481272372,-0.004300128724013824,,,-0.14170212306374547,-37.86251513820137,-0.003199443807407716,-14.107268837634946,-14.097317103893896,-14.10229297076442,25.934616327285767,state,,
0.5,,,-0.204487345092279,-0.204487345092279,,,,,,,25.934627532958984,control,0.24999999999999112,0.2500000000000089
,-0.00316078211221002,-0.012725467217452347,,,-0.13803733239304433,-31.417784032200874,-0.004695103742354687,-14.304698830401794,-14.32310062928745,-14.313899729844621,25.945032119750977,state,,
0.5,,,-0.14039759819043343,-0.14039759819043343,,,,,,,25.945048332214355,control,0.24999999999999112,0.2500000000000089
,4.7562690585568334e-05,-0.0009535495896525745,,,-0.1366610546370204,-23.98629941638303,-0.00594062730516392,-14.441860853588343,-14.429113092204805,-14.435486972896573,25.954964637756348,state,,
0.5,,,-0.07758964622662476,-0.07758964622662476,,,,,,,25.954973936080933,control,0.24999999999999112,0.2500000000000089
,0.002431836256737627,0.011027300577472185,,,-0.14299817797554043,-18.253455873421508,-0.00710346280304447,-14.517968160271062,-14.535592825423558,-14.52678049284731,25.96568512916565,state,,
0.5,,,-0.01603785330209226,-0.01603785330209226,,,,,,,25.965699195861816,control,0.25,0.25
,0.002511596486985972,-0.0023813030144439694,,,-0.1437257936393797,-12.071553712361313,-0.0084110787724799,-14.549015188039043,-14.549200814574162,-14.549108001306603,25.975303411483765,state,,
0.5,,,0.04428290376394958,0.04428290376394958,,,,,,,25.975313901901245,control,0.2500000000000089,0.24999999999999112
,0.0004517679815173056,-0.00023387924384125496,,,-0.14039528477263988,-5.696689413894977,-0.009572031482624845,-14.504986936805105,-14.50424462115781,-14.504615778981456,25.98557448387146,state,,
0.5,,,0.10339724568867059,0.10339724568867059,,,,,,,25.9855854511261,control,0.24999999999999112,0.2500000000000089
,-0.0005367209519371132,-0.009408836749606998,,,-0.15006506042439782,0.595185095818306,-0.011185013770291283,-14.402190287732736,-14.394860982406858,-14.398525635069797,25.995646238327026,state,,
0.5,,,0.16132930077489716,0.16132930077489716,,,,,,,25.99565625190735,control,0.25,0.25
,-0.008173566117043791,0.0003927439040676299,,,-0.14794290556938772,7.0224294905469,-0.012435732658214198,-14.222272075175352,-14.229745061977155,-14.226008568576255,26.005783319473267,state,,
0.5,,,0.2181027147593992,0.2181027147593992,,,,,,,26.00579261779785,control,0.2500000000000089,0.24999999999999112
,-0.0006024568699786105,-0.0034603376203748894,,,-0.14206344433339027,12.528203730992647,-0.01356052818769803,-14.020814673924392,-14.005384151425272,-14.013099412674832,26.01595711708069,state,,
0.5,,,0.2737406604642112,0.2737406604642112,,,,,,,26.015965938568115,control,0.25,0.25
,-0.0007827392280515869,0.003620543886296205,,,-0.1437945728543749,17.94388303277492,-0.014668347073246017,-13.749132577060006,-13.745802161418336,-13.747467369239171,26.025964736938477,state,,
0.5,,,0.32826584725492697,0.32826584725492697,,,,,,,26.02597212791443,control,0.25,0.25
,0.009459507553742091,-0.006106567077810019,,,-0.13963772726097556,23.754371996558515,-0.01572598709293082,-13.430775394834608,-13.404118295639151,-13.41744684523688,26.0358726978302,state,,
0.5,,,0.3817005303098284,0.3817005303098284,,,,,,,26.03587770462036,control,0.25,0.25
,0.0004609973744175329,0.005046313796614749,,,-0.13805750305617645,29.487729012962834,-0.016646911611072263,-13.024402232854392,-13.038238455425843,-13.031320344140116,26.045849084854126,state,,
0.5,,,0.43406651970363186,0.43406651970363186,,,,,,,26.045860290527344,control,0.24999999999999112,0.2500000000000089
,0.00790261655847013,0.008817608208201344,,,-0.1290774728926006,34.361009695356266,-0.017220691066263154,-12.617134956269506,-12.603164196168171,-12.610149576218838,26.055902242660522,state,,
0.5,,,0.4853851893095592,0.4853851893095592,,,,,,,26.055904626846313,control,0.24999999999999112,0.2500000000000089
,-0.0045231221907870755,0.0002286678499328283,,,-0.1197224768661973,40.13050017403714,-0.017937256248383465,-12.122090679036868,-12.111949884159328,-12.117020281598098,26.06599760055542,state,,
0.5,,,0.535677485523368,0.535677485523368,,,,,,,26.065999507904053,control,0.25,0.25
,0.0009310285453294803,-0.0070806629139392886,,,-0.12244032440060898,45.14489839890792,-0.018949645850414778,-11.574357001914352,-11.597172340479803,-11.585764671197078,26.07610583305359,state,,
0.5,,,0.5849639358129006,0.5849639358129006,,,,,,,26.0761079788208,control,0.25,0.25
,0.0007131404511250364,0.0003475403480529877,,,-0.11117586427377397,50.78687637005376,-0.01947699148036598,-10.987785878092435,-10.988416200315957,-10.988101039204196,26.0862238407135,state,,
0.5,,,0.6332646570966427,0.6332646570966427,,,,,,,26.086226224899292,control,0.25,0.25
,0.010290730137924699,-0.00474305946545095,,,-0.10807467911875719,55.6688598829265,-0.02011411220358696,-10.351486729625051,-10.355939789491444,-10.353713259558248,26.0963351726532,state,,
0.5,,,0.6805993639547099,0.6805993639547099,,,,,,,26.09633755683899,control,0.25,0.25
,-0.011072563381099512,0.0032059276600821243,,,-0.10060859382968446,60.146522229863734,-0.02060831629947128,-9.662427718969056,-9.699539936347861,-9.680983827658459,26.10670232772827,state,,
0.5,,,0.7269873766756156,0.7269873766756156,,,,,,,26.10670518875122,control,0.25,0.25
,-4.8416243817799926e-05,-0.003797786254102359,,,-0.10284657833681696,64.31497845299333,-0.021314095121021084,-8.97629110596937,-8.96669089769303,-8.9714910018312,26.116800546646118,state,,
0.5,,,0.7724476291421034,0.7724476291421034,,,,,,,26.11681342124939,control,0.25,0.25
,-0.0005113240139729903,-0.0006157485824187389,,,-0.09374451136227939,70.1935110224299,-0.021684034671906844,-8.183678897281418,-8.168313382621879,-8.175996139951648,26.12717080116272,state,,
0.5,,,0.8169986765592614,0.8169986765592614,,,,,,,26.12717342376709,control,0.25,0.25
,0.0057100310701655955,0.0030204651191895167,,,-0.0881561545077071,74.38164165249023,-0.021932879660598998,-7.363778185531516,-7.36726892290424,-7.365523554217878,26.137645959854126,state,,
0.5,,,0.8606587030280761,0.8606587030280761,,,,,,,26.137648820877075,control,0.25,0.25
,-0.0002481788164812347,0.0008758381587242633,,,-0.07619791316664906,80.023544000334,-0.02204428591614793,-6.475746016825873,-6.4752428821829815,-6.475494449504428,26.147815465927124,state,,
0.5,,,0.9034455289675145,0.9034455289675145,,,,,,,26.14781880378723,control,0.25000000000000444,0.24999999999999556
,-0.0022469165400241377,0.0024277575937121606,,,-0.06907868511834167,83.01793950101566,-0.022145198425134537,-5.58541923688915,-5.609896302998269,-5.59765776994371,26.15801501274109,state,,
0.5,,,0.9453766183881642,0.9453766183881642,,,,,,,26.15801978111267,control,0.25,0.25
,-0.001930031385716273,0.00371959747073888,,,-0.060596540882324385,87.45868136817805,-0.022113367387176425,-4.648983221153533,-4.655805487539519,-4.6523943543465265,26.168379545211792,state,,
0.5,,,0.9864690860204008,0.9864690860204008,,,,,,,26.168386220932007,control,0.25000000000000444,0.24999999999999556
,0.002021262427950322,0.005068585754185656,,,-0.05308024580674625,91.39582074798079,-0.0219691782485292,-3.6711957542174756,-3.6803535007284887,-3.675774627472982,26.179075241088867,state,,
0.5,,,1.0267397042999928,1.0267397042999928,,,,,,,26.179084062576294,control,0.25,0.25
,-0.0059206437883652695,-9.900057930318113e-05,,,-0.044007344499034005,95.94185537762162,-0.021869630452962745,-2.648762021699147,-2.63924534913953,-2.6440036854193387,26.189265489578247,state,,
0.5,,,1.066204910213993,1.066204910213993,,,,,,,26.189274549484253,control,0.2500000000000022,0.24999999999999778
,0.004925605720719275,0.004201759827839065,,,-0.036014935501305544,100.29891145869473,-0.021550173608312375,-1.5654101169486137,-1.5779296221898917,-1.5716698695692526,26.199809312820435,state,,
0.5,,,1.104880812009713,1.104880812009713,,,,,,,26.19981861114502,control,0.2499999999999989,0.2500000000000011
,-0.007777409390537745,0.00395523736655001,,,-0.02318833799477831,103.98107412550237,-0.02113493894994359,-0.46156765117483783,-0.4849437275154461,-0.47325568934514195,26.210058212280273,state,,
0.5,,,1.142783195769519,1.142783195769519,,,,,,,26.21006941795349,control,0.24999999999999972,0.2500000000000003
,0.002782540503379032,0.0005585392785525105,,,-0.005500712253466497,108.14539745587685,-0.020463489659960213,0.6809165051835111,0.6680345937761422,0.6744755494798267,26.220334768295288,state,,
0.5,,,1.1799275318541287,1.1799275318541287,,,,,,,26.22034502029419,control,0.24999999999999944,0.25000000000000056
,5.010783144378371e-05,-0.002582822987487457,,,0.002222685937057758,112.38028536805763,-0.01996382358144713,1.8645933540568433,1.8667641211967005,1.865678737626772,26.230735301971436,state,,
0.5,,,1.2163289812170461,1.2163289812170461,,,,,,,26.230746030807495,control,0.2499999999999989,0.2500000000000011
,0.006829486965025721,6.666035111149143e-05,,,0.009414612445795067,115.70338457603054,-0.019312403772065917,3.0889861700672867,3.062216529773598,3.0756013499204427,26.24104404449463,state,,
0.5,,,1.2520024015927051,1.2520024015927051,,,,,,,26.24105429649353,control,0.24999999999999778,0.2500000000000022
,0.004637293549629661,-0.007428468439081329,,,0.023930481627220695,119.3114861549315,-0.01857298820776732,4.331098176266488,4.321183686964979,4.3261409316157335,26.251742601394653,state,,
-0.499990227475872,,,1.1669623535608509,1.1669623535608509,,,,,,,26.25178813934326,control,-0.249995113737936,-0.249995113737936
,0.00023964895036882684,-0.0016932240818626281,,,0.03527795781746727,118.18663299711513,-0.017712737767895767,5.487958884510989,5.49225045059898,5.490104667554984,26.262139558792114,state,,
-0.499990227475872,,,1.0836231064896338,1.0836231064896338,,,,,,,26.262149572372437,control,-0.249995113737936,-0.249995113737936
,0.004476159666340205,-0.0007830987931656398,,,0.04843170780450394,113.87863696414063,-0.016664244187491177,6.55933858134389,6.561315720355257,6.560327150849574,26.272804737091064,state,,
-0.499990227475872,,,1.001950644359841,1.001950644359841,,,,,,,26.272815227508545,control,-0.24999511373794045,-0.24999511373793157
,-0.002048337129219865,0.0021088120595368245,,,0.06197945308375645,109.16100394111427,-0.015492568666901942,7.578332810277914,7.575374647181879,7.576853728729896,26.283427238464355,state,,
-0.499990227475872,,,0.9219116314726441,0.9219116314726441,,,,,,,26.283438444137573,control,-0.24999511373793157,-0.24999511373794045
,-0.008906625693045612,0.007421354530394941,,,0.07692092187432983,102.5271019538176,-0.014128452751432541,8.501345852125956,8.491739985757105,8.49654291894153,26.293853998184204,state,,
-0.499990227475872,,,0.8434733988431913,0.8434733988431913,,,,,,,26.293865203857422,control,-0.249995113737936,-0.249995113737936
,0.001126942421452274,-0.00010615015238950561,,,0.07711870848734909,95.65438786559832,-0.013084895555266568,9.346332740881206,9.34107557039434,9.343704155637774,26.304035425186157,state,,
-0.499990227475872,,,0.7666039308663275,0.7666039308663275,,,,,,,26.304045915603638,control,-0.2499951137379449,-0.24999511373792713
,0.005829676694811365,-0.006003368492658534,,,0.09423069654258695,87.79296706602301,-0.011705275662970518,10.09214398335904,10.100886873241398,10.096515428300219,26.31449604034424,state,,
-0.499990227475872,,,0.6912718522490009,0.6912718522490009,,,,,,,26.314508199691772,control,-0.24999511373792713,-0.2499951137379449
,0.013858725394514772,-0.0009316822777029039,,,0.09756376005470443,81.33049506564629,-0.0103816794481287,10.797941168542966,10.815992716679812,10.806966942611389,26.324517488479614,state,,
-0.499990227475872,,,0.6174464152040209,0.6174464152040209,,,,,,,26.324527978897095,control,-0.249995113737936,-0.249995113737936
,-0.006114542715957881,-0.003843274131482907,,,0.11336111540501073,73.19438095381777,-0.008937757831091448,11.415970895484802,11.402870053122884,11.409420474303843,26.335036277770996,state,,
-0.499990227475872,,,0.5450974868999405,0.5450974868999405,,,,,,,26.335047006607056,control,-0.249995113737936,-0.249995113737936
,0.0018861829317609366,-0.0002512954192930537,,,0.11936387863386327,66.31476464707475,-0.007490526358057537,11.959635932329693,11.966515320860736,11.963075626595215,26.345280408859253,state,,
-0.499990227475872,,,0.4741955371619417,0.4741955371619417,,,,,,,26.345291137695312,control,-0.249995113737936,-0.249995113737936
,-0.003134041015263703,-0.001959884869678018,,,0.12510441670942749,58.87859212664256,-0.006089089212342151,12.439944827368842,12.42707754549226,12.43351118643055,26.355927228927612,state,,
-0.499990227475872,,,0.40471162641870284,0.40471162641870284,,,,,,,26.355942726135254,control,-0.24999511373792713,-0.2499951137379449
,-0.0015718450577362666,-0.008637642682765507,,,0.12966863373699594,51.59933603331681,-0.004801697928268453,12.849856739098174,12.817446436572347,12.83365158783526,26.36639928817749,state,,
-0.499990227475872,,,0.3366173938903288,0.3366173938903288,,,,,,,26.36640977859497,control,-0.24999511373792713,-0.2499951137379449
,-0.004214476438218844,-0.00117607388550819,,,0.13621441383174485,45.27731879279386,-0.0033260701393442965,13.177458228744301,13.194155263953812,13.185806746349057,26.376946926116943,state,,
-0.499990227475872,,,0.2698850460125222,0.2698850460125222,,,,,,,26.376957416534424,control,-0.249995113737936,-0.249995113737936
,-0.0007976742216274824,0.002577758555303844,,,0.13901118122407538,37.73463019107665,-0.0018159343400981748,13.437030789753024,13.449184071733386,13.443107430743204,26.387508392333984,state,,
-0.499990227475872,,,0.2044873450922718,0.2044873450922718,,,,,,,26.387519121170044,control,-0.24999511373792713,-0.2499951137379449
,0.003922582652055178,0.003736443597065106,,,0.1406488330059376,30.87615253367936,-0.00028145378039408744,13.636634616687687,13.648791171220289,13.642712893953988,26.398042678833008,state,,
-0.499990227475872,,,0.14039759819042635,0.14039759819042635,,,,,,,26.39805507659912,control,-0.249995113737936,-0.249995113737936
,0.007212030219539966,0.003914120564068768,,,0.14449598058294344,24.597319487182663,0.0013222339093550781,13.791192078710877,13.786318635701013,13.788755357205945,26.408625841140747,state,,
-0.499990227475872,,,0.07758964622661782,0.07758964622661782,,,,,,,26.40863800048828,control,-0.249995113737936,-0.249995113737936
,0.004690724299104865,-0.0003472102660020067,,,0.14327970111200378,18.20039999811357,0.0027050943838356606,13.874131693454583,13.863766749470335,13.868949221462458,26.41911220550537,state,,
-0.499990227475872,,,0.01603785330208546,0.01603785330208546,,,,,,,26.419123649597168,control,-0.24999511373792713,-0.2499951137379449
,0.0006924778838269843,0.00785476829510823,,,0.1398184928249432,11.942761114024623,0.004113971928306502,13.892613500455386,13.884953332652659,13.888783416554023,26.429463386535645,state,,
-0.499990227475872,,,-0.044282903763956244,-0.044282903763956244,,,,,,,26.42947506904602,control,-0.2499951137379449,-0.24999511373792713
,-0.0010946349245966015,0.002125309218561443,,,0.1374990593973218,5.108734811976406,0.005370082222577536,13.82823523745208,13.833972478457296,13.831103857954687,26.439652681350708,state,,
-0.499990227475872,,,-0.10339724568867711,-0.10339724568867711,,,,,,,26.43966317176819,control,-0.24999511373792713,-0.2499951137379449
,0.006015502116767971,-0.003478498008327271,,,0.13893551724973818,-0.3744672988352602,0.006622481611171983,13.738077303389856,13.742105322561294,13.740091312975576,26.449851751327515,state,,
-0.499990227475872,,,-0.16132930077490357,-0.16132930077490357,,,,,,,26.449862241744995,control,-0.2499951137379449,-0.24999511373792713
,-0.008746988631258161,-0.0033760968222209154,,,0.12933092062045976,-6.787156254016456,0.007475747115868929,13.569047014768786,13.571270256956458,13.570158635862622,26.459962129592896,state,,
-0.499990227475872,,,-0.21810271475940549,-0.21810271475940549,,,,,,,26.459972858428955,control,-0.249995113737936,-0.249995113737936
,0.0018781485320445634,-0.004044937002917797,,,0.13039252541330773,-12.323652687458932,0.00855521523531027,13.358420008449547,13.359192054567913,13.358806031508731,26.470160007476807,state,,
-0.499990227475872,,,-0.2737406604642174,-0.2737406604642174,,,,,,,26.470170259475708,control,-0.2499951137379449,-0.24999511373792713
,0.010025434019704842,-0.0005306175649005714,,,0.13083674248594412,-18.498798410159402,0.009733593600546701,13.074563578459125,13.076511523139038,13.075537550799082,26.47974967956543,state,,
-0.499990227475872,,,-0.3282658472549331,-0.3282658472549331,,,,,,,26.479752779006958,control,-0.249995113737936,-0.249995113737936
,-0.00916753773678137,0.0011703271000931892,,,0.1274143791759198,-23.779669746295248,0.010683581404966344,12.751872831973174,12.755513519303419,12.753693175638297,26.489902019500732,state,,
-0.499990227475872,,,-0.3817005303098344,-0.3817005303098344,,,,,,,26.48990488052368,control,-0.2499951137379449,-0.24999511373792713
,-0.014942640129053768,-0.0013656321823421011,,,0.12564878035713276,-28.941305669868573,0.011533119480863687,12.391853288439163,12.37240697510458,12.382130131771872,26.50011110305786,state,,
-0.499990227475872,,,-0.43406651970363774,-0.43406651970363774,,,,,,,26.500115633010864,control,-0.249995113737936,-0.249995113737936
,-0.002117486717963483,0.0018758694616994975,,,0.12634496751562518,-35.26247230693059,0.012566342381686883,11.918991665363306,11.938810168762627,11.928900917062967,26.510308265686035,state,,
-0.499990227475872,,,-0.485385189309565,-0.485385189309565,,,,,,,26.51031231880188,control,-0.249995113737936,-0.249995113737936
,0.005504641386438871,0.005430124782755362,,,0.12937915044942314,-39.70938754074279,0.01376771857915262,11.453559595060995,11.46850478005571,11.461032187558352,26.520633459091187,state,,
-0.499990227475872,,,-0.5356774855233737,-0.5356774855233737,,,,,,,26.520639181137085,control,-0.249995113737936,-0.249995113737936
,0.0015132074841468879,-0.011823046402585847,,,0.12350327991764767,-45.46504447773843,0.014398481001815506,10.916616999303685,10.91293823580545,10.914777617554567,26.53115701675415,state,,
-0.499990227475872,,,-0.5849639358129062,-0.5849639358129062,,,,,,,26.53116536140442,control,-0.24999511373792713,-0.2499951137379449
,-0.003229937140348106,-7.163847053613021e-05,,,0.11956698922606135,-50.583868150284744,0.015191291484915274,10.326528213800769,10.328412440242358,10.327470327021564,26.541494369506836,state,,
-0.499990227475872,,,-0.633264657096648,-0.633264657096648,,,,,,,26.54150390625,control,-0.249995113737936,-0.249995113737936
,0.01949261597678885,-0.004070004381901469,,,0.11327530520837724,-55.59848709220138,0.015964380847290533,9.707061212283227,9.676289421450214,9.691675316866721,26.552133321762085,state,,
-0.499990227475872,,,-0.680599363954715,-0.680599363954715,,,,,,,26.552147388458252,control,-0.2499951137379449,-0.24999511373792713
,-0.0003814361567256973,-0.0020454215846377787,,,0.10610768872714077,-59.712442946865984,0.016528078506171325,9.031598487964146,9.026552004845632,9.02907524640489,26.561972856521606,state,,
-0.499990227475872,,,-0.7269873766756207,-0.7269873766756207,,,,,,,26.561983346939087,control,-0.2499951137379449,-0.24999511373792713
,0.0007174966953486744,0.007601162569576373,,,0.09685731567497022,-65.19889067456998,0.017144658656599157,8.299147959766717,8.280385664375785,8.289766812071251,26.57218599319458,state,,
-0.499990227475872,,,-0.7724476291421083,-0.7724476291421083,,,,,,,26.57224464416504,control,-0.249995113737936,-0.249995113737936
,0.0031697898267126407,0.0022765512740296617,,,0.09032111767431561,-69.86213940075996,0.017646525579021556,7.522552448320607,7.511302570678672,7.51692750949964,26.582754135131836,state,,
-0.499990227475872,,,-0.8169986765592661,-0.8169986765592661,,,,,,,26.582764148712158,control,-0.249995113737936,-0.249995113737936
,0.0019661107132159013,-0.003112939810936702,,,0.07907486095352319,-74.62951981947664,0.017845657151666566,6.686351282303151,6.703162908458943,6.694757095381046,26.593047618865967,state,,
-0.499990227475872,,,-0.8606587030280808,-0.8606587030280808,,,,,,,26.593093633651733,control,-0.24999511373793157,-0.24999511373794045
,0.00760229030406223,-0.002050282204304965,,,0.0676153941571967,-78.52577235989628,0.017986775388754667,5.8489639538022935,5.846013219493445,5.847488586647869,26.603681325912476,state,,
-0.499990227475872,,,-0.9034455289675192,-0.9034455289675192,,,,,,,26.603692531585693,control,-0.249995113737936,-0.249995113737936
,-0.0016106951381314343,0.009078792169509521,,,0.060768856140358346,-83.45358222212863,0.018268153274491827,4.938684582580185,4.930363886634726,4.934524234607456,26.61415672302246,state,,
-0.499990227475872,,,-0.9453766183881687,-0.9453766183881687,,,,,,,26.614168167114258,control,-0.249995113737936,-0.249995113737936
,-0.0010339690017841516,-0.002126496408572284,,,0.04556004224765273,-87.65497689398744,0.01806063609634292,3.991968715584054,3.9902456697698527,3.9911071926769535,26.624324083328247,state,,
-0.499990227475872,,,-0.9864690860204053,-0.9864690860204053,,,,,,,26.62433433532715,control,-0.249995113737936,-0.249995113737936
,0.00221009551989621,-0.005286279518761319,,,0.029786345581094893,-91.74963288371907,0.01765929706063917,3.008916186115902,3.007968593358298,3.0084423897371,26.634364366531372,state,,
-0.499990227475872,,,-1.026739704299997,-1.026739704299997,,,,,,,26.63437247276306,control,-0.249995113737936,-0.249995113737936
,0.001913969570741985,0.007707555332256623,,,0.030830647433475408,-95.75703378558927,0.01777762227568535,1.9976268459193862,1.976557725346316,1.9870922856328512,26.64459538459778,state,,
-0.499990227475872,,,-1.0662049102139972,-1.0662049102139972,,,,,,,26.644604682922363,control,-0.24999511373793712,-0.2499951137379349
,0.0005941735510768423,-0.004091628930377885,,,0.021198162254580658,-99.98149892780897,0.017403746265391297,0.9256117833282607,0.9144739075205284,0.9200428454243945,26.654773950576782,state,,
-0.499990227475872,,,-1.1048808120097173,-1.1048808120097173,,,,,,,26.654783725738525,control,-0.249995113737936,-0.249995113737936
,-8.390567069235376e-05,-0.0012739807810956327,,,0.006652250573425282,-104.117470208164,0.01686544798810176,-0.19261977546406017,-0.1812959926013539,-0.18695788403270702,26.66494345664978,state,,
-0.499990227475872,,,-1.142783195769523,-1.142783195769523,,,,,,,26.664981603622437,control,-0.24999511373793615,-0.24999511373793587
,0.003662450797058367,0.0018686582631432516,,,-0.00408899818757123,-108.31548256019641,0.016378178046990603,-1.3415586660206777,-1.332293636646024,-1.3369261513333508,26.67560911178589,state,,
-0.499990227475872,,,-1.1799275318541325,-1.1799275318541325,,,,,,,26.67561984062195,control,-0.24999511373793712,-0.2499951137379349
,0.003422445810027027,-0.0009079274568562957,,,-0.015954624786699876,-111.59349508000054,0.015713490620813193,-2.508170617433279,-2.5018939660422226,-2.5050322917377508,26.685807704925537,state,,
-0.499990227475872,,,-1.21632898121705,-1.21632898121705,,,,,,,26.685818433761597,control,-0.249995113737936,-0.249995113737936
,-0.003274406482470073,0.005236536548417423,,,-0.02672626499351391,-115.78951390000985,0.015037954838740264,-3.727342246835498,-3.7320760419424213,-3.7297091443889596,26.69630193710327,state,,
-0.499990227475872,,,-1.252002401592709,-1.252002401592709,,,,,,,26.69631338119507,control,-0.249995113737936,-0.249995113737936
,-0.0016448800108410204,-0.00031490177160603116,,,-0.038380052011768716,-119.8341542858347,0.014156979850171815,-4.99115055255444,-4.993695724026801,-4.99242313829062,26.706312894821167,state,,
0.5,,,-1.1669623535608546,-1.1669623535608546,,,,,,,26.706323623657227,control,0.25,0.25
,0.0014825090484848766,0.003535939790633913,,,-0.04948596731746441,-118.48027199325843,0.013288069642895797,-6.162317190752661,-6.149039113848129,-6.1556781523003945,26.7169132232666,state,,
0.5,,,-1.0836231064896376,-1.0836231064896376,,,,,,,26.71692395210266,control,0.24999999999999556,0.25000000000000444
,0.0011209423667181695,-0.0017492789109618732,,,-0.05615646264194825,-114.39278933490243,0.012339517151722783,-7.237273954637914,-7.231829522684972,-7.234551738661443,26.727195739746094,state,,
0.5,,,-1.0019506443598447,-1.0019506443598447,,,,,,,26.727269411087036,control,0.25,0.25
,-0.0014107860844050151,-0.0051175660170902715,,,-0.0658255290285583,-109.09861450887055,0.011187056865761838,-8.2342067911533,-8.248350157715867,-8.241278474434584,26.737715005874634,state,,
0.5,,,-0.9219116314726479,-0.9219116314726479,,,,,,,26.737725496292114,control,0.25,0.25
,0.005606729912821235,0.005188177002999181,,,-0.0748770297959547,-102.52708847146782,0.010222071006634652,-9.160307600381763,-9.163612947414812,-9.161960273898288,26.74811601638794,state,,
0.5,,,-0.8434733988431948,-0.8434733988431948,,,,,,,26.74812960624695,control,0.25,0.25
,0.00692844962092732,0.0008120398818627746,,,-0.0866443057380425,-95.3516453498519,0.009047261775471493,-10.003135416194771,-9.99941659026286,-10.001276003228815,26.75858426094055,state,,
0.5,,,-0.7666039308663308,-0.7666039308663308,,,,,,,26.758595943450928,control,0.25,0.25
,0.0018476938335604248,0.004253814852462233,,,-0.09146906852947534,-88.38403558696002,0.007983122961689735,-10.776982161340795,-10.771464649796116,-10.774223405568456,26.768534183502197,state,,
0.5,,,-0.6912718522490042,-0.6912718522490042,,,,,,,26.768545866012573,control,0.2500000000000089,0.24999999999999112
,0.0024370214347770604,-0.010336827410588206,,,-0.09933709306236732,-80.81536302071252,0.006549129959734701,-11.462577675788603,-11.461258065450098,-11.46191787061935,26.7789249420166,state,,
0.5,,,-0.6174464152040242,-0.6174464152040242,,,,,,,26.77893567085266,control,0.25,0.25
,-0.006682990896228941,-0.0017197736932291902,,,-0.10875801156718734,-73.24954196428068,0.005119543962256076,-12.07575252769528,-12.07224648889306,-12.07399950829417,26.78930139541626,state,,
0.5,,,-0.5450974868999436,-0.5450974868999436,,,,,,,26.78931188583374,control,0.25,0.25
,-0.003233237634067667,0.009871331910266637,,,-0.11480223344850755,-65.85107221566138,0.003952848821701837,-12.617246956867925,-12.61227289767192,-12.614759927269922,26.79977035522461,state,,
0.5,,,-0.4741955371619448,-0.4741955371619448,,,,,,,26.799813985824585,control,0.25,0.25
,0.002156138837043689,-0.0015382770871443774,,,-0.13324311198049593,-59.2033422851739,0.0022635741976664856,-13.09988768353669,-13.102095200951231,-13.10099144224396,26.809992790222168,state,,
0.5,,,-0.4047116264187059,-0.4047116264187059,,,,,,,26.81000304222107,control,0.24999999999999112,0.2500000000000089
,-0.0017407348540771827,-0.004536261832297632,,,-0.13911552377266354,-51.96954410036016,0.0006619516939776712,-13.508627514926264,-13.5024873038804,-13.505557409403332,26.820122003555298,state,,
0.5,,,-0.3366173938903318,-0.3366173938903318,,,,,,,26.820133209228516,control,0.25,0.25
,0.0020673903128732886,-0.00839650755962131,,,-0.13449326066768735,-44.893265483882885,-0.000742049721328652,-13.841034979622572,-13.842700204760181,-13.841867592191377,26.83065676689148,state,,
0.5,,,-0.26988504601252516,-0.26988504601252516,,,,,,,26.83066725730896,control,0.2500000000000089,0.24999999999999112
,-0.0038479453139092586,0.004111396086065838,,,-0.13526667187648878,-38.038987845722446,-0.002021379935782227,-14.103660732048382,-14.122675775761326,-14.113168253904854,26.840985774993896,state,,
0.5,,,-0.20448734509227467,-0.20448734509227467,,,,,,,26.840996265411377,control,0.25,0.25
,-0.014381847701905301,-0.003969679292773361,,,-0.1416205307891803,-31.06586912206691,-0.003652736300472919,-14.309778814870004,-14.315913812653758,-14.31284631376188,26.85131525993347,state,,
0.5,,,-0.14039759819042918,-0.14039759819042918,,,,,,,26.85132646560669,control,0.25,0.25
,0.009549706916663346,0.004481783099506532,,,-0.14358507844479684,-24.63901341759719,-0.004867558365905853,-14.461308465086676,-14.45259126000809,-14.456949862547383,26.861448287963867,state,,
0.5,,,-0.0775896462266206,-0.0775896462266206,,,,,,,26.861459016799927,control,0.25,0.25
,0.009171112590475887,-0.008708260269978488,,,-0.14385061902943824,-17.595748490153998,-0.006281931645601606,-14.531372410617871,-14.510248198538301,-14.520810304578086,26.871667623519897,state,,
0.5,,,-0.01603785330208818,-0.01603785330208818,,,,,,,26.871679306030273,control,0.25,0.25
,0.006443158364586726,-0.0030984788060674745,,,-0.14565051701810972,-11.404145532658596,-0.0076256798240901735,-14.531347277824803,-14.541271398714983,-14.536309338269893,26.882267713546753,state,,
0.5,,,0.04428290376395358,0.04428290376395358,,,,,,,26.88227891921997,control,0.25,0.25
,-0.005488947545222518,0.004432282444433968,,,-0.15385819950914187,-5.201279368144857,-0.00907171845601649,-14.488758332357552,-14.490442569261168,-14.489600450809359,26.892791748046875,state,,
0.5,,,0.1033972456886745,0.1033972456886745,,,,,,,26.892801761627197,control,0.24999999999999112,0.2500000000000089
,0.0010420673116758046,-0.011340091257577949,,,-0.1489329531140742,0.5464869734876499,-0.010480106653127248,-14.393888950886621,-14.391425126260737,-14.39265703857368,26.902984142303467,state,,
0.5,,,0.161329300774901,0.161329300774901,,,,,,,26.902994871139526,control,0.25,0.25
,-0.007440680416370511,-0.0027676320593492975,,,-0.14333669841860353,6.467365765529018,-0.011698839647408229,-14.237393438718867,-14.230105897677639,-14.233749668198254,26.913549423217773,state,,
0.5,,,0.218102714759403,0.218102714759403,,,,,,,26.913559675216675,control,0.2500000000000089,0.24999999999999112
,0.002376223748151047,0.007596590696384512,,,-0.14321898564441557,12.191039321613225,-0.012712117306827832,-14.019276892783374,-14.022211469361837,-14.020744181072605,26.923943996429443,state,,
0.5,,,0.2737406604642149,0.2737406604642149,,,,,,,26.923954963684082,control,0.24999999999999112,0.2500000000000089
,0.002545732664295996,-0.002875309992535428,,,-0.1452166410769148,18.187072606101474,-0.013950899457698045,-13.747133440703932,-13.73975380208528,-13.743443621394606,26.93458342552185,state,,
0.5,,,0.32826584725493063,0.32826584725493063,,,,,,,26.934595346450806,control,0.25,0.25
,0.0006176315586178691,-0.008187635273192941,,,-0.13629413505420085,23.86913247191726,-0.015020110613806457,-13.419056821815701,-13.409582188617433,-13.414319505216568,26.945091009140015,state,,
0.5,,,0.38170053030983203,0.38170053030983203,,,,,,,26.94510579109192,control,0.2500000000000089,0.24999999999999112
,0.0035165279193265665,-0.005809760249348989,,,-0.1250564030137461,28.958379577045704,-0.01585600827334537,-13.042879190148051,-13.04459646206471,-13.04373782610638,26.95484185218811,state,,
0.5,,,0.43406651970363536,0.43406651970363536,,,,,,,26.954854488372803,control,0.24999999999999112,0.2500000000000089
,-0.0008097049268288362,0.005689914391622001,,,-0.12436072260476269,34.993161184247555,-0.016651387488896233,-12.583566878222554,-12.61195248565201,-12.597759681937282,26.96495532989502,state,,
0.5,,,0.48538518930956265,0.48538518930956265,,,,,,,26.96496558189392,control,0.25,0.25
,0.0018567423144493893,-0.003065900465634781,,,-0.12236611974764128,40.463128582086156,-0.017533838006366882,-12.096127322968691,-12.116014999280644,-12.106071161124667,26.974496603012085,state,,
0.5,,,0.5356774855233715,0.5356774855233715,,,,,,,26.974499940872192,control,0.25,0.25
,-0.0022039150567478146,-0.005470550672118312,,,-0.1219104323913199,44.95252833948486,-0.01849299156535324,-11.58243915360802,-11.587750569270504,-11.585094861439263,26.98457622528076,state,,
0.5,,,0.584963935812904,0.584963935812904,,,,,,,26.98457932472229,control,0.2500000000000089,0.24999999999999112
,-0.0013179327912064118,0.003126949562276635,,,-0.11281230753116958,50.03588782495997,-0.01904277025551181,-11.004681700215231,-11.002981908238805,-11.00383180422702,26.994630575180054,state,,
0.5,,,0.6332646570966458,0.6332646570966458,,,,,,,26.994633674621582,control,0.2500000000000089,0.24999999999999112
,0.002201242229932982,0.00250511060345651,,,-0.10296493133932866,55.749070707568336,-0.019458770357736393,-10.35760095403371,-10.353224980957936,-10.355412967495823,27.00471258163452,state,,
0.5,,,0.680599363954713,0.680599363954713,,,,,,,27.004734754562378,control,0.25,0.25
,-0.0033305686285808266,-0.006181730529100601,,,-0.09721352826281375,60.225812988743925,-0.020076372205542235,-9.675178184556103,-9.68863235806115,-9.681905271308626,27.014871835708618,state,,
0.5,,,0.7269873766756187,0.7269873766756187,,,,,,,27.01487708091736,control,0.24999999999999112,0.2500000000000089
,-0.002873472271478996,-0.009642284275319107,,,-0.09402327334474725,65.10125972507821,-0.020751169861670797,-8.957868783769115,-8.948726274772802,-8.953297529270959,27.02536630630493,state,,
0.5,,,0.7724476291421063,0.7724476291421063,,,,,,,27.025373220443726,control,0.25,0.25
,-8.952284942614521e-05,-0.00022205873802379894,,,-0.08675412325132112,70.15750751498464,-0.021082006759607967,-8.183646460316147,-8.158853082073861,-8.171249771195004,27.035739183425903,state,,
0.5,,,0.8169986765592641,0.8169986765592641,,,,,,,27.03574824333191,control,0.25,0.25
,0.003673880158515532,-0.0038099240630650173,,,-0.08116949769820724,74.2167931332346,-0.02141644255980268,-7.355124137618089,-7.373828467793963,-7.364476302706026,27.045889854431152,state,,
0.5,,,0.8606587030280788,0.8606587030280788,,,,,,,27.04589867591858,control,0.25,0.25
,-0.00770959717747978,0.010713699412856475,,,-0.08277710881127212,78.9941881316758,-0.02168698030424763,-6.491174443873005,-6.505825193084648,-6.498499818478827,27.05608320236206,state,,
0.5,,,0.9034455289675172,0.9034455289675172,,,,,,,27.056092023849487,control,0.25000000000000444,0.24999999999999556
,-0.0012570415254002632,-0.00939491649903798,,,-0.07696703296105768,83.3171650040275,-0.022104952761959583,-5.592508473616711,-5.60054323563905,-5.59652585462788,27.066492319107056,state,,
0.5,,,0.9453766183881669,0.9453766183881669,,,,,,,27.06650161743164,control,0.25,0.25
,-0.003658860137833314,0.011845173142733341,,,-0.06227957016804413,87.39871064910068,-0.02185558809168961,-4.669970804971054,-4.645187058328974,-4.657578931650014,27.07693839073181,state,,
0.5,,,0.9864690860204035,0.9864690860204035,,,,,,,27.076947689056396,control,0.25,0.25
,0.007365931119185995,0.0023368393302085778,,,-0.050448855480562924,91.8494887413016,-0.021634502170589345,-3.6531726247671723,-3.6833227969110456,-3.668247710839109,27.087430953979492,state,,
0.5,,,1.0267397042999955,1.0267397042999955,,,,,,,27.087441444396973,control,0.25,0.25
,0.0018623678189327662,0.008630279885501342,,,-0.04135100593200641,96.42045822043144,-0.021295317228617792,-2.638798833538355,-2.6237889462660933,-2.6312938899022242,27.09801483154297,state,,
0.5,,,1.0662049102139957,1.0662049102139957,,,,,,,27.09802532196045,control,0.25,0.25
,0.0022465716767280444,-0.00010410601527041263,,,-0.036647592736427176,99.97092454754281,-0.021144703050150718,-1.5640935563658662,-1.586060879239506,-1.575077217802686,27.108259677886963,state,,
0.5,,,1.1048808120097158,1.1048808120097158,,,,,,,27.10827136039734,control,0.2499999999999989,0.2500000000000011
,-0.004443873150152991,-0.006534336582057452,,,-0.02233125447964063,103.70521646109981,-0.020875968235865194,-0.4766923719362833,-0.48049153104895465,-0.47859195149261896,27.118443489074707,state,,
0.5,,,1.1427831957695216,1.1427831957695216,,,,,,,27.118454456329346,control,0.25,0.25
,-0.002567078314286182,-0.007859209336434173,,,-0.009896441196056031,108.0192709969673,-0.02053075522703692,0.6810785934669604,0.6594435443174118,0.6702610688921862,27.12899351119995,state,,
0.5,,,1.1799275318541311,1.1799275318541311,,,,,,,27.12900447845459,control,0.24999999999999944,0.25000000000000056
,0.004932594210239836,-0.0020352484157374986,,,0.0023912896256430925,112.19213593584988,-0.019910466380319743,1.8608828331638207,1.8563084397131544,1.8585956364384875,27.139668226242065,state,,
0.5,,,1.2163289812170486,1.2163289812170486,,,,,,,27.139712810516357,control,0.2500000000000011,0.2499999999999989
,0.0009441093103204584,0.0023444256640349635,,,0.01490146814853222,115.42130796057505,-0.019124811219349985,3.0612285920398654,3.0671765780144256,3.0642025850271457,27.149924755096436,state,,
0.5,,,1.2520024015927076,1.2520024015927076,,,,,,,27.149935483932495,control,0.24999999999999778,0.2500000000000022
,0.0018892388849442927,0.002645477766545949,,,0.018129482057159675,119.23484356943518,-0.018455399615190705,4.320151994434813,4.314338655569592,4.317245325002203,27.16030716896057,state,,
-0.499990227475872,,,1.1669623535608533,1.1669623535608533,,,,,,,27.160319089889526,control,-0.24999511373794045,-0.24999511373793157
,-0.0009737945251891805,-0.0025399848330093823,,,0.03250375271720848,118.3388478011428,-0.017602215869863207,5.484988041286589,5.487759133638042,5.486373587462316,27.17023730278015,state,,
-0.499990227475872,,,1.0836231064896362,1.0836231064896362,,,,,,,27.17024874687195,control,-0.24999511373794045,-0.24999511373793157
,0.006851114686048082,0.0020699736207394274,,,0.04760465064127796,114.40367644078194,-0.01646304691445014,6.570940212054578,6.564620096902675,6.567780154478626,27.180837631225586,state,,
-0.499990227475872,,,1.0019506443598434,1.0019506443598434,,,,,,,27.180848360061646,control,-0.249995113737936,-0.249995113737936
,-0.009129706108171673,0.0035686016953386562,,,0.06077631031040786,109.33323546387552,-0.015338543490403818,7.582766770870955,7.578061098337738,7.580413934604346,27.19099712371826,state,,
-0.499990227475872,,,0.9219116314726465,0.9219116314726465,,,,,,,27.191007375717163,control,-0.24999511373793157,-0.24999511373794045
,-0.00186323997142804,-0.003392290852671588,,,0.06192466082674036,102.48041837143833,-0.01448809264411646,8.49227564179536,8.500028651968899,8.496152146882128,27.201632499694824,state,,
-0.499990227475872,,,0.8434733988431935,0.8434733988431935,,,,,,,27.201642274856567,control,-0.24999511373792713,-0.2499951137379449
,0.004492762537666966,-0.0021467572084309956,,,0.07739890444764155,95.7406114823562,-0.013209219449950755,9.349579703862082,9.343002103172854,9.346290903517467,27.212144136428833,state,,
-0.499990227475872,,,0.7666039308663297,0.7666039308663297,,,,,,,27.21218967437744,control,-0.24999511373792713,-0.2499951137379449
,0.0013928014582748369,0.000967379813819991,,,0.08553516054197002,87.99936372377164,-0.011955838214780896,10.107596597745825,10.098560914468983,10.103078756107404,27.22232937812805,state,,
-0.499990227475872,,,0.6912718522490031,0.6912718522490031,,,,,,,27.222341537475586,control,-0.249995113737936,-0.249995113737936
,0.0038821523254641004,-0.004897507491737644,,,0.0928300623899351,80.80859503460411,-0.010759575112662604,10.796586317220566,10.796853819384037,10.796720068302301,27.232914924621582,state,,
-0.499990227475872,,,0.6174464152040231,0.6174464152040231,,,,,,,27.232925415039062,control,-0.249995113737936,-0.249995113737936
,0.012264729984092653,-0.0035300043230429255,,,0.10421881041528452,74.0352754440839,-0.009324116948048699,11.43703311775775,11.42151106893404,11.429272093345894,27.243101596832275,state,,
-0.499990227475872,,,0.5450974868999425,0.5450974868999425,,,,,,,27.243112325668335,control,-0.24999511373792713,-0.2499951137379449
,0.002241047808702455,0.0055646233808932235,,,0.1110895515956117,65.79996948405575,-0.007826073914491936,11.95021389553383,11.962191750556546,11.956202823045189,27.25331139564514,state,,
-0.499990227475872,,,0.4741955371619437,0.4741955371619437,,,,,,,27.25332260131836,control,-0.2499951137379449,-0.24999511373792713
,-0.002455941763539383,0.004267427048239265,,,0.11674493101958375,59.03792867062806,-0.006380501938554603,12.447860754674728,12.430061020658979,12.438960887666854,27.263695240020752,state,,
-0.499990227475872,,,0.4047116264187048,0.4047116264187048,,,,,,,27.263705492019653,control,-0.249995113737936,-0.249995113737936
,0.004724557995711352,-0.0031480887239543087,,,0.12456914398058444,51.45874227352511,-0.004937703676122877,12.843688387202274,12.82215523765918,12.832921812430726,27.273921012878418,state,,
-0.499990227475872,,,0.3366173938903307,0.3366173938903307,,,,,,,27.27393102645874,control,-0.24999511373792713,-0.2499951137379449
,0.0061241668770052795,-0.002138435487646797,,,0.13400272980304753,44.76269859645626,-0.0033770657288571706,13.187288229976845,13.160667676740783,13.173977953358815,27.28455400466919,state,,
-0.499990227475872,,,0.26988504601252405,0.26988504601252405,,,,,,,27.28456449508667,control,-0.2499951137379449,-0.24999511373792713
,-0.0006129640817236309,-0.0014706028292893955,,,0.13344997275138643,37.57118544971118,-0.0020464572024971755,13.43601206779802,13.434454574790866,13.435233321294444,27.295084714889526,state,,
-0.499990227475872,,,0.20448734509227356,0.20448734509227356,,,,,,,27.295094966888428,control,-0.2499951137379449,-0.24999511373792713
,0.007669683811696716,-0.002063693777509679,,,0.13444472819923875,31.48551181985235,-0.0006580668637807565,13.650461471811298,13.656002399127429,13.653231935469364,27.305693864822388,state,,
-0.499990227475872,,,0.1403975981904281,0.1403975981904281,,,,,,,27.305704832077026,control,-0.2499951137379449,-0.24999511373792713
,-0.0033074608487806186,0.0019166373239048195,,,0.13220733881019464,24.567007015845135,0.0006225936024413124,13.782767485575688,13.794813678007388,13.788790581791538,27.31595802307129,state,,
-0.499990227475872,,,0.07758964622661954,0.07758964622661954,,,,,,,27.315969228744507,control,-0.249995113737936,-0.249995113737936
,0.00978272624992101,-0.0035537232724250807,,,0.13760318931912835,18.265140811071493,0.0020452266674754775,13.866620148003042,13.875669200362767,13.871144674182904,27.326069355010986,state,,
-0.499990227475872,,,0.01603785330208715,0.01603785330208715,,,,,,,27.326079845428467,control,-0.249995113737936,-0.249995113737936
,-0.00016574714243326649,-0.004767702578256731,,,0.13820263931433013,11.537033817601815,0.0032740329027714805,13.872659191652785,13.886208535932692,13.879433863792737,27.336275577545166,state,,
-0.499990227475872,,,-0.04428290376395459,-0.04428290376395459,,,,,,,27.336287021636963,control,-0.24999511373792713,-0.2499951137379449
,0.004759608075899816,-0.0003538409707880765,,,0.13974323815035267,5.812013820638162,0.004626588126497341,13.836687674445235,13.85618728318966,13.846437478817448,27.346853256225586,state,,
-0.499990227475872,,,-0.1033972456886755,-0.1033972456886755,,,,,,,27.346897840499878,control,-0.249995113737936,-0.249995113737936
,0.00955083584316723,0.000200132509922231,,,0.13731287325819697,-0.34593084909110905,0.005912214191905299,13.754710624905682,13.73523224905263,13.744971436979156,27.356989860534668,state,,
-0.499990227475872,,,-0.16132930077490198,-0.16132930077490198,,,,,,,27.356999397277832,control,-0.249995113737936,-0.249995113737936
,-0.0071021882950109,-0.006585874276643549,,,0.12920538050269195,-6.832218020065811,0.006754418556252811,13.573154046552338,13.573679533889825,13.573416790221081,27.367318630218506,state,,
-0.499990227475872,,,-0.21810271475940393,-0.21810271475940393,,,,,,,27.367330074310303,control,-0.249995113737936,-0.249995113737936
,0.003950850080867165,0.003470936789199537,,,0.13559200219560244,-12.787374409753511,0.008137285303153132,13.347477788393139,13.354049788593137,13.350763788493138,27.37751865386963,state,,
-0.499990227475872,,,-0.27374066046421586,-0.27374066046421586,,,,,,,27.37752938270569,control,-0.249995113737936,-0.249995113737936
,-0.0009493890286894972,-0.003925429720206434,,,0.12924483263824188,-18.310234008099453,0.009057936022550324,13.082654539778638,13.076870276029794,13.079762407904216,27.38805389404297,state,,
-0.499990227475872,,,-0.3282658472549315,-0.3282658472549315,,,,,,,27.38806414604187,control,-0.249995113737936,-0.249995113737936
,0.001879419970364622,-0.001902538251971342,,,0.12615943555910075,-23.81389731695201,0.010039387320350302,12.751962472357512,12.756097352968405,12.754029912662958,27.39817762374878,state,,
-0.499990227475872,,,-0.38170053030983286,-0.38170053030983286,,,,,,,27.3981876373291,control,-0.24999511373792713,-0.2499951137379449
,0.0073778353797816585,-0.00845287707128868,,,0.12374490393142434,-29.33787694254741,0.010907215260545416,12.358028204575495,12.387440349308987,12.372734276942241,27.407835483551025,state,,
-0.499990227475872,,,-0.4340665197036362,-0.4340665197036362,,,,,,,27.407838582992554,control,-0.249995113737936,-0.249995113737936
,0.005969690098093536,0.004352522815306536,,,0.12097004212166376,-35.256065837248464,0.011952203725569783,11.927337465959148,11.92462796783172,11.925982716895433,27.417956590652466,state,,
-0.499990227475872,,,-0.4853851893095635,-0.4853851893095635,,,,,,,27.417959928512573,control,-0.24999511373792713,-0.2499951137379449
,-0.0008099003536047974,0.007425382977744583,,,0.12140835719873844,-39.82956613589932,0.01303740846857497,11.438930530499288,11.470864544621085,11.454897537560186,27.42803645133972,state,,
-0.499990227475872,,,-0.5356774855233721,-0.5356774855233721,,,,,,,27.42803955078125,control,-0.24999511373792713,-0.2499951137379449
,0.0006035392599764932,0.0026152762911793533,,,0.11431451591848478,-44.83262142914508,0.013835086367463936,10.920561495621625,10.933328954819418,10.926945225220521,27.43820810317993,state,,
-0.499990227475872,,,-0.5849639358129046,-0.5849639358129046,,,,,,,27.43821430206299,control,-0.249995113737936,-0.249995113737936
,-0.005803507192854835,-0.002203062043626035,,,0.11749530741685422,-50.12659043069539,0.014671173164421687,10.343976127351404,10.338870247441331,10.341423187396368,27.448471069335938,state,,
-0.499990227475872,,,-0.6332646570966465,-0.6332646570966465,,,,,,,27.448476791381836,control,-0.249995113737936,-0.249995113737936
,-0.0076649257289069525,0.0009813523731067731,,,0.114994423630915,-55.470711607746864,0.015422718248516544,9.709352600662152,9.693970881613682,9.701661741137917,27.458950757980347,state,,
-0.499990227475872,,,-0.6805993639547134,-0.6805993639547134,,,,,,,27.458959341049194,control,-0.249995113737936,-0.249995113737936
,0.0042863638576830995,0.008501123243134652,,,0.11185737297396042,-60.42390886349561,0.01634697751241004,9.011063838787194,9.0261163007464,9.018590069766798,27.469136714935303,state,,
-0.499990227475872,,,-0.7269873766756192,-0.7269873766756192,,,,,,,27.46914553642273,control,-0.2499951137379449,-0.24999511373792713
,-0.005271216055398651,-0.002641225293778713,,,0.10091141435163296,-64.75711004785713,0.01674578407951923,8.306402080086796,8.297705780909101,8.302053930497948,27.479339838027954,state,,
-0.499990227475872,,,-0.7724476291421067,-0.7724476291421067,,,,,,,27.479349374771118,control,-0.24999511373792713,-0.2499951137379449
,-0.0005413296231306827,0.006181799972947139,,,0.09367805238138857,-69.9110475625489,0.01732260580313671,7.5120029884430295,7.529828994931897,7.520915991687463,27.489574432373047,state,,
-0.499990227475872,,,-0.8169986765592645,-0.8169986765592645,,,,,,,27.489583253860474,control,-0.249995113737936,-0.249995113737936
,0.00020274507292313327,0.010915524003639543,,,0.08293559202296769,-74.47092151867962,0.01782131282261459,6.703197601404447,6.704070655598047,6.703634128501247,27.50007462501526,state,,
-0.499990227475872,,,-0.8606587030280792,-0.8606587030280792,,,,,,,27.50008487701416,control,-0.249995113737936,-0.249995113737936
,0.007571877034418172,0.005980091284585044,,,0.0675005151037211,-78.96735545833228,0.0180486781952536,5.839441637998052,5.845353572281419,5.842397605139736,27.51011872291565,state,,
-0.499990227475872,,,-0.9034455289675176,-0.9034455289675176,,,,,,,27.510127544403076,control,-0.24999511373794045,-0.24999511373793157
,0.005848886512299653,-0.0017304937984017321,,,0.05752256607896681,-83.07482008008151,0.01810284816742752,4.945894875489335,4.946659273563211,4.946277074526273,27.520469427108765,state,,
-0.499990227475872,,,-0.9453766183881673,-0.9453766183881673,,,,,,,27.520482540130615,control,-0.24999511373794045,-0.24999511373793157
,0.0044676285724935885,-0.003844758863552836,,,0.05306344968239858,-88.0008860945442,0.018148793006736517,3.9925623376652384,3.983172538256679,3.9878674379609587,27.530454874038696,state,,
-0.499990227475872,,,-0.986469086020404,-0.986469086020404,,,,,,,27.530463457107544,control,-0.249995113737936,-0.249995113737936
,0.0009990478427017039,-0.0006980846782540239,,,0.04728282335229718,-92.08609006779702,0.01814922527890687,2.9914209346690463,3.012556058720563,3.0019884966948047,27.540634632110596,state,,
-0.499990227475872,,,-1.026739704299996,-1.026739704299996,,,,,,,27.54064393043518,control,-0.249995113737936,-0.249995113737936
,0.006863495943554001,0.0031774176131450648,,,0.03878335928564104,-95.85908066258062,0.018139474241980428,1.9806139881957663,1.9860833712624233,1.9833486797290947,27.551321506500244,state,,
-0.499990227475872,,,-1.066204910213996,-1.066204910213996,,,,,,,27.551366329193115,control,-0.2499951137379349,-0.24999511373793712
,-0.0029858706407708767,-0.009613353038391342,,,0.029731791567160968,-100.40782987476283,0.017721923693156838,0.9033523824660425,0.9103971950960584,0.9068747887810504,27.562188625335693,state,,
-0.499990227475872,,,-1.1048808120097162,-1.1048808120097162,,,,,,,27.562238216400146,control,-0.24999511373793545,-0.24999511373793656
,-0.004485443217492587,-0.0050101151024255055,,,0.017740196584536214,-103.69890365368852,0.017223691814085115,-0.18404034551468687,-0.18094628199621246,-0.18249331375544967,27.571991443634033,state,,
-0.499990227475872,,,-1.142783195769522,-1.142783195769522,,,,,,,27.572001934051514,control,-0.249995113737936,-0.249995113737936
,-0.0016349343933466077,0.0015437430824377727,,,0.012816766786973995,-108.97316098125972,0.016940293575705725,-1.3502719948379878,-1.3620626772624278,-1.3561673360502078,27.582650899887085,state,,
-0.499990227475872,,,-1.1799275318541316,-1.1799275318541316,,,,,,,27.582661390304565,control,-0.249995113737936,-0.249995113737936
,-0.011720702855393256,0.002543563973988201,,,0.001021430542310315,-111.86602720055694,0.01638343761514702,-2.51392349879029,-2.5278145090222077,-2.520869003906249,27.593106031417847,state,,
-0.499990227475872,,,-1.216328981217049,-1.216328981217049,,,,,,,27.593116760253906,control,-0.249995113737936,-0.249995113737936
,0.010486372825950122,0.001818995056920755,,,-0.010897308010003588,-115.70325160016884,0.015870485517570247,-3.7524513821480614,-3.725494303858026,-3.7389728430030438,27.603399991989136,state,,
-0.499990227475872,,,-1.252002401592708,-1.252002401592708,,,,,,,27.603410243988037,control,-0.249995113737936,-0.249995113737936
,-0.0070191774244741005,-0.002267757197042981,,,-0.020946993683571568,-119.21530792697146,0.015092540457656515,-4.9792112765370184,-4.994832792974059,-4.9870220347555385,27.61337423324585,state,,
0.5,,,-1.1669623535608538,-1.1669623535608538,,,,,,,27.613386392593384,control,0.25,0.25
,-0.00374871022651406,0.005621959995670905,,,-0.027806703149213956,-117.67035100964645,0.014483484584112893,-6.135631615479673,-6.142641968173075,-6.139136791826374,27.623575687408447,state,,
0.5,,,-1.0836231064896367,-1.0836231064896367,,,,,,,27.623584747314453,control,0.25,0.25
,-0.0008923803654533838,-0.006217446344769921,,,-0.047929742864991784,-114.71635855676098,0.013283897460010354,-7.238076779143105,-7.240495475498287,-7.239286127320696,27.633408069610596,state,,
0.5,,,-1.0019506443598438,-1.0019506443598438,,,,,,,27.633413314819336,control,0.25,0.25
,-0.0004429623939246364,0.0020836228085517714,,,-0.05659458269276489,-108.48674043082939,0.012359587482140515,-8.225055772365655,-8.224956387228948,-8.225006079797302,27.643377542495728,state,,
0.5,,,-0.921911631472647,-0.921911631472647,,,,,,,27.643380641937256,control,0.25,0.25
,0.0003585444617658196,0.0012454926011223214,,,-0.06963402401984452,-102.72611634295893,0.011248135468695094,-9.160544382198683,-9.160623744479333,-9.160584063339009,27.65341305732727,state,,
0.5,,,-0.8434733988431939,-0.8434733988431939,,,,,,,27.653415203094482,control,0.2500000000000089,0.24999999999999112
,0.003355106906254596,0.0029425524262291494,,,-0.07927632845914181,-95.39367705920006,0.010171175199435317,-10.0001569196634,-9.995485956812336,-9.997821438237867,27.663469314575195,state,,
0.5,,,-0.7666039308663302,-0.7666039308663302,,,,,,,27.663471698760986,control,0.24999999999999112,0.2500000000000089
,0.007298332678573267,0.00383220212537573,,,-0.08882765860208983,-87.85519979706467,0.00906937996894394,-10.743331599584332,-10.769458088901757,-10.756394844243044,27.673585653305054,state,,
0.5,,,-0.6912718522490036,-0.6912718522490036,,,,,,,27.673587799072266,control,0.24999999999999112,0.2500000000000089
,-0.00265329497634623,0.004001291179753822,,,-0.09005972104077042,-80.93846620799162,0.008036524654212916,-11.46085393095928,-11.450538613536498,-11.455696272247888,27.683703899383545,state,,
0.5,,,-0.6174464152040235,-0.6174464152040235,,,,,,,27.68370795249939,control,0.24999999999999112,0.2500000000000089
,0.0008462962126521852,0.005794760095550251,,,-0.10253506321766351,-73.04267543324298,0.0067860027773024014,-12.059753443415802,-12.061161783460706,-12.060457613438254,27.693970918655396,state,,
0.5,,,-0.545097486899943,-0.545097486899943,,,,,,,27.693973541259766,control,0.25,0.25
,0.006480663444175689,0.0022584798337576357,,,-0.1071721337988218,-66.70430348105211,0.005613486967099646,-12.626854577432768,-12.626390073595541,-12.626622325514155,27.704425573349,state,,
0.5,,,-0.4741955371619441,-0.4741955371619441,,,,,,,27.70442819595337,control,0.2500000000000089,0.24999999999999112
,0.004698194918559843,-0.003917019702947378,,,-0.11304365682254638,-58.887416942333175,0.004259710573746074,-13.099569991213995,-13.082603772215858,-13.091086881714926,27.714969158172607,state,,
0.5,,,-0.40471162641870523,-0.40471162641870523,,,,,,,27.714971780776978,control,0.24999999999999112,0.2500000000000089
,0.0023907577557473808,-0.004302490408010132,,,-0.11844426442670165,-51.888140169568715,0.0028631314841212844,-13.504665968420746,-13.492476699109732,-13.498571333765238,27.725457668304443,state,,
0.5,,,-0.33661739389033113,-0.33661739389033113,,,,,,,27.725460529327393,control,0.24999999999999112,0.2500000000000089
,-0.0027116078293110612,0.0031807695509170797,,,-0.12473521890579733,-44.822520205810946,0.0015200069467461224,-13.836823084914629,-13.8318643180839,-13.834343701499265,27.73595094680786,state,,
0.5,,,-0.2698850460125245,-0.2698850460125245,,,,,,,27.73595380783081,control,0.25,0.25
,0.004640468794328812,0.002076419843965306,,,-0.12889788688634146,-38.0306409850041,0.00023024862589943575,-14.112567848491285,-14.100540144032419,-14.106553996261852,27.746134281158447,state,,
0.5,,,-0.204487345092274,-0.204487345092274,,,,,,,27.746138095855713,control,0.25,0.25
,0.0017652607730945771,-0.001013208170766154,,,-0.12635168074700362,-30.77418910616724,-0.0009828516223832605,-14.29353203196794,-14.304079705514038,-14.298805868740988,27.75640082359314,state,,
0.5,,,-0.14039759819042852,-0.14039759819042852,,,,,,,27.756421089172363,control,0.24999999999999112,0.2500000000000089
,-0.004786837073042117,-0.00554333684010184,,,-0.14149156336357582,-24.966932973679846,-0.002728704041926372,-14.467361542325094,-14.444738150773263,-14.456049846549178,27.766870260238647,state,,
0.5,,,-0.07758964622661996,-0.07758964622661996,,,,,,,27.766878604888916,control,0.24999999999999112,0.2500000000000089
,-0.0061835640624264155,0.00474221379695546,,,-0.14352860498942377,-18.34609239795773,-0.00407461174085112,-14.545310196251014,-14.522963443796582,-14.534136820023798,27.77756357192993,state,,
0.5,,,-0.016037853302087554,-0.016037853302087554,,,,,,,27.77757215499878,control,0.25,0.25
,-0.004891634334865828,0.00042940703927482485,,,-0.14579192569529986,-11.36486950518952,-0.005489801743086789,-14.539837937404194,-14.533513866305123,-14.536675901854657,27.788041830062866,state,,
0.5,,,0.04428290376395419,0.04428290376395419,,,,,,,27.788050889968872,control,0.24999999999999112,0.2500000000000089
,0.0004623596039207289,-0.0009076855519537656,,,-0.148898790542665,-5.561660691648839,-0.006905352851813463,-14.504495264967263,-14.49536787888114,-14.4999315719242,27.79878544807434,state,,
0.5,,,0.1033972456886751,0.1033972456886751,,,,,,,27.798797845840454,control,0.24999999999999112,0.2500000000000089
,-0.003384597097299497,0.0025866469135472294,,,-0.153742204149399,0.750031749308798,-0.00833083001510601,-14.382290454876392,-14.401664643735002,-14.391977549305697,27.80912685394287,state,,
0.5,,,0.1613293007749016,0.1613293007749016,,,,,,,27.809136867523193,control,0.25,0.25
,0.0021424707196289325,-0.0034306430129316867,,,-0.15108726683089777,6.672413266517397,-0.00965551032684709,-14.231381269064828,-14.230610305548254,-14.23099578730654,27.8193199634552,state,,
0.5,,,0.21810271475940357,0.21810271475940357,,,,,,,27.81933069229126,control,0.24999999999999112,0.2500000000000089
,0.0004014976918778931,-0.0035282024217977983,,,-0.14598367699653414,12.658717241026334,-0.010880233022846813,-14.008418939769728,-14.009848316344074,-14.009133628056901,27.829798221588135,state,,
0.5,,,0.2737406604642155,0.2737406604642155,,,,,,,27.829808473587036,control,0.25,0.25
,-0.012510882609543464,-0.001982685516148132,,,-0.14321089119610383,18.353793793937815,-0.012156853169077896,-13.733622926689604,-13.736288536608917,-13.734955731649261,27.84012007713318,state,,
0.5,,,0.3282658472549312,0.3282658472549312,,,,,,,27.84013056755066,control,0.2500000000000089,0.24999999999999112
,0.0034420182439744065,0.007458530746954351,,,-0.14658587992108013,23.838240837939495,-0.01324308961751904,-13.396488062388137,-13.422083212715876,-13.409285637552006,27.850308179855347,state,,
0.5,,,0.38170053030983253,0.38170053030983253,,,,,,,27.85031819343567,control,0.25,0.25
,-0.007266784914183864,-0.002784743469163616,,,-0.13622419054111082,29.338291745860133,-0.01426155909922262,-13.028996906125974,-13.02773647621031,-13.028366691168142,27.860538959503174,state,,
0.5,,,0.43406651970363586,0.43406651970363586,,,,,,,27.860549211502075,control,0.25,0.25
,0.0007724501082490761,-0.006778840293942966,,,-0.1324917672544407,34.30084576938289,-0.015340933906341035,-12.604751250807567,-12.608002215500212,-12.60637673315389,27.87102437019348,state,,
0.5,,,0.48538518930956315,0.48538518930956315,,,,,,,27.8710355758667,control,0.2500000000000089,0.24999999999999112
,0.00546265606173201,0.004220269633633324,,,-0.12804851085338348,40.08789065375832,-0.01610500399041678,-12.103132575170553,-12.123655718213456,-12.113394146692006,27.88130211830139,state,,
0.5,,,0.5356774855233719,0.5356774855233719,,,,,,,27.881312608718872,control,0.2500000000000089,0.24999999999999112
,0.0012135638827712569,0.0031444530635512742,,,-0.13034977003444548,45.17457403180484,-0.017033079342708056,-11.58104896942994,-11.580333682606078,-11.580691326018009,27.891799926757812,state,,
0.5,,,0.5849639358129044,0.5849639358129044,,,,,,,27.891843557357788,control,0.25,0.25
,0.002323994342859243,0.001383245841880601,,,-0.12130198682979257,51.069717972892555,-0.01770136853210388,-10.968036032929044,-10.984303999956653,-10.976170016442849,27.902017831802368,state,,
0.5,,,0.6332646570966463,0.6332646570966463,,,,,,,27.902029037475586,control,0.25,0.25
,-0.005080159130303597,-0.0007884536919827729,,,-0.1133439962434502,54.707531996021444,-0.01839062544567677,-10.370144024497364,-10.372250151701909,-10.371197088099636,27.91256356239319,state,,
0.5,,,0.6805993639547132,0.6805993639547132,,,,,,,27.91257405281067,control,0.25,0.25
,-0.002088242478882425,-0.005007699355748744,,,-0.09837217999846924,60.084251591422614,-0.018866103515531973,-9.677082713212545,-9.692480130912843,-9.684781422062695,27.922930240631104,state,,
0.5,,,0.726987376675619,0.726987376675619,,,,,,,27.922941207885742,control,0.2500000000000089,0.24999999999999112
,-0.002057458922573368,0.009246553963807025,,,-0.09388181108203339,65.07210252376206,-0.019186623982032747,-8.95160469697136,-8.957747870421318,-8.95467628369634,27.933496475219727,state,,
0.5,,,0.7724476291421065,0.7724476291421065,,,,,,,27.933506727218628,control,0.2500000000000089,0.24999999999999112
,-0.0007562293639734892,-0.0030501242017398665,,,-0.08846643489491002,70.1977846742294,-0.019651914134099516,-8.164258587024802,-8.177982756690337,-8.171120671857569,27.94404149055481,state,,
0.5,,,0.8169986765592643,0.8169986765592643,,,,,,,27.94405221939087,control,0.24999999999999112,0.2500000000000089
,-0.0024729582260197645,0.0012032915359888364,,,-0.08785704405868246,74.49615497375544,-0.020110653887263436,-7.361961515681046,-7.35353535247719,-7.357748434079118,27.954670429229736,state,,
0.5,,,0.860658703028079,0.860658703028079,,,,,,,27.954680681228638,control,0.25000000000000444,0.24999999999999556
,0.006586796701366364,0.0038571969731953882,,,-0.07727447120454371,78.86787027090729,-0.020184380115209063,-6.496847077941207,-6.50213636493245,-6.499491721436828,27.96504497528076,state,,
0.5,,,0.9034455289675174,0.9034455289675174,,,,,,,27.965056896209717,control,0.25,0.25
,-0.0035542245653417725,-0.007585289539740409,,,-0.06828504814130085,83.12012970419718,-0.020481191378881956,-5.598732368653755,-5.602494858512512,-5.600613613583134,27.975017547607422,state,,
0.5,,,0.9453766183881671,0.9453766183881671,,,,,,,27.975027799606323,control,0.25000000000000444,0.24999999999999556
,0.0014390053800147121,-0.005576070117131031,,,-0.06445494550620334,86.96190674247464,-0.02074060323472531,-4.667024572953471,-4.672676958183544,-4.6698507655685075,27.985184907913208,state,,
0.5,,,0.9864690860204037,0.9864690860204037,,,,,,,27.985195636749268,control,0.25,0.25
,0.0023524582700423994,0.003395685350696729,,,-0.05745163345421192,91.65589490576934,-0.02070331498855726,-3.676307935357732,-3.680861413863257,-3.6785846746104944,27.995121479034424,state,,
0.5,,,1.0267397042999957,1.0267397042999957,,,,,,,27.99513077735901,control,0.24999999999999778,0.2500000000000022
,-0.0011421262211937706,0.008111842780573277,,,-0.050436939757801114,96.43315579572203,-0.02053623126455252,-2.6370279203913576,-2.6394133759000793,-2.6382206481457184,28.00542974472046,state,,
0.5,,,1.0662049102139959,1.0662049102139959,,,,,,,28.00543999671936,control,0.25,0.25
,-0.008991441217947945,0.0022908753832502206,,,-0.03899119302764159,99.79093532670663,-0.020357604844764385,-1.5882478914023965,-1.5854932563211106,-1.5868705738617535,28.015602350234985,state,,
0.5,,,1.104880812009716,1.104880812009716,,,,,,,28.01561188697815,control,0.2499999999999989,0.2500000000000011
,0.0004850851093731761,-0.0024042586932035586,,,-0.027263870769825425,103.99205929847521,-0.02008002799037909,-0.4709352234468375,-0.4892388089774001,-0.4800870162121188,28.025906562805176,state,,
0.5,,,1.1427831957695218,1.1427831957695218,,,,,,,28.025916576385498,control,0.25,0.25
,-0.008084905557805045,0.005396637759017834,,,-0.01005106257116062,108.5369849624798,-0.01947255629899206,0.6926611144068104,0.6625740295008572,0.6776175719538338,28.036033391952515,state,,
0.5,,,1.1799275318541314,1.1799275318541314,,,,,,,28.036044597625732,control,0.25000000000000056,0.24999999999999944
,-0.001957707730850454,-0.009599992537666895,,,0.00010638516721191409,112.3409947509816,-0.019120703562410427,1.8526444073058213,1.8704960239034814,1.8615702156046514,28.046133995056152,state,,
0.5,,,1.2163289812170488,1.2163289812170488,,,,,,,28.046144247055054,control,0.2499999999999989,0.2500000000000011
,0.0038567361472645386,-0.00629087208253383,,,0.0109609012688653,115.747484203294,-0.018554003889857913,3.0667711765403403,3.079750865720026,3.0732610211301834,28.05674433708191,state,,
0.5,,,1.2520024015927078,1.2520024015927078,,,,,,,28.05675435066223,control,0.24999999999999778,0.2500000000000022
,0.00407900752425028,0.004231043058218868,,,0.023989397086342443,119.63385708242322,-0.017640012939811704,4.34134688367172,4.32155939111945,4.331453137395585,28.067431449890137,state,,
-0.499990227475872,,,1.1669623535608535,1.1669623535608535,,,,,,,28.067443132400513,control,-0.249995113737936,-0.249995113737936
,-0.006364287630319923,-0.004709854617438084,,,0.038052521617821834,118.05902106931174,-0.016833945044261476,5.49181727327749,5.482140835690751,5.48697905448412,28.077856063842773,state,,
-0.499990227475872,,,1.0836231064896364,1.0836231064896364,,,,,,,28.07786774635315,control,-0.249995113737936,-0.249995113737936
,-0.0017361560267916657,0.007267037368994542,,,0.046712073380071495,114.17690836163437,-0.015786633221074146,6.563522606992827,6.570402183794757,6.566962395393793,28.08840537071228,state,,
-0.499990227475872,,,1.0019506443598436,1.0019506443598436,,,,,,,28.088417291641235,control,-0.24999511373794045,-0.24999511373793157
,0.00022692596301612114,0.0072613795267157015,,,0.061923245556443275,109.13761640027002,-0.014494534971688395,7.584857669878291,7.5714138038478165,7.578135736863054,28.099067449569702,state,,
-0.499990227475872,,,0.9219116314726468,0.9219116314726468,,,,,,,28.09911799430847,control,-0.249995113737936,-0.249995113737936
,-0.0033590129459723952,0.002449477876577828,,,0.06981313355190333,102.47687127533624,-0.013381139660472946,8.48941923805009,8.504371558921049,8.49689539848557,28.10934042930603,state,,
-0.499990227475872,,,0.8434733988431937,0.8434733988431937,,,,,,,28.109352827072144,control,-0.2499951137379449,-0.24999511373792713
,0.00698957854334469,-0.0027825917686303994,,,0.07788852808012169,95.60486019281444,-0.01222826969586485,9.343010623209395,9.344134471064908,9.343572547137152,28.119498014450073,state,,
-0.499990227475872,,,0.7666039308663299,0.7666039308663299,,,,,,,28.119510412216187,control,-0.249995113737936,-0.249995113737936
,0.006564528873789659,0.005050705313620195,,,0.08657870697046702,87.89441755178638,-0.010861400986959275,10.098554416758889,10.101048016601913,10.099801216680401,28.129682302474976,state,,
-0.499990227475872,,,0.6912718522490033,0.6912718522490033,,,,,,,28.129693269729614,control,-0.249995113737936,-0.249995113737936
,0.002156964426480673,-0.0027895958051235054,,,0.09751784236483838,80.64617263665701,-0.009557918039603071,10.799620743753248,10.782186340943987,10.790903542348618,28.140163898468018,state,,
-0.499990227475872,,,0.6174464152040233,0.6174464152040233,,,,,,,28.14017391204834,control,-0.249995113737936,-0.249995113737936
,-0.0046563488539339976,0.004183901869656676,,,0.09918721639690439,73.6035379280241,-0.008329840482853866,11.412018389684292,11.41768542831953,11.41485190900191,28.150870323181152,state,,
-0.499990227475872,,,0.5450974868999428,0.5450974868999428,,,,,,,28.150882482528687,control,-0.249995113737936,-0.249995113737936
,0.006668899232933857,-0.0012120846891592295,,,0.10417578412523182,66.18577350485798,-0.007041745561232386,11.962683689151708,11.954620824021656,11.958652256586682,28.161067724227905,state,,
-0.499990227475872,,,0.4741955371619439,0.4741955371619439,,,,,,,28.161079168319702,control,-0.24999511373792713,-0.2499951137379449
,0.009547165158561462,-0.0015823845895291365,,,0.11371584694693278,59.468908627421236,-0.005600426487964609,12.444020884877903,12.448857351379006,12.446439118128454,28.171346426010132,state,,
-0.499990227475872,,,0.404711626418705,0.404711626418705,,,,,,,28.171358108520508,control,-0.249995113737936,-0.249995113737936
,-0.009892992000050753,6.672269609543669e-05,,,0.1213922429195238,51.91779151649629,-0.004255547779981318,12.830901916649207,12.85997262712373,12.845437271886468,28.181879997253418,state,,
-0.499990227475872,,,0.3366173938903309,0.3366173938903309,,,,,,,28.181890964508057,control,-0.24999511373792713,-0.2499951137379449
,-0.0015353280283966135,-0.0026839748517272504,,,0.12851890788179904,44.41010367832628,-0.002865299587111449,13.171604147897884,13.168495343314445,13.170049745606164,28.19205355644226,state,,
-0.499990227475872,,,0.2698850460125243,0.2698850460125243,,,,,,,28.19206476211548,control,-0.24999511373792713,-0.2499951137379449
,0.0019377880393379274,-0.005521776493905717,,,0.13391513397622007,37.98690944250531,-0.0015038623115816376,13.446308600080249,13.44907245736813,13.44769052872419,28.202710390090942,state,,
-0.499990227475872,,,0.2044873450922738,0.2044873450922738,,,,,,,28.20272207260132,control,-0.249995113737936,-0.249995113737936
,0.0015218637746954114,0.0019243616736604092,,,0.13033221051268204,30.912320548704027,-0.00020963397648756177,13.638861532543803,13.649574777320359,13.64421815493208,28.213165998458862,state,,
-0.499990227475872,,,0.1403975981904283,0.1403975981904283,,,,,,,28.213177919387817,control,-0.24999511373792713,-0.2499951137379449
,0.006282228307933357,0.006326478476885055,,,0.13202948002398407,24.581703045677816,0.0012748035336538268,13.784180931733726,13.794379625357852,13.789280278545789,28.2234787940979,state,,
-0.499990227475872,,,0.07758964622661974,0.07758964622661974,,,,,,,28.223490476608276,control,-0.249995113737936,-0.249995113737936
,0.007838690829533665,0.003695365950570187,,,0.1378902583504948,17.55468748118881,0.0028146295163665597,13.85896471658092,13.847012737680013,13.852988727130466,28.23395276069641,state,,
-0.499990227475872,,,0.016037853302087346,0.016037853302087346,,,,,,,28.23399591445923,control,-0.249995113737936,-0.249995113737936
,-0.000751824221564831,-0.0026697973354017674,,,0.135646385409181,12.207841857614174,0.003993252425296534,13.900330185550297,13.879608723674686,13.88996945461249,28.2445228099823,state,,
-0.499990227475872,,,-0.0442829037639544,-0.0442829037639544,,,,,,,28.244534969329834,control,-0.24999511373792713,-0.2499951137379449
,0.004700385749443027,0.009473624795177027,,,0.130467033852244,5.49871804967296,0.005317755716343858,13.846234290135685,13.830120936512884,13.838177613324284,28.25507378578186,state,,
-0.499990227475872,,,-0.10339724568867531,-0.10339724568867531,,,,,,,28.255085229873657,control,-0.24999511373792713,-0.2499951137379449
,-0.00185948176147355,-0.004590090671503808,,,0.12811620847581218,-0.5745345332326606,0.006326965784769276,13.74320274929291,13.728344152847994,13.735773451070452,28.265730381011963,state,,
-0.499990227475872,,,-0.16132930077490182,-0.16132930077490182,,,,,,,28.26574182510376,control,-0.249995113737936,-0.249995113737936
,0.0031579137615559546,0.0027297944737640347,,,0.12855586086239273,-6.703937200815396,0.007537018974596125,13.57828495583099,13.56407825574432,13.571181605787654,28.275972843170166,state,,
-0.499990227475872,,,-0.21810271475940377,-0.21810271475940377,,,,,,,28.2759850025177,control,-0.24999511373792713,-0.2499951137379449
,0.0007946374080264369,-0.006633084668519527,,,0.1367890555902153,-12.131292171476382,0.008733695449233253,13.364357630011648,13.36262166383512,13.363489646923384,28.286502838134766,state,,
-0.499990227475872,,,-0.2737406604642157,-0.2737406604642157,,,,,,,28.28651452064514,control,-0.249995113737936,-0.249995113737936
,-0.004350541078471436,-0.0050699854577577474,,,0.13337270007012736,-17.72734077945238,0.009682066523912451,13.084607827727414,13.109696890981924,13.09715235935467,28.296976566314697,state,,
-0.499990227475872,,,-0.32826584725493135,-0.32826584725493135,,,,,,,28.296987056732178,control,-0.2499951137379449,-0.24999511373792713
,-0.00823250164579191,-0.004580157035492637,,,0.12764488888239572,-24.2820045861635,0.010499546833363039,12.742680866162281,12.757342331795064,12.750011598978674,28.30718684196472,state,,
-0.499990227475872,,,-0.3817005303098327,-0.3817005303098327,,,,,,,28.30725073814392,control,-0.2499951137379449,-0.24999511373792713
,0.012994844696267658,-0.00959002169888165,,,0.1262790058144912,-29.780091299822843,0.011419967598898666,12.375197520983576,12.354214315371964,12.36470591817777,28.31775975227356,state,,
-0.499990227475872,,,-0.434066519703636,-0.434066519703636,,,,,,,28.31777024269104,control,-0.24999511373792713,-0.2499951137379449
,-0.006946710542631161,0.0021907033850890136,,,0.11868811415498651,-34.72120518651183,0.012221137022911789,11.937912391025074,11.939794801710915,11.938853596367995,28.327972173690796,state,,
-0.499990227475872,,,-0.4853851893095633,-0.4853851893095633,,,,,,,28.327982664108276,control,-0.249995113737936,-0.249995113737936
,0.005718559043653828,0.006386770681058445,,,0.11557851528034752,-40.26508415615276,0.01321769881380324,11.452473694115472,11.443464667113151,11.447969180614312,28.338534593582153,state,,
-0.499990227475872,,,-0.535677485523372,-0.535677485523372,,,,,,,28.338545083999634,control,-0.249995113737936,-0.249995113737936
,-0.0017207065456061469,-0.0028711934571519,,,0.11267025406424543,-45.007852303469335,0.013941795153827496,10.92588378204154,10.918930534200854,10.922407158121196,28.348721981048584,state,,
-0.499990227475872,,,-0.5849639358129046,-0.5849639358129046,,,,,,,28.348732233047485,control,-0.24999511373792713,-0.2499951137379449
,0.004229763698281951,-0.0031552214020163535,,,0.10059065425425831,-50.136828702808415,0.014428907146301457,10.341570780533617,10.337246572261309,10.339408676397463,28.35917067527771,state,,
-0.499990227475872,,,-0.6332646570966465,-0.6332646570966465,,,,,,,28.35918140411377,control,-0.249995113737936,-0.249995113737936
,-0.005592912340950193,-0.0009437899395444214,,,0.10234566156802896,-55.68383443527543,0.015107361134701526,9.688753400091949,9.699820587661229,9.694286993876588,28.369569778442383,state,,
-0.499990227475872,,,-0.6805993639547134,-0.6805993639547134,,,,,,,28.3695809841156,control,-0.24999511373792713,-0.2499951137379449
,0.001094754402549988,0.0020931988850814136,,,0.09420642958419269,-60.809156162163504,0.01564422950302674,9.014071645118179,8.995175161837624,9.0046234034779,28.380117893218994,state,,
-0.499990227475872,,,-0.7269873766756192,-0.7269873766756192,,,,,,,28.380128622055054,control,-0.24999511373792713,-0.2499951137379449
,-0.0030373785484540646,0.00539694312711854,,,0.08278803819507204,-64.86710610037358,0.016037970891773803,8.288169182474052,8.29456694417716,8.291368063325606,28.390607595443726,state,,
-0.499990227475872,,,-0.7724476291421067,-0.7724476291421067,,,,,,,28.39061975479126,control,-0.2499951137379449,-0.24999511373792713
,0.004841365127702861,-0.007517563660381319,,,0.07433141207671337,-69.93637771452234,0.016205863184256448,7.520959065302734,7.50168958000459,7.511324322653662,28.400687217712402,state,,
-0.499990227475872,,,-0.8169986765592645,-0.8169986765592645,,,,,,,28.400697231292725,control,-0.249995113737936,-0.249995113737936
,0.0029923201822867787,-0.0004010516864560587,,,0.06964521235351195,-74.198770907415,0.01650169685814687,6.707005677239757,6.695991360709244,6.701498518974501,28.411091804504395,state,,
-0.499990227475872,,,-0.8606587030280792,-0.8606587030280792,,,,,,,28.41110372543335,control,-0.249995113737936,-0.249995113737936
,0.002081518393904825,-0.0015877788181374627,,,0.06575930996357919,-78.39477097542141,0.01673721216478999,5.868531799771726,5.833006988261417,5.850769394016572,28.42089819908142,state,,
-0.499990227475872,,,-0.9034455289675176,-0.9034455289675176,,,,,,,28.420907497406006,control,-0.24999511373794045,-0.24999511373793157
,-0.011087555110439856,0.0003362489974890291,,,0.05630313301139636,-83.46674981938513,0.016726376908808432,4.936052316573156,4.934705374217417,4.935378845395286,28.430891036987305,state,,
-0.499990227475872,,,-0.9453766183881673,-0.9453766183881673,,,,,,,28.430899143218994,control,-0.24999511373793157,-0.24999511373794045
,0.00297948022729819,-0.004008030535557071,,,0.04892597946639357,-87.55429967086724,0.016699705234372145,4.001700908735338,3.987860035838306,3.994780472286822,28.441524267196655,state,,
-0.499990227475872,,,-0.986469086020404,-0.986469086020404,,,,,,,28.44156289100647,control,-0.249995113737936,-0.249995113737936
,-0.012530747100447588,-0.0014126161888605427,,,0.0419269592374832,-92.26416642513054,0.016543862968377628,2.9971176091419625,2.997240291880034,2.9971789505109983,28.451704740524292,state,,
-0.499990227475872,,,-1.026739704299996,-1.026739704299996,,,,,,,28.451713800430298,control,-0.249995113737936,-0.249995113737936
,0.0002763391153020731,-0.0027726281337596003,,,0.03485209334477643,-95.69667152321064,0.016390494743581122,1.9807422390210494,1.9904222008272183,1.985582219924134,28.461902856826782,state,,
-0.499990227475872,,,-1.066204910213996,-1.066204910213996,,,,,,,28.461912393569946,control,-0.24999511373793712,-0.2499951137379349
,-0.003284878754196649,0.004369039982423702,,,0.021096884586070643,-99.77178846633093,0.016107363683089675,0.9258119671780827,0.920201702308541,0.9230068347433118,28.47203779220581,state,,
-0.499990227475872,,,-1.1048808120097162,-1.1048808120097162,,,,,,,28.472047090530396,control,-0.24999511373793545,-0.24999511373793656
,0.003226839696268329,0.003195183554905846,,,0.012004340091361143,-104.05995476701298,0.015840082605951003,-0.19055812139643416,-0.18112387716792896,-0.18584099928218156,28.48223853111267,state,,
-0.499990227475872,,,-1.142783195769522,-1.142783195769522,,,,,,,28.482248783111572,control,-0.249995113737936,-0.249995113737936
,-0.004693074313518667,0.00383637722065455,,,-0.007131972513193953,-107.85440066114433,0.015187035806363894,-1.325264547927018,-1.3242864279293818,-1.3247754879281999,28.492629528045654,state,,
-0.499990227475872,,,-1.1799275318541316,-1.1799275318541316,,,,,,,28.492642164230347,control,-0.249995113737936,-0.249995113737936
,0.0001577634559331858,8.234121027837348e-05,,,-0.018734909101717056,-112.3318943085811,0.014517161039004951,-2.5283645582634198,-2.510347353095026,-2.519355955679223,28.502507209777832,state,,
-0.499990227475872,,,-1.216328981217049,-1.216328981217049,,,,,,,28.50251603126526,control,-0.249995113737936,-0.249995113737936
,-0.003144299347407596,0.0009698762238377613,,,-0.02908695685994885,-115.46217147972692,0.013770698047432008,-3.7227616485135524,-3.7248335094465466,-3.7237975789800495,28.512649297714233,state,,
-0.499990227475872,,,-1.252002401592708,-1.252002401592708,,,,,,,28.512657403945923,control,-0.249995113737936,-0.249995113737936
,0.0017749941378948594,0.007295510662734669,,,-0.03685587016046599,-119.62920570371591,0.013157322267197204,-4.9899224168291365,-4.982897674161471,-4.986410045495304,28.522918224334717,state,,
0.5,,,-1.1669623535608538,-1.1669623535608538,,,,,,,28.522927284240723,control,0.25,0.25
,0.0077662702613627965,0.0032527887077970032,,,-0.05420859040072618,-118.44959128635301,0.012206107559675475,-6.1572151555216355,-6.14704846810288,-6.152131811812257,28.532933235168457,state,,
0.5,,,-1.0836231064896367,-1.0836231064896367,,,,,,,28.532942056655884,control,0.24999999999999556,0.25000000000000444
,0.0018135336881950873,-0.010734864627924293,,,-0.05321001019418732,-114.39753621357636,0.011265971830909632,-7.227809084925933,-7.23542434406751,-7.231616714496721,28.543036699295044,state,,
0.5,,,-1.0019506443598438,-1.0019506443598438,,,,,,,28.54304599761963,control,0.25,0.25
,-0.0006304094520328757,-0.000567680227214174,,,-0.061285914500501776,-108.96311675460795,0.010294605266669967,-8.241057361927549,-8.228455458212132,-8.23475641006984,28.553119897842407,state,,
0.5,,,-0.921911631472647,-0.921911631472647,,,,,,,28.553128480911255,control,0.25,0.25
,-0.0038708458277195586,-4.320327580411802e-06,,,-0.07232896903620606,-102.33035672854243,0.00917455688348945,-9.165941555903206,-9.139051089909191,-9.152496322906199,28.562975883483887,state,,
0.5,,,-0.8434733988431939,-0.8434733988431939,,,,,,,28.56298065185547,control,0.25,0.25
,-0.0024631458732211563,0.011791761617018648,,,-0.08783550273897418,-95.66898524325977,0.008084831605299228,-10.0170920748709,-9.989242235875864,-10.003167155373383,28.572956085205078,state,,
0.5,,,-0.7666039308663302,-0.7666039308663302,,,,,,,28.57295846939087,control,0.2500000000000089,0.24999999999999112
,0.007686104792197977,-0.0032394516536578756,,,-0.09159907753944746,-88.059627383382,0.006959439013530421,-10.77125513284708,-10.754058342136386,-10.762656737491731,28.583094120025635,state,,
0.5,,,-0.6912718522490036,-0.6912718522490036,,,,,,,28.583096981048584,control,0.24999999999999112,0.2500000000000089
,0.002816363529498506,0.0009187633008626749,,,-0.10492344612807612,-80.63060880100608,0.0056178985806790305,-11.446243058005752,-11.4552095870565,-11.450726322531125,28.593235731124878,state,,
0.5,,,-0.6174464152040235,-0.6174464152040235,,,,,,,28.59323811531067,control,0.24999999999999112,0.2500000000000089
,0.0031514908710240314,-0.0011885253513466705,,,-0.10768470686938866,-73.57702694284745,0.0044042412379043045,-12.077730388158258,-12.07074031191509,-12.074235350036673,28.603506088256836,state,,
0.5,,,-0.545097486899943,-0.545097486899943,,,,,,,28.603509187698364,control,0.24999999999999112,0.2500000000000089
,0.00014905499021291397,0.007338895929110835,,,-0.11557078639636444,-66.17319791937247,0.003193689422881825,-12.612729589851005,-12.623533871231135,-12.61813173054107,28.613682985305786,state,,
0.5,,,-0.4741955371619441,-0.4741955371619441,,,,,,,28.613685369491577,control,0.24999999999999112,0.2500000000000089
,-0.002008460266434093,-0.0025067519129538117,,,-0.1173944773908516,-58.87075794601814,0.001885177952830317,-13.068633002866733,-13.112601733457533,-13.090617368162132,28.62389063835144,state,,
0.5,,,-0.40471162641870523,-0.40471162641870523,,,,,,,28.62389326095581,control,0.24999999999999112,0.2500000000000089
,0.0052234880139659925,0.007837744445232336,,,-0.12397831391306623,-52.406792763040016,0.0007098802848006042,-13.501763394466453,-13.521852794949634,-13.511808094708044,28.634215116500854,state,,
0.5,,,-0.33661739389033113,-0.33661739389033113,,,,,,,28.63421940803528,control,0.2500000000000089,0.24999999999999112
,0.010562427177517987,-0.0029223971463693465,,,-0.13343184736621466,-44.247567758141514,-0.0007394694186085214,-13.823488474303295,-13.825362872009908,-13.8244256731566,28.64461326599121,state,,
0.5,,,-0.2698850460125245,-0.2698850460125245,,,,,,,28.64463210105896,control,0.24999999999999112,0.2500000000000089
,-0.0044917039228067465,0.0001604297992185585,,,-0.13272477508284616,-37.887773800300224,-0.0020489985974557795,-14.099065534509101,-14.105102758722824,-14.102084146615962,28.655050039291382,state,,
0.5,,,-0.204487345092274,-0.204487345092274,,,,,,,28.655056715011597,control,0.24999999999999112,0.2500000000000089
,-0.0034010360639486334,0.0056388432409455805,,,-0.13566557756939746,-31.517336025603267,-0.0033082207714836636,-14.319711985560273,-14.312025695883243,-14.315868840721759,28.66532301902771,state,,
0.5,,,-0.14039759819042852,-0.14039759819042852,,,,,,,28.665331602096558,control,0.2500000000000089,0.24999999999999112
,0.004410615068191757,0.0046222153391715,,,-0.1325342689357618,-24.956171551438757,-0.004377718658696678,-14.462873572972168,-14.459139187799684,-14.461006380385925,28.67556858062744,state,,
0.5,,,-0.07758964622661996,-0.07758964622661996,,,,,,,28.675577402114868,control,0.24999999999999112,0.2500000000000089
,-0.006413659477236409,-0.0005045490389994434,,,-0.14005235850717163,-18.271814295817904,-0.005841206811148602,-14.534311904854475,-14.540367442108886,-14.53733967348168,28.68614172935486,state,,
0.5,,,-0.016037853302087554,-0.016037853302087554,,,,,,,28.686155557632446,control,0.25,0.25
,-0.0005285780386820221,-0.000813589601880848,,,-0.14087157059692063,-10.956703573961654,-0.007140995303188639,-14.545645645421368,-14.515320566891635,-14.530483106156503,28.69608163833618,state,,
0.5,,,0.04428290376395419,0.04428290376395419,,,,,,,28.696094274520874,control,0.2500000000000089,0.24999999999999112
,0.005673770100411756,0.010944237951513438,,,-0.14197118080897053,-5.062459454425717,-0.008165530364908621,-14.487359111645045,-14.487236672273578,-14.487297891959312,28.705890893936157,state,,
0.5,,,0.1033972456886751,0.1033972456886751,,,,,,,28.705899000167847,control,0.25,0.25
,-0.00044653827603119916,-0.0032747986073965746,,,-0.14198047586840334,0.655038502443261,-0.009462161360046403,-14.378704631380486,-14.40079677009857,-14.389750700739528,28.71596646308899,state,,
0.5,,,0.1613293007749016,0.1613293007749016,,,,,,,28.715974807739258,control,0.25,0.25
,0.0030123989902995267,-0.002057655628548857,,,-0.14272134282474527,6.294371402436103,-0.010703236574525484,-14.242440548657111,-14.231667883418302,-14.237054216037706,28.726144075393677,state,,
0.5,,,0.21810271475940357,0.21810271475940357,,,,,,,28.726151943206787,control,0.24999999999999112,0.2500000000000089
,-0.00208878631584954,0.004737037043498007,,,-0.1404745753453012,12.126639551188394,-0.011762589655999633,-14.028047414895553,-14.01788136509382,-14.022964389994687,28.736693859100342,state,,
0.5,,,0.2737406604642155,0.2737406604642155,,,,,,,28.736703395843506,control,0.2500000000000089,0.24999999999999112
,-0.0006065012944498779,0.0034472197583319056,,,-0.13823495966123672,18.084219445019173,-0.01279186015897457,-13.73843763022806,-13.756171103067318,-13.74730436664769,28.747066974639893,state,,
0.5,,,0.3282658472549312,0.3282658472549312,,,,,,,28.747080326080322,control,0.2500000000000089,0.24999999999999112
,0.005146304351853678,-0.0006257240995827791,,,-0.13872783324551977,23.90048725249641,-0.013880896453177156,-13.426460180131397,-13.4050012537328,-13.4157307169321,28.756901025772095,state,,
0.5,,,0.38170053030983253,0.38170053030983253,,,,,,,28.75690984725952,control,0.2500000000000089,0.24999999999999112
,0.0017273225290090847,0.005291337631110081,,,-0.1389193607174979,29.755165920261888,-0.01486084732135532,-13.024721386856362,-13.02527651856469,-13.024998952710526,28.767553091049194,state,,
0.5,,,0.43406651970363586,0.43406651970363586,,,,,,,28.767564296722412,control,0.25,0.25
,-0.001064435975824073,-0.0010867782057148497,,,-0.13173960930565656,34.80766303411475,-0.015775041711461244,-12.605029810719241,-12.587988855894073,-12.596509333306656,28.777883768081665,state,,
0.5,,,0.48538518930956315,0.48538518930956315,,,,,,,28.77792263031006,control,0.24999999999999112,0.2500000000000089
,-0.0005845777564800122,0.001359537583839621,,,-0.12897377686837885,39.76188768220334,-0.016663700522998558,-12.121625663368834,-12.118457381214212,-12.120041522291523,28.78802514076233,state,,
0.5,,,0.5356774855233719,0.5356774855233719,,,,,,,28.788033962249756,control,0.25,0.25
,-0.0058928495517042954,0.003502458077986326,,,-0.11966035858798359,44.66701824113606,-0.01734082657369797,-11.58164128339538,-11.608966241371892,-11.595303762383637,28.798630475997925,state,,
0.5,,,0.5849639358129044,0.5849639358129044,,,,,,,28.79863977432251,control,0.2500000000000089,0.24999999999999112
,-0.004647562188760243,-0.0013663335339567629,,,-0.11641340023075841,51.01229350129786,-0.018148371033868804,-10.977205189839594,-10.99118008031503,-10.984192635077312,28.809043884277344,state,,
0.5,,,0.6332646570966463,0.6332646570966463,,,,,,,28.809053421020508,control,0.25,0.25
,-0.005271115564076421,-0.0009638787247828387,,,-0.11683796572284191,55.2931091472802,-0.018998349021256744,-10.359787747682592,-10.366472745421785,-10.363130246552188,28.81977105140686,state,,
0.5,,,0.6805993639547132,0.6805993639547132,,,,,,,28.81978130340576,control,0.25,0.25
,0.004854045723786174,0.0022978965986573965,,,-0.1101690475283489,60.272305782740176,-0.019519556220177526,-9.67852058347695,-9.683801042540626,-9.681160813008788,28.82997989654541,state,,
0.5,,,0.726987376675619,0.726987376675619,,,,,,,28.82999014854431,control,0.25,0.25
,0.003895158820800748,-0.0002542346990385041,,,-0.10123288015213966,65.25354234728648,-0.019961916452761626,-8.95175020462359,-8.946942890056729,-8.94934654734016,28.840434789657593,state,,
0.5,,,0.7724476291421065,0.7724476291421065,,,,,,,28.84044647216797,control,0.25,0.25
,-0.0010859790512209781,0.002345508002516466,,,-0.09191496131881438,70.3182739374982,-0.02028688258149928,-8.151051454120749,-8.180060748206431,-8.16555610116359,28.85106062889099,state,,
0.5,,,0.8169986765592643,0.8169986765592643,,,,,,,28.851104021072388,control,0.25,0.25
,-0.0045338057677025085,-0.003344189815026016,,,-0.08360349554477782,73.69444534278125,-0.020670859707014537,-7.368504598678224,-7.38125182321807,-7.374878210948147,28.861395597457886,state,,
0.5,,,0.860658703028079,0.860658703028079,,,,,,,28.861406564712524,control,0.24999999999999556,0.25000000000000444
,-0.001089031938846281,0.010866405397705226,,,-0.07937292038655783,79.39814190394047,-0.02077987679099769,-6.495257412583988,-6.4849818709125495,-6.490119641748269,28.87191104888916,state,,
0.5,,,0.9034455289675174,0.9034455289675174,,,,,,,28.87192153930664,control,0.25,0.25
,-0.0016242248376219079,0.00849387615974681,,,-0.07458107185293932,83.31912298746929,-0.02087903120829479,-5.608683324459105,-5.5803647950453605,-5.594524059752233,28.88250160217285,state,,
0.5,,,0.9453766183881671,0.9453766183881671,,,,,,,28.882513284683228,control,0.25000000000000444,0.24999999999999556
,-0.005962737106772975,-0.0002870773050276711,,,-0.06398213139776564,87.31249964268038,-0.020977042509559445,-4.664474561737498,-4.651210438052435,-4.657842499894967,28.892971754074097,state,,
0.5,,,0.9864690860204037,0.9864690860204037,,,,,,,28.892982006072998,control,0.25000000000000444,0.24999999999999556
,0.002901238553102426,-0.0031655190561934257,,,-0.050661460155572685,91.67543241830445,-0.02088771103272082,-3.664540134047319,-3.6787597538528822,-3.6716499439501007,28.903358221054077,state,,
0.5,,,1.0267397042999957,1.0267397042999957,,,,,,,28.90337061882019,control,0.25,0.25
,-0.003189319970181048,0.0010908819283727725,,,-0.037086002003363594,96.34143435007849,-0.02062935288806534,-2.628585259093353,-2.6393624874216446,-2.633973873257499,28.913965940475464,state,,
0.5,,,1.0662049102139959,1.0662049102139959,,,,,,,28.91397738456726,control,0.25,0.25
,0.0036814020979319957,-0.0008108654164836315,,,-0.02861838725820331,100.06456093141452,-0.020357127376738667,-1.5755221468164677,-1.5726235812349485,-1.574072864025708,28.924159049987793,state,,
0.5,,,1.104880812009716,1.104880812009716,,,,,,,28.92417025566101,control,0.2499999999999989,0.2500000000000011
,-0.0021331455817979305,0.005302926894357378,,,-0.021579303967106778,104.48974318727684,-0.01997330353076765,-0.46660636423379154,-0.4508865740514804,-0.45874646914263595,28.93481469154358,state,,
0.5,,,1.1427831957695218,1.1427831957695218,,,,,,,28.934826374053955,control,0.24999999999999972,0.2500000000000003
,-0.001267585247655448,0.002954430467892671,,,-0.001281507256976424,107.92210062201484,-0.019228620418601874,0.6765162204503009,0.6736881841440783,0.6751022022971895,28.945162057876587,state,,
0.5,,,1.1799275318541314,1.1799275318541314,,,,,,,28.94517707824707,control,0.25000000000000056,0.24999999999999944
,0.008454359830829953,0.001407108107278863,,,0.005033402040871892,111.97250715851402,-0.018611558791034776,1.8665330802281754,1.852049911899597,1.8592914960638862,28.955323457717896,state,,
0.5,,,1.2163289812170488,1.2163289812170488,,,,,,,28.9553382396698,control,0.25,0.25
,0.0029056111228610033,-0.0007589756791908882,,,0.015031766540602998,115.59071893419078,-0.017932841130660272,3.0868925538378154,3.0586760748242243,3.07278431433102,28.965800285339355,state,,
0.5,,,1.2520024015927078,1.2520024015927078,,,,,,,28.96580982208252,control,0.25,0.25
,-0.003123518898534881,0.0013249700935318092,,,0.023087540800177102,119.26581646173456,-0.017225135526012115,4.322297879259957,4.3255690662074535,4.323933472733705,28.975986003875732,state,,
-0.499990227475872,,,1.1669623535608535,1.1669623535608535,,,,,,,28.975995779037476,control,-0.24999511373793157,-0.24999511373794045
,0.006564629191850226,-0.0004558291011722943,,,0.03937078700271357,118.15850645327217,-0.016204789676873037,5.4953423897210785,5.480447912535393,5.487895151128235,28.986509323120117,state,,
-0.499990227475872,,,1.0836231064896364,1.0836231064896364,,,,,,,28.9865243434906,control,-0.24999511373793157,-0.24999511373794045
,-0.0017449693107754766,-0.0024789308960172915,,,0.045485838153995053,114.41139448441184,-0.01540280866225616,6.568435940477427,6.576307973034696,6.5723719567560615,28.996572971343994,state,,
-0.499990227475872,,,1.0019506443598436,1.0019506443598436,,,,,,,28.996588468551636,control,-0.249995113737936,-0.249995113737936
,-0.0038163810268347738,0.0024871209217063282,,,0.05514749966455537,108.8711078587165,-0.01439003464207292,7.576445617886256,7.569367652275131,7.5729066350806935,29.006852388381958,state,,
-0.499990227475872,,,0.9219116314726468,0.9219116314726468,,,,,,,29.006869316101074,control,-0.249995113737936,-0.249995113737936
,-0.006907948566431723,-0.001442759664521016,,,0.061115942344746474,102.38325049648444,-0.013492568816875255,8.49927716642202,8.48768619981418,8.4934816831181,29.01672124862671,state,,
-0.499990227475872,,,0.8434733988431937,0.8434733988431937,,,,,,,29.016735315322876,control,-0.249995113737936,-0.249995113737936
,-0.003979563139798051,-0.002602617672681688,,,0.07876739957043472,95.45242387447745,-0.012257632416508837,9.330226946312719,9.345169834091967,9.337698390202343,29.026387214660645,state,,
-0.499990227475872,,,0.7666039308663299,0.7666039308663299,,,,,,,29.026392459869385,control,-0.249995113737936,-0.249995113737936
,0.0036261419195042313,0.0007039029455299893,,,0.09189859101324487,88.59294742054547,-0.010871318181705456,10.122490162217211,10.106421649665235,10.114455905941224,29.036305904388428,state,,
-0.499990227475872,,,0.6912718522490033,0.6912718522490033,,,,,,,29.036309003829956,control,-0.2499951137379449,-0.24999511373792713
,0.0054886926577071464,0.00034112783786844394,,,0.1006736852352725,80.66046701500815,-0.009487579045001204,10.789678963002599,10.799943495675839,10.794811229339219,29.04639434814453,state,,
-0.499990227475872,,,0.6174464152040233,0.6174464152040233,,,,,,,29.0463969707489,control,-0.249995113737936,-0.249995113737936
,-0.006609219064884074,-0.003895579440058555,,,0.10251394846667145,74.06939363621652,-0.008390178660682228,11.427943032747487,11.433266916952062,11.430604974849775,29.05643320083618,state,,
-0.499990227475872,,,0.5450974868999428,0.5450974868999428,,,,,,,29.05643582344055,control,-0.249995113737936,-0.249995113737936
,0.0031418365828805666,-0.004631285963566773,,,0.10621624678308057,65.72848850117491,-0.007190633960050207,11.94134207730235,11.96893838600021,11.95514023165128,29.066460609436035,state,,
-0.499990227475872,,,0.4741955371619439,0.4741955371619439,,,,,,,29.066462755203247,control,-0.249995113737936,-0.249995113737936
,0.007176548958466358,-0.0055493335298987855,,,0.11708536375722856,59.32732632006456,-0.005783859238921188,12.438943415382841,12.454128253789687,12.446535834586264,29.07677412033081,state,,
-0.499990227475872,,,0.404711626418705,0.404711626418705,,,,,,,29.076778173446655,control,-0.249995113737936,-0.249995113737936
,0.008841719712376883,0.013881051185242781,,,0.12468662121246081,51.97815704102244,-0.004008515332828835,12.845130219316948,12.853573267000298,12.849351743158623,29.08728551864624,state,,
-0.499990227475872,,,0.3366173938903309,0.3366173938903309,,,,,,,29.08729124069214,control,-0.249995113737936,-0.249995113737936
,4.416908046011572e-05,-2.3360951516225593e-05,,,0.12793177492351576,44.24066248240262,-0.002628363768931468,13.178396912443471,13.158827722291631,13.16861231736755,29.09764528274536,state,,
-0.499990227475872,,,0.2698850460125243,0.2698850460125243,,,,,,,29.097654342651367,control,-0.24999511373792713,-0.2499951137379449
,-0.0011771801835314202,-0.0008098203854145005,,,0.1355414917185655,37.738185670000995,-0.0011568412560120469,13.43541978748045,13.449588295247842,13.442504041364145,29.107916116714478,state,,
-0.499990227475872,,,0.2044873450922738,0.2044873450922738,,,,,,,29.107924938201904,control,-0.24999511373792713,-0.2499951137379449
,0.0024858392288627826,0.0011820970584756774,,,0.13890741336916296,31.34847210361965,0.00031624278678110365,13.65039636927309,13.658190255721406,13.654293312497249,29.118434190750122,state,,
-0.499990227475872,,,0.1403975981904283,0.1403975981904283,,,,,,,29.11844301223755,control,-0.2499951137379449,-0.24999511373792713
,-0.002010326891453513,-0.0028369214541968412,,,0.1403690201790552,24.05561596531304,0.0016364589619718402,13.779717931527088,13.777842192039754,13.778780061783422,29.128830194473267,state,,
-0.499990227475872,,,0.07758964622661974,0.07758964622661974,,,,,,,29.128840684890747,control,-0.2499951137379449,-0.24999511373792713
,-0.006787222623192522,0.0015317065103010194,,,0.13242245880318865,18.136350490497414,0.0027512950718893794,13.866477484207222,13.865393577211552,13.865935530709386,29.139275312423706,state,,
-0.499990227475872,,,0.016037853302087346,0.016037853302087346,,,,,,,29.13928723335266,control,-0.24999511373792713,-0.2499951137379449
,0.004303959740214317,-0.00388737725038832,,,0.13554285793112814,11.627626567174373,0.004028781170277507,13.876390485628729,13.880853990010063,13.878622237819396,29.14978265762329,state,,
-0.499990227475872,,,-0.0442829037639544,-0.0442829037639544,,,,,,,29.149792909622192,control,-0.249995113737936,-0.249995113737936
,-0.0034668706739349043,-0.011655231524155181,,,0.14011110545856628,5.962688661890406,0.005146103019075702,13.854314532594762,13.841863142294919,13.848088837444841,29.160292387008667,state,,
-0.499990227475872,,,-0.10339724568867531,-0.10339724568867531,,,,,,,29.160304069519043,control,-0.2499951137379449,-0.24999511373792713
,0.0015077439748725943,0.004659605947766086,,,0.14220684727570157,-0.23333061804617028,0.006562962009300969,13.752716767684358,13.741568875665484,13.74714282167492,29.17050838470459,state,,
-0.499990227475872,,,-0.16132930077490182,-0.16132930077490182,,,,,,,29.170518398284912,control,-0.24999511373792713,-0.2499951137379449
,0.004542629991024348,0.0011439361747302543,,,0.1354425884819723,-6.734460293710567,0.007704261238689238,13.578368660614673,13.574290392148276,13.576329526381475,29.180760622024536,state,,
-0.499990227475872,,,-0.21810271475940377,-0.21810271475940377,,,,,,,29.18077039718628,control,-0.249995113737936,-0.249995113737936
,0.0041129986064441775,0.007124402096329139,,,0.13442607826382208,-12.535391561975747,0.009010284620268963,13.34309847532082,13.374203369026466,13.358650922173643,29.190937519073486,state,,
-0.499990227475872,,,-0.2737406604642157,-0.2737406604642157,,,,,,,29.19101071357727,control,-0.249995113737936,-0.249995113737936
,0.004544409435733471,0.00011995691648638966,,,0.12795568406803337,-18.223447688275584,0.010014847594429634,13.085556411257123,13.086220029507698,13.085888220382412,29.200885772705078,state,,
-0.499990227475872,,,-0.32826584725493135,-0.32826584725493135,,,,,,,29.200895071029663,control,-0.2499951137379449,-0.24999511373792713
,0.004720506743438464,-0.00731057004018941,,,0.12842217011534726,-23.941587198553826,0.010975413269201637,12.767547993862609,12.743382669261168,12.755465331561888,29.210936069488525,state,,
-0.499990227475872,,,-0.3817005303098327,-0.3817005303098327,,,,,,,29.210944414138794,control,-0.249995113737936,-0.249995113737936
,-0.003757717083382245,-0.006178853714721139,,,0.129567247056123,-29.127450459270168,0.011896614270762242,12.394584626006239,12.3687258735038,12.38165524975502,29.220911979675293,state,,
-0.499990227475872,,,-0.434066519703636,-0.434066519703636,,,,,,,29.220916986465454,control,-0.2499951137379449,-0.24999511373792713
,-0.0022261777418153446,-0.0019969455178839436,,,0.12511014092713169,-34.94755684527581,0.01275736540403918,11.932319556880683,11.946780065593142,11.939549811236912,29.230897426605225,state,,
-0.499990227475872,,,-0.4853851893095633,-0.4853851893095633,,,,,,,29.230900526046753,control,-0.24999511373792713,-0.2499951137379449
,0.005547944151550994,0.00152501016977405,,,0.11987310969672527,-39.82307700517828,0.013660559775956848,11.458413861479887,11.469031594171838,11.463722727825862,29.24095058441162,state,,
-0.499990227475872,,,-0.535677485523372,-0.535677485523372,,,,,,,29.240952968597412,control,-0.249995113737936,-0.249995113737936
,0.0011837641929393218,0.003955211925498393,,,0.11694098205575121,-45.54906809723934,0.014565616814671814,10.919827785637898,10.914372350788703,10.917100068213301,29.251044511795044,state,,
-0.499990227475872,,,-0.5849639358129046,-0.5849639358129046,,,,,,,29.251046657562256,control,-0.2499951137379449,-0.24999511373792713
,0.0032320988196506773,-0.0018585359680380973,,,0.11334896833604541,-50.266026446067585,0.015314334672822854,10.34304598881934,10.335688171170991,10.339367079995165,29.261150598526,state,,
-0.499990227475872,,,-0.6332646570966465,-0.6332646570966465,,,,,,,29.261152505874634,control,-0.249995113737936,-0.249995113737936
,0.010636277611880927,-0.000838879641523346,,,0.1081615471108895,-55.718812828205216,0.016046288982739503,9.690267010261756,9.700523311896195,9.695395161078975,29.27127766609192,state,,
-0.499990227475872,,,-0.6805993639547134,-0.6805993639547134,,,,,,,29.27128005027771,control,-0.249995113737936,-0.249995113737936
,3.351177822879095e-05,-0.0034590422261686466,,,0.09834572632371064,-59.9639623333066,0.016467808595984096,9.032748460122805,9.023635309788812,9.02819188495581,29.281378746032715,state,,
-0.499990227475872,,,-0.7269873766756192,-0.7269873766756192,,,,,,,29.281381130218506,control,-0.2499951137379449,-0.24999511373792713
,0.0004335115231108324,-0.0058747252053628594,,,0.09408419161123727,-65.00105643535397,0.016883879017767733,8.295266399378745,8.30076055679382,8.298013478086283,29.291709899902344,state,,
-0.499990227475872,,,-0.7724476291421067,-0.7724476291421067,,,,,,,29.291712284088135,control,-0.249995113737936,-0.249995113737936
,-0.002825551512063681,-0.004693821237257882,,,0.09063414459042626,-69.77363398419543,0.01726819561716851,7.531963761461303,7.51667465338985,7.5243192074255765,29.301904439926147,state,,
-0.499990227475872,,,-0.8169986765592645,-0.8169986765592645,,,,,,,29.301907300949097,control,-0.249995113737936,-0.249995113737936
,0.008396597059447404,0.00686495120286921,,,0.07818113372438626,-74.53770756389318,0.017680362533326888,6.708281462327537,6.697957629353274,6.703119545840405,29.312439918518066,state,,
-0.499990227475872,,,-0.8606587030280792,-0.8606587030280792,,,,,,,29.312442541122437,control,-0.24999511373793157,-0.24999511373794045
,-0.00035222929337571816,0.002579314435480077,,,0.06956955291252531,-78.7856639820515,0.01791524118459694,5.8480533051578245,5.847255854484187,5.847654579821006,29.322609186172485,state,,
-0.499990227475872,,,-0.9034455289675176,-0.9034455289675176,,,,,,,29.322625398635864,control,-0.249995113737936,-0.249995113737936
,-0.005753287088844756,0.0019016266084309456,,,0.06379798545639123,-83.50384683091994,0.018080454716668578,4.933055621507433,4.941992176954418,4.937523899230925,29.33272409439087,state,,
-0.499990227475872,,,-0.9453766183881673,-0.9453766183881673,,,,,,,29.332727909088135,control,-0.24999511373793157,-0.24999511373794045
,-0.001379870734361089,0.0015354231510392438,,,0.05607773556349509,-88.06692965914965,0.01816199626347155,3.991040378923023,3.9774213887857326,3.984230883854378,29.342909574508667,state,,
-0.499990227475872,,,-0.986469086020404,-0.986469086020404,,,,,,,29.34291434288025,control,-0.249995113737936,-0.249995113737936
,0.0020339129911263556,-0.007732733908188615,,,0.04468816606968224,-91.33683606930714,0.017926309736772224,3.0174761223955766,3.0201645702021485,3.0188203462988623,29.353564500808716,state,,
-0.499990227475872,,,-1.026739704299996,-1.026739704299996,,,,,,,29.353572607040405,control,-0.2499951137379338,-0.24999511373793823
,-0.003274954643540915,-0.003682631497345779,,,0.02838545408682555,-95.91145693649696,0.017494714408529812,1.9851653867300203,1.9886314623808463,1.9868984245554333,29.363900184631348,state,,
-0.499990227475872,,,-1.066204910213996,-1.066204910213996,,,,,,,29.363909244537354,control,-0.249995113737936,-0.249995113737936
,-0.004582641983510259,-0.0062810903713703525,,,0.009964268258089201,-100.59532726732465,0.016800215710813,0.9088580528413731,0.9039400277324608,0.906399040286917,29.37398076057434,state,,
-0.499990227475872,,,-1.1048808120097162,-1.1048808120097162,,,,,,,29.373989820480347,control,-0.249995113737936,-0.249995113737936
,-0.0037402935370936395,-0.001202562913750903,,,0.0056346766788271385,-104.52447950405512,0.01639752887845019,-0.19740850126498766,-0.20535180836952743,-0.20138015481725755,29.384441137313843,state,,
-0.499990227475872,,,-1.142783195769522,-1.142783195769522,,,,,,,29.384450912475586,control,-0.249995113737936,-0.249995113737936
,0.009546875886244236,-0.007746949307645951,,,-0.0032125697274178236,-108.23810795411552,0.015822898484779236,-1.3468610132569698,-1.3388699203866172,-1.3428654668217934,29.394948720932007,state,,
-0.499990227475872,,,-1.1799275318541316,-1.1799275318541316,,,,,,,29.3949933052063,control,-0.24999511373793712,-0.2499951137379349
,0.0007829424827742355,0.0026226782149383634,,,-0.008364043105419647,-111.33395931402413,0.015394382199257258,-2.4930991289382174,-2.517855000387297,-2.505477064662757,29.40509033203125,state,,
-0.499990227475872,,,-1.216328981217049,-1.216328981217049,,,,,,,29.40510082244873,control,-0.24999511373793823,-0.2499951137379338
,0.004013445009940724,-0.006668908700681626,,,-0.017405634850609555,-115.3776475180758,0.014676608879663312,-3.716919278903238,-3.7303023939832345,-3.7236108364432363,29.41571044921875,state,,
-0.499990227475872,,,-1.252002401592708,-1.252002401592708,,,,,,,29.415721654891968,control,-0.249995113737936,-0.249995113737936
,0.0055377659367709855,0.005155505250501287,,,-0.02976248508153231,-118.98038046723332,0.014031281422527252,-4.967437198368196,-4.974070635362635,-4.970753916865416,29.425324201583862,state,,
0.5,,,-1.1669623535608538,-1.1669623535608538,,,,,,,29.42532753944397,control,0.25000000000000444,0.24999999999999556
,0.0006183270545387755,-0.010849004175746628,,,-0.04578139486109965,-118.60915241173433,0.012851020426844325,-6.159770453923021,-6.142103872033086,-6.150937162978053,29.435418367385864,state,,
0.5,,,-1.0836231064896367,-1.0836231064896367,,,,,,,29.43542194366455,control,0.24999999999999556,0.25000000000000444
,-0.011496357043157086,-0.003932610815315849,,,-0.055933948480909365,-114.66508285781575,0.011724816850501576,-7.233989183113968,-7.235643166917576,-7.234816175015772,29.445997714996338,state,,
0.5,,,-1.0019506443598438,-1.0019506443598438,,,,,,,29.446006536483765,control,0.25,0.25
,-0.0012887249551807377,-0.0022223219242946705,,,-0.06841397123923611,-108.94694544175834,0.010570110812364185,-8.232980123479969,-8.23357716837789,-8.23327864592893,29.45616579055786,state,,
0.5,,,-0.921911631472647,-0.921911631472647,,,,,,,29.45617389678955,control,0.2500000000000089,0.24999999999999112
,-0.006796214205298892,-0.0065219764537845625,,,-0.07840541364353515,-102.19929894639571,0.009258646422818553,-9.156582595786277,-9.139176416204764,-9.14787950599552,29.4661922454834,state,,
0.5,,,-0.8434733988431939,-0.8434733988431939,,,,,,,29.466236352920532,control,0.25,0.25
,0.007946424134029337,0.0006236772860808848,,,-0.08078038167266394,-95.03532831279409,0.008311129217114783,-9.99192067844048,-9.976508632105867,-9.984214655273174,29.4765522480011,state,,
0.5,,,-0.7666039308663302,-0.7666039308663302,,,,,,,29.476561546325684,control,0.2500000000000089,0.24999999999999112
,-0.004102149441962541,0.00033835084552712175,,,-0.09312369097117659,-88.74403566510074,0.0070113269304528806,-10.777012241206776,-10.766039717977966,-10.771525979592372,29.486607551574707,state,,
0.5,,,-0.6912718522490036,-0.6912718522490036,,,,,,,29.486616134643555,control,0.2500000000000089,0.24999999999999112
,0.007855396441482365,-0.0038772573267905498,,,-0.0957875228134562,-80.94949013403242,0.005872924275018779,-11.447446929755271,-11.466486742025248,-11.45696683589026,29.497223138809204,state,,
0.5,,,-0.6174464152040235,-0.6174464152040235,,,,,,,29.497234344482422,control,0.25,0.25
,0.002172228204339422,0.008673936501664634,,,-0.10695115963887361,-73.59922327819962,0.0047061693102642245,-12.082573609563706,-12.069378267150741,-12.075975938357224,29.50708818435669,state,,
0.5,,,-0.545097486899943,-0.545097486899943,,,,,,,29.507097959518433,control,0.2500000000000089,0.24999999999999112
,-0.005262427407940176,0.0042084058092443305,,,-0.10770098441071006,-66.03622441254167,0.0035796812504539986,-12.602652078184594,-12.629286555967116,-12.615969317075855,29.517268896102905,state,,
0.5,,,-0.4741955371619441,-0.4741955371619441,,,,,,,29.517279863357544,control,0.25,0.25
,-0.0007296601422082189,0.0015022292307789572,,,-0.12009287949207546,-59.07446546660633,0.002156114974880298,-13.092795282217153,-13.099032991494719,-13.095914136855935,29.52738118171692,state,,
0.5,,,-0.40471162641870523,-0.40471162641870523,,,,,,,29.527401447296143,control,0.24999999999999112,0.2500000000000089
,0.006366438199908916,-0.0034410797726150137,,,-0.12408829771619612,-51.659438438438215,0.0008137398758128259,-13.488774994017776,-13.500214407524268,-13.494494700771021,29.537585973739624,state,,
0.5,,,-0.33661739389033113,-0.33661739389033113,,,,,,,29.53759527206421,control,0.24999999999999112,0.2500000000000089
,0.005180397881994854,-0.0001898983909244654,,,-0.13168237867957883,-44.66309274473806,-0.0005807754848371872,-13.830429118867032,-13.829121537423356,-13.829775328145194,29.547786474227905,state,,
0.5,,,-0.2698850460125245,-0.2698850460125245,,,,,,,29.547795057296753,control,0.25,0.25
,-0.002218184491153246,0.001701135789281771,,,-0.1336839330408508,-37.93779849608598,-0.0018996277692837032,-14.09828824822549,-14.105945613302524,-14.102116930764007,29.558155298233032,state,,
0.5,,,-0.204487345092274,-0.204487345092274,,,,,,,29.558164834976196,control,0.25,0.25
,0.006845007053221239,-0.00697209611243098,,,-0.13649106814251216,-30.531665039606015,-0.0033259158997688584,-14.301679386938135,-14.277443225622589,-14.289561306280362,29.56805944442749,state,,
0.5,,,-0.14039759819042852,-0.14039759819042852,,,,,,,29.568068504333496,control,0.25,0.25
,-0.008091930179350426,0.0003460244604144603,,,-0.13723354563517448,-25.3679945148429,-0.004673806398544254,-14.45942738920655,-14.462690375948238,-14.461058882577394,29.578447818756104,state,,
0.5,,,-0.07758964622661996,-0.07758964622661996,,,,,,,29.57845687866211,control,0.25,0.25
,0.01137084553554908,0.0005001758089102346,,,-0.1373303665300724,-17.89339115700282,-0.005838189119676249,-14.516569496838791,-14.52549207704575,-14.52103078694227,29.58869695663452,state,,
0.5,,,-0.016037853302087554,-0.016037853302087554,,,,,,,29.588706970214844,control,0.24999999999999112,0.2500000000000089
,-0.0006926181056664957,0.009580506935516089,,,-0.1362246041812676,-11.574418673778414,-0.006870678445217484,-14.531358701201398,-14.541052104965342,-14.53620540308337,29.598631143569946,state,,
0.5,,,0.04428290376395419,0.04428290376395419,,,,,,,29.598639488220215,control,0.25,0.25
,0.010388077385725995,0.00010337536443968067,,,-0.13780278383238914,-5.712029299410613,-0.00803352665852589,-14.505578180357842,-14.494467562345102,-14.500022871351472,29.60880708694458,state,,
0.5,,,0.1033972456886751,0.1033972456886751,,,,,,,29.60881543159485,control,0.25,0.25
,0.003908994091213708,0.008944619814891615,,,-0.13827735745063363,0.47909869023584717,-0.009044503216926602,-14.3926171898264,-14.400776854498465,-14.396697022162432,29.618942499160767,state,,
0.5,,,0.1613293007749016,0.1613293007749016,,,,,,,29.618950843811035,control,0.24999999999999112,0.2500000000000089
,-0.003081546219812848,-0.0037612411633301526,,,-0.14039541111861625,6.420549898136369,-0.010369517176538832,-14.235398195381993,-14.240462585204808,-14.2379303902934,29.62911081314087,state,,
0.5,,,0.21810271475940357,0.21810271475940357,,,,,,,29.629119396209717,control,0.24999999999999112,0.2500000000000089
,0.0027560209898285504,1.549376476663428e-05,,,-0.14147939593788486,12.35465338322574,-0.011549032777995344,-14.01984602888446,-14.020033303543663,-14.01993966621406,29.639331340789795,state,,
0.5,,,0.2737406604642155,0.2737406604642155,,,,,,,29.639339685440063,control,0.24999999999999112,0.2500000000000089
,0.008870086490443642,0.00196918471878556,,,-0.1400729785175151,17.718383749237304,-0.012570638645013064,-13.758034333482318,-13.75674448372849,-13.757389408605404,29.64962911605835,state,,
0.5,,,0.3282658472549312,0.3282658472549312,,,,,,,29.649637937545776,control,0.25,0.25
,0.007706558701459413,-0.006681984664810231,,,-0.13864957995989752,24.276356625910864,-0.013726888880777941,-13.412822376331558,-13.407682548363999,-13.410252462347778,29.65983271598816,state,,
0.5,,,0.38170053030983253,0.38170053030983253,,,,,,,29.659841537475586,control,0.24999999999999112,0.2500000000000089
,0.0004923906032901289,-0.007985626469756703,,,-0.1312066709970675,29.34126482785218,-0.01477097970603484,-13.039716669606054,-13.032741923203329,-13.036229296404692,29.669972896575928,state,,
0.5,,,0.43406651970363586,0.43406651970363586,,,,,,,29.669981718063354,control,0.25,0.25
,0.0032997063105233864,0.00450100237544064,,,-0.12660891352397535,34.997617561509685,-0.015540783949852128,-12.606435376185276,-12.586023565907324,-12.5962294710463,29.680144786834717,state,,
0.5,,,0.48538518930956315,0.48538518930956315,,,,,,,29.6801540851593,control,0.25,0.25
,-0.004307328760111101,0.004956143752910336,,,-0.12024004798577789,40.177261912332256,-0.0162532048021921,-12.111879253696431,-12.112161249771237,-12.112020251733835,29.690299034118652,state,,
0.5,,,0.5356774855233719,0.5356774855233719,,,,,,,29.690308809280396,control,0.2500000000000089,0.24999999999999112
,0.004433174988913087,-0.0032650233062346402,,,-0.12028476588992651,45.4734492174506,-0.01713958972445382,-11.574549228483805,-11.571439412804825,-11.572994320644316,29.7004656791687,state,,
0.5,,,0.5849639358129044,0.5849639358129044,,,,,,,29.700474977493286,control,0.2500000000000089,0.24999999999999112
,-0.0005748865126862358,-0.0016754615338895294,,,-0.10908950812298843,50.56928654900717,-0.017730902974581415,-10.988704318477653,-10.983693051728947,-10.9861986851033,29.710914611816406,state,,
0.5,,,0.6332646570966463,0.6332646570966463,,,,,,,29.710925579071045,control,0.25,0.25
,1.2811740636356542e-05,0.0010930120379844283,,,-0.11239811636529468,55.51231166420269,-0.018513259216821603,-10.343728856804367,-10.36108090393603,-10.352404880370198,29.721510648727417,state,,
0.5,,,0.6805993639547132,0.6805993639547132,,,,,,,29.721521854400635,control,0.25,0.25
,0.004456226784268054,0.0029988401528562377,,,-0.10527030110458079,59.76229693649836,-0.01897894172457142,-9.684089179006387,-9.69019341017332,-9.687141294589853,29.731680154800415,state,,
0.5,,,0.726987376675619,0.726987376675619,,,,,,,29.73172116279602,control,0.25,0.25
,-0.01011517205747868,-0.007670375522527217,,,-0.10345500483896668,64.78961343953428,-0.019806737011998175,-8.961730888785768,-8.956734977214127,-8.959232932999948,29.742157459259033,state,,
0.5,,,0.7724476291421065,0.7724476291421065,,,,,,,29.742172241210938,control,0.25,0.25
,0.00433687771137748,-0.0026632644986584225,,,-0.09273946693303413,69.68536451470843,-0.020173818563670984,-8.196211161752936,-8.172710817200505,-8.18446098947672,29.751965522766113,state,,
0.5,,,0.8169986765592643,0.8169986765592643,,,,,,,29.751975774765015,control,0.25,0.25
,-0.001444737103914195,-0.005906338327976334,,,-0.08770685742577218,74.25787927738273,-0.02067604371931621,-7.3720809629403625,-7.3661357650973684,-7.3691083640188655,29.761906147003174,state,,
0.5,,,0.860658703028079,0.860658703028079,,,,,,,29.761914491653442,control,0.25,0.25
,0.003638363076849373,-0.0040112897101953525,,,-0.07953175466807055,78.78576101641698,-0.020966147828371626,-6.519307238510617,-6.499067317098208,-6.509187277804413,29.772450923919678,state,,
0.5,,,0.9034455289675174,0.9034455289675174,,,,,,,29.772462129592896,control,0.25000000000000444,0.24999999999999556
,0.004058629532519675,-0.004953437799792936,,,-0.0689299641971899,83.60758138430361,-0.02112307640277847,-5.610004676363358,-5.582734942309328,-5.596369809336343,29.782955169677734,state,,
0.5,,,0.9453766183881671,0.9453766183881671,,,,,,,29.782966375350952,control,0.25,0.25
,-0.004737577012660979,-0.006845219732896263,,,-0.06954015722113717,87.67548299143866,-0.021558187762194175,-4.655175357827906,-4.654569271258605,-4.654872314543256,29.793079614639282,state,,
0.5,,,0.9864690860204037,0.9864690860204037,,,,,,,29.793089389801025,control,0.25,0.25
,-0.005083154679295618,-0.001672287227154294,,,-0.06044845059321938,92.21196798749259,-0.02165068379270914,-3.6553312632771515,-3.665773203782668,-3.6605522335299097,29.803717136383057,state,,
0.5,,,1.0267397042999957,1.0267397042999957,,,,,,,29.803727626800537,control,0.25,0.25
,-0.004384094752408659,-0.0012500543331051032,,,-0.04954706409400918,95.95473876782846,-0.021593237249436226,-2.642421157590043,-2.640452440003134,-2.6414367987965885,29.814173936843872,state,,
0.5,,,1.0662049102139959,1.0662049102139959,,,,,,,29.814184188842773,control,0.25,0.25
,-0.005557819959174524,0.0018654880839024765,,,-0.036395437789331714,100.56008294196741,-0.02132382033569585,-1.564531576256909,-1.5605477045061853,-1.562539640381547,29.824455976486206,state,,
0.5,,,1.104880812009716,1.104880812009716,,,,,,,29.824466705322266,control,0.2499999999999989,0.2500000000000011
,0.005173694651608443,0.009443925088685497,,,-0.025950598668118684,104.1218124545558,-0.020779210864098997,-0.44660751419908373,-0.48266214589594825,-0.464634830047516,29.834651947021484,state,,
0.5,,,1.1427831957695218,1.1427831957695218,,,,,,,29.83466362953186,control,0.25,0.25
,-0.004587126086323642,0.0013646129012672749,,,-0.012880699796627575,108.51626702218664,-0.020298995649147666,0.6949943417208263,0.6859411719541154,0.6904677568374709,29.84486174583435,state,,
0.5,,,1.1799275318541314,1.1799275318541314,,,,,,,29.844871759414673,control,0.25,0.25
,-0.005875758431199432,0.008438588728285996,,,0.003865570432559428,111.86741383100647,-0.019485141535593144,1.860894354764773,1.864059751460359,1.862477053112566,29.85492205619812,state,,
0.5,,,1.2163289812170488,1.2163289812170488,,,,,,,29.854931831359863,control,0.2499999999999989,0.2500000000000011
,-0.007772904426747218,0.0020055465327073327,,,0.018952311700813854,115.54466285577398,-0.018699148660429904,3.074234986095836,3.078662849099095,3.0764489175974656,29.865540981292725,state,,
0.5,,,1.2520024015927078,1.2520024015927078,,,,,,,29.865578651428223,control,0.24999999999999778,0.2500000000000022
,-0.0004823462674445771,-0.00582181437153123,,,0.025379154524720546,118.77198614077284,-0.01809216015271563,4.308424382431497,4.32264206633152,4.315533224381508,29.876033544540405,state,,
-0.499990227475872,,,1.1669623535608535,1.1669623535608535,,,,,,,29.876044034957886,control,-0.249995113737936,-0.249995113737936
,-0.003667662502447185,0.004008097247265847,,,0.033776749243452725,118.24003490328634,-0.017225399864944566,5.496836963960594,5.482097649082184,5.489467306521389,29.88659977912903,state,,
-0.499990227475872,,,1.0836231064896364,1.0836231064896364,,,,,,,29.88661003112793,control,-0.249995113737936,-0.249995113737936
,0.001168989823007736,-0.001853480192327228,,,0.041322443443952,114.27991199929835,-0.016388235238177777,6.576351943976594,6.5621262819679265,6.5692391129722605,29.896807193756104,state,,
-0.499990227475872,,,1.0019506443598436,1.0019506443598436,,,,,,,29.896817684173584,control,-0.24999511373794045,-0.24999511373793157
,0.0013664463183982835,0.003067974033660989,,,0.053239525651565395,108.73416755001867,-0.01528998937267099,7.576564252889255,7.560070795610179,7.568317524249717,29.90733027458191,state,,
-0.499990227475872,,,0.9219116314726468,0.9219116314726468,,,,,,,29.90734100341797,control,-0.249995113737936,-0.249995113737936
,0.004882388974763437,-0.0006546963913634673,,,0.06333465295990298,102.51187722703952,-0.014186206031353302,8.477531359173398,8.51127958141583,8.494405470294613,29.91781973838806,state,,
-0.499990227475872,,,0.8434733988431937,0.8434733988431937,,,,,,,29.917829990386963,control,-0.24999511373792713,-0.2499951137379449
,0.0003388814291658715,0.00822524118461633,,,0.07130653668819019,95.88376218328384,-0.012928342543709084,9.354506848301853,9.340999881433955,9.347753364867904,29.92814016342163,state,,
-0.499990227475872,,,0.7666039308663299,0.7666039308663299,,,,,,,29.92815065383911,control,-0.249995113737936,-0.249995113737936
,-0.004497433868419481,0.004542956395662778,,,0.08200755815985335,88.2341859652814,-0.011652501010799765,10.104762807545773,10.111934067965006,10.108348437755389,29.938433170318604,state,,
-0.499990227475872,,,0.6912718522490033,0.6912718522490033,,,,,,,29.938475847244263,control,-0.24999511373792713,-0.2499951137379449
,0.0020980846130921253,-0.013737178303536018,,,0.08871203256467766,81.06010508115564,-0.010689270639131948,10.797282070815301,10.812258819348651,10.804770445081976,29.948992013931274,state,,
-0.499990227475872,,,0.6174464152040233,0.6174464152040233,,,,,,,29.949002504348755,control,-0.249995113737936,-0.249995113737936
,-0.0032513700319292166,-0.0025362416593494503,,,0.09547632455009022,73.22425597873558,-0.009509820407374877,11.410164581644299,11.414438604499896,11.412301593072097,29.95924162864685,state,,
-0.499990227475872,,,0.5450974868999428,0.5450974868999428,,,,,,,29.95925283432007,control,-0.249995113737936,-0.249995113737936
,0.012510329237094997,0.00452424864972172,,,0.10512696337491008,65.79489234511443,-0.007966179059202582,11.95873999924733,11.94527704453556,11.952008521891445,29.96933341026306,state,,
-0.499990227475872,,,0.4741955371619439,0.4741955371619439,,,,,,,29.96934413909912,control,-0.249995113737936,-0.249995113737936
,0.00017566344126217413,-0.005059953519964946,,,0.11528552274295303,59.43175722934703,-0.006615528289558072,12.450145934549042,12.43996137237359,12.445053653461315,29.979836463928223,state,,
-0.499990227475872,,,0.404711626418705,0.404711626418705,,,,,,,29.979846000671387,control,-0.24999511373792713,-0.2499951137379449
,0.001712585791207859,0.0045919047932817545,,,0.12266108661349708,51.489332902576585,-0.0050723704214254706,12.835250145147931,12.831828601478463,12.833539373313197,29.990116119384766,state,,
-0.499990227475872,,,0.3366173938903309,0.3366173938903309,,,,,,,29.990126132965088,control,-0.249995113737936,-0.249995113737936
,0.0008278202691854136,0.007274983693547656,,,0.12890813908065424,44.64472361366368,-0.0034732045458981866,13.179142675815168,13.162959862711862,13.171051269263515,30.000165700912476,state,,
-0.499990227475872,,,0.2698850460125243,0.2698850460125243,,,,,,,30.00017547607422,control,-0.249995113737936,-0.249995113737936
,-0.0016472768413922398,-0.00039295665651976544,,,0.13052485643291548,38.51178315273095,-0.0021231729859981533,13.440924615777025,13.47619602779548,13.458560321786251,30.010306358337402,state,,
-0.499990227475872,,,0.2044873450922738,0.2044873450922738,,,,,,,30.010316848754883,control,-0.24999511373792713,-0.2499951137379449
,0.003919213382039841,0.00562796973300156,,,0.13557244744344385,30.47070045243614,-0.0005440110486288089,13.64307747400881,13.627501566699886,13.635289520354348,30.020487308502197,state,,
-0.499990227475872,,,0.1403975981904283,0.1403975981904283,,,,,,,30.0204975605011,control,-0.249995113737936,-0.249995113737936
,-0.0010192744212659099,-0.0013015290738497495,,,0.1390136494962921,24.41733852475756,0.0008468765563407471,13.791620329636988,13.774620986943994,13.78312065829049,30.03071141242981,state,,
-0.499990227475872,,,0.07758964622661974,0.07758964622661974,,,,,,,30.030722618103027,control,-0.249995113737936,-0.249995113737936
,0.004142722390210021,-0.002302984331273762,,,0.14244050301585254,18.46476521404838,0.0022630515694560963,13.869224815212718,13.87683551234598,13.87303016377935,30.041123867034912,state,,
-0.499990227475872,,,0.016037853302087346,0.016037853302087346,,,,,,,30.041139841079712,control,-0.249995113737936,-0.249995113737936
,0.000845534731974769,0.0021427788446535152,,,0.14554323857330131,11.770561665213213,0.0037343194176939947,13.886027665153149,13.882360778737727,13.884194221945439,30.051464080810547,state,,
-0.499990227475872,,,-0.0442829037639544,-0.0442829037639544,,,,,,,30.051483631134033,control,-0.2499951137379449,-0.24999511373792713
,-0.01055645991517058,-0.001091008548890913,,,0.13806603664092626,5.133969721144777,0.004793126279377728,13.827073058328006,13.832745497349299,13.829909277838652,30.061894178390503,state,,
-0.499990227475872,,,-0.10339724568867531,-0.10339724568867531,,,,,,,30.061904191970825,control,-0.249995113737936,-0.249995113737936
,0.004498807703538547,-0.0022817199371523056,,,0.13987332336222924,-0.6279291768207731,0.006082997060581919,13.724565349514926,13.73928768438457,13.731926516949748,30.072076559066772,state,,
-0.499990227475872,,,-0.16132930077490182,-0.16132930077490182,,,,,,,30.0721218585968,control,-0.2499951137379449,-0.24999511373792713
,-0.003410252645678209,0.0052515622989359224,,,0.13384115313446582,-6.986491186580776,0.00724682421591208,13.569374616118168,13.552349279087784,13.560861947602977,30.082715034484863,state,,
-0.499990227475872,,,-0.21810271475940377,-0.21810271475940377,,,,,,,30.082725763320923,control,-0.2499951137379449,-0.24999511373792713
,0.0060178951228321625,0.0030837744682764836,,,0.13135013693530434,-11.90802864483301,0.008447970615937456,13.377754499912207,13.349151419578533,13.36345295974537,30.093137741088867,state,,
-0.499990227475872,,,-0.2737406604642157,-0.2737406604642157,,,,,,,30.09314799308777,control,-0.249995113737936,-0.249995113737936
,0.0008862248008842569,-0.0014052592193543182,,,0.13503770886016797,-18.32441564876511,0.009636124518165036,13.080461946756548,13.075715718065611,13.07808883241108,30.103811979293823,state,,
-0.499990227475872,,,-0.32826584725493135,-0.32826584725493135,,,,,,,30.103822946548462,control,-0.249995113737936,-0.249995113737936
,-0.006066843019181874,-0.0031557892160369643,,,0.13371979234992523,-24.234611452588307,0.010625375617117195,12.75015751601964,12.733200544386866,12.741679030203253,30.114194869995117,state,,
-0.499990227475872,,,-0.3817005303098327,-0.3817005303098327,,,,,,,30.11427617073059,control,-0.249995113737936,-0.249995113737936
,-0.004199260524240024,0.008194688921973201,,,0.12909791064037043,-29.145213356953434,0.011722659840945586,12.366036328998248,12.378108150941951,12.3720722399701,30.124615907669067,state,,
-0.499990227475872,,,-0.434066519703636,-0.434066519703636,,,,,,,30.12462830543518,control,-0.249995113737936,-0.249995113737936
,0.0006994815360747558,0.0035650451731180557,,,0.11790976293914131,-34.926852896656285,0.012536355887565707,11.919494708785681,11.942077410837541,11.930786059811611,30.13482427597046,state,,
-0.499990227475872,,,-0.4853851893095633,-0.4853851893095633,,,,,,,30.134849786758423,control,-0.249995113737936,-0.249995113737936
,-0.005729046048484105,0.008095269312920386,,,0.12492506546703672,-39.612826931841795,0.013722824794599502,11.45035471364647,11.469801681159908,11.460078197403188,30.145008325576782,state,,
-0.499990227475872,,,-0.535677485523372,-0.535677485523372,,,,,,,30.145018100738525,control,-0.24999511373792713,-0.2499951137379449
,-0.005505699162188383,-0.0006460857769337209,,,0.12016393388811294,-45.545106893952095,0.014494562109479378,10.914136529742695,10.906287391229668,10.910211960486182,30.15531063079834,state,,
-0.499990227475872,,,-0.5849639358129046,-0.5849639358129046,,,,,,,30.15532398223877,control,-0.249995113737936,-0.249995113737936
,-0.0015369464524008065,-0.00024297578922885367,,,0.12347457905265141,-50.82101968129372,0.015446170710775585,10.332877394991675,10.303188612469382,10.318033003730529,30.165666580200195,state,,
-0.499990227475872,,,-0.6332646570966465,-0.6332646570966465,,,,,,,30.165678024291992,control,-0.249995113737936,-0.249995113737936
,-0.00242322058823812,0.0053496109500303125,,,0.11566908683028937,-55.021860166372285,0.01622614152094001,9.701344986837203,9.700566911628245,9.700955949232725,30.175907611846924,state,,
-0.499990227475872,,,-0.6805993639547134,-0.6805993639547134,,,,,,,30.17591881752014,control,-0.2499951137379449,-0.24999511373792713
,0.004548654373584147,-0.0027741399207759578,,,0.10975439466135078,-60.212655876096775,0.016862971609414325,9.014557050450957,9.017873571335986,9.016215310893472,30.186320304870605,state,,
-0.499990227475872,,,-0.7269873766756192,-0.7269873766756192,,,,,,,30.186339139938354,control,-0.249995113737936,-0.249995113737936
,0.008942895673320203,-0.002593378164024644,,,0.09907252956897984,-65.0748413368014,0.017344024609473166,8.275729338993585,8.300436285997192,8.28808281249539,30.196646213531494,state,,
-0.499990227475872,,,-0.7724476291421067,-0.7724476291421067,,,,,,,30.19665789604187,control,-0.2499951137379449,-0.24999511373792713
,-0.0009200812029416733,-0.0016483395336610194,,,0.08459525787201398,-69.77164117509872,0.017558670203875183,7.523533141177361,7.507695878115795,7.5156145096465785,30.207157850265503,state,,
-0.499990227475872,,,-0.8169986765592645,-0.8169986765592645,,,,,,,30.20716881752014,control,-0.24999511373794045,-0.24999511373793157
,-0.004018161389824712,0.0010157528229150768,,,0.0777458325724298,-73.8394989470635,0.01784733043665237,6.717859792837738,6.7070953130735536,6.7124775529556455,30.21781635284424,state,,
-0.499990227475872,,,-0.8606587030280792,-0.8606587030280792,,,,,,,30.217827558517456,control,-0.24999511373793157,-0.24999511373794045
,-0.0025653782164691825,0.0022152531468549405,,,0.07390963156785818,-79.62219945438162,0.01817268567430312,5.824776017138818,5.823666025652904,5.824221021395861,30.228052377700806,state,,
-0.499990227475872,,,-0.9034455289675176,-0.9034455289675176,,,,,,,30.228063583374023,control,-0.24999511373793157,-0.24999511373794045
,0.0007062491871528038,0.008384629118441548,,,0.05069112545686527,-83.36038956362074,0.01810054653404802,4.93151339281876,4.9307305718800185,4.9311219823493895,30.238305807113647,state,,
-0.499990227475872,,,-0.9453766183881673,-0.9453766183881673,,,,,,,30.23832082748413,control,-0.249995113737936,-0.249995113737936
,-0.003486217742912256,0.0008584479136761665,,,0.046361255484914786,-87.74973581686794,0.018111128453257554,3.9775509420544055,3.989981075677779,3.983766008866092,30.248767852783203,state,,
-0.499990227475872,,,-0.986469086020404,-0.986469086020404,,,,,,,30.24877953529358,control,-0.2499951137379338,-0.24999511373793823
,-0.009794345710156546,0.0004178209533333829,,,0.04017646889933234,-91.72584793860263,0.017976918513545333,2.9961449593596243,3.0103065199081707,3.0032257396338977,30.25916576385498,state,,
-0.499990227475872,,,-1.026739704299996,-1.026739704299996,,,,,,,30.259177207946777,control,-0.24999511373793823,-0.2499951137379338
,-0.00130588779110173,0.0004626339814568122,,,0.0298063280946446,-95.19949399435966,0.01774236849070686,1.999071442658199,1.9928205686573242,1.9959460056577616,30.269872665405273,state,,
-0.499990227475872,,,-1.066204910213996,-1.066204910213996,,,,,,,30.26988434791565,control,-0.249995113737936,-0.249995113737936
,-0.0044682326051218215,0.0021068141148214655,,,0.02175877389170576,-100.72465463305585,0.017476911599704274,0.8985109087736648,0.9030166844756871,0.900763796624676,30.28005051612854,state,,
-0.499990227475872,,,-1.1048808120097162,-1.1048808120097162,,,,,,,30.280136346817017,control,-0.24999511373793656,-0.24999511373793545
,-0.0011305395670036145,-0.00035867507411261614,,,0.015068799453155974,-103.89064436507213,0.01715138529560475,-0.18949032506461208,-0.18757155211319407,-0.18853093858890307,30.290608644485474,state,,
-0.499990227475872,,,-1.142783195769522,-1.142783195769522,,,,,,,30.290619373321533,control,-0.249995113737936,-0.249995113737936
,0.000740133500235789,0.004247010282647507,,,0.003691417940894251,-108.08881796602542,0.016747181266872323,-1.3275528256716298,-1.3449174269366084,-1.336235126304119,30.301135301589966,state,,
-0.499990227475872,,,-1.1799275318541316,-1.1799275318541316,,,,,,,30.301145792007446,control,-0.24999511373793712,-0.2499951137379349
,-0.006090886518362659,-0.0020272016269660123,,,-0.009036656436996887,-112.34323803103456,0.01603801045095422,-2.5333901639622667,-2.5213672459337726,-2.5273787049480196,30.311840057373047,state,,
-0.499990227475872,,,-1.216328981217049,-1.216328981217049,,,,,,,30.311851501464844,control,-0.249995113737936,-0.249995113737936
,-0.0015601075312275082,-0.00014410597780765727,,,-0.021509215818302486,-115.6976671270174,0.015293399273730154,-3.7321842134109997,-3.743301333400777,-3.7377427734058886,30.322447299957275,state,,
-0.499990227475872,,,-1.252002401592708,-1.252002401592708,,,,,,,30.32245945930481,control,-0.2499951137379338,-0.24999511373793823
,-0.00843870350566052,-0.0036354442376323355,,,-0.031097876525941925,-119.24785983736075,0.014398766692475048,-4.981265168518365,-4.9921837187966185,-4.986724443657492,30.33297610282898,state,,
0.5,,,-1.1669623535608538,-1.1669623535608538,,,,,,,30.332987785339355,control,0.25,0.25
,0.00471010413494926,0.00285343780809014,,,-0.03927153109243457,-118.26283755581629,0.013682157465681634,-6.148246066567044,-6.159105338831575,-6.153675702699309,30.34304141998291,state,,
0.5,,,-1.0836231064896367,-1.0836231064896367,,,,,,,30.34305214881897,control,0.25,0.25
,0.013856930756607795,0.0010811635236930833,,,-0.04928816078210919,-114.41438730875905,0.012888002844833865,-7.242156160365006,-7.2309830151963155,-7.236569587780661,30.35370373725891,state,,
0.5,,,-1.0019506443598438,-1.0019506443598438,,,,,,,30.35371494293213,control,0.25,0.25
,0.0018364615212576852,0.0007211102616504433,,,-0.06591084056266716,-108.82134317634052,0.01174782144776458,-8.227257656549051,-8.244276258417976,-8.235766957483513,30.36437177658081,state,,
0.5,,,-0.921911631472647,-0.921911631472647,,,,,,,30.364384412765503,control,0.24999999999999112,0.2500000000000089
,-0.00026689728681047125,0.006097975560363662,,,-0.07803997133351508,-102.38443558396952,0.010665887434691455,-9.155684686574094,-9.158644807762002,-9.157164747168048,30.374570846557617,state,,
0.5,,,-0.8434733988431939,-0.8434733988431939,,,,,,,30.37458324432373,control,0.25,0.25
,0.0010895650870255508,-0.0030896756218341936,,,-0.08444150939221637,-95.13799742934091,0.00947165649897199,-9.998736342231535,-9.98769181026761,-9.993214076249572,30.385005235671997,state,,
0.5,,,-0.7666039308663302,-0.7666039308663302,,,,,,,30.3850154876709,control,0.25,0.25
,-0.0041235946241054275,0.0038027064310394115,,,-0.0991197269275519,-88.61024496944776,0.008117636697307659,-10.782973875426096,-10.76787436220755,-10.775424118816822,30.39534878730774,state,,
0.5,,,-0.6912718522490036,-0.6912718522490036,,,,,,,30.395364999771118,control,0.24999999999999112,0.2500000000000089
,-0.008790761424117556,0.002583625347722484,,,-0.10577788534637404,-80.41289384575748,0.006793233068202368,-11.437900284377653,-11.4602760398521,-11.449088162114876,30.40582537651062,state,,
0.5,,,-0.6174464152040235,-0.6174464152040235,,,,,,,30.40583562850952,control,0.24999999999999112,0.2500000000000089
,0.0037328855952255143,-0.013956249884748145,,,-0.1067768190855791,-74.2428262982137,0.005359681474322877,-12.099657384375119,-12.08697611593841,-12.093316750156765,30.415971755981445,state,,
0.5,,,-0.545097486899943,-0.545097486899943,,,,,,,30.416019439697266,control,0.25,0.25
,0.004488875034332439,0.0048301240490086685,,,-0.11531371760524564,-65.23625568276455,0.004108037834630346,-12.610690094648106,-12.593980472569724,-12.602335283608916,30.426605701446533,state,,
0.5,,,-0.4741955371619441,-0.4741955371619441,,,,,,,30.42661738395691,control,0.2500000000000089,0.24999999999999112
,0.004149828662279143,-0.007646781141070955,,,-0.11757923700476015,-58.85680244541028,0.0027228321482438912,-13.088171909984126,-13.090570402752208,-13.089371156368166,30.436856746673584,state,,
0.5,,,-0.40471162641870523,-0.40471162641870523,,,,,,,30.43686842918396,control,0.24999999999999112,0.2500000000000089
,-0.003590805503768678,-0.005282251011557726,,,-0.12877429664327222,-52.39262882110435,0.0011027555402436664,-13.502235915488138,-13.518597936607772,-13.510416926047956,30.447407007217407,state,,
0.5,,,-0.33661739389033113,-0.33661739389033113,,,,,,,30.44741916656494,control,0.2500000000000089,0.24999999999999112
,0.0008551506565751067,-0.0016405807637323328,,,-0.1381151447008615,-44.5290330394067,-0.00044689151444546316,-13.825628412401942,-13.835480072655352,-13.830554242528647,30.457916498184204,state,,
0.5,,,-0.2698850460125245,-0.2698850460125245,,,,,,,30.457926511764526,control,0.25,0.25
,-0.004721612733897027,0.00523135674318964,,,-0.1413953406421179,-38.22223579368191,-0.0018169769221041388,-14.123069699324896,-14.101731910258946,-14.112400804791921,30.46837091445923,state,,
0.5,,,-0.204487345092274,-0.204487345092274,,,,,,,30.468382120132446,control,0.25,0.25
,0.007484948826070615,-0.0037852299049753093,,,-0.13850476896026254,-31.147120459287525,-0.0031118521660873527,-14.313507546987703,-14.309028556099062,-14.311268051543383,30.47874689102173,state,,
0.5,,,-0.14039759819042852,-0.14039759819042852,,,,,,,30.47875738143921,control,0.2500000000000089,0.24999999999999112
,-0.00015903323814418947,0.0019511941351760332,,,-0.13358561047753498,-24.580764029656493,-0.004251237262779952,-14.449664747590058,-14.45547301931403,-14.452568883452045,30.488957166671753,state,,
0.5,,,-0.07758964622661996,-0.07758964622661996,,,,,,,30.488975048065186,control,0.2500000000000089,0.24999999999999112
,0.00628706123767089,0.006020101216265718,,,-0.13721361714267458,-18.253602636116693,-0.005413262738574536,-14.534722756396908,-14.534087260925103,-14.534405008661006,30.49923300743103,state,,
0.5,,,-0.016037853302087554,-0.016037853302087554,,,,,,,30.499250411987305,control,0.25,0.25
,-0.007720381044376274,0.005960557299005467,,,-0.14193808966705962,-12.074025426290259,-0.006720599687859996,-14.560453102130188,-14.553135371885249,-14.556794237007718,30.508673906326294,state,,
0.5,,,0.04428290376395419,0.04428290376395419,,,,,,,30.5086772441864,control,0.25,0.25
,0.0034418155845475475,-0.0028170944479027934,,,-0.14438988886619095,-5.0263676584900265,-0.008070456411165989,-14.49533360931555,-14.49444830367661,-14.494890956496079,30.51889944076538,state,,
0.5,,,0.1033972456886751,0.1033972456886751,,,,,,,30.518904447555542,control,0.24999999999999112,0.2500000000000089
,0.001432994214974319,0.005504923350927432,,,-0.13986225971855082,0.7463625945559431,-0.009100470962862725,-14.399100946199619,-14.392002003919742,-14.39555147505968,30.529147148132324,state,,
0.5,,,0.1613293007749016,0.1613293007749016,,,,,,,30.529152870178223,control,0.24999999999999112,0.2500000000000089
,-0.0017896756132716443,-0.005473353349288172,,,-0.14397199883022144,6.98968403545711,-0.010512678163478128,-14.228182905793021,-14.224395269890989,-14.226289087842005,30.53964114189148,state,,
0.5,,,0.21810271475940357,0.21810271475940357,,,,,,,30.5396511554718,control,0.25,0.25
,-0.004927629895029261,0.010564133330037416,,,-0.13199161941572354,12.572283200254835,-0.011253772443797142,-14.015866121024853,-14.007566740178412,-14.011716430601632,30.549766778945923,state,,
0.5,,,0.2737406604642155,0.2737406604642155,,,,,,,30.54977512359619,control,0.25,0.25
,0.003111678750491237,0.007121917656298773,,,-0.1364885575262886,18.34801746841792,-0.012285320447083886,-13.743588494294903,-13.729036685787325,-13.736312590041113,30.560310125350952,state,,
0.5,,,0.3282658472549312,0.3282658472549312,,,,,,,30.560321807861328,control,0.24999999999999112,0.2500000000000089
,-0.0032843114612776244,0.00014147817088413288,,,-0.13224363934380312,24.248295635672996,-0.013295420677015326,-13.386240286323693,-13.413607293857906,-13.3999237900908,30.57074999809265,state,,
0.5,,,0.38170053030983253,0.38170053030983253,,,,,,,30.570760250091553,control,0.25,0.25
,-0.004352462668181969,-0.003974486415374039,,,-0.1285206455948433,28.707398306195167,-0.014341339686813514,-13.049435589474031,-13.034326378230089,-13.04188098385206,30.58096432685852,state,,
0.5,,,0.43406651970363586,0.43406651970363586,,,,,,,30.580974578857422,control,0.25,0.25
,-0.006868963655736563,0.002373847152853046,,,-0.12669583780781157,34.665071171697385,-0.01527887006181519,-12.608085429532716,-12.59273649756363,-12.600410963548173,30.591116428375244,state,,
0.5,,,0.48538518930956315,0.48538518930956315,,,,,,,30.591126441955566,control,0.25,0.25
,-0.0010788238817197706,-0.0036928346453943646,,,-0.1262507349311733,39.854671754383254,-0.016284454707339188,-12.12680256361882,-12.111735811308455,-12.119269187463637,30.60153031349182,state,,
0.5,,,0.5356774855233719,0.5356774855233719,,,,,,,30.601542234420776,control,0.24999999999999112,0.2500000000000089
,-0.009061789218044958,0.0023256404751739886,,,-0.12868693862365735,45.182245332349716,-0.017286278426705836,-11.587985612092874,-11.577325922263578,-11.582655767178226,30.612059831619263,state,,
0.5,,,0.5849639358129044,0.5849639358129044,,,,,,,30.612069368362427,control,0.25,0.25
,0.0014505779753208705,-0.01165345558688019,,,-0.12591543635868613,50.07013377265982,-0.01834118079307395,-10.997838985384808,-11.01048355220703,-11.004161268795919,30.622179985046387,state,,
0.5,,,0.6332646570966463,0.6332646570966463,,,,,,,30.622255086898804,control,0.25,0.25
,-0.0007385726523987033,-0.003955873719180431,,,-0.1096903097825184,55.8935356496808,-0.01887946030796728,-10.342787205678725,-10.362299980051793,-10.35254359286526,30.632829427719116,state,,
0.5,,,0.6805993639547132,0.6805993639547132,,,,,,,30.63283920288086,control,0.2500000000000089,0.24999999999999112
,0.0018093323683905159,-0.006468924287171329,,,-0.10906077670211689,60.075295452870904,-0.019671792970443275,-9.695738811336112,-9.674732916636849,-9.685235863986481,30.643051862716675,state,,
0.5,,,0.726987376675619,0.726987376675619,,,,,,,30.643062591552734,control,0.2500000000000089,0.24999999999999112
,-0.0018962199204422714,-0.0018011023963133063,,,-0.10977143936335704,65.0527074482274,-0.020416991628854204,-8.954236652657716,-8.956744981777522,-8.955490817217619,30.653645038604736,state,,
0.5,,,0.7724476291421065,0.7724476291421065,,,,,,,30.653656721115112,control,0.25,0.25
,0.001665869389189211,-0.0009753397559306279,,,-0.0946645588907793,69.6884688890031,-0.02071073718565391,-8.181377864117637,-8.188273522878688,-8.184825693498162,30.663926124572754,state,,
0.5,,,0.8169986765592643,0.8169986765592643,,,,,,,30.66393733024597,control,0.24999999999999112,0.2500000000000089
,0.012444387775639974,0.0069159011165359505,,,-0.08456152605276357,74.2343086983349,-0.02075104655496824,-7.3838517284955305,-7.356414909302281,-7.3701333188989056,30.673991680145264,state,,
0.5,,,0.860658703028079,0.860658703028079,,,,,,,30.674001932144165,control,0.25,0.25
,0.0039254167703627,0.0032305465968033658,,,-0.06783202796111003,78.77783037938661,-0.020654959098418676,-6.51646744628965,-6.503617797003513,-6.510042621646582,30.684083700180054,state,,
0.5,,,0.9034455289675174,0.9034455289675174,,,,,,,30.684093952178955,control,0.25,0.25
,0.0027843153060201613,0.0007160046030818068,,,-0.058135906606938986,83.90312273170267,-0.02063064203730129,-5.598837123924432,-5.58004254220224,-5.589439833063336,30.694480657577515,state,,
0.5,,,0.9453766183881671,0.9453766183881671,,,,,,,30.694491147994995,control,0.25,0.25
,-0.006712471704447759,0.004754249149157732,,,-0.06053159677496397,87.43935283800454,-0.020814439339730467,-4.654328090580682,-4.663202818520236,-4.658765454550458,30.704949140548706,state,,
0.5,,,0.9864690860204037,0.9864690860204037,,,,,,,30.70495915412903,control,0.24999999999999556,0.25000000000000444
,0.0012996234549513736,-0.0009530500798372631,,,-0.060310911950909034,91.58519037465015,-0.02099805943879944,-3.676462831830526,-3.6773981623347716,-3.676930497082649,30.715460300445557,state,,
0.5,,,1.0267397042999957,1.0267397042999957,,,,,,,30.71547031402588,control,0.25,0.25
,-0.0027972563379332982,-0.007828317807462386,,,-0.04270562080824517,96.11969501920389,-0.020892425747534565,-2.6348852137474026,-2.6522441143030404,-2.6435646640252215,30.72599196434021,state,,
0.5,,,1.0662049102139959,1.0662049102139959,,,,,,,30.726003170013428,control,0.25,0.25
,0.002896056235986442,-0.001699743146336357,,,-0.037353234507461724,100.41279820548968,-0.02077146852230908,-1.5753211545031054,-1.566898490777354,-1.5711098226402296,30.736587524414062,state,,
0.5,,,1.104880812009716,1.104880812009716,,,,,,,30.73659920692444,control,0.2499999999999989,0.2500000000000011
,-0.004454808799479123,-0.0009070360799527676,,,-0.019976170155748776,104.11967982107791,-0.020334964743823146,-0.4770538340361356,-0.46477850830729817,-0.4709161711717169,30.746819972991943,state,,
0.5,,,1.1427831957695218,1.1427831957695218,,,,,,,30.7468318939209,control,0.2500000000000003,0.24999999999999972
,-0.011920464043956745,-0.0029724379912016386,,,-0.011849291405475176,108.10202723140961,-0.02006563152557848,0.6760488713430369,0.670921386034421,0.6734851286887289,30.756802797317505,state,,
0.5,,,1.1799275318541314,1.1799275318541314,,,,,,,30.75681209564209,control,0.25000000000000056,0.24999999999999944
,0.002161726749397292,0.0009472275657686905,,,-0.0038676765899764167,112.23594376486355,-0.01954834460550743,1.8556622273866026,1.8676135554138282,1.8616378914002154,30.76742196083069,state,,
0.5,,,1.2163289812170488,1.2163289812170488,,,,,,,30.76744055747986,control,0.25,0.25
,0.0020376298844594102,-0.00542252197725747,,,0.013434354366038518,115.27484308325056,-0.018845676318947662,3.067917102835602,3.057586711245818,3.0627519070407097,30.77738618850708,state,,
0.5,,,1.2520024015927078,1.2520024015927078,,,,,,,30.77739667892456,control,0.2500000000000022,0.24999999999999778
,0.005957966559694875,0.00373746600178619,,,0.025433833871923356,119.49863804082375,-0.017922955135507915,4.311895999063786,4.338028145054988,4.324962072059387,30.78759503364563,state,,
-0.499990227475872,,,1.1669623535608535,1.1669623535608535,,,,,,,30.787605047225952,control,-0.249995113737936,-0.249995113737936
,0.0005421036596427912,-0.00653365663574221,,,0.03865193803003373,118.41957261085233,-0.01710110182041751,5.499617915012177,5.484349961903737,5.491983938457957,30.797612190246582,state,,
-0.499990227475872,,,1.0836231064896364,1.0836231064896364,,,,,,,30.797622203826904,control,-0.249995113737936,-0.249995113737936
,-0.004200597598678215,0.0018552443699754245,,,0.0562839804388867,114.56081466376774,-0.01593349646673597,6.590315113743785,6.562040976152754,6.57617804494827,30.807679653167725,state,,
-0.499990227475872,,,1.0019506443598436,1.0019506443598436,,,,,,,30.807687520980835,control,-0.249995113737936,-0.249995113737936
,-3.2406130882872114e-05,0.00328129251240888,,,0.06186409220732336,108.761998725427,-0.014865092711474681,7.563059454178195,7.579954566093486,7.57150701013584,30.8175687789917,state,,
-0.499990227475872,,,0.9219116314726468,0.9219116314726468,,,,,,,30.81757402420044,control,-0.249995113737936,-0.249995113737936
,-0.0016804314036079667,0.003705720406341645,,,0.07242938383858669,102.69967612919294,-0.013641122199914032,8.508205571494361,8.495832249799507,8.502018910646935,30.82755136489868,state,,
-0.499990227475872,,,0.8434733988431937,0.8434733988431937,,,,,,,30.827567100524902,control,-0.2499951137379449,-0.24999511373792713
,0.007227738401417025,-0.0013277097739852171,,,0.08373327435002283,95.44954408967646,-0.012346633136397169,9.333989749778022,9.348260082877783,9.341124916327903,30.837611436843872,state,,
-0.499990227475872,,,0.7666039308663299,0.7666039308663299,,,,,,,30.837613344192505,control,-0.2499951137379449,-0.24999511373792713
,0.006061826950264661,-0.0054385725131552674,,,0.08801506627299545,88.43600468430914,-0.011230594237529517,10.101581688842309,10.12614034451288,10.113861016677594,30.84770369529724,state,,
-0.499990227475872,,,0.6912718522490033,0.6912718522490033,,,,,,,30.84770631790161,control,-0.249995113737936,-0.249995113737936
,-0.0015994466998137124,0.004250413964168325,,,0.09495507910664364,80.40511335913223,-0.00990438977909135,10.786025165809532,10.794167924361156,10.790096545085344,30.857820749282837,state,,
-0.499990227475872,,,0.6174464152040233,0.6174464152040233,,,,,,,30.85782289505005,control,-0.249995113737936,-0.249995113737936
,-0.005052567723171197,0.0025630482772250685,,,0.10305913056943276,72.94555816614563,-0.008564116713546873,11.393410743298809,11.408248493748664,11.400829618523737,30.867935180664062,state,,
-0.499990227475872,,,0.5450974868999428,0.5450974868999428,,,,,,,30.867937564849854,control,-0.2499951137379449,-0.24999511373792713
,0.00020717994957809727,0.007293894282888124,,,0.10803841487361746,66.66595633695289,-0.007123671662982779,11.958655495666422,11.976436933767122,11.967546214716773,30.878329038619995,state,,
-0.499990227475872,,,0.4741955371619439,0.4741955371619439,,,,,,,30.878331184387207,control,-0.2499951137379449,-0.24999511373792713
,0.002962935809785986,-0.002044079152836153,,,0.11090657092612852,58.90043239785516,-0.005869787813645057,12.432002701223327,12.433914072046152,12.43295838663474,30.88852548599243,state,,
-0.499990227475872,,,0.404711626418705,0.404711626418705,,,,,,,30.888527631759644,control,-0.249995113737936,-0.249995113737936
,0.004586646859739472,0.003651224652253466,,,0.11495981498396016,52.22962296027268,-0.004464956053839228,12.851628008046836,12.846542765145033,12.849085386595934,30.898662328720093,state,,
-0.499990227475872,,,0.3366173938903309,0.3366173938903309,,,,,,,30.898664712905884,control,-0.249995113737936,-0.249995113737936
,-0.00044140481433578376,0.002027410412871944,,,0.12419587102566626,44.73883364337854,-0.0029843712093499727,13.16718577141963,13.187322445151077,13.177254108285354,30.90907883644104,state,,
-0.499990227475872,,,0.2698850460125243,0.2698850460125243,,,,,,,30.90908193588257,control,-0.249995113737936,-0.249995113737936
,0.0008235531092318756,0.0007041042614421754,,,0.13091095397305438,37.95460156336868,-0.0015220876378978989,13.461986412890532,13.435665020824313,13.448825716857423,30.919541835784912,state,,
-0.499990227475872,,,0.2044873450922738,0.2044873450922738,,,,,,,30.919545650482178,control,-0.249995113737936,-0.249995113737936
,-0.00581290699140255,0.004947283948171684,,,0.13599720531465948,31.30894484834684,-3.5110181096663985e-05,13.653459707603144,13.658832799821122,13.656146253712134,30.93016529083252,state,,
-0.499990227475872,,,0.1403975981904283,0.1403975981904283,,,,,,,30.93017053604126,control,-0.2499951137379449,-0.24999511373792713
,-0.010950193951651992,-0.004809140656875272,,,0.13570377846871484,23.763561880531814,0.0011160132444315008,13.77480951336968,13.772577232295392,13.773693372832536,30.940468788146973,state,,
-0.499990227475872,,,0.07758964622661974,0.07758964622661974,,,,,,,30.940475702285767,control,-0.249995113737936,-0.249995113737936
,-0.009100295868689792,-0.002060902834893324,,,0.13406269796982806,18.177324262008227,0.0022717862031754756,13.865351670669567,13.867766094180885,13.866558882425226,30.951091527938843,state,,
-0.499990227475872,,,0.016037853302087346,0.016037853302087346,,,,,,,30.95110058784485,control,-0.249995113737936,-0.249995113737936
,0.008609505041250767,-0.01057033437530511,,,0.12937102608877657,11.594438229960046,0.0032844136039250744,13.889610033012763,13.865856726074677,13.87773337954372,30.96176552772522,state,,
-0.499990227475872,,,-0.0442829037639544,-0.0442829037639544,,,,,,,30.961812496185303,control,-0.249995113737936,-0.249995113737936
,-0.0025531873095410947,0.005321927232918802,,,0.14090136307088325,5.766563674309564,0.0048550009151665015,13.852217293947403,13.833073729975977,13.84264551196169,30.972344160079956,state,,
-0.499990227475872,,,-0.10339724568867531,-0.10339724568867531,,,,,,,30.972355127334595,control,-0.249995113737936,-0.249995113737936
,-0.0028998413106258304,0.0037288136939289413,,,0.13832533622801982,-0.5155794947672381,0.006116753601990773,13.735519798460896,13.73949280785323,13.737506303157062,30.982839345932007,state,,
-0.499990227475872,,,-0.16132930077490182,-0.16132930077490182,,,,,,,30.982849597930908,control,-0.24999511373792713,-0.2499951137379449
,0.00725809517118044,-0.0014541448090668505,,,0.1391903902934471,-6.174345609895183,0.0073946260732704995,13.569853265743086,13.601548308568427,13.585700787155757,30.99330711364746,state,,
-0.499990227475872,,,-0.21810271475940377,-0.21810271475940377,,,,,,,30.993319034576416,control,-0.249995113737936,-0.249995113737936
,-0.006315640038986889,-0.005111622854456987,,,0.13650654692301428,-12.622171621237564,0.00839654578603045,13.359781050550414,13.353936414956022,13.356858732753217,31.003475189208984,state,,
-0.499990227475872,,,-0.2737406604642157,-0.2737406604642157,,,,,,,31.003485679626465,control,-0.24999511373792713,-0.2499951137379449
,-0.0025826686891858436,-0.0032930907740253857,,,0.13387402358281847,-18.4411337071257,0.009414925931831903,13.08249170027089,13.077179775166348,13.079835737718618,31.013699769973755,state,,
-0.499990227475872,,,-0.32826584725493135,-0.32826584725493135,,,,,,,31.0137140750885,control,-0.24999511373792713,-0.2499951137379449
,0.0008358585812025962,-0.010896862160023975,,,0.13347293974016952,-23.6517195674342,0.010328005719638675,12.760290875552496,12.760488109321487,12.760389492436992,31.02375626564026,state,,
-0.499990227475872,,,-0.3817005303098327,-0.3817005303098327,,,,,,,31.02376651763916,control,-0.2499951137379449,-0.24999511373792713
,-0.0049580689899721185,0.013640915433105163,,,0.1258241164598318,-29.715271213011235,0.01144743999212131,12.35877831852818,12.374686398668263,12.366732358598222,31.03415584564209,state,,
-0.499990227475872,,,-0.434066519703636,-0.434066519703636,,,,,,,31.034239768981934,control,-0.249995113737936,-0.249995113737936
,-0.004473773230462778,0.012054368284516892,,,0.12453151605400342,-34.68101131158659,0.012605093093249123,11.941702939918363,11.940077134486769,11.940890037202566,31.0450177192688,state,,
-0.499990227475872,,,-0.4853851893095633,-0.4853851893095633,,,,,,,31.045031309127808,control,-0.249995113737936,-0.249995113737936
,0.007907936740838742,-0.0027830734862026607,,,0.11559688518963765,-40.41754395691863,0.013349284247539193,11.4433094430744,11.447520246849836,11.445414844962118,31.0548152923584,state,,
-0.499990227475872,,,-0.535677485523372,-0.535677485523372,,,,,,,31.054821729660034,control,-0.249995113737936,-0.249995113737936
,0.0010204446034533824,0.003456786035178159,,,0.11031789151980198,-44.46507921950635,0.014148587363420027,10.937808408706946,10.934882647951243,10.936345528329095,31.064767360687256,state,,
-0.499990227475872,,,-0.5849639358129046,-0.5849639358129046,,,,,,,31.06477165222168,control,-0.2499951137379449,-0.24999511373792713
,0.007721496089324331,-0.007700351298783198,,,0.10708206914144289,-50.3647469991971,0.014774652398956926,10.336267020870046,10.341336837856648,10.338801929363347,31.074700355529785,state,,
-0.499990227475872,,,-0.6332646570966465,-0.6332646570966465,,,,,,,31.074702739715576,control,-0.249995113737936,-0.249995113737936
,-0.0017801688702794936,0.00014733342445547848,,,0.10778823675538213,-55.80126949422758,0.015531751772645333,9.692216329939118,9.69631225324015,9.694264291589633,31.084858655929565,state,,
-0.499990227475872,,,-0.6805993639547134,-0.6805993639547134,,,,,,,31.084860801696777,control,-0.24999511373792713,-0.2499951137379449
,-0.004304926666586169,-0.004044988170057559,,,0.0913014042977194,-60.275731790960904,0.01574737292013733,9.020900614416274,9.01968677450309,9.020293694459681,31.095113515853882,state,,
-0.499990227475872,,,-0.7269873766756192,-0.7269873766756192,,,,,,,31.09511637687683,control,-0.249995113737936,-0.249995113737936
,0.004798284125080361,-0.013351220733046959,,,0.08674307179515825,-65.02070265440999,0.015994865551808284,8.30087437869073,8.288261843591444,8.294568111141087,31.10535216331482,state,,
-0.499990227475872,,,-0.7724476291421067,-0.7724476291421067,,,,,,,31.10535502433777,control,-0.249995113737936,-0.249995113737936
,0.0059703032029578005,0.003818186821715932,,,0.08316496980030838,-69.68516496076643,0.01654516520068091,7.521729597648101,7.525228878834254,7.523479238241178,31.11552906036377,state,,
-0.499990227475872,,,-0.8169986765592645,-0.8169986765592645,,,,,,,31.11553168296814,control,-0.24999511373794045,-0.24999511373793157
,0.005608288131993068,-0.0051824043234979435,,,0.08513588054772843,-74.54930847799639,0.017020496994916087,6.704818419940713,6.696323390046605,6.7005709049936595,31.12571620941162,state,,
-0.499990227475872,,,-0.8606587030280792,-0.8606587030280792,,,,,,,31.125719785690308,control,-0.24999511373794045,-0.24999511373793157
,0.001282359301521529,0.006821384932574425,,,0.07841584162119217,-78.57369181883149,0.017475684004757814,5.854740765495048,5.846827107797525,5.850783936646287,31.13596773147583,state,,
-0.499990227475872,,,-0.9034455289675176,-0.9034455289675176,,,,,,,31.13597297668457,control,-0.249995113737936,-0.249995113737936
,-0.0011654561880106793,0.004839946289674656,,,0.061976398625008075,-83.28839849874699,0.01755408908639211,4.941285103097376,4.944441025552871,4.942863064325124,31.146615743637085,state,,
-0.499990227475872,,,-0.9453766183881673,-0.9453766183881673,,,,,,,31.146624088287354,control,-0.24999511373794045,-0.24999511373793157
,-0.002261082984192048,0.004399995706302526,,,0.05410303864385446,-87.34500156196295,0.017671066126373265,4.003783241004774,4.005917170471705,4.00485020573824,31.157041788101196,state,,
-0.499990227475872,,,-0.986469086020404,-0.986469086020404,,,,,,,31.15705156326294,control,-0.24999511373794045,-0.24999511373793157
,-0.004775661921199816,-0.0047030973171061745,,,0.04616511711570518,-92.93589553153345,0.01751918699903668,2.973590051124984,2.999428767408865,2.986509409266924,31.167268753051758,state,,
-0.499990227475872,,,-1.026739704299996,-1.026739704299996,,,,,,,31.16730809211731,control,-0.2499951137379338,-0.24999511373793823
,-0.00243530458431575,-3.312098805535153e-05,,,0.03910416725019944,-95.5957801195729,0.017418929455576177,1.9778954874682078,1.9985409726260965,1.9882182300471523,31.177783012390137,state,,
-0.499990227475872,,,-1.066204910213996,-1.066204910213996,,,,,,,31.177794694900513,control,-0.24999511373793712,-0.2499951137379349
,0.0034425664808684386,-0.004599907371135682,,,0.025206226841560212,-100.33298196852658,0.017036696080610196,0.9121593345258926,0.9068276680608708,0.9094935012933817,31.18796730041504,state,,
-0.499990227475872,,,-1.1048808120097162,-1.1048808120097162,,,,,,,31.187978506088257,control,-0.249995113737936,-0.249995113737936
,0.0050141024080563555,-0.0074394623922598045,,,0.011619723740368442,-103.9881358951283,0.01649276105069858,-0.18492762589728207,-0.19219525245460284,-0.18856143917594245,31.198076248168945,state,,
-0.499990227475872,,,-1.142783195769522,-1.142783195769522,,,,,,,31.198086977005005,control,-0.249995113737936,-0.249995113737936
,-0.0013260705674941855,0.0018019245536079196,,,0.0028126070657367008,-107.58287055878678,0.016072454574319626,-1.3039331165051131,-1.3392711311875132,-1.3216021238463131,31.20846438407898,state,,
-0.499990227475872,,,-1.1799275318541316,-1.1799275318541316,,,,,,,31.20847511291504,control,-0.249995113737936,-0.249995113737936
,-0.006100225619949266,0.0007930503673105764,,,-0.005099866135572894,-112.11098441093031,0.015542770052542391,-2.507101234333091,-2.5224570420684476,-2.5147791382007694,31.21902322769165,state,,
-0.499990227475872,,,-1.216328981217049,-1.216328981217049,,,,,,,31.21903371810913,control,-0.249995113737936,-0.249995113737936
,0.004305423352572218,0.007718579578643087,,,-0.015850145775346793,-115.51347414103532,0.015079959759444905,-3.7177098004281772,-3.730422570667192,-3.7240661855476844,31.229382514953613,state,,
-0.499990227475872,,,-1.252002401592708,-1.252002401592708,,,,,,,31.229393482208252,control,-0.24999511373793823,-0.2499951137379338
,0.005835071430616963,0.00042783329725485107,,,-0.02453915957981813,-119.66705640945273,0.014449379461360832,-4.975032553779511,-4.998653575416408,-4.986843064597959,31.239381313323975,state,,
0.5,,,-1.1669623535608538,-1.1669623535608538,,,,,,,31.239392042160034,control,0.25,0.25
,-0.003430310456602625,-0.0016114917814005598,,,-0.04437091988235685,-117.90634568628658,0.013356573201235546,-6.15224983595116,-6.1235180439811305,-6.137883939966145,31.24943518638611,state,,
0.5,,,-1.0836231064896367,-1.0836231064896367,,,,,,,31.249443769454956,control,0.25,0.25
,-0.0020238956507065598,0.0010526214792440664,,,-0.05657470171616589,-114.63946013388136,0.012344918919500592,-7.227384736022454,-7.237184149751306,-7.23228444288688,31.259549617767334,state,,
0.5,,,-1.0019506443598438,-1.0019506443598438,,,,,,,31.259555339813232,control,0.25,0.25
,0.0054029101361712075,0.001328356626680578,,,-0.07230376407628514,-109.54276006473475,0.01120465366339131,-8.249046511429743,-8.244144573746413,-8.246595542588079,31.269477605819702,state,,
0.5,,,-0.921911631472647,-0.921911631472647,,,,,,,31.269482612609863,control,0.2500000000000089,0.24999999999999112
,0.0009335457502523933,0.0008493100942154311,,,-0.0832427880397081,-102.2109755652203,0.010012609113801169,-9.164501696731516,-9.139530950792592,-9.152016323762055,31.27983856201172,state,,
0.5,,,-0.8434733988431939,-0.8434733988431939,,,,,,,31.279842376708984,control,0.2500000000000089,0.24999999999999112
,0.0001984324678231251,0.0016807972895426058,,,-0.08421400013705035,-95.45382141449629,0.009000337421827412,-9.991423416654625,-10.006598762295082,-9.999011089474854,31.289966106414795,state,,
0.5,,,-0.7666039308663302,-0.7666039308663302,,,,,,,31.28996992111206,control,0.25,0.25
,0.009466683727861526,-0.008349606953537607,,,-0.09410219585938656,-88.41072208133318,0.007654909918802859,-10.763040056004888,-10.779007749859453,-10.771023902932171,31.30024743080139,state,,
0.5,,,-0.6912718522490036,-0.6912718522490036,,,,,,,31.300252199172974,control,0.2500000000000089,0.24999999999999112
,-0.001422673303398492,-0.006671264663605328,,,-0.10732345960105626,-80.89308926114808,0.00610511802503103,-11.460716823654991,-11.45989908269585,-11.46030795317542,31.31056785583496,state,,
0.5,,,-0.6174464152040235,-0.6174464152040235,,,,,,,31.310574054718018,control,0.24999999999999112,0.2500000000000089
,-0.0068058942789752655,0.00869007040234033,,,-0.11437392399413904,-73.13374617647054,0.004858741782970218,-12.061800881391289,-12.07450238707449,-12.06815163423289,31.320951223373413,state,,
0.5,,,-0.545097486899943,-0.545097486899943,,,,,,,31.32096266746521,control,0.2500000000000089,0.24999999999999112
,-0.00507311992070544,0.006576904301250113,,,-0.12043849749685699,-66.15795416617019,0.0035668675829030826,-12.621457625146691,-12.615958370558443,-12.618707997852567,31.33096408843994,state,,
0.5,,,-0.4741955371619441,-0.4741955371619441,,,,,,,31.330973386764526,control,0.25,0.25
,0.0045347964684714324,0.00256446380011923,,,-0.12238208679946902,-58.818619772693225,0.0023429161039903584,-13.080602452774766,-13.09956766883899,-13.090085060806878,31.341062784194946,state,,
0.5,,,-0.40471162641870523,-0.40471162641870523,,,,,,,31.341071605682373,control,0.25,0.25
,-0.0013676560252592266,0.0012724966336961677,,,-0.13212172538589265,-52.37029628025043,0.0008585652335943363,-13.50314484156936,-13.51917469395383,-13.511159767761596,31.351070880889893,state,,
0.5,,,-0.33661739389033113,-0.33661739389033113,,,,,,,31.351077556610107,control,0.25,0.25
,0.007777948806278834,-0.005845036509334016,,,-0.13122628025567534,-45.16365297826182,-0.00048568332015217256,-13.846539649964269,-13.849658364201842,-13.848099007083055,31.36097812652588,state,,
0.5,,,-0.2698850460125245,-0.2698850460125245,,,,,,,31.360980987548828,control,0.25,0.25
,-0.003839450263751853,0.0005576992435410168,,,-0.14099026285150398,-37.52962322098203,-0.0020323870482227527,-14.10101538904623,-14.10277637522318,-14.101895882134706,31.371025800704956,state,,
0.5,,,-0.204487345092274,-0.204487345092274,,,,,,,31.37103533744812,control,0.2500000000000089,0.24999999999999112
,-0.0025541603849015175,-0.0009006192534282643,,,-0.13515787146042593,-30.882422712599876,-0.003265273145793513,-14.294332656684446,-14.315520598110567,-14.304926627397506,31.381125926971436,state,,
0.5,,,-0.14039759819042852,-0.14039759819042852,,,,,,,31.381128549575806,control,0.25,0.25
,-0.002244025167808134,-0.00011391419943162801,,,-0.14176570105428588,-24.89464489269063,-0.00471537829973221,-14.463471371444893,-14.453677893569019,-14.458574632506956,31.39120364189148,state,,
0.5,,,-0.07758964622661996,-0.07758964622661996,,,,,,,31.391207218170166,control,0.25,0.25
,-0.0034559394582737452,-0.0034327430936980773,,,-0.14316824186913316,-17.43740903947183,-0.006139669380264015,-14.523170004623918,-14.505356251611055,-14.514263128117486,31.401386260986328,state,,
0.5,,,-0.016037853302087554,-0.016037853302087554,,,,,,,31.401389122009277,control,0.25,0.25
,-0.004113972365927703,0.005086323034018467,,,-0.15127091721437902,-11.849912641714432,-0.007566076750677008,-14.538836726104018,-14.548832248722992,-14.543834487413505,31.41152024269104,state,,
0.5,,,0.04428290376395419,0.04428290376395419,,,,,,,31.41152310371399,control,0.2500000000000089,0.24999999999999112
,-0.005680042580894252,-0.002875564686126415,,,-0.1498298698710948,-5.221690682514916,-0.008960459527661618,-14.500133282210536,-14.480986648523405,-14.49055996536697,31.42162251472473,state,,
0.5,,,0.1033972456886751,0.1033972456886751,,,,,,,31.421624898910522,control,0.24999999999999112,0.2500000000000089
,0.0028290749083023886,0.007955049350207681,,,-0.15167787537932925,0.7585429339899465,-0.010132041475385378,-14.391223018769827,-14.3843693051021,-14.387796161935963,31.431802988052368,state,,
0.5,,,0.1613293007749016,0.1613293007749016,,,,,,,31.431805849075317,control,0.25,0.25
,-0.010714561234924423,0.005241643897200634,,,-0.1462865488503733,6.2727398838270165,-0.01126542986535876,-14.249384121480587,-14.225231064365037,-14.23730759292281,31.441941261291504,state,,
0.5,,,0.21810271475940357,0.21810271475940357,,,,,,,31.44194459915161,control,0.24999999999999112,0.2500000000000089
,0.00188691463983656,0.001445488085712674,,,-0.14114061576232922,12.618845242605294,-0.012306439220778898,-14.02106699644391,-13.9991684771033,-14.010117736773605,31.45212721824646,state,,
0.5,,,0.2737406604642155,0.2737406604642155,,,,,,,31.452130794525146,control,0.25,0.25
,0.003217508991017686,-0.005455618204000126,,,-0.14328697728815945,17.804478566332598,-0.013579668915908895,-13.752771755963327,-13.746310310950578,-13.749541033456953,31.46210503578186,state,,
0.5,,,0.3282658472549312,0.3282658472549312,,,,,,,31.462107181549072,control,0.2500000000000089,0.24999999999999112
,0.0023968106851842406,-0.009303169632725266,,,-0.13392666246877816,23.851733032311465,-0.014633774409203049,-13.405045411513425,-13.424511906675235,-13.414778659094331,31.47222638130188,state,,
0.5,,,0.38170053030983253,0.38170053030983253,,,,,,,31.47222876548767,control,0.2500000000000089,0.24999999999999112
,0.0011545222370722649,0.0026447869015257803,,,-0.13185052234743094,29.54907322088165,-0.015547423739600925,-13.025600526644903,-13.031623356428716,-13.02861194153681,31.4823899269104,state,,
0.5,,,0.43406651970363586,0.43406651970363586,,,,,,,31.482392072677612,control,0.25,0.25
,-0.006876583761744011,-0.0020363885678132817,,,-0.13589238662334535,34.873066899509155,-0.016724414800139597,-12.597719197218805,-12.592575365675916,-12.59514728144736,31.492530822753906,state,,
0.5,,,0.48538518930956315,0.48538518930956315,,,,,,,31.492532968521118,control,0.25,0.25
,0.006543915878767114,-0.005587875520304632,,,-0.11956902929934385,40.19908126362391,-0.017366521508880448,-12.111409042218982,-12.105371592797798,-12.108390317508391,31.50266146659851,state,,
0.5,,,0.5356774855233719,0.5356774855233719,,,,,,,31.5026752948761,control,0.2500000000000089,0.24999999999999112
,-0.00417723439101426,-0.0028910280687656316,,,-0.1213436364013511,45.18293417826722,-0.018325010026926825,-11.573114385630927,-11.581366600418825,-11.577240493024876,31.51286220550537,state,,
0.5,,,0.5849639358129044,0.5849639358129044,,,,,,,31.512867212295532,control,0.25,0.25
,0.0034718866475240626,0.0036218074302602973,,,-0.11498421789939342,50.2065725089428,-0.01889738201207794,-10.996885003318555,-10.993557158025753,-10.995221080672154,31.522932052612305,state,,
0.5,,,0.6332646570966463,0.6332646570966463,,,,,,,31.52293610572815,control,0.25,0.25
,-0.00961099423982571,0.001503936330957145,,,-0.1067057542928869,55.14264196031033,-0.019483750992398866,-10.355834500654467,-10.374634850957626,-10.365234675806047,31.53308916091919,state,,
0.5,,,0.6805993639547132,0.6805993639547132,,,,,,,31.533093452453613,control,0.25,0.25
,-0.009292562796455062,0.005212876302765953,,,-0.10346420938076875,60.4485199113969,-0.020033948667157818,-9.679493867711471,-9.673113745001139,-9.676303806356305,31.543447732925415,state,,
0.5,,,0.726987376675619,0.726987376675619,,,,,,,31.54345440864563,control,0.25,0.25
,-0.00504250821432138,-0.0024288286347002876,,,-0.1060099807690449,65.01085348825387,-0.020798691073023408,-8.951687324448795,-8.955479630340555,-8.953583477394675,31.554009914398193,state,,
0.5,,,0.7724476291421065,0.7724476291421065,,,,,,,31.554020643234253,control,0.25,0.25
,-0.0023924702693045217,0.006663907226505371,,,-0.09915151660269123,70.0386172747014,-0.021145714231873076,-8.186538325575157,-8.159817591857855,-8.173177958716506,31.56395196914673,state,,
0.5,,,0.8169986765592643,0.8169986765592643,,,,,,,31.563960552215576,control,0.25,0.25
,0.0020110747906262917,-0.002281752808011577,,,-0.08576266973077928,74.1115221914811,-0.021386138669758997,-7.359507577212023,-7.374973306341612,-7.367240441776818,31.57410430908203,state,,
0.5,,,0.860658703028079,0.860658703028079,,,,,,,31.57414150238037,control,0.25,0.25
,0.0037932806540168927,0.0008255797399953132,,,-0.07553733894930416,78.92182205950502,-0.021499948711463227,-6.506946530564872,-6.495981311448603,-6.501463921006738,31.584304332733154,state,,
0.5,,,0.9034455289675174,0.9034455289675174,,,,,,,31.58431363105774,control,0.25,0.25
,-6.359043885928994e-05,0.007050359426992435,,,-0.06192704121034746,83.14510881897307,-0.0213383625429604,-5.600032560045644,-5.605561712815591,-5.602797136430618,31.59451985359192,state,,
0.5,,,0.9453766183881671,0.9453766183881671,,,,,,,31.594529390335083,control,0.25,0.25
,-0.001955177171798128,0.0013440437071188783,,,-0.056158048363617825,87.35570938457752,-0.021365788222708022,-4.655119733186104,-4.669332773303287,-4.662226253244695,31.60469126701355,state,,
0.5,,,0.9864690860204037,0.9864690860204037,,,,,,,31.604700088500977,control,0.24999999999999556,0.25000000000000444
,0.002866188244231303,-0.003921161082837684,,,-0.04880950401593616,91.9809560857346,-0.021357973293335483,-3.656143161724159,-3.6814640479488125,-3.668803604836486,31.614848852157593,state,,
0.5,,,1.0267397042999957,1.0267397042999957,,,,,,,31.614858150482178,control,0.25,0.25
,0.000506613198412584,-0.0003312542345085089,,,-0.03702565111397583,96.37426831910314,-0.021116518165438202,-2.6354158708318867,-2.6348625007616824,-2.6351391857967847,31.62510585784912,state,,
0.5,,,1.0662049102139959,1.0662049102139959,,,,,,,31.625115633010864,control,0.2500000000000022,0.24999999999999778
,0.005141671748251336,0.007150164535009175,,,-0.026293361870181352,99.9720525196513,-0.020617762328378343,-1.5667865388897761,-1.5895297543717348,-1.5781581466307555,31.635313272476196,state,,
0.5,,,1.104880812009716,1.104880812009716,,,,,,,31.635324478149414,control,0.25,0.25
,0.01124776927839077,0.004876155542005852,,,-0.02106881057445476,104.52709798877667,-0.02016055854295645,-0.46883071604650206,-0.4519520169555462,-0.46039136650102414,31.64548969268799,state,,
0.5,,,1.1427831957695218,1.1427831957695218,,,,,,,31.645498514175415,control,0.25,0.25
,0.006121407953596486,5.176749020030566e-05,,,-0.010717335713823925,107.99533880688362,-0.0196587531003151,0.6782213454159064,0.6713002317266782,0.6747607885712923,31.655808448791504,state,,
0.5,,,1.1799275318541314,1.1799275318541314,,,,,,,31.655818939208984,control,0.25,0.25
,0.00735319005124111,0.0027793291602381805,,,-0.002105737221246587,111.71672732053565,-0.019049928277486132,1.8525029950775944,1.8498086038983275,1.851155799487961,31.66607427597046,state,,
0.5,,,1.2163289812170488,1.2163289812170488,,,,,,,31.666088342666626,control,0.2499999999999989,0.2500000000000011
,-0.006525828157383217,0.001053001933237952,,,0.006839087005508313,115.53190762822985,-0.01849557114147593,3.0585403617763562,3.07585035071544,3.0671953562458985,31.67625331878662,state,,
0.5,,,1.2520024015927078,1.2520024015927078,,,,,,,31.67626452445984,control,0.24999999999999778,0.2500000000000022
,-0.001392009840359806,-0.00035976837165800575,,,0.01587317003783042,119.64896973617311,-0.017850476389230017,4.3214766022985,4.336943662015862,4.329210132157181,31.686376571655273,state,,
-0.499990227475872,,,1.1669623535608535,1.1669623535608535,,,,,,,31.68638777732849,control,-0.249995113737936,-0.249995113737936
,-0.0033414525853185046,0.007181573229690398,,,0.030008302880147497,118.29139231718827,-0.016874638114831052,5.481716994166318,5.499318085119536,5.490517539642926,31.69657039642334,state,,
-0.499990227475872,,,1.0836231064896364,1.0836231064896364,,,,,,,31.696579933166504,control,-0.24999511373793157,-0.24999511373794045
,-0.003779012587981282,0.0030040617350597784,,,0.042819770757485845,114.74874564746519,-0.015894234222375278,6.581017456825807,6.5822265895864565,6.5816220232061315,31.706823587417603,state,,
-0.499990227475872,,,1.0019506443598436,1.0019506443598436,,,,,,,31.706846475601196,control,-0.249995113737936,-0.249995113737936
,-0.001611364995620143,-0.0030240164456929665,,,0.057556111217212755,108.44040402513352,-0.014854837398129766,7.558672798888448,7.572578577645198,7.565625688266824,31.717065811157227,state,,
-0.499990227475872,,,0.9219116314726468,0.9219116314726468,,,,,,,31.71707558631897,control,-0.24999511373794045,-0.24999511373793157
,-0.0015436021151716648,0.005557551835026395,,,0.06411487760728629,102.50464747025772,-0.013739640678205824,8.490389222670784,8.502014103928298,8.49620166329954,31.72774863243103,state,,
-0.499990227475872,,,0.8434733988431937,0.8434733988431937,,,,,,,31.727760553359985,control,-0.249995113737936,-0.249995113737936
,0.00031723853883101145,0.0017957969437493732,,,0.07510553031410336,95.7239964504121,-0.012525946605215452,9.346840481230524,9.344207948938891,9.345524215084708,31.73802614212036,state,,
-0.499990227475872,,,0.7666039308663299,0.7666039308663299,,,,,,,31.73803734779358,control,-0.2499951137379449,-0.24999511373792713
,-0.004590927046684768,0.005402719627966844,,,0.08725212981952807,88.34639260216127,-0.011168938289097485,10.117201363897008,10.10593849419105,10.11156992904403,31.74817156791687,state,,
-0.499990227475872,,,0.6912718522490033,0.6912718522490033,,,,,,,31.748180866241455,control,-0.2499951137379449,-0.24999511373792713
,0.005480166933431575,-0.004007775557303694,,,0.09744075106733288,80.83259565791268,-0.009869702899539935,10.804990423366748,10.795629762866378,10.800310093116563,31.75842809677124,state,,
-0.499990227475872,,,0.6174464152040233,0.6174464152040233,,,,,,,31.758437395095825,control,-0.249995113737936,-0.249995113737936
,0.01298136641814248,-0.0031861493801983638,,,0.09873505130298234,73.3240479697143,-0.008651519714525026,11.42086849137853,11.407228158245283,11.414048324811906,31.768747091293335,state,,
-0.499990227475872,,,0.5450974868999428,0.5450974868999428,,,,,,,31.768757343292236,control,-0.249995113737936,-0.249995113737936
,-0.008191710590876297,0.0016500570845344232,,,0.09986465212490304,66.44628008102106,-0.007516662520607162,11.967721679197338,11.97037442066205,11.969048049929693,31.778814554214478,state,,
-0.499990227475872,,,0.4741955371619439,0.4741955371619439,,,,,,,31.778823852539062,control,-0.24999511373792713,-0.2499951137379449
,0.006542310239796016,-0.008645808626483134,,,0.1112080150091545,58.85624419539296,-0.006215779451032032,12.438947049450807,12.434675588427922,12.436811318939364,31.789416551589966,state,,
-0.499990227475872,,,0.404711626418705,0.404711626418705,,,,,,,31.789427042007446,control,-0.249995113737936,-0.249995113737936
,-0.0014925942712278343,0.002198842253398211,,,0.11333407742662327,51.40448919032732,-0.0049221442275805116,12.844049212125206,12.820466480806875,12.83225784646604,31.79993987083435,state,,
-0.499990227475872,,,0.3366173938903309,0.3366173938903309,,,,,,,31.799949884414673,control,-0.249995113737936,-0.249995113737936
,-0.007206627423918586,-0.0006510808276990525,,,0.12348839988631433,45.14217709774908,-0.0035250156117967064,13.197466147048859,13.170557502894608,13.184011824971734,31.810098886489868,state,,
-0.499990227475872,,,0.2698850460125243,0.2698850460125243,,,,,,,31.81010890007019,control,-0.249995113737936,-0.249995113737936
,0.005359094033999733,0.0033841274022970037,,,0.13307518046748795,38.176874381480914,-0.0019024634024690254,13.444936588980681,13.464912077107305,13.454924333043994,31.820356607437134,state,,
-0.499990227475872,,,0.2044873450922738,0.2044873450922738,,,,,,,31.82036852836609,control,-0.2499951137379449,-0.24999511373792713
,-0.003036348392011842,0.009518866346886935,,,0.13270006651213642,30.741730731133615,-0.0004198563989024714,13.637954145552207,13.650061162248235,13.644007653900221,31.83065700531006,state,,
-0.499990227475872,,,0.1403975981904283,0.1403975981904283,,,,,,,31.830672025680542,control,-0.249995113737936,-0.249995113737936
,0.005985628954766265,-0.010082483338891347,,,0.1387374068516033,24.960777955565774,0.000895306271674606,13.801432840678048,13.801784584231223,13.801608712454636,31.840755462646484,state,,
-0.499990227475872,,,0.07758964622661974,0.07758964622661974,,,,,,,31.840770483016968,control,-0.249995113737936,-0.249995113737936
,0.0007202930870096072,0.0004275444809935858,,,0.13145602454312946,17.40574255467768,0.0020611299528415263,13.864660028629807,13.8461880015159,13.855424015072852,31.8503360748291,state,,
-0.499990227475872,,,0.016037853302087346,0.016037853302087346,,,,,,,31.85034203529358,control,-0.24999511373792713,-0.2499951137379449
,0.007049667642446598,-0.0009225601370609907,,,0.13390790280191006,11.76087100879543,0.0034014196280042347,13.880993350552632,13.88539025783979,13.883191804196212,31.86034870147705,state,,
-0.499990227475872,,,-0.0442829037639544,-0.0442829037639544,,,,,,,31.86035394668579,control,-0.2499951137379449,-0.24999511373792713
,-0.005362859988127268,0.0019671607257816283,,,0.13366428121020602,5.635227128746007,0.004631936638431424,13.851833325759033,13.832269524582214,13.842051425170624,31.870379209518433,state,,
-0.499990227475872,,,-0.10339724568867531,-0.10339724568867531,,,,,,,31.870383262634277,control,-0.249995113737936,-0.249995113737936
,-0.0039574888025792265,-0.0016375139072642862,,,0.13174265992935602,-0.9899550917680284,0.005736341057086798,13.725093988874253,13.728323659775764,13.726708824325009,31.880425214767456,state,,
-0.499990227475872,,,-0.16132930077490182,-0.16132930077490182,,,,,,,31.880427837371826,control,-0.249995113737936,-0.249995113737936
,-0.0019739189545110304,0.005497746904628605,,,0.14201024802457538,-6.408761752593837,0.007256629151205383,13.580045991764832,13.572710448687365,13.576378220226099,31.89052987098694,state,,
-0.499990227475872,,,-0.21810271475940377,-0.21810271475940377,,,,,,,31.89053249359131,control,-0.249995113737936,-0.249995113737936
,0.005667324421241464,-0.0072580269534660916,,,0.13769290758928543,-12.000152125990159,0.008296606683970293,13.358773028274868,13.376000886321034,13.367386957297951,31.90058922767639,state,,
-0.499990227475872,,,-0.2737406604642157,-0.2737406604642157,,,,,,,31.900591373443604,control,-0.249995113737936,-0.249995113737936
,0.007501483397934988,0.0020958850788899285,,,0.1408368744799668,-18.605648567276724,0.00965029250467906,13.08815768173967,13.06424377946936,13.076200730604516,31.91066026687622,state,,
-0.499990227475872,,,-0.32826584725493135,-0.32826584725493135,,,,,,,31.91067147254944,control,-0.2499951137379449,-0.24999511373792713
,-0.005810887967100224,0.002801196921376116,,,0.13737255870228393,-23.762384604960886,0.010754099210862858,12.764190860948023,12.74881890203828,12.756504881493152,31.920878171920776,state,,
-0.499990227475872,,,-0.3817005303098327,-0.3817005303098327,,,,,,,31.920881509780884,control,-0.249995113737936,-0.249995113737936
,0.0019410042185648232,-0.00478185915702207,,,0.13424377726225903,-29.036795195275886,0.011727166909103231,12.390026343675803,12.374357811936008,12.382192077805906,31.930969715118408,state,,
-0.499990227475872,,,-0.434066519703636,-0.434066519703636,,,,,,,31.930972576141357,control,-0.249995113737936,-0.249995113737936
,0.006036331926545476,-0.006673151791661189,,,0.12333172290480296,-35.136767172857716,0.012447736885577033,11.94426920830436,11.923211465259456,11.93374033678191,31.94109869003296,state,,
-0.499990227475872,,,-0.4853851893095633,-0.4853851893095633,,,,,,,31.941102266311646,control,-0.2499951137379449,-0.24999511373792713
,7.737435353175055e-05,-0.0016144011029002095,,,0.1200117282581106,-40.20917905237653,0.013289450886765173,11.453191840275746,11.44864536743585,11.450918603855797,31.951360940933228,state,,
-0.499990227475872,,,-0.535677485523372,-0.535677485523372,,,,,,,31.95136594772339,control,-0.24999511373792713,-0.2499951137379449
,-0.011682241842441743,0.0002014196330947983,,,0.11835068405779002,-45.00699067292146,0.014070298039137301,10.930763930896518,10.918214376269955,10.924489153583236,31.961726188659668,state,,
-0.499990227475872,,,-0.5849639358129046,-0.5849639358129046,,,,,,,31.9617338180542,control,-0.249995113737936,-0.249995113737936
,-0.0029150321489662847,0.008216322541668614,,,0.10988519763866912,-50.67283236681039,0.014860390550734634,10.317999348413531,10.337172968945017,10.327586158679274,31.97179889678955,state,,
-0.499990227475872,,,-0.6332646570966465,-0.6332646570966465,,,,,,,31.971806287765503,control,-0.249995113737936,-0.249995113737936
,-0.0004378691686235097,-0.008676164097013283,,,0.08930642338249956,-55.55377802955499,0.0149487903428182,9.696186016142333,9.692545414787366,9.69436571546485,31.982192754745483,state,,
-0.499990227475872,,,-0.6805993639547134,-0.6805993639547134,,,,,,,31.982231855392456,control,-0.249995113737936,-0.249995113737936
,-0.007846211130349447,2.5376604224012298e-05,,,0.08750694219421516,-60.04868086552142,0.015417247092409592,9.028189243333252,9.016491369273652,9.022340306303452,31.992164134979248,state,,
-0.499990227475872,,,-0.7269873766756192,-0.7269873766756192,,,,,,,31.992172479629517,control,-0.249995113737936,-0.249995113737936
,-0.004503343452207793,0.0027288694984165473,,,0.08174119123182552,-65.51302109008155,0.015833000506923205,8.273775248040138,8.28670959127021,8.280242419655174,32.00244951248169,state,,
-0.499990227475872,,,-0.7724476291421067,-0.7724476291421067,,,,,,,32.002458572387695,control,-0.249995113737936,-0.249995113737936
,0.004349625329848101,0.006593975857807132,,,0.07722203968221449,-69.47273430993553,0.016353126033426996,7.521103477572286,7.523885089106134,7.52249428333921,32.01257944107056,state,,
-0.499990227475872,,,-0.8169986765592645,-0.8169986765592645,,,,,,,32.01258707046509,control,-0.249995113737936,-0.249995113737936
,0.0036312031235046,-0.00012343416525784664,,,0.07114955702898784,-74.02938545864929,0.01664903564893288,6.703823910888614,6.7155342357641885,6.709679073326401,32.02272272109985,state,,
-0.499990227475872,,,-0.8606587030280792,-0.8606587030280792,,,,,,,32.022730112075806,control,-0.249995113737936,-0.249995113737936
,-0.0018760009707654082,0.0010415698292986356,,,0.06065371673520738,-78.88301938223721,0.016747903008367822,5.84507674685049,5.842125045978064,5.8436008964142765,32.032857179641724,state,,
-0.499990227475872,,,-0.9034455289675176,-0.9034455289675176,,,,,,,32.032864570617676,control,-0.24999511373793157,-0.24999511373794045
,0.0019027516992479422,0.004358123038461444,,,0.060335699523970304,-83.05955178152504,0.017090076552760684,4.958071352864729,4.934996249067301,4.946533800966015,32.04287910461426,state,,
-0.499990227475872,,,-0.9453766183881673,-0.9453766183881673,,,,,,,32.042933225631714,control,-0.249995113737936,-0.249995113737936
,0.007480068603142514,-0.006807223246221235,,,0.05588635694771997,-88.33915615372902,0.017151458019912653,3.9713054783216277,3.986923973854653,3.9791147260881403,32.053107500076294,state,,
-0.499990227475872,,,-0.986469086020404,-0.986469086020404,,,,,,,32.053115129470825,control,-0.249995113737936,-0.249995113737936
,-0.0031832017337100737,-0.0034615048600774067,,,0.04653506071133658,-91.93210461142051,0.01702643612639991,2.997576941064841,3.007643317419829,3.002610129242335,32.06302523612976,state,,
-0.499990227475872,,,-1.026739704299996,-1.026739704299996,,,,,,,32.063029289245605,control,-0.2499951137379338,-0.24999511373793823
,0.0012473385040360707,0.006037341175360981,,,0.03435202692120454,-95.78379802665884,0.01694965217614522,1.980452238870609,1.9864888498189475,1.9834705443447782,32.07316541671753,state,,
-0.499990227475872,,,-1.066204910213996,-1.066204910213996,,,,,,,32.073169469833374,control,-0.249995113737936,-0.249995113737936
,0.0037787753952766776,0.002718642548140241,,,0.021556990108576334,-100.4580926448059,0.01669664337491732,0.9012715447168603,0.9077202722873883,0.9044959085021242,32.083336353302,state,,
-0.499990227475872,,,-1.1048808120097162,-1.1048808120097162,,,,,,,32.083340644836426,control,-0.24999511373793545,-0.24999511373793656
,-0.0024517703182554535,-0.0024658422353513085,,,0.012341489121889364,-103.63103263802262,0.016271660723223908,-0.18278933107172862,-0.18183732149535708,-0.18231332628354285,32.09356665611267,state,,
-0.499990227475872,,,-1.142783195769522,-1.142783195769522,,,,,,,32.093571186065674,control,-0.249995113737936,-0.249995113737936
,0.0040283153117579625,-0.009606249981900641,,,0.0032928779831723903,-108.47514805794684,0.015684643171719564,-1.3536831446984376,-1.3346394518253069,-1.3441612982618723,32.1037175655365,state,,
-0.499990227475872,,,-1.1799275318541316,-1.1799275318541316,,,,,,,32.103723764419556,control,-0.249995113737936,-0.249995113737936
,0.001685843245059179,0.00036226931100249266,,,-0.007391641783324989,-111.6580326958923,0.01514685341938513,-2.512257700802305,-2.5105399143233416,-2.5113988075628235,32.11410450935364,state,,
-0.499990227475872,,,-1.216328981217049,-1.216328981217049,,,,,,,32.11414909362793,control,-0.2499951137379338,-0.24999511373793823
,0.00022257265172559936,-0.007167887803890438,,,-0.02007525167814312,-115.74233628673989,0.014313639499413956,-3.7378592647618127,-3.729792497212906,-3.7338258809873595,32.12468385696411,state,,
-0.499990227475872,,,-1.252002401592708,-1.252002401592708,,,,,,,32.12469410896301,control,-0.249995113737936,-0.249995113737936
,-0.0043786219479604645,-0.0013920092228391502,,,-0.026784405501992098,-119.62811547892062,0.013597603400684043,-4.984633760180693,-4.999268504612276,-4.991951132396485,32.134881019592285,state,,
0.5,,,-1.1669623535608538,-1.1669623535608538,,,,,,,32.134891748428345,control,0.25000000000000444,0.24999999999999556
,0.00029677977359352875,-0.0013427775954943403,,,-0.043414442497197586,-118.00541387414592,0.012613818037433755,-6.158259248977872,-6.134099096985406,-6.14617917298164,32.14528846740723,state,,
0.5,,,-1.0836231064896367,-1.0836231064896367,,,,,,,32.14530086517334,control,0.25000000000000444,0.24999999999999556
,0.009809647374643606,-0.005194124453838139,,,-0.05587754805873353,-114.38858560472323,0.011591704435913076,-7.239160059320308,-7.225842779258811,-7.23250141928956,32.155598640441895,state,,
0.5,,,-1.0019506443598438,-1.0019506443598438,,,,,,,32.155609130859375,control,0.25,0.25
,-0.004044957790086481,0.0018044712921284542,,,-0.06479390826231073,-108.62576493691608,0.010585023254603488,-8.232662981702488,-8.221418876528224,-8.227040929115356,32.16604208946228,state,,
0.5,,,-0.921911631472647,-0.921911631472647,,,,,,,32.16605257987976,control,0.25,0.25
,0.00502447605003255,0.004243996753298232,,,-0.07356267105060707,-102.69395420257442,0.00962751083961224,-9.155681097586257,-9.163464444724733,-9.159572771155496,32.17628049850464,state,,
0.5,,,-0.8434733988431939,-0.8434733988431939,,,,,,,32.176294565200806,control,0.2500000000000089,0.24999999999999112
,-0.0007367131039961505,0.002388101040950456,,,-0.08403481204507315,-95.2639941014569,0.00848269763022834,-10.001145945810743,-9.986776503115705,-9.993961224463224,32.18657636642456,state,,
0.5,,,-0.7666039308663302,-0.7666039308663302,,,,,,,32.18658757209778,control,0.25,0.25
,-0.0006894901590051167,-0.001223076910310767,,,-0.08648900039714817,-88.06149861123649,0.007395079997381981,-10.770895666856367,-10.748994202321677,-10.759944934589022,32.19670510292053,state,,
0.5,,,-0.6912718522490036,-0.6912718522490036,,,,,,,32.19671607017517,control,0.25,0.25
,-0.005367727708735173,0.0027547436535544385,,,-0.09181672040276309,-80.63083399187713,0.006271301255318586,-11.450720221404765,-11.445260926685002,-11.447990574044884,32.20688009262085,state,,
0.5,,,-0.6174464152040235,-0.6174464152040235,,,,,,,32.20689010620117,control,0.25,0.25
,-0.0010207378869197443,-0.0005773753902092333,,,-0.10817881686861175,-73.29061875235784,0.0048079570706207825,-12.053794660232846,-12.074352555158487,-12.064073607695667,32.21700358390808,state,,
0.5,,,-0.545097486899943,-0.545097486899943,,,,,,,32.21701407432556,control,0.25,0.25
,0.004321770976819078,0.003634356755654586,,,-0.11000086633732603,-66.7067742220072,0.00370070054147738,-12.626419049790357,-12.626293369730352,-12.626356209760354,32.22710084915161,state,,
0.5,,,-0.4741955371619441,-0.4741955371619441,,,,,,,32.22711133956909,control,0.25,0.25
,0.010695911534378802,0.004512397357153254,,,-0.11733153786321082,-59.21174410525961,0.0025214802999206616,-13.09156933908154,-13.106803744203761,-13.09918654164265,32.23677086830139,state,,
0.5,,,-0.40471162641870523,-0.40471162641870523,,,,,,,32.236775398254395,control,0.25,0.25
,-0.007340861712692929,0.00387950636759369,,,-0.11861826478401029,-51.402001666814336,0.0013017767790761304,-13.491438989073643,-13.48638230487732,-13.488910646975482,32.246861696243286,state,,
0.5,,,-0.33661739389033113,-0.33661739389033113,,,,,,,32.24687600135803,control,0.25,0.25
,-0.006001350917233241,-0.008175407758448754,,,-0.12343205043807562,-45.25570440228283,-0.00020962445542176066,-13.851183889148448,-13.836108774575694,-13.843646331862072,32.25693893432617,state,,
0.5,,,-0.2698850460125245,-0.2698850460125245,,,,,,,32.25694131851196,control,0.2500000000000089,0.24999999999999112
,0.000620223664652651,-0.001413508767446319,,,-0.1371734153687207,-37.742171030340735,-0.001789959008742593,-14.11714284756799,-14.085830041516868,-14.101486444542429,32.267101526260376,state,,
0.5,,,-0.204487345092274,-0.204487345092274,,,,,,,32.26710391044617,control,0.25,0.25
,-0.002564903854795826,-0.0019838807003687516,,,-0.13699305803355066,-30.998187357787963,-0.0031540297736180715,-14.300751942897648,-14.307517025819406,-14.304134484358528,32.277222633361816,state,,
0.5,,,-0.14039759819042852,-0.14039759819042852,,,,,,,32.27722692489624,control,0.2500000000000089,0.24999999999999112
,0.002568076848350375,-0.0008851019770799855,,,-0.1418147446899303,-24.818634207583084,-0.0045575588228953835,-14.458715728122169,-14.449224638755709,-14.453970183438939,32.28735041618347,state,,
0.5,,,-0.07758964622661996,-0.07758964622661996,,,,,,,32.287352561950684,control,0.25,0.25
,-0.0008467119391188785,-0.0007202913156450706,,,-0.14467237763111057,-18.09486474134966,-0.00595269234319472,-14.526425659891466,-14.529387772461124,-14.527906716176295,32.29751443862915,state,,
0.5,,,-0.016037853302087554,-0.016037853302087554,,,,,,,32.29751682281494,control,0.25,0.25
,0.005647375640487645,-6.058577196761541e-06,,,-0.14428917151508763,-11.909512832989241,-0.007204119968130381,-14.541028362146253,-14.556089460670433,-14.548558911408342,32.30759358406067,state,,
0.5,,,0.04428290376395419,0.04428290376395419,,,,,,,32.3075954914093,control,0.24999999999999112,0.2500000000000089
,-0.0029720782433154754,0.005362850793986628,,,-0.14546785572663304,-5.208687000017788,-0.008430756789349854,-14.48992892124604,-14.498068730747944,-14.493998825996993,32.3177375793457,state,,
0.5,,,0.1033972456886751,0.1033972456886751,,,,,,,32.31774020195007,control,0.2500000000000089,0.24999999999999112
,0.013612243124774171,-0.002027293191175593,,,-0.1410479761517635,0.1756248564887648,-0.00951627050448535,-14.39972859238658,-14.413368593055365,-14.406548592720974,32.32789659500122,state,,
0.5,,,0.1613293007749016,0.1613293007749016,,,,,,,32.32789969444275,control,0.2500000000000089,0.24999999999999112
,0.00796540625868215,-0.007006724831453144,,,-0.14258755073730467,6.225603285763723,-0.010822521857353083,-14.251377745416189,-14.244630579786794,-14.248004162601491,32.33812856674194,state,,
0.5,,,0.21810271475940357,0.21810271475940357,,,,,,,32.33813190460205,control,0.25,0.25
,0.00745618412923058,-0.004426939827690305,,,-0.14162009852561955,13.167135353632577,-0.012009941594330838,-14.015579935682192,-13.996129854201692,-14.005854894941942,32.3485906124115,state,,
0.5,,,0.2737406604642155,0.2737406604642155,,,,,,,32.34859538078308,control,0.25,0.25
,0.0029680197233880935,-0.006095785556232842,,,-0.13886769531305712,18.01746155339406,-0.013183126110617404,-13.745934680207442,-13.751035200548527,-13.748484940377985,32.35883712768555,state,,
0.5,,,0.3282658472549312,0.3282658472549312,,,,,,,32.3588433265686,control,0.25,0.25
,0.0025662682473326366,-0.0075134190027854346,,,-0.1385480492080859,23.491235767285957,-0.014396967493288237,-13.425769846769992,-13.427139673938289,-13.42645476035414,32.36929512023926,state,,
0.5,,,0.38170053030983253,0.38170053030983253,,,,,,,32.369303941726685,control,0.25,0.25
,-0.007439420742326925,-0.00011846271821504526,,,-0.13724087560905063,29.61355888206721,-0.01549531859980579,-13.032116065306138,-13.033642680376156,-13.032879372841148,32.37946081161499,state,,
0.5,,,0.43406651970363586,0.43406651970363586,,,,,,,32.37946939468384,control,0.2500000000000089,0.24999999999999112
,-0.0019445306949542741,0.00025198882778036414,,,-0.1266628183284767,34.14571691359479,-0.016275743909163285,-12.625357020669007,-12.61322431602314,-12.619290668346075,32.389556646347046,state,,
0.5,,,0.48538518930956315,0.48538518930956315,,,,,,,32.389564514160156,control,0.2500000000000089,0.24999999999999112
,0.0018782416153494607,-0.0016794233299194394,,,-0.12202165829455969,40.41791216462771,-0.017095146808758694,-12.114724140909148,-12.115848776842567,-12.115286458875858,32.39971423149109,state,,
0.5,,,0.5356774855233719,0.5356774855233719,,,,,,,32.3997220993042,control,0.25,0.25
,4.3380722816566985e-05,0.000857428741752304,,,-0.12695790667425916,45.451961930699284,-0.018062438334027316,-11.581040324864118,-11.580254573465435,-11.580647449164776,32.409504413604736,state,,
0.5,,,0.5849639358129044,0.5849639358129044,,,,,,,32.40950846672058,control,0.24999999999999112,0.2500000000000089
,0.0025079051934352114,-0.00125033642590391,,,-0.12677430165133205,50.58811562518264,-0.018949563590186246,-10.990858239317252,-10.9951854967173,-10.993021868017276,32.419538736343384,state,,
0.5,,,0.6332646570966463,0.6332646570966463,,,,,,,32.41954159736633,control,0.2500000000000089,0.24999999999999112
,-0.0018009824258869405,0.0024953162781369493,,,-0.11967019120108685,55.53567671780108,-0.019603836248547717,-10.354788891937035,-10.363055548913623,-10.35892222042533,32.429566860198975,state,,
0.5,,,0.6805993639547132,0.6805993639547132,,,,,,,32.42956876754761,control,0.25,0.25
,-0.0004363781229169163,-0.0006059501929839728,,,-0.10898002637074561,60.861501520413505,-0.02013178053319981,-9.660787489973368,-9.670300651793584,-9.665544070883476,32.439672231674194,state,,
0.5,,,0.726987376675619,0.726987376675619,,,,,,,32.43967390060425,control,0.25,0.25
,-0.0024882661858964916,-0.005283162211109817,,,-0.10633802164208027,64.82187582558383,-0.020850897611843076,-8.955727681813178,-8.9528603140097,-8.954293997911439,32.449793338775635,state,,
0.5,,,0.7724476291421065,0.7724476291421065,,,,,,,32.44980549812317,control,0.25,0.25
,0.0027945200451923885,-0.00038529524059859684,,,-0.08944364392761457,69.55194244888578,-0.021037579900015226,-8.170199307794173,-8.196787142200492,-8.183493224997331,32.45986461639404,state,,
0.5,,,0.8169986765592643,0.8169986765592643,,,,,,,32.45986723899841,control,0.24999999999999112,0.2500000000000089
,0.004005532933431293,0.003248547780258559,,,-0.09005899045286075,74.51265539068658,-0.021423187387757336,-7.3584848434004915,-7.3603441015909326,-7.359414472495712,32.47015404701233,state,,
0.5,,,0.860658703028079,0.860658703028079,,,,,,,32.4701566696167,control,0.25,0.25
,0.002074233266217288,0.008715789093015288,,,-0.08059788567647727,79.30096800057531,-0.021464020841001283,-6.497388287660164,-6.483004573133144,-6.490196430396654,32.48037791252136,state,,
0.5,,,0.9034455289675174,0.9034455289675174,,,,,,,32.48038053512573,control,0.25000000000000444,0.24999999999999556
,-0.003369796863250348,0.0021994541838528158,,,-0.0717529569600855,83.07944749131198,-0.02158841047750513,-5.594623141198919,-5.603908032103732,-5.599265586651326,32.490838289260864,state,,
0.5,,,0.9453766183881671,0.9453766183881671,,,,,,,32.49084115028381,control,0.25000000000000444,0.24999999999999556
,0.004001560932702247,0.004820827453995131,,,-0.06112992367794932,87.12787600188014,-0.021475042419540187,-4.659962720162025,-4.667145451260806,-4.663554085711416,32.50128197669983,state,,
0.5,,,0.9864690860204037,0.9864690860204037,,,,,,,32.5012845993042,control,0.25000000000000444,0.24999999999999556
,0.0016817296495950454,-0.0011701283159427519,,,-0.04407386635721545,91.49041510789596,-0.021224935828619167,-3.6788690231358414,-3.679566913498249,-3.679217968317045,32.51174283027649,state,,
0.5,,,1.0267397042999957,1.0267397042999957,,,,,,,32.51174592971802,control,0.25,0.25
,-0.0025376102032903104,-0.012740753783294484,,,-0.034107353946275856,96.27558008052313,-0.021238938077865206,-2.6402848657271525,-2.640322937515714,-2.640303901621433,32.521950483322144,state,,
0.5,,,1.0662049102139959,1.0662049102139959,,,,,,,32.52195429801941,control,0.24999999999999778,0.2500000000000022
,-0.006923818205031029,0.009809796724177264,,,-0.02976600735883091,100.40385309181235,-0.02091167855919996,-1.565465300682073,-1.5756584294886369,-1.570561865085355,32.53213047981262,state,,
0.5,,,1.104880812009716,1.104880812009716,,,,,,,32.532135248184204,control,0.2500000000000011,0.2499999999999989
,-0.008989527915874188,-0.006001244937526917,,,-0.02024328847205576,103.97576589770995,-0.0207257741458641,-0.463828467687097,-0.4840824286590449,-0.47395544817307095,32.5423367023468,state,,
0.5,,,1.1427831957695218,1.1427831957695218,,,,,,,32.54234266281128,control,0.25,0.25
,0.006167600205445787,0.002121550274885736,,,-0.012904302818041249,107.86986605482096,-0.020242305009665184,0.6514001795598607,0.6820393029702457,0.6667197412650532,32.552531242370605,state,,
0.5,,,1.1799275318541314,1.1799275318541314,,,,,,,32.552536964416504,control,0.25000000000000056,0.24999999999999944
,0.0029673215144472103,-0.0012283234337438415,,,0.0002707661541680711,112.16300509884164,-0.019634339778909552,1.8585201275620384,1.8548343169922417,1.8566772222771402,32.56265592575073,state,,
0.5,,,1.2163289812170488,1.2163289812170488,,,,,,,32.56266164779663,control,0.2499999999999989,0.2500000000000011
,-0.002458799368015375,-0.004176280546774386,,,0.010371847433616459,115.61604914999735,-0.019082535212582383,3.0861244208230385,3.049464812622288,3.0677946167226633,32.57305693626404,state,,
0.5,,,1.2520024015927078,1.2520024015927078,,,,,,,32.573065757751465,control,0.25,0.25
,0.0023161068951865404,0.005140497484210811,,,0.017856660089810895,119.96157935952047,-0.018300746659717277,4.332010422528289,4.3411329207476,4.3365716716379445,32.58313322067261,state,,
-0.499990227475872,,,1.1669623535608535,1.1669623535608535,,,,,,,32.58316254615784,control,-0.249995113737936,-0.249995113737936
,0.0014965575715271387,-0.006380843577886703,,,0.028149355377866822,118.72985089700629,-0.017609963792869547,5.500752967820946,5.5077802587238445,5.504266613272396,32.593695878982544,state,,
-0.499990227475872,,,1.0836231064896364,1.0836231064896364,,,,,,,32.59370422363281,control,-0.24999511373794045,-0.24999511373793157
,-0.004494503239322847,0.0006944201355186157,,,0.04364767655718059,114.68796112941635,-0.016613036062475516,6.585478755046917,6.5881563468973035,6.5868175509721105,32.603914737701416,state,,
-0.499990227475872,,,1.0019506443598436,1.0019506443598436,,,,,,,32.603925943374634,control,-0.24999511373794045,-0.24999511373793157
,0.0030030386633680723,-0.009097903003528621,,,0.05010797176324194,108.88205198915075,-0.01583985228411446,7.584709298498763,7.581759015465336,7.58323415698205,32.613935470581055,state,,
-0.499990227475872,,,0.9219116314726468,0.9219116314726468,,,,,,,32.61394429206848,control,-0.24999511373794045,-0.24999511373793157
,-0.015485042232241952,0.0014920171675992155,,,0.06301983877523268,101.90558357319576,-0.014795645665949417,8.491584000566364,8.490928098116905,8.491256049341635,32.62412738800049,state,,
-0.499990227475872,,,0.8434733988431937,0.8434733988431937,,,,,,,32.624136447906494,control,-0.249995113737936,-0.249995113737936
,0.0035397342252082753,-0.0007959780163705613,,,0.06452265618532295,95.29910686767637,-0.013836719132283964,9.34225702482015,9.335946526395675,9.339101775607912,32.63400745391846,state,,
-0.499990227475872,,,0.7666039308663299,0.7666039308663299,,,,,,,32.634013175964355,control,-0.24999511373792713,-0.2499951137379449
,-0.0008358151601627331,0.006108404445029334,,,0.07806497464325786,88.20797857452173,-0.012480763691505591,10.112095225461193,10.104550273254196,10.108322749357693,32.64403581619263,state,,
-0.499990227475872,,,0.6912718522490033,0.6912718522490033,,,,,,,32.64404010772705,control,-0.24999511373792713,-0.2499951137379449
,0.00017974584363431866,0.0008764113852749692,,,0.09141743591690253,81.05421758775583,-0.011113646750874003,10.801903230152638,10.808115335769516,10.805009282961077,32.65404963493347,state,,
-0.499990227475872,,,0.6174464152040233,0.6174464152040233,,,,,,,32.65405893325806,control,-0.249995113737936,-0.249995113737936
,0.003133946884331364,0.00849317944424617,,,0.09160557244711726,73.5965292817794,-0.009813971725382066,11.422167662945231,11.422395897025554,11.422281779985394,32.664159059524536,state,,
-0.499990227475872,,,0.5450974868999428,0.5450974868999428,,,,,,,32.664161682128906,control,-0.2499951137379449,-0.24999511373792713
,-0.006376751943329408,0.005151486888831385,,,0.10181019646321612,66.04265341502075,-0.008416753252774384,11.974264293474063,11.950704998057699,11.96248464576588,32.67431402206421,state,,
-0.499990227475872,,,0.4741955371619439,0.4741955371619439,,,,,,,32.674317598342896,control,-0.24999511373792713,-0.2499951137379449
,-0.0007819355754054025,-0.003704270932713828,,,0.10844309965081567,58.999963859277116,-0.007161075528499361,12.450308669713042,12.430484127912607,12.440396398812824,32.68443059921265,state,,
-0.499990227475872,,,0.404711626418705,0.404711626418705,,,,,,,32.684433460235596,control,-0.249995113737936,-0.249995113737936
,-0.0030183369070210853,0.00438652633552127,,,0.11630432596332227,51.949595230961854,-0.005700682197115325,12.858479248303965,12.836885250377643,12.847682249340803,32.69450831413269,state,,
-0.499990227475872,,,0.3366173938903309,0.3366173938903309,,,,,,,32.69451093673706,control,-0.24999511373792713,-0.2499951137379449
,-0.0025942190419375676,0.0054386261794083105,,,0.12042485644600164,44.2901394668077,-0.0042647725843108905,13.164219905338024,13.173139333427967,13.168679619382996,32.70473384857178,state,,
-0.499990227475872,,,0.2698850460125243,0.2698850460125243,,,,,,,32.704736948013306,control,-0.249995113737936,-0.249995113737936
,-0.005671323284108623,-0.0010557723161720735,,,0.12892776370872222,37.20698885198503,-0.002849354042742055,13.41751989642201,13.438515432780996,13.428017664601503,32.714802980422974,state,,
-0.499990227475872,,,0.2044873450922738,0.2044873450922738,,,,,,,32.714805364608765,control,-0.249995113737936,-0.249995113737936
,0.00458108616710215,-0.0020140917435742113,,,0.13049390125684124,31.19561669359188,-0.001496732359980011,13.650607461750239,13.637992282569952,13.644299872160095,32.724995136260986,state,,
-0.499990227475872,,,0.1403975981904283,0.1403975981904283,,,,,,,32.72499895095825,control,-0.249995113737936,-0.249995113737936
,0.003211584586841603,-0.008330022301064601,,,0.13073304660820667,24.92449061949187,-0.0003169731168912972,13.790389928815761,13.79708348520517,13.793736707010465,32.73511028289795,state,,
-0.499990227475872,,,0.07758964622661974,0.07758964622661974,,,,,,,32.73511362075806,control,-0.249995113737936,-0.249995113737936
,0.0020827705188117317,-0.008464493154245004,,,0.13635628459097413,17.91083277958082,0.0009673936778295855,13.86788256711869,13.854555839618445,13.861219203368567,32.745359659194946,state,,
-0.499990227475872,,,0.016037853302087346,0.016037853302087346,,,,,,,32.74536371231079,control,-0.24999511373792713,-0.2499951137379449
,-0.0015436946503615387,0.0011045159909460365,,,0.1384747118471709,11.735245424469616,0.002342923876381205,13.887663425706135,13.872904838708042,13.880284132207088,32.7556791305542,state,,
-0.499990227475872,,,-0.0442829037639544,-0.0442829037639544,,,,,,,32.75568509101868,control,-0.24999511373792713,-0.2499951137379449
,-0.003329705837736005,-0.00610563669828946,,,0.1420340774442126,5.142932803427489,0.0036011445026064614,13.82809648993856,13.825490602534979,13.826793546236768,32.76626539230347,state,,
-0.499990227475872,,,-0.10339724568867531,-0.10339724568867531,,,,,,,32.766277551651,control,-0.24999511373792713,-0.2499951137379449
,0.0055210669189680464,-0.0021453642924815623,,,0.14560443223986635,-0.18173307281410578,0.0050086438958363835,13.738315298255635,13.742147753858301,13.740231526056968,32.776153802871704,state,,
-0.499990227475872,,,-0.16132930077490182,-0.16132930077490182,,,,,,,32.77616238594055,control,-0.249995113737936,-0.249995113737936
,0.00105135867397691,0.002758851307542708,,,0.14318040084386757,-6.629930315477471,0.006328611084656709,13.56145910720949,13.581152845554616,13.571305976382053,32.78642010688782,state,,
-0.499990227475872,,,-0.21810271475940377,-0.21810271475940377,,,,,,,32.78645920753479,control,-0.249995113737936,-0.249995113737936
,0.0024518771694197025,0.003548001421131192,,,0.14511614418837215,-12.27868839596579,0.007734206365094072,13.359264008953108,13.357968621723684,13.358616315338395,32.7969069480896,state,,
-0.499990227475872,,,-0.2737406604642157,-0.2737406604642157,,,,,,,32.796916007995605,control,-0.24999511373792713,-0.2499951137379449
,-0.006898302265019564,0.007089157397549788,,,0.14487260788651946,-17.95185233472951,0.009071618683985094,13.0899092239182,13.087703943299013,13.088806583608607,32.8071391582489,state,,
-0.499990227475872,,,-0.32826584725493135,-0.32826584725493135,,,,,,,32.80715012550354,control,-0.249995113737936,-0.249995113737936
,-0.005852935733045884,-0.0003322048806194957,,,0.13585397747371591,-23.68584020035746,0.010026986967144135,12.758776973692745,12.762600887028594,12.760688930360669,32.817763566970825,state,,
-0.499990227475872,,,-0.3817005303098327,-0.3817005303098327,,,,,,,32.81777477264404,control,-0.24999511373792713,-0.2499951137379449
,-0.00020438032689615125,0.0038585473787318292,,,0.12646896580485262,-30.001292462136732,0.010985336986321162,12.375097316877433,12.345227605536557,12.360162461206995,32.82791519165039,state,,
-0.499990227475872,,,-0.434066519703636,-0.434066519703636,,,,,,,32.82792544364929,control,-0.249995113737936,-0.249995113737936
,-0.0004812826025266867,-0.006695319911262575,,,0.1258350963357297,-34.92355292255195,0.011856764089100809,11.921249746893755,11.943923700377022,11.932586723635389,32.83813738822937,state,,
-0.499990227475872,,,-0.4853851893095633,-0.4853851893095633,,,,,,,32.83814740180969,control,-0.249995113737936,-0.249995113737936
,0.003387910412863789,0.008005116213621493,,,0.12080298790859875,-39.89189947118008,0.01289456773304914,11.453033367790308,11.45615470761532,11.454594037702815,32.8486807346344,state,,
-0.499990227475872,,,-0.535677485523372,-0.535677485523372,,,,,,,32.84869170188904,control,-0.2499951137379449,-0.24999511373792713
,0.010042393324958484,0.004851358080035168,,,0.11235971443137754,-45.311349486399905,0.013766531093533863,10.913686876693772,10.916767757231524,10.915227316962648,32.858829736709595,state,,
-0.499990227475872,,,-0.5849639358129046,-0.5849639358129046,,,,,,,32.85883975028992,control,-0.249995113737936,-0.249995113737936
,-0.0025809054295777146,0.0010418188875448969,,,0.11085448140171017,-50.35774103017036,0.01455001292340276,10.327741241091925,10.334926940436322,10.331334090764123,32.86903691291809,state,,
-0.499990227475872,,,-0.6332646570966465,-0.6332646570966465,,,,,,,32.86904692649841,control,-0.249995113737936,-0.249995113737936
,0.007706383657239436,0.0031199654921442517,,,0.10152492256466086,-55.4723642167089,0.015219360266156098,9.691792414095271,9.698624970660791,9.695208692378031,32.879539012908936,state,,
-0.499990227475872,,,-0.6805993639547134,-0.6805993639547134,,,,,,,32.879549741744995,control,-0.249995113737936,-0.249995113737936
,0.0019714339951820543,0.006691951302270543,,,0.09455620964965249,-60.288320212241985,0.0158675817993482,9.019710542278103,9.01164379775269,9.015677170015397,32.88971424102783,state,,
-0.499990227475872,,,-0.7269873766756192,-0.7269873766756192,,,,,,,32.88972473144531,control,-0.2499951137379449,-0.24999511373792713
,-0.006580803597385103,0.0037534183319912224,,,0.08817326112622231,-64.31003097432612,0.016331330668147785,8.300564966378735,8.316573724671223,8.30856934552498,32.89991641044617,state,,
-0.499990227475872,,,-0.7724476291421067,-0.7724476291421067,,,,,,,32.89992618560791,control,-0.2499951137379449,-0.24999511373792713
,-0.0021314274990680065,0.009446386000588001,,,0.08773280400241285,-69.81575852309892,0.01701293910566532,7.523493168267645,7.522077601379452,7.522785384823549,32.91043186187744,state,,
-0.499990227475872,,,-0.8169986765592645,-0.8169986765592645,,,,,,,32.91044211387634,control,-0.249995113737936,-0.249995113737936
,0.002988956087517048,0.006470996944323844,,,0.08184844392992482,-74.26457597926478,0.017521120754217797,6.718438964039859,6.700230028209482,6.70933449612467,32.92088437080383,state,,
-0.499990227475872,,,-0.8606587030280792,-0.8606587030280792,,,,,,,32.92090058326721,control,-0.24999511373793157,-0.24999511373794045
,-0.0025884013090800573,0.0002063187743481997,,,0.07451536789036223,-78.53841936348272,0.017766919010646278,5.862786158410561,5.849073786449349,5.855929972429955,32.93109083175659,state,,
-0.499990227475872,,,-0.9034455289675176,-0.9034455289675176,,,,,,,32.93110513687134,control,-0.249995113737936,-0.249995113737936
,-0.0003267308907070892,0.0065322634919745114,,,0.07048631808226324,-83.60389351941626,0.01815411923078769,4.933619912655251,4.94492311161212,4.939271512133685,32.94089674949646,state,,
-0.499990227475872,,,-0.9453766183881673,-0.9453766183881673,,,,,,,32.94090819358826,control,-0.249995113737936,-0.249995113737936
,0.003665828268848585,-0.004711199291242116,,,0.05772441944572914,-87.71400313777494,0.01809317110872488,3.9859946768200696,4.007439432209538,3.9967170545148036,32.950801849365234,state,,
-0.499990227475872,,,-0.986469086020404,-0.986469086020404,,,,,,,32.95081114768982,control,-0.2499951137379338,-0.24999511373793823
,0.006897818771928518,0.003358112578139554,,,0.045449747307239885,-92.63983426794702,0.018094599506114188,2.985377333382607,2.998466015647495,2.991921674515051,32.96070981025696,state,,
-0.499990227475872,,,-1.026739704299996,-1.026739704299996,,,,,,,32.96071457862854,control,-0.249995113737936,-0.249995113737936
,0.003348786417905017,0.010144091688213914,,,0.034241380009077255,-95.85657060366044,0.018102439607322933,1.9964197829057546,1.967900256360718,1.9821600196332363,32.970672845840454,state,,
-0.499990227475872,,,-1.066204910213996,-1.066204910213996,,,,,,,32.9706757068634,control,-0.249995113737936,-0.249995113737936
,0.005404023067073103,-0.0059563047102036415,,,0.02967537742677042,-99.83999848605168,0.017885267327864135,0.9156142782481898,0.925109343710719,0.9203618109794544,32.980682611465454,state,,
-0.499990227475872,,,-1.1048808120097162,-1.1048808120097162,,,,,,,32.980684995651245,control,-0.249995113737936,-0.249995113737936
,0.0006072745359793389,-0.007277735053532557,,,0.019349882837541868,-103.8896482779572,0.01742124908893183,-0.17671110271615004,-0.1892625973186509,-0.18298685001740045,32.990817070007324,state,,
-0.499990227475872,,,-1.142783195769522,-1.142783195769522,,,,,,,32.990827322006226,control,-0.24999511373793615,-0.24999511373793587
,0.0026195458857938736,-0.005536288126361727,,,0.0037243463047885138,-108.28936698972443,0.016777999859072516,-1.349749561329045,-1.3220588747385769,-1.3359042180338108,33.00087761878967,state,,
-0.499990227475872,,,-1.1799275318541316,-1.1799275318541316,,,,,,,33.00088047981262,control,-0.24999511373793712,-0.2499951137379349
,-0.00018519657316922608,-0.0009109541476124936,,,-0.011813196761707848,-111.8186159113045,0.01606177733383985,-2.5078215882271144,-2.512698648320839,-2.510260118273977,33.01106643676758,state,,
-0.499990227475872,,,-1.216328981217049,-1.216328981217049,,,,,,,33.01106882095337,control,-0.2499951137379338,-0.24999511373793823
,-0.000493514967420875,-0.005177449041693038,,,-0.01764413611743686,-115.82845597357964,0.015372614788865396,-3.7338651400507223,-3.730861389352625,-3.7323632647016733,33.021254539489746,state,,
-0.499990227475872,,,-1.252002401592708,-1.252002401592708,,,,,,,33.021257162094116,control,-0.24999511373793823,-0.2499951137379338
,-0.0026213155713574678,0.004476508879533272,,,-0.02984308700345275,-119.27446181578543,0.014641827317845827,-4.985825166785097,-4.974080371676078,-4.979952769230588,33.03167724609375,state,,
0.5,,,-1.1669623535608538,-1.1669623535608538,,,,,,,33.03168058395386,control,0.25,0.25
,0.007415672147993768,0.004194697446570358,,,-0.043468381926685645,-118.71864379331078,0.013839200521218172,-6.151710542627276,-6.164875634552834,-6.158293088590055,33.04182171821594,state,,
0.5,,,-1.0836231064896367,-1.0836231064896367,,,,,,,33.04182553291321,control,0.25,0.25
,0.002716593664821359,0.0008160269421787436,,,-0.06252054261478257,-114.57849208161751,0.012683627044693927,-7.220235073170406,-7.2561358236287825,-7.238185448399594,33.051926374435425,state,,
0.5,,,-1.0019506443598438,-1.0019506443598438,,,,,,,33.05192971229553,control,0.25,0.25
,0.0005394359956400284,0.00737012818040701,,,-0.06695778603705571,-109.00278944761374,0.011841166695486124,-8.23213493369743,-8.246811624971592,-8.239473279334511,33.06211447715759,state,,
0.5,,,-0.921911631472647,-0.921911631472647,,,,,,,33.06211876869202,control,0.25,0.25
,-0.005918518209435705,-0.004836855101084582,,,-0.07482845811617338,-102.43525195733059,0.010610224678463528,-9.169353262655545,-9.14924712405611,-9.159300193355827,33.0723295211792,state,,
0.5,,,-0.8434733988431939,-0.8434733988431939,,,,,,,33.07233476638794,control,0.25,0.25
,0.0018360706655024628,0.0021663960325177664,,,-0.09190930490045435,-95.5171963721289,0.009280503158752432,-10.009390934657409,-9.999344830902954,-10.004367882780182,33.082966804504395,state,,
0.5,,,-0.7666039308663302,-0.7666039308663302,,,,,,,33.08297920227051,control,0.25,0.25
,0.00014662350228900812,0.0017087166000065179,,,-0.09709310024237962,-88.23239145836082,0.008091087588329205,-10.75840794949164,-10.783093102938677,-10.770750526215158,33.092894077301025,state,,
0.5,,,-0.6912718522490036,-0.6912718522490036,,,,,,,33.09290266036987,control,0.25,0.25
,0.0014459541300432164,-0.0023507316881283546,,,-0.11411047426318072,-80.47172734121963,0.006508388678217257,-11.455079932282835,-11.448826055788087,-11.451952994035462,33.103007316589355,state,,
0.5,,,-0.6174464152040235,-0.6174464152040235,,,,,,,33.10301613807678,control,0.2500000000000089,0.24999999999999112
,0.004617044831783975,-0.0026518630675464116,,,-0.11811226838834965,-73.80781704127615,0.005139094964961751,-12.092004899991002,-12.075938575994048,-12.083971737992524,33.113059520721436,state,,
0.5,,,-0.545097486899943,-0.545097486899943,,,,,,,33.11306810379028,control,0.24999999999999112,0.2500000000000089
,0.004345853072575091,0.008491357587815884,,,-0.12118539361652697,-65.7367919472942,0.003986465169769922,-12.615093686510743,-12.610676920514997,-12.61288530351287,33.12329721450806,state,,
0.5,,,-0.4741955371619441,-0.4741955371619441,,,,,,,33.12332630157471,control,0.25,0.25
,0.0035589264004310963,-0.005525275581497692,,,-0.12265905270423794,-59.24348218547807,0.0026012657915654588,-13.09441652098892,-13.109535260622401,-13.101975890805662,33.133450746536255,state,,
0.5,,,-0.40471162641870523,-0.40471162641870523,,,,,,,33.13345956802368,control,0.2500000000000089,0.24999999999999112
,-0.005485278884256875,-0.007643027743692714,,,-0.12464010448434376,-51.78108717325435,0.001109937855333169,-13.50230734321478,-13.499730771161687,-13.501019057188234,33.14365363121033,state,,
0.5,,,-0.33661739389033113,-0.33661739389033113,,,,,,,33.14366269111633,control,0.2500000000000089,0.24999999999999112
,-0.0036689466193426095,-0.001290469227274903,,,-0.12614794035379467,-44.99749193028054,-0.0002275040502981316,-13.843638085148555,-13.842421324862732,-13.843029705005645,33.154051780700684,state,,
0.5,,,-0.2698850460125245,-0.2698850460125245,,,,,,,33.154062271118164,control,0.2500000000000089,0.24999999999999112
,-0.004893354242284098,-0.0021106888267548333,,,-0.13139466638851569,-37.41316416584289,-0.0016722569594969866,-14.094050994645048,-14.09885504793523,-14.096453021290138,33.164142370224,state,,
0.5,,,-0.204487345092274,-0.204487345092274,,,,,,,33.16415524482727,control,0.24999999999999112,0.2500000000000089
,0.002143063079705764,-0.00190591542871011,,,-0.13442353726988815,-31.254394814115766,-0.0030271377069925947,-14.30750972826646,-14.314444493458081,-14.310977110862272,33.17401123046875,state,,
0.5,,,-0.14039759819042852,-0.14039759819042852,,,,,,,33.17401909828186,control,0.2500000000000089,0.24999999999999112
,0.003146190323607875,0.008227175661163292,,,-0.14454694434812948,-24.9023515280851,-0.004369167198580377,-14.450079690860182,-14.46772974388497,-14.458904717372576,33.18452715873718,state,,
0.5,,,-0.07758964622661996,-0.07758964622661996,,,,,,,33.184537172317505,control,0.25,0.25
,0.0016415653346025503,0.0034655469539543672,,,-0.14116975429174333,-17.893063711595193,-0.005540285633606723,-14.524529784813957,-14.528028363453464,-14.526279074133711,33.19480633735657,state,,
0.5,,,-0.016037853302087554,-0.016037853302087554,,,,,,,33.1948504447937,control,0.2500000000000089,0.24999999999999112
,-0.012154495272058473,0.0007268021688184327,,,-0.14720747199992784,-11.716001628959251,-0.007047329165702595,-14.536396053922248,-14.553860134076952,-14.545128093999601,33.20528864860535,state,,
0.5,,,0.04428290376395419,0.04428290376395419,,,,,,,33.20530366897583,control,0.2500000000000089,0.24999999999999112
,-0.004866451188527767,0.005625523276704679,,,-0.13982063981056203,-5.3211016963576405,-0.00809735449144681,-14.494129893970705,-14.498992340985335,-14.49656111747802,33.215413331985474,state,,
0.5,,,0.1033972456886751,0.1033972456886751,,,,,,,33.21542429924011,control,0.25,0.25
,0.008878839446401995,0.0015841306525868793,,,-0.13752698928280166,0.6228258605517669,-0.00915629015047239,-14.384391822158092,-14.40707280517446,-14.395732313666276,33.225470781326294,state,,
0.5,,,0.1613293007749016,0.1613293007749016,,,,,,,33.22548222541809,control,0.25,0.25
,0.007482519399731935,0.007551102597067705,,,-0.13918080520761128,6.63118462234888,-0.010171391572263416,-14.230835044379212,-14.236753891144462,-14.233794467761836,33.23530650138855,state,,
0.5,,,0.21810271475940357,0.21810271475940357,,,,,,,33.23531460762024,control,0.24999999999999112,0.2500000000000089
,-0.00583565213228861,0.0013853931647285,,,-0.1351670466102131,12.220470582540596,-0.011251877170785622,-14.013702111327575,-14.031564914761557,-14.022633513044566,33.2456111907959,state,,
0.5,,,0.2737406604642155,0.2737406604642155,,,,,,,33.2456157207489,control,0.25,0.25
,0.00041327069057586963,0.0053313219275013405,,,-0.14267032841287047,17.944964852893712,-0.01244422873105437,-13.761598087933306,-13.742553329132365,-13.752075708532836,33.255974769592285,state,,
0.5,,,0.3282658472549312,0.3282658472549312,,,,,,,33.25597929954529,control,0.25,0.25
,0.0001010722017161499,0.006748704865994148,,,-0.13395919194990918,24.358643005869094,-0.013250463662529823,-13.40905341765649,-13.403771423002492,-13.406412420329492,33.26623845100403,state,,
0.5,,,0.38170053030983253,0.38170053030983253,,,,,,,33.26624393463135,control,0.25,0.25
,-0.008544139973292536,0.003705957319879926,,,-0.12930317939501174,29.501820035882304,-0.014178910915184313,-13.02875834161198,-13.030317688824699,-13.029538015218339,33.27675461769104,state,,
0.5,,,0.43406651970363586,0.43406651970363586,,,,,,,33.27676177024841,control,0.25,0.25
,0.0006509534842213041,0.00111545005127322,,,-0.12592833539959367,34.5144951330811,-0.015055503446692674,-12.610981450665895,-12.598246273142593,-12.604613861904244,33.28745794296265,state,,
0.5,,,0.48538518930956315,0.48538518930956315,,,,,,,33.28746819496155,control,0.2500000000000089,0.24999999999999112
,8.308365604464088e-05,-0.0027234867468869535,,,-0.12453986215650906,39.98846705383683,-0.016007444178634065,-12.123323110867883,-12.111893333956965,-12.117608222412425,33.29761457443237,state,,
0.5,,,0.5356774855233719,0.5356774855233719,,,,,,,33.297624349594116,control,0.2500000000000089,0.24999999999999112
,0.0019276383558855298,0.003331726188807562,,,-0.11822388231462372,45.10257806787009,-0.016675450774585376,-11.601957582305829,-11.5684200916808,-11.585188836993314,33.30819249153137,state,,
0.5,,,0.5849639358129044,0.5849639358129044,,,,,,,33.30825853347778,control,0.25,0.25
,0.010993682460327524,-0.003776074100390428,,,-0.11613729255530428,50.70674712484983,-0.017440262888894602,-10.994541485346929,-10.983315004674507,-10.988928245010719,33.318735122680664,state,,
0.5,,,0.6332646570966463,0.6332646570966463,,,,,,,33.318745374679565,control,0.2500000000000089,0.24999999999999112
,0.002864966241462158,-0.005645215986985198,,,-0.110401419015448,55.697950305571155,-0.018171736329851643,-10.354154437114259,-10.350868115158198,-10.352511276136228,33.32926034927368,state,,
0.5,,,0.6805993639547132,0.6805993639547132,,,,,,,33.32930850982666,control,0.25,0.25
,0.0047856419217352075,0.0037184626133453936,,,-0.0924415419334153,59.78997658580524,-0.01833376790172479,-9.700818342961831,-9.678151435642281,-9.689484889302056,33.33983397483826,state,,
0.5,,,0.726987376675619,0.726987376675619,,,,,,,33.33984398841858,control,0.25,0.25
,0.0007710327250594311,0.0016858324580891998,,,-0.09326616416615158,65.65437674890596,-0.0188611902030515,-8.930096977180153,-8.949115611600561,-8.939606294390357,33.35000467300415,state,,
0.5,,,0.7724476291421065,0.7724476291421065,,,,,,,33.35001492500305,control,0.25,0.25
,0.0022855818550502967,-0.005691910151472467,,,-0.0880640099437042,69.64994485787292,-0.01935883365549537,-8.162386058139196,-8.196644750483575,-8.179515404311385,33.36032557487488,state,,
0.5,,,0.8169986765592643,0.8169986765592643,,,,,,,33.3603355884552,control,0.24999999999999112,0.2500000000000089
,-0.0004843982095229267,0.008713821576405269,,,-0.08100461166017886,73.4636452280001,-0.019501441530476418,-7.379025338692872,-7.389338712294469,-7.38418202549367,33.37042427062988,state,,
0.5,,,0.860658703028079,0.860658703028079,,,,,,,33.37043499946594,control,0.24999999999999556,0.25000000000000444
,0.0034806626378108695,0.004294084617885507,,,-0.07560160167731528,78.89340313175637,-0.019666703466246375,-6.505481629496543,-6.51217979682065,-6.508830713158597,33.3808753490448,state,,
0.5,,,0.9034455289675174,0.9034455289675174,,,,,,,33.38088631629944,control,0.25,0.25
,0.0011923257171101995,0.0011316227337942722,,,-0.06836591789138051,83.21926657516994,-0.019804888693743,-5.61367378991072,-5.601905794871114,-5.607789792390918,33.39150047302246,state,,
0.5,,,0.9453766183881671,0.9453766183881671,,,,,,,33.39151167869568,control,0.25000000000000444,0.24999999999999556
,-0.0028492026495480953,0.008422484051797527,,,-0.06392158394090497,88.09053488008159,-0.019834924765414905,-4.641093480453901,-4.657618120755589,-4.649355800604745,33.40194749832153,state,,
0.5,,,0.9864690860204037,0.9864690860204037,,,,,,,33.401957988739014,control,0.25,0.25
,-0.004486497462974933,0.006380783974307865,,,-0.056165758634986025,91.93531669196435,-0.019786778025466877,-3.6883489063968855,-3.649273154879127,-3.668811030638006,33.41241955757141,state,,
0.5,,,1.0267397042999957,1.0267397042999957,,,,,,,33.41243243217468,control,0.25,0.25
,-0.0028666962483584876,-0.004640024188759162,,,-0.04398533445657633,95.94683192652997,-0.019743834467266734,-2.6424857677908227,-2.648509159180678,-2.6454974634857504,33.42246747016907,state,,
0.5,,,1.0662049102139959,1.0662049102139959,,,,,,,33.42247796058655,control,0.25,0.25
,0.0028275235970896557,-0.008698270126260904,,,-0.036665639519638714,100.37766434726728,-0.019738894592240944,-1.5638168066220202,-1.5785870570497,-1.57120193183586,33.432984828948975,state,,
0.5,,,1.104880812009716,1.104880812009716,,,,,,,33.432995080947876,control,0.25,0.25
,-0.002809722001728433,-0.0018876191664001763,,,-0.02310688028507046,103.9352410442599,-0.01941926763353443,-0.4792136267651981,-0.47124423267034166,-0.47522892971776987,33.44356083869934,state,,
0.5,,,1.1427831957695218,1.1427831957695218,,,,,,,33.44357109069824,control,0.25,0.25
,-0.005793923693617835,0.0004709502108342045,,,-0.011974071983800004,108.07287264704107,-0.019013138256640007,0.663341743351504,0.6793627546089508,0.6713522489802274,33.45400810241699,state,,
0.5,,,1.1799275318541314,1.1799275318541314,,,,,,,33.454018115997314,control,0.25,0.25
,-0.003707544459999039,-0.004849863228750535,,,0.0017912201421195432,111.91212422521235,-0.0185224800579558,1.856398132714729,1.8467560230378364,1.8515770778762826,33.46473264694214,state,,
0.5,,,1.2163289812170488,1.2163289812170488,,,,,,,33.464744567871094,control,0.2500000000000011,0.2499999999999989
,0.0024744675898239815,-0.00581763009167375,,,0.010117572646046338,115.65097134775635,-0.01801692105981706,3.0672228702490556,3.0679619126621946,3.067592391455625,33.475035667419434,state,,
0.5,,,1.2520024015927078,1.2520024015927078,,,,,,,33.47504901885986,control,0.25,0.25
,0.00208046195172619,-0.0016721277697142886,,,0.028087668098443683,119.32335951358304,-0.017120897623761646,4.313041550221917,4.325506168869693,4.319273859545805,33.48513078689575,state,,
-0.499990227475872,,,1.1669623535608535,1.1669623535608535,,,,,,,33.4851336479187,control,-0.249995113737936,-0.249995113737936
,-0.006284470577620735,0.005854745615886343,,,0.040494990486031196,118.63356630223507,-0.01613032912354327,5.5077888777571,5.481473367519758,5.494631122638429,33.4944953918457,state,,
-0.499990227475872,,,1.0836231064896364,1.0836231064896364,,,,,,,33.494500160217285,control,-0.24999511373794045,-0.24999511373793157
,-0.0055451177254616365,-0.00809147677039886,,,0.05257304216183454,114.59023758912863,-0.01529982585603799,6.564057219764729,6.588306627047445,6.576181923406088,33.504552125930786,state,,
-0.499990227475872,,,1.0019506443598436,1.0019506443598436,,,,,,,33.504554986953735,control,-0.24999511373794045,-0.24999511373793157
,0.0022934226766810613,-0.0018558328661238154,,,0.059327184137111647,109.16612596968321,-0.014328763847188416,7.576194307083344,7.586837223899111,7.581515765491227,33.51467514038086,state,,
-0.499990227475872,,,0.9219116314726468,0.9219116314726468,,,,,,,33.51467847824097,control,-0.249995113737936,-0.249995113737936
,0.0008229623542809944,0.0057590903389725745,,,0.06678036119195141,102.14267021284124,-0.01316269569542181,8.482980405140825,8.499340989840729,8.491160697490777,33.52484107017517,state,,
-0.499990227475872,,,0.8434733988431937,0.8434733988431937,,,,,,,33.52484464645386,control,-0.249995113737936,-0.249995113737936
,0.0023375363572663275,0.004456475250475241,,,0.07447624612080181,96.16221724835594,-0.011953682656586107,9.358082263700991,9.357119746002397,9.357601004851695,33.535094022750854,state,,
-0.499990227475872,,,0.7666039308663299,0.7666039308663299,,,,,,,33.535125732421875,control,-0.2499951137379449,-0.24999511373792713
,0.00369837943639493,0.002289062767952849,,,0.08544145339160356,87.97396488268816,-0.01064053837452732,10.102029696608602,10.112011442892564,10.107020569750583,33.545037508010864,state,,
-0.499990227475872,,,0.6912718522490033,0.6912718522490033,,,,,,,33.545039653778076,control,-0.249995113737936,-0.249995113737936
,0.0066635619913251185,0.0038232352808840247,,,0.0939153749892438,80.83371540441841,-0.009258955897094679,10.814608786511274,10.78882546120307,10.801717123857172,33.55514430999756,state,,
-0.499990227475872,,,0.6174464152040233,0.6174464152040233,,,,,,,33.55514621734619,control,-0.249995113737936,-0.249995113737936
,-0.0029328823815116638,0.006569752300443449,,,0.10656713511751831,73.24006462602944,-0.007736134360550596,11.422314968704743,11.404207160031342,11.413261064368044,33.565271615982056,state,,
-0.499990227475872,,,0.5450974868999428,0.5450974868999428,,,,,,,33.565274477005005,control,-0.2499951137379449,-0.24999511373792713
,0.005487979633482758,0.004247781874329103,,,0.10646518047153605,65.72491639518283,-0.00642425976724729,11.951169143917252,11.950636714920982,11.950902929419117,33.575446367263794,state,,
-0.499990227475872,,,0.4741955371619439,0.4741955371619439,,,,,,,33.575448989868164,control,-0.249995113737936,-0.249995113737936
,-0.0062911744250841815,0.0030056218636446796,,,0.11733377174451273,58.99010991561737,-0.004971560535595037,12.44391144032874,12.423321068423807,12.433616254376274,33.585458755493164,state,,
-0.499990227475872,,,0.404711626418705,0.404711626418705,,,,,,,33.585460901260376,control,-0.249995113737936,-0.249995113737936
,-0.001356194808530123,-0.008453689192338435,,,0.12099268637530657,51.89172336228071,-0.003800646537242378,12.848989728195663,12.830128586214382,12.839559157205024,33.59553575515747,state,,
-0.499990227475872,,,0.3366173938903309,0.3366173938903309,,,,,,,33.59553790092468,control,-0.2499951137379449,-0.24999511373792713
,-0.008184925060210773,0.0027180803149404386,,,0.12085680883319835,45.27626288074832,-0.0025569384754043703,13.193090670686235,13.180976254045786,13.18703346236601,33.60575342178345,state,,
-0.499990227475872,,,0.2698850460125243,0.2698850460125243,,,,,,,33.60575747489929,control,-0.24999511373792713,-0.2499951137379449
,-0.0017053491479318628,-0.0042592465985882,,,0.12679645727179803,37.889376799740084,-0.0012665715473839563,13.44928391701465,13.447438656942333,13.448361286978493,33.61628341674805,state,,
-0.499990227475872,,,0.2044873450922738,0.2044873450922738,,,,,,,33.61628842353821,control,-0.2499951137379449,-0.24999511373792713
,-0.008836555927153053,0.0017514160849679457,,,0.12842554289673483,31.272559026929706,5.366367818775792e-06,13.64767361796431,13.663880285315054,13.655776951639682,33.6265652179718,state,,
-0.499990227475872,,,0.1403975981904283,0.1403975981904283,,,,,,,33.62657165527344,control,-0.249995113737936,-0.249995113737936
,0.00034178360671133765,-0.00782811793059918,,,0.13225513089261184,25.09111458698654,0.0012140046420657227,13.814255723612321,13.802358983793802,13.80830735370306,33.63711929321289,state,,
-0.499990227475872,,,0.07758964622661974,0.07758964622661974,,,,,,,33.6371283531189,control,-0.24999511373792713,-0.2499951137379449
,-0.0032225264241897878,0.00016859311159190494,,,0.13778768640470146,17.511561040677922,0.0026012708591291065,13.877157831390475,13.84842341416426,13.862790622777368,33.64773917198181,state,,
-0.499990227475872,,,0.016037853302087346,0.016037853302087346,,,,,,,33.6477484703064,control,-0.249995113737936,-0.249995113737936
,-0.0029700482368722764,0.00028831697327921926,,,0.14062578260451022,11.316170332208847,0.003950677692988859,13.867907859121313,13.88679138194991,13.877349620535611,33.65790605545044,state,,
-0.499990227475872,,,-0.0442829037639544,-0.0442829037639544,,,,,,,33.65791463851929,control,-0.24999511373792713,-0.2499951137379449
,5.5974950944239446e-05,-0.004137975374339081,,,0.14555784698822957,5.425021918224874,0.005294373179603805,13.837804921923109,13.837873679397905,13.837839300660507,33.668030738830566,state,,
-0.499990227475872,,,-0.10339724568867531,-0.10339724568867531,,,,,,,33.66807007789612,control,-0.249995113737936,-0.249995113737936
,0.0014892154039589066,-0.005087868876004046,,,0.14498503849462846,-0.3246677532447122,0.006512727479078468,13.7448470952064,13.74131984455796,13.74308346988218,33.6783242225647,state,,
-0.499990227475872,,,-0.16132930077490182,-0.16132930077490182,,,,,,,33.67833423614502,control,-0.249995113737936,-0.249995113737936
,0.0010621990602388918,0.005270435701547455,,,0.13452801207111248,-6.83506034915564,0.007639246953055885,13.581833131759835,13.560400368399792,13.571116750079813,33.68881106376648,state,,
-0.499990227475872,,,-0.21810271475940377,-0.21810271475940377,,,,,,,33.688822507858276,control,-0.249995113737936,-0.249995113737936
,0.004053908867800562,0.0014433065074655647,,,0.1348331954932867,-12.414333476894575,0.00886524086443686,13.3609043646586,13.35544868653525,13.358176525596924,33.69909358024597,state,,
-0.499990227475872,,,-0.2737406604642157,-0.2737406604642157,,,,,,,33.69910478591919,control,-0.24999511373792713,-0.2499951137379449
,0.0026877775892139317,0.002546147083661418,,,0.13769425137154045,-18.487030347379115,0.010144949526240607,13.07212205701768,13.081190442261327,13.076656249639504,33.70951294898987,state,,
-0.499990227475872,,,-0.32826584725493135,-0.32826584725493135,,,,,,,33.70952320098877,control,-0.249995113737936,-0.249995113737936
