base_torque,imu_pitch,imu_roll,offset_front,offset_rear,omega_body,omega_rel,theta_body,theta_front,theta_rear,theta_rel,timestamp,type,u_front,u_rear
,0.005413376426701591,0.0009441691287442055,,,-0.0002279352146135398,-0.5634139865905041,2.3273792541822926e-05,-0.013511139980617435,-0.010057024079885521,-0.011784082030251478,1.6105327606201172,state,,
-0.17214123647986024,,,-0.028690206079976705,-0.028690206079976705,,,,,,,1.6105422973632812,control,-0.08607061823993012,-0.08607061823993012
,0.003278860059225446,-0.001041164350649596,,,-0.0006499694057857289,-1.6533725255524834,-1.1734762570779207e-05,-0.03270523894442799,-0.04209110821980365,-0.03739817358211582,1.615039587020874,state,,
-0.4721110320895226,,,-0.05811640195837717,-0.05811640195837717,,,,,,,1.6150481700897217,control,-0.2360555160447613,-0.2360555160447613
,-0.004236269376872341,-0.0006245534842115138,,,0.0007179473571172022,-3.6151680614696224,-5.950686981413463e-05,-0.08592565427125236,-0.08746826488304085,-0.0866969595771466,1.6202716827392578,state,,
-0.49999997115242506,,,-0.08695407391920962,-0.08695407391920962,,,,,,,1.6202807426452637,control,-0.2499999855762126,-0.24999998557621245
,-0.004378119059620241,-0.004288762526147062,,,-0.0028243919712950417,-7.192653432277087,-0.00026936345415396357,-0.17861250427995276,-0.18058284531770138,-0.17959767479882707,1.625476360321045,state,,
-0.49999997115242506,,,-0.11521499244082542,-0.11521499244082542,,,,,,,1.6254866123199463,control,-0.24999998557621253,-0.24999998557621253
,0.007428689282750596,0.008562007699231334,,,-0.009574384742361953,-10.485893447820505,-0.00023179665069454706,-0.28510383471778744,-0.2837775348104247,-0.2844406847641061,1.6305928230285645,state,,
-0.49999997115242506,,,-0.1429106925920089,-0.1429106925920089,,,,,,,1.6306023597717285,control,-0.24999998557621225,-0.2499999855762128
,-0.0015990793486120826,-0.003419520594856027,,,-0.008235169701233478,-14.955437899093326,-0.000351798140324209,-0.42117670872317803,-0.43952905835377193,-0.430352883538475,1.6357793807983398,state,,
-0.49999997115242506,,,-0.1700524787401687,-0.1700524787401687,,,,,,,1.6357884407043457,control,-0.24999998557621225,-0.2499999855762128
,-0.00020947201214527235,-0.004859968520698634,,,-0.007794044991709749,-19.336560604438773,-0.000497672471915606,-0.5888275042514293,-0.6046993358394818,-0.5967634200454555,1.6409337520599365,state,,
-0.49999997115242506,,,-0.19665142916536532,-0.19665142916536532,,,,,,,1.6409425735473633,control,-0.24999998557621309,-0.24999998557621197
,-0.0006208808077182036,0.008481752463166558,,,-0.004553378442385049,-23.860980376361688,-0.0003363914092288328,-0.7921104553483291,-0.7840429427710461,-0.7880766990596877,1.6459684371948242,state,,
-0.49999997115242506,,,-0.22271840058205802,-0.22271840058205802,,,,,,,1.6459767818450928,control,-0.24999998557621197,-0.24999998557621309
,-0.0029813310353706286,0.003578695163336143,,,-0.00809631210053407,-29.007758980216337,-0.0004100818786789409,-1.0060516716867463,-1.024006367395407,-1.0150290195410765,1.6510400772094727,state,,
-0.49999997115242506,,,-0.24826403257041685,-0.24826403257041685,,,,,,,1.6510486602783203,control,-0.24999998557621364,-0.24999998557621142
,0.0006913036209474184,-0.00991109436224687,,,-0.008324020341883197,-34.5570488087921,-0.000654925584301803,-1.2760339617686143,-1.2762339467749417,-1.276133954271778,1.6564102172851562,state,,
-0.43532695059186005,,,-0.27329875191900854,-0.27329875191900854,,,,,,,1.6564199924468994,control,-0.21766347529593003,-0.21766347529593003
,0.0008309622367270575,-0.006524932448856277,,,-0.009934516006647633,-38.63729826691062,-0.0008604146287119817,-1.535415425397731,-1.5331038398764492,-1.53425963263709,1.661515474319458,state,,
0.4999983915336142,,,-0.23783277688062834,-0.23783277688062834,,,,,,,1.6615397930145264,control,0.2499991957668071,0.2499991957668071
,-0.005299112470209842,-0.002366998206842644,,,-0.010714784280167153,-40.90452481735396,-0.0010209901483512675,-1.7777682107341077,-1.7719643652360608,-1.7748662879850843,1.6665308475494385,state,,
0.4999983915336142,,,-0.20307612134301578,-0.20307612134301578,,,,,,,1.666538953781128,control,0.2499991957668071,0.2499991957668071
,-0.0010970038904651981,-0.0016007766751340866,,,-0.014902989248946142,-40.912522807746136,-0.0012065897234868645,-1.9890299555160273,-1.970082432472746,-1.9795561939943866,1.6715965270996094,state,,
0.4999983915336142,,,-0.16901459891615547,-0.16901459891615547,,,,,,,1.671605110168457,control,0.2499991957668071,0.2499991957668071
,0.0004458764451460077,-0.0013302307426980105,,,-0.012751903964171358,-39.26786581617781,-0.0012625777707595757,-2.143506948357646,-2.1559330398131564,-2.1497199940854013,1.6767911911010742,state,,
0.4999983915336142,,,-0.13563430693783235,-0.13563430693783235,,,,,,,1.6768007278442383,control,0.2499991957668071,0.2499991957668071
,-0.0017696218375784776,0.0024626206571217155,,,-0.014130553053268494,-36.66207455259674,-0.0013252801813960768,-2.275597796782806,-2.307518024861044,-2.2915579108219246,1.681962013244629,state,,
0.4999983915336142,,,-0.10292162079907571,-0.10292162079907571,,,,,,,1.6819720268249512,control,0.24999919576680488,0.24999919576680932
,0.0026763413007305672,-0.0022914787151981485,,,-0.01349930861255997,-32.345121883554256,-0.001407544389932776,-2.3852238324303916,-2.3839303367746276,-2.3845770846025096,1.68709397315979,state,,
0.4999983915336142,,,-0.0708631883830942,-0.0708631883830942,,,,,,,1.687103509902954,control,0.2499991957668071,0.2499991957668071
,-0.005076501924454287,0.004243808034513109,,,-0.020766037941989893,-28.042808794923012,-0.0015831858869480699,-2.4629293131147634,-2.4497060650825615,-2.4563176890986624,1.6922969818115234,state,,
0.4999983915336142,,,-0.03944592461543232,-0.03944592461543232,,,,,,,1.6923081874847412,control,0.2499991957668071,0.2499991957668071
,0.0054432468150547066,0.003287868264168284,,,-0.023837705339325915,-23.436726419114866,-0.001644547193553483,-2.4969111881568473,-2.503475298551961,-2.500193243354404,1.6973638534545898,state,,
0.4999983915336142,,,-0.00865700612312368,-0.00865700612312368,,,,,,,1.6973724365234375,control,0.2499991957668071,0.2499991957668071
,0.0005946321478387118,0.002530377219480605,,,-0.027214593774078442,-18.750735528314287,-0.001776069477351134,-2.5276538421235415,-2.5110802771575083,-2.519367059640525,1.7024915218353271,state,,
0.4999983915336142,,,0.021516133999338792,0.021516133999338792,,,,,,,1.7025201320648193,control,0.2499991957668071,0.2499991957668071
,-0.0006161359021383565,-0.010751894688739435,,,-0.02799866724884476,-12.997377618463348,-0.00212400161906898,-2.5023306509282492,-2.483242174391507,-2.4927864126598784,1.7076833248138428,state,,
0.4999983915336142,,,0.05108581131935201,0.05108581131935201,,,,,,,1.7076919078826904,control,0.24999919576680932,0.24999919576680488
,0.0032853720113476042,0.005639008813172677,,,-0.02711986706588373,-6.700044817528511,-0.00210138173980692,-2.427752408961912,-2.424370535820428,-2.42606147239117,1.7128040790557861,state,,
0.4999983915336142,,,0.08006409509296497,0.08006409509296497,,,,,,,1.7128374576568604,control,0.2499991957668071,0.2499991957668071
,-0.0032748881566300905,0.0022078897414248757,,,-0.025143713900129896,-1.666331063131326,-0.0021648581616204293,-2.350910470526622,-2.3576476996626368,-2.354279085094629,1.717888355255127,state,,
0.4999983915336142,,,0.10846281319110566,0.10846281319110566,,,,,,,1.7178959846496582,control,0.24999919576680488,0.24999919576680932
,0.006195677455539461,-0.010353029953531158,,,-0.02381695110303407,3.8380374160838224,-0.0023935974063281555,-2.2515825194874264,-2.243385786127732,-2.247484152807579,1.7230775356292725,state,,
0.4999983915336142,,,0.13629355692728357,0.13629355692728357,,,,,,,1.7230896949768066,control,0.24999919576680488,0.24999919576680932
,0.0041991184116719526,-0.0094395335461912,,,-0.028049266934134967,9.688095842257093,-0.002723073054145301,-2.111403030232519,-2.100471173779694,-2.1059371020061066,1.7281811237335205,state,,
0.4999983915336142,,,0.1635676857887379,0.1635676857887379,,,,,,,1.7282118797302246,control,0.24999919576680932,0.24999919576680488
,-0.001791201791992698,0.007825685715498862,,,-0.025348738609496206,15.296452255604905,-0.0026484816598326293,-1.9469537708153017,-1.933436381479775,-1.9401950761475384,1.7333042621612549,state,,
0.4999983915336142,,,0.19029633207296315,0.19029633207296315,,,,,,,1.7333130836486816,control,0.2499991957668071,0.2499991957668071
,-0.006900686665336401,0.0007162571664041419,,,-0.020430403587839308,20.13909190751346,-0.00268666178645774,-1.7621610991131726,-1.7626921264639572,-1.7624266127885648,1.738684892654419,state,,
0.4999983915336142,,,0.21649040543150389,0.21649040543150389,,,,,,,1.738694429397583,control,0.249999195766806,0.2499991957668082
,-6.929998809274855e-05,-0.0010952485545924868,,,-0.01896334130030095,25.981693721234013,-0.002753616393046603,-1.5477737713715487,-1.5312867251589812,-1.5395302482652649,1.743727207183838,state,,
0.4999983915336142,,,0.24216059732287382,0.24216059732287382,,,,,,,1.7437362670898438,control,0.249999195766806,0.2499991957668082
,0.00029687898784711404,0.007647124408509702,,,-0.014951979448205453,31.08623168109949,-0.0025948306253565133,-1.2992283609664275,-1.3064873290505454,-1.3028578450084864,1.7487998008728027,state,,
0.4999983915336142,,,0.26731738537641636,0.26731738537641636,,,,,,,1.7488081455230713,control,0.2499991957668071,0.2499991957668071
,0.0024115785759039167,-0.0027567937156713056,,,-0.013882191434936493,36.83986015687495,-0.002657347196651006,-1.0330228693544938,-1.0211505365669389,-1.0270867029607165,1.7538049221038818,state,,
0.4999983915336142,,,0.291971037668888,0.291971037668888,,,,,,,1.753812551498413,control,0.2499991957668082,0.249999195766806
,-0.001290578906032518,0.0020946786001884484,,,-0.013485240081978852,41.48590987310084,-0.0026645720885562483,-0.7445174325997571,-0.7469085189530575,-0.7457129757764074,1.75905179977417,state,,
0.4999983915336142,,,0.31613161691551017,0.31613161691551017,,,,,,,1.7590885162353516,control,0.24999919576680765,0.24999919576680654
,9.499388421931264e-05,-0.0017741075987727198,,,-0.01497080743533554,46.93739310375288,-0.0027698435339378676,-0.42495721405145265,-0.42356870579566347,-0.42426295992355806,1.7641220092773438,state,,
0.4999983915336142,,,0.3398089845772,0.3398089845772,,,,,,,1.7641606330871582,control,0.2499991957668071,0.2499991957668071
,-0.0027683720430554987,0.0015122294606116694,,,-0.010897274237201634,51.96846244349972,-0.0027265857222203483,-0.09111385464969354,-0.07758352987066798,-0.08434869226018077,1.7694170475006104,state,,
0.4999983915336142,,,0.363012804885656,0.363012804885656,,,,,,,1.7694270610809326,control,0.24999919576680718,0.24999919576680701
,-0.0006888176534354033,-0.001470883201147321,,,-0.009052941937372709,57.097394050464246,-0.002749873565223846,0.2875572123931766,0.2779783071968369,0.2827677597950068,1.7745003700256348,state,,
0.4999983915336142,,,0.38575254878794285,0.38575254878794285,,,,,,,1.7745110988616943,control,0.24999919576680682,0.24999919576680737
,0.004071616541203317,-0.004618963839331483,,,-0.0060916198592441346,62.11534999699525,-0.0027638620499795936,0.6554990629434431,0.6909164552380789,0.673207759090761,1.7795429229736328,state,,
0.4999983915336142,,,0.408037497812184,0.408037497812184,,,,,,,1.7795517444610596,control,0.24999919576680654,0.24999919576680765
,-0.00670339446083194,-0.0011640168426269725,,,-0.001160243279577164,66.55229799016931,-0.0027385577337976836,1.090863932974966,1.0623070061793123,1.076585469577139,1.7847034931182861,state,,
0.4999983915336142,,,0.4298767478559403,0.4298767478559403,,,,,,,1.7847120761871338,control,0.2499991957668082,0.249999195766806
,0.006951354192539371,-0.0032005002348374314,,,-0.0004716532244813116,70.61708445902624,-0.002712952557025051,1.4942627767699346,1.4944651788009327,1.4943639777854336,1.7898609638214111,state,,
0.4999983915336142,,,0.45127921289882156,0.45127921289882156,,,,,,,1.7898731231689453,control,0.2499991957668071,0.2499991957668071
,-0.0033689427602722455,-0.0063817297179804035,,,0.004961578882311397,75.76446953318364,-0.002722964779141825,1.9543299863666628,1.9558890202459593,1.955109503306311,1.7948763370513916,state,,
0.4999983915336142,,,0.4722536286408451,0.4722536286408451,,,,,,,1.794884204864502,control,0.2499991957668071,0.2499991957668071
,-0.004430028642092176,-0.008728491217756018,,,0.008897849036550618,80.0224840359345,-0.0027882972398072404,2.41404864628726,2.4319320118586623,2.4229903290729613,1.8001670837402344,state,,
0.4999983915336142,,,0.4928085560680282,0.4928085560680282,,,,,,,1.8002088069915771,control,0.24999919576680488,0.24999919576680932
,-0.0025943155364310444,0.0041588357335408084,,,0.013281560428801947,84.63335510342053,-0.002570917053649582,2.9167514640638177,2.9223313295862714,2.9195413968250445,1.8050122261047363,state,,
0.4999983915336142,,,0.5129523849466676,0.5129523849466676,,,,,,,1.805020809173584,control,0.2499991957668071,0.2499991957668071
,-0.004770229314343696,-0.00014294083533902932,,,0.020702943348268624,88.96597149886517,-0.0023701848391485683,3.4184015007921777,3.448252471017764,3.433326985904971,1.8103666305541992,state,,
-0.5,,,0.4726933372477342,0.4726933372477342,,,,,,,1.8103752136230469,control,-0.2500000000000022,-0.24999999999999778
,-0.0030856283857363977,0.005795445177277638,,,0.02843296787318513,90.14213374022853,-0.0020079902472755536,3.907763162732551,3.8977505533978807,3.902756858065216,1.8153982162475586,state,,
-0.5,,,0.43323947050277956,0.43323947050277956,,,,,,,1.815406084060669,control,-0.25,-0.25
,-2.9417005735142924e-05,0.0018749794833519654,,,0.03267520038250159,89.09602058513127,-0.0017367525952952595,4.337532694037492,4.325642412010816,4.331587553024153,1.8205358982086182,state,,
-0.5,,,0.394574681092724,0.394574681092724,,,,,,,1.8205437660217285,control,-0.24999999999999556,-0.25000000000000444
,-0.009969480313168778,-0.00034941143056845355,,,0.03845393963986904,87.09577210934039,-0.0015337975338717757,4.732415942921827,4.738046997753054,4.735231470337441,1.8258111476898193,state,,
-0.5,,,0.35668318747086947,0.35668318747086947,,,,,,,1.825819730758667,control,-0.25,-0.25
,-0.006422476728897654,-5.182752096588731e-05,,,0.04384077995716304,82.50762531155189,-0.0012827461004886996,5.076456649395646,5.073037295894896,5.074746972645271,1.8307533264160156,state,,
-0.5,,,0.31954952372145207,0.31954952372145207,,,,,,,1.8307766914367676,control,-0.25,-0.25
,0.00421333505928575,0.0031385537575775286,,,0.04535246374709083,78.68104792282365,-0.0009515052565129312,5.415292793225667,5.399207889985155,5.407250341605412,1.836172103881836,state,,
-0.5,,,0.283158533247023,0.283158533247023,,,,,,,1.8361804485321045,control,-0.25000000000000444,-0.24999999999999556
,0.0037900619994628982,-0.004101285635807607,,,0.04295762660820589,72.79265127220101,-0.0008371390945858592,5.661598735112614,5.693394974053749,5.677496854583182,1.841324806213379,state,,
-0.5,,,0.24749536258208252,0.24749536258208252,,,,,,,1.8413338661193848,control,-0.25,-0.25
,0.002849556675398323,-0.002744393385280686,,,0.04770675463904611,68.01680310763608,-0.0005721528279177165,5.93990753095599,5.94323424071736,5.941570885836676,1.8464555740356445,state,,
-0.5,,,0.21254545533044086,0.21254545533044086,,,,,,,1.8464655876159668,control,-0.25000000000000444,-0.24999999999999556
,-0.0033576601689971762,-0.0009985393797324602,,,0.04761856049432305,61.71647393568591,-0.00040203339822336427,6.153900804149623,6.145860000716199,6.1498804024329115,1.8516273498535156,state,,
-0.5,,,0.17829454622383203,0.17829454622383203,,,,,,,1.8516356945037842,control,-0.25000000000000444,-0.24999999999999556
,0.005894960764293085,-0.00800058189156994,,,0.04680867545058718,55.75682950633505,-0.00031183906217283194,6.337530403424876,6.330097322504043,6.33381386296446,1.8570199012756348,state,,
-0.5,,,0.14472865529935539,0.14472865529935539,,,,,,,1.8570327758789062,control,-0.25000000000000444,-0.24999999999999556
,-0.0037136530538702155,-0.004476595922552511,,,0.05337558889762171,49.433893308482396,-8.214566551121801e-05,6.485459997136532,6.475241351728627,6.48035067443258,1.8621490001678467,state,,
-0.5,,,0.11183408219336827,0.11183408219336827,,,,,,,1.8621623516082764,control,-0.25,-0.25
,0.0012569441014816368,-0.0007455712752739413,,,0.06198188952650699,42.72622878333116,0.0003231374914344709,6.5827563230730295,6.591695720469448,6.587226021771238,1.8670010566711426,state,,
-0.5,,,0.0795974005495009,0.0795974005495009,,,,,,,1.8670125007629395,control,-0.24999999999999556,-0.25000000000000444
,-0.0005106004748983236,0.004116419606064446,,,0.06473068618739423,36.39112772797257,0.0007195794318104721,6.673422498849529,6.663288292383273,6.668355395616401,1.8723881244659424,state,,
-0.5,,,0.04800545253851088,0.04800545253851088,,,,,,,1.8723983764648438,control,-0.25,-0.25
,-0.003645437250583286,-0.00272994151916044,,,0.06678791985160894,29.55983585613461,0.0009569678252836642,6.717718508665847,6.697143867307003,6.707431187986424,1.8773598670959473,state,,
-0.5,,,0.017045343487740665,0.017045343487740665,,,,,,,1.8773691654205322,control,-0.24999999999999556,-0.25000000000000444
,-0.002759331043691427,-0.0016333611458207778,,,0.0688800828341869,23.919516330289287,0.0012273496665188514,6.740012776269903,6.734507816374636,6.737260296322269,1.8825275897979736,state,,
-0.5,,,-0.01329556338201415,-0.01329556338201415,,,,,,,1.8825359344482422,control,-0.24999999999999556,-0.25000000000000444
,-0.001746511179453686,0.00046706136875489864,,,0.06868893334458914,17.19878664091343,0.0015023008967103974,6.717641262474986,6.714939726328961,6.7162904944019735,1.8878130912780762,state,,
-0.5,,,-0.043029652114373866,-0.043029652114373866,,,,,,,1.8878233432769775,control,-0.25,-0.25
,-0.0053150119263718435,0.0012551502700790436,,,0.07008127221856676,11.385190125021005,0.0017914018082041067,6.667869588080221,6.693510777444717,6.6806901827624685,1.893122673034668,state,,
-0.5,,,-0.07216905907208639,-0.07216905907208639,,,,,,,1.8931324481964111,control,-0.24999999999999556,-0.25000000000000444
,0.0023412498523711616,0.016475340261921035,,,0.06423654127770213,4.5181568083374986,0.00227270472484588,6.600238777524536,6.587738696738393,6.593988737131465,1.8981432914733887,state,,
-0.5,,,-0.10072567789064465,-0.10072567789064465,,,,,,,1.8981528282165527,control,-0.25,-0.25
,-0.004122072134947005,-0.005185308377097611,,,0.06337170089385329,-0.9653968628773555,0.0023675796387951425,6.514791735881585,6.48898483525586,6.501888285568723,1.903346300125122,state,,
-0.5,,,-0.12871116433283175,-0.12871116433283175,,,,,,,1.9033548831939697,control,-0.25,-0.25
,-0.00413881520966309,-0.0009810024590870131,,,0.06251343734041481,-6.466547013038855,0.002534401779578016,6.3847069759073936,6.379297077281879,6.382002026594636,1.9084570407867432,state,,
-0.5,,,-0.15613694104617512,-0.15613694104617512,,,,,,,1.90846586227417,control,-0.24999999999999556,-0.25000000000000444
,-0.009960815846843014,0.006821481999073866,,,0.06048100430676221,-12.542665937831778,0.002771258581673981,6.221886262893953,6.223282258577999,6.222584260735976,1.9134631156921387,state,,
-0.5,,,-0.1830142022252516,-0.1830142022252516,,,,,,,1.9134712219238281,control,-0.25,-0.25
,-0.0024120063508267712,-0.0013648729644555276,,,0.05819195211536239,-18.523145320156445,0.002892213709609185,6.0412716442525065,6.0283008528666535,6.0347862485595805,1.9186036586761475,state,,
-0.5,,,-0.20935391818074658,-0.20935391818074658,,,,,,,1.918612003326416,control,-0.25000000000000444,-0.24999999999999556
,0.0014086385928549056,-0.0014392967398547947,,,0.053643542013131665,-24.31299885549945,0.0029802199268526867,5.833309210279157,5.808836536299426,5.821072873289291,1.9238500595092773,state,,
-0.5,,,-0.23516683981713166,-0.23516683981713166,,,,,,,1.923858404159546,control,-0.24999999999999556,-0.25000000000000444
,-0.004153610412799084,0.002072315291771567,,,0.05441930069726239,-30.095154650303503,0.0031772029297343993,5.575955942464959,5.581186522316485,5.578571232390722,1.9292142391204834,state,,
-0.5,,,-0.260463503020789,-0.260463503020789,,,,,,,1.9292268753051758,control,-0.25,-0.25
,-0.0015150943889547766,0.007846591221876555,,,0.0521109348955745,-34.536907793077205,0.0034376556389115655,5.331750758294721,5.338637234822672,5.335193996558696,1.93424654006958,state,,
-0.5,,,-0.2852542329603732,-0.2852542329603732,,,,,,,1.9342830181121826,control,-0.25,-0.25
,0.006181386010039591,0.005332374172125766,,,0.04694965757118562,-40.379336006601136,0.0036335918305417715,5.047754552040172,5.032869815042833,5.040312183541502,1.9393103122711182,state,,
-0.5,,,-0.30954914830116576,-0.30954914830116576,,,,,,,1.9393982887268066,control,-0.24999999999999556,-0.25000000000000444
,-0.006945137404204625,-0.0046764511461333804,,,0.04825558456461508,-45.23917686040137,0.00364951793065065,4.729442590950101,4.74409646862444,4.736769529787271,1.9443647861480713,state,,
-0.5,,,-0.3333581653351424,-0.3333581653351424,,,,,,,1.9443728923797607,control,-0.25000000000000444,-0.24999999999999556
,0.00019821217710695824,-0.006756615856879201,,,0.04729737201391335,-50.55074250167729,0.0036395478449358287,4.3997874871639775,4.399171761920564,4.399479624542271,1.9496679306030273,state,,
-0.5,,,-0.3566910020284395,-0.3566910020284395,,,,,,,1.9496774673461914,control,-0.25,-0.25
,0.00599112723787997,-0.0009154259863076357,,,0.04353231695377698,-54.79525671442247,0.0037190464165615146,4.062562236520075,4.0533373618238,4.057949799171938,1.9551937580108643,state,,
-0.5,,,-0.3795571819878707,-0.3795571819878707,,,,,,,1.955207109451294,control,-0.25000000000000444,-0.24999999999999556
,-0.00222752539406924,-0.00195608389606252,,,0.04394366768595301,-60.4866063571403,0.003783739655268518,3.6657869175625546,3.664085331509351,3.664936124535953,1.9602885246276855,state,,
-0.5,,,-0.4019660383481133,-0.4019660383481133,,,,,,,1.9603016376495361,control,-0.2500000000000022,-0.24999999999999778
,0.0021751218617818515,-0.00035443961945583343,,,0.04210971735198981,-65.04865925064868,0.00386557612815158,3.2738390663847348,3.260331936450976,3.2670855014178555,1.9650073051452637,state,,
-0.5,,,-0.42392671758115097,-0.42392671758115097,,,,,,,1.9650158882141113,control,-0.25,-0.25
,-0.0025889559388623225,-0.0037867415376799892,,,0.03899035905188042,-70.33542199275847,0.003811319342724928,2.8386796385381996,2.8238542596977596,2.8312669491179796,1.9702811241149902,state,,
-0.5,,,-0.44544818322952795,-0.44544818322952795,,,,,,,1.9702894687652588,control,-0.25,-0.25
,-0.0035976316310774976,0.0023316503712965957,,,0.03766264724321366,-74.43450256689499,0.003885709976404843,2.3828562963985216,2.404854789067329,2.3938555427329256,1.9757356643676758,state,,
-0.5,,,-0.4665392195649374,-0.4665392195649374,,,,,,,1.9757487773895264,control,-0.2500000000000022,-0.24999999999999778
,0.0013482343248122095,-0.0024394985262412407,,,0.031809957083887196,-78.37958652461633,0.0038074966530332694,1.9370977757789907,1.9412415218839194,1.939169648831455,1.9805519580841064,state,,
-0.5,,,-0.48720843517363865,-0.48720843517363865,,,,,,,1.980560541152954,control,-0.2499999999999989,-0.2500000000000011
,0.0005884844389295277,0.00016380178887260454,,,0.02857189993111629,-83.33663907798565,0.0037984608220418656,1.4340846712409454,1.4531003522351018,1.4435925117380237,1.985854148864746,state,,
-0.5,,,-0.5074642664701658,-0.5074642664701658,,,,,,,1.9858689308166504,control,-0.2500000000000011,-0.2499999999999989
,-0.0007385258753568476,-0.0031973528044365817,,,0.023934693277604568,-87.80599533421632,0.003672788743219648,0.9375101362769299,0.9293509057333947,0.9334305210051623,1.9913148880004883,state,,
-0.5,,,-0.5273149811407625,-0.5273149811407625,,,,,,,1.991330623626709,control,-0.25,-0.25
,0.007883385261085453,-0.004228056336281263,,,0.021557263190804928,-92.06888853517619,0.003618129114492299,0.39396551824637316,0.41651453345107087,0.405240025848722,1.995992660522461,state,,
-0.5,,,-0.5467686815179472,-0.5467686815179472,,,,,,,1.9960005283355713,control,-0.24999999999999972,-0.2500000000000003
,0.004405531144044176,0.006486402922137718,,,0.01806052235812774,-96.57912507747632,0.0037031002138111333,-0.14880799430108613,-0.15006849282038642,-0.14943824356073626,2.001213550567627,state,,
-0.5,,,-0.5658333078875883,-0.5658333078875883,,,,,,,2.001251459121704,control,-0.2500000000000001,-0.24999999999999986
,-0.003931044749072293,-0.01249902798517492,,,0.010142673877423434,-101.142468189327,0.0032641444697824144,-0.7188770395800161,-0.7366798520898041,-0.7277784458349101,2.0065393447875977,state,,
-0.5,,,-0.5845166417298366,-0.5845166417298366,,,,,,,2.006554365158081,control,-0.25,-0.25
,0.0016928451091572096,-0.0093142179668936,,,0.005736852701611773,-103.72652082397522,0.0029680706969470536,-1.277771409719336,-1.2973036401930167,-1.2875375249561762,2.011730909347534,state,,
-0.5,,,-0.6028263088952399,-0.6028263088952399,,,,,,,2.0117440223693848,control,-0.2500000000000011,-0.2499999999999989
,0.001280694547501561,-0.005397064483013692,,,-0.0018141826103594133,-107.68496259853846,0.002661540178179206,-1.897966676936082,-1.879959114034294,-1.888962895485188,2.0166468620300293,state,,
-0.5,,,-0.6207697827173352,-0.6207697827173352,,,,,,,2.0166566371917725,control,-0.2499999999999989,-0.2500000000000011
,0.0060908965665771395,0.006054060035379811,,,-0.010976694304270306,-111.77347740460576,0.0025394807957844693,-2.5189031284456584,-2.5068989048287778,-2.512901016637218,2.0217273235321045,state,,
-0.5,,,-0.6383543870629885,-0.6383543870629885,,,,,,,2.021735668182373,control,-0.25,-0.25
,0.0008724324136213845,0.001290249829561739,,,-0.01444072551374084,-115.77583282728467,0.002364545585813951,-3.1559531668368694,-3.1550061246164134,-3.1554796457266416,2.0268874168395996,state,,
-0.5,,,-0.6555872993217288,-0.6555872993217288,,,,,,,2.0268971920013428,control,-0.24999999999999778,-0.2500000000000022
,-0.0010543185728641184,-0.002248319980216596,,,-0.023187753974892776,-119.8332087494044,0.0019878276193527663,-3.8093169158962,-3.829124749848606,-3.819220832872403,2.0319812297821045,state,,
-0.5,,,-0.6724755533352942,-0.6724755533352942,,,,,,,2.031989812850952,control,-0.25,-0.25
,0.0015103273560350661,-0.0035313236910135075,,,-0.026971390197436544,-122.83362766402868,0.0016727440697665965,-4.488306077765436,-4.473978164941433,-4.481142121353434,2.03712797164917,state,,
-0.5,,,-0.6890260422685883,-0.6890260422685883,,,,,,,2.037163734436035,control,-0.25000000000000444,-0.24999999999999556
,0.006638203631296068,-0.001970051014351067,,,-0.03459312427420822,-126.6376672117105,0.0013338331886605626,-5.187433154549619,-5.1623140998204775,-5.174873627185049,2.042304277420044,state,,
0.4999983915336142,,,-0.6452455214232166,-0.6452455214232166,,,,,,,2.04231333732605,control,0.24999919576681154,0.24999919576680266
,-0.003653156132675383,-0.0036714906998997566,,,-0.04473900742747601,-127.34260594315217,0.0008045788360218902,-5.818978233168125,-5.826633977370669,-5.822806105269397,2.047497034072876,state,,
0.4999983915336142,,,-0.6023406109947522,-0.6023406109947522,,,,,,,2.04750657081604,control,0.24999919576680266,0.24999919576681154
,-0.0019322250551043981,-0.0009874030324377742,,,-0.05265117715214058,-125.058253665193,0.00034460459092698224,-6.400073174452244,-6.423408381378394,-6.411740777915319,2.0526773929595947,state,,
0.4999983915336142,,,-0.5602937987748572,-0.5602937987748572,,,,,,,2.052687644958496,control,0.2499991957668071,0.2499991957668071
,-0.006506512476851618,0.0039434088842769605,,,-0.05339514517213967,-122.04398203525409,5.957407605311125e-05,-6.969884783819807,-6.978089346418083,-6.973987065118945,2.0581345558166504,state,,
0.4999983915336142,,,-0.51908792279936,-0.51908792279936,,,,,,,2.05814790725708,control,0.2499991957668071,0.2499991957668071
,-0.0016686494742331546,0.0014509449928084696,,,-0.058588825277850386,-117.41662229040267,-0.0003249569893404005,-7.499214358428167,-7.47563255934224,-7.487423458885203,2.0628228187561035,state,,
0.4999983915336142,,,-0.47870616434337276,-0.47870616434337276,,,,,,,2.062831401824951,control,0.24999919576680266,0.24999919576681154
,0.0054419046151213905,-0.0025812316356262853,,,-0.061762259281560206,-112.75234880839142,-0.000707896879422177,-7.975308330740365,-7.978593638995049,-7.976950984867707,2.067981004714966,state,,
0.4999983915336142,,,-0.4391320410565053,-0.4391320410565053,,,,,,,2.0679898262023926,control,0.2499991957668071,0.2499991957668071
,0.0062472719553577525,0.00507775357262949,,,-0.0657929594758577,-106.93180210542647,-0.0009680934382704917,-8.426290369994252,-8.411655864940606,-8.418973117467429,2.073413372039795,state,,
0.4999983915336142,,,-0.40034940023537513,-0.40034940023537513,,,,,,,2.0734264850616455,control,0.2499991957668071,0.2499991957668071
,0.0011905863073601577,-0.0031740471257229457,,,-0.06746840427663754,-100.13864878197836,-0.0013853526029131047,-8.809519180590042,-8.81358075604302,-8.81154996831653,2.078329086303711,state,,
0.4999983915336142,,,-0.36234241223066765,-0.36234241223066765,,,,,,,2.078338146209717,control,0.24999919576679822,0.24999919576681598
,0.0008477241913275832,-0.004697888635157834,,,-0.07291716147102403,-93.74997534092154,-0.0019106622861097206,-9.17750985203256,-9.179732046420895,-9.178620949226728,2.0835328102111816,state,,
0.4999983915336142,,,-0.3250955639860543,-0.3250955639860543,,,,,,,2.0835418701171875,control,0.2499991957668071,0.2499991957668071
,-0.004981315695366517,0.0039243022360927575,,,-0.07633448943569066,-86.3414930536477,-0.0022937130626849355,-9.489529018995183,-9.495308494629073,-9.492418756812128,2.0889551639556885,state,,
0.4999983915336142,,,-0.2885936527063332,-0.2885936527063332,,,,,,,2.0889713764190674,control,0.2499991957668071,0.2499991957668071
,-0.001460474402921051,0.014342446933235583,,,-0.08185704622768976,-80.49361224877231,-0.0025093867514318995,-9.81009785495613,-9.793531953814224,-9.801814904385177,2.0937156677246094,state,,
0.4999983915336142,,,-0.25282177965220654,-0.25282177965220654,,,,,,,2.0937247276306152,control,0.2499991957668071,0.2499991957668071
,0.0007168297587082181,0.0006166630676101657,,,-0.08471437889151368,-73.27350490108662,-0.00293188670256379,-10.048137350025478,-10.058404352948084,-10.053270851486781,2.0989909172058105,state,,
0.4999983915336142,,,-0.2177653440591624,-0.2177653440591624,,,,,,,2.0989999771118164,control,0.2499991957668071,0.2499991957668071
,-0.0006375165995787427,0.0015442986281044855,,,-0.08917521186735988,-66.10763095683942,-0.0033856388986329812,-10.268588495094223,-10.270932665487662,-10.269760580290942,2.1041226387023926,state,,
0.4999983915336142,,,-0.18341003717797916,-0.18341003717797916,,,,,,,2.104156255722046,control,0.2499991957668071,0.2499991957668071
,-0.00021931534767961826,-0.0006446394413353074,,,-0.09622310252410998,-58.81880609453637,-0.003942742769350301,-10.446680847838854,-10.449017872455068,-10.44784936014696,2.109266519546509,state,,
0.4999983915336142,,,-0.14974183643441957,-0.14974183643441957,,,,,,,2.1092758178710938,control,0.2499991957668071,0.2499991957668071
,0.004435568869447674,-0.0058189661372484314,,,-0.09862464718430264,-51.21368708673499,-0.004489511438695452,-10.575048023911682,-10.590709110670844,-10.582878567291264,2.114588499069214,state,,
0.4999983915336142,,,-0.11674699970573119,-0.11674699970573119,,,,,,,2.1146013736724854,control,0.24999919576681598,0.24999919576679822
,0.0018703592575866207,0.003956769377699408,,,-0.09973068054618647,-45.02482722746291,-0.004848081016902137,-10.699121696617283,-10.719886182498641,-10.709503939557962,2.11938214302063,state,,
0.4999983915336142,,,-0.08441205971161655,-0.08441205971161655,,,,,,,2.1193907260894775,control,0.2499991957668071,0.2499991957668071
,-0.013173866657912049,0.00024071453377528515,,,-0.10635464894524882,-37.889857885690475,-0.005498752009961448,-10.77675800186928,-10.794035328193104,-10.785396665031193,2.1248433589935303,state,,
0.4999983915336142,,,-0.052723818517384224,-0.052723818517384224,,,,,,,2.1248555183410645,control,0.24999919576681598,0.24999919576679822
,-0.0036771341413206634,-0.0070114043437321015,,,-0.10651418687526422,-31.502073163385628,-0.0061004929132973005,-10.840626936213596,-10.841857622690304,-10.84124227945195,2.1297945976257324,state,,
0.4999983915336142,,,-0.021669342147036537,-0.021669342147036537,,,,,,,2.1298036575317383,control,0.24999919576681598,0.24999919576679822
,0.0008878496941885552,0.0038589620607534735,,,-0.11179696512531394,-25.232760119619805,-0.006560227250863385,-10.87048764588895,-10.864766082069984,-10.867626863979467,2.13474178314209,state,,
0.4999983915336142,,,0.008764044695904194,0.008764044695904194,,,,,,,2.1347501277923584,control,0.2499991957668071,0.2499991957668071
,-0.002232265855923064,-0.010453349991035128,,,-0.11231512065983852,-19.535846660720317,-0.007227939763741647,-10.87875456050947,-10.870519246586547,-10.874636903548009,2.1398863792419434,state,,
0.4999983915336142,,,0.03858876380198611,0.03858876380198611,,,,,,,2.139895439147949,control,0.2499991957668071,0.2499991957668071
,-0.0054201963298713155,0.00010778652743885388,,,-0.11087946078037614,-12.63202898865637,-0.007672353244977098,-10.830301264747447,-10.825537490492302,-10.827919377619875,2.1449854373931885,state,,
0.4999983915336142,,,0.06781698852594639,0.06781698852594639,,,,,,,2.1449942588806152,control,0.2499991957668071,0.2499991957668071
,0.0018971397027891304,-0.0005156009896369909,,,-0.112128608334353,-6.00041495284254,-0.00811309892429621,-10.745512423527313,-10.75923965034539,-10.75237603693635,2.1503279209136963,state,,
0.4999983915336142,,,0.09646064875542747,0.09646064875542747,,,,,,,2.1503376960754395,control,0.24999919576679822,0.24999919576681598
,-0.0009598347064189581,-0.001198814939336705,,,-0.11290369811432444,0.02599106362309911,-0.008575341701129398,-10.641677597518141,-10.670988104398482,-10.65633285095831,2.1556756496429443,state,,
0.4999983915336142,,,0.12453143578031892,0.12453143578031892,,,,,,,2.1556851863861084,control,0.24999919576679822,0.24999919576681598
,-0.009377624105093253,-0.0074071298540398095,,,-0.11174285771773998,5.906922213939329,-0.009170267728211997,-10.539075170874392,-10.52732545639165,-10.53320031363302,2.1605401039123535,state,,
0.4999983915336142,,,0.15204080706471254,0.15204080706471254,,,,,,,2.160548686981201,control,0.2499991957668071,0.2499991957668071
,0.007869625532977015,0.00832057646289049,,,-0.10837005155895367,11.36304202342491,-0.009282102518150662,-10.371609123688897,-10.407487395786648,-10.389548259737772,2.1657426357269287,state,,
0.4999983915336142,,,0.17899999092341828,0.17899999092341828,,,,,,,2.1657519340515137,control,0.2499991957668071,0.2499991957668071
,0.0014860869419847484,-0.00043017517150296166,,,-0.10499357613503649,17.195827296666316,-0.009585011765210448,-10.224912537150434,-10.19656238771245,-10.210737462431442,2.170832872390747,state,,
0.4999983915336142,,,0.2054199911049499,0.2054199911049499,,,,,,,2.170842170715332,control,0.2499991957668071,0.2499991957668071
,0.0016693318199182319,-0.002483057188205259,,,-0.10305454164197544,23.074037749474364,-0.009931541542858609,-10.000212844616735,-10.003412452731634,-10.001812648674186,2.1758339405059814,state,,
0.4999983915336142,,,0.2313115912828509,0.2313115912828509,,,,,,,2.175842523574829,control,0.24999919576681598,0.24999919576679822
,-0.0015322732440230505,0.007849514884614056,,,-0.10028905745693785,29.12058247955082,-0.010076609443057251,-9.751398046799297,-9.76855392926998,-9.75997598803464,2.180968999862671,state,,
0.4999983915336142,,,0.25668535945719384,0.25668535945719384,,,,,,,2.1809775829315186,control,0.24999919576681598,0.24999919576679822
,-0.0004976353779508962,-0.002570754589588876,,,-0.09870095705478621,34.47824447193659,-0.010415172614533275,-9.50581450064799,-9.498815352801168,-9.50231492672458,2.186211585998535,state,,
0.4999983915336142,,,0.28155165226805,0.28155165226805,,,,,,,2.18622088432312,control,0.24999919576681598,0.24999919576679822
,-0.002503522299847758,0.006280333205111889,,,-0.0963457823373252,39.604068627186514,-0.010573998746787277,-9.219759422624932,-9.22566969420679,-9.222714558415861,2.191441059112549,state,,
0.4999983915336142,,,0.305920619222689,0.305920619222689,,,,,,,2.1914494037628174,control,0.2499991957668071,0.2499991957668071
,-0.0010945169830503811,0.0014136917757543257,,,-0.09636280051489965,44.26785439095579,-0.010846636709386388,-8.93029742496912,-8.924000236387947,-8.927148830678533,2.1965532302856445,state,,
0.4999983915336142,,,0.32980220683823525,0.32980220683823525,,,,,,,2.1965622901916504,control,0.24999919576679822,0.24999919576681598
,-0.003444514759118579,0.0032932214733537545,,,-0.0946132243787399,49.786399155265144,-0.011060248447343126,-8.58702062211003,-8.593752312111638,-8.590386467110834,2.2017664909362793,state,,
0.4999983915336142,,,0.35320616270147054,0.35320616270147054,,,,,,,2.20177960395813,control,0.2499991957668071,0.2499991957668071
,-0.001163360614553534,-0.003988326164115977,,,-0.08792669664368243,55.028702817561296,-0.011278092377550354,-8.231950120592398,-8.231668077245022,-8.23180909891871,2.2071075439453125,state,,
0.4999983915336142,,,0.37614203944744107,0.37614203944744107,,,,,,,2.2071456909179688,control,0.2499991957668071,0.2499991957668071
,0.0015035060284472363,-0.002247441031023655,,,-0.082770115056361,59.43986760497082,-0.011438038618121567,-7.87193629293617,-7.856871492709715,-7.864403892822942,2.2119758129119873,state,,
0.4999983915336142,,,0.39861919865849227,0.39861919865849227,,,,,,,2.211984395980835,control,0.24999919576680266,0.24999919576681154
,-0.002441877898212101,-0.0050008546924969815,,,-0.08320104441246168,64.01395448431786,-0.011764482110577198,-7.458919066022232,-7.4841514673845,-7.471535266703366,2.217021942138672,state,,
0.4999983915336142,,,0.4206468146853224,0.4206468146853224,,,,,,,2.2170305252075195,control,0.24999919576681154,0.24999919576680266
,0.0044337767319963155,-0.00791847008730037,,,-0.08250704662181325,69.42092964024735,-0.0120665581251103,-7.029758981793364,-7.046992890562645,-7.038375936178005,2.2223730087280273,state,,
0.4999983915336142,,,0.442233878391616,0.442233878391616,,,,,,,2.222381830215454,control,0.2499991957668071,0.2499991957668071
,-0.002786424422873137,0.003086398125783951,,,-0.08015740673169823,73.32176627156593,-0.012174531064091438,-6.60495956932188,-6.614407153904811,-6.609683361613346,2.2274155616760254,state,,
0.4999983915336142,,,0.46338920082378365,0.46338920082378365,,,,,,,2.2274246215820312,control,0.24999919576681154,0.24999919576680266
,0.01010897684365175,0.0006279702118811238,,,-0.07949302784531186,78.46039391762619,-0.01225324163874668,-6.138634672034056,-6.132560513900543,-6.135597592967299,2.232569932937622,state,,
0.4999983915336142,,,0.484121416807308,0.484121416807308,,,,,,,2.2325782775878906,control,0.24999919576680266,0.24999919576681154
,0.003221441983727573,-0.005232487152866414,,,-0.07126409919626546,82.12397657054791,-0.012332055859625969,-5.664940250230881,-5.6683997122705945,-5.666669981250738,2.2376608848571777,state,,
0.4999983915336142,,,0.5044389884711619,0.5044389884711619,,,,,,,2.2376697063446045,control,0.24999919576681154,0.24999919576680266
,0.00237610662705375,0.005068066564529204,,,-0.06574059855244344,87.03193908445985,-0.01223942821527455,-5.151455943758464,-5.155339328978653,-5.153397636368558,2.2428295612335205,state,,
0.4999983915336142,,,0.5243502087017387,0.5243502087017387,,,,,,,2.2428383827209473,control,0.24999919576680266,0.24999919576681154
,-0.013122293511647166,-0.001772072283538916,,,-0.06295127625401435,91.34086352200092,-0.012419768344301713,-4.6266315564946945,-4.629597756293588,-4.628114656394141,2.247931480407715,state,,
0.4999983915336142,,,0.5438632045277039,0.5438632045277039,,,,,,,2.24794340133667,control,0.24999919576680266,0.24999919576681154
,-0.004921575373086669,-0.004452032936012356,,,-0.06208572718682334,95.19456517967807,-0.012611118141039596,-4.091250331010172,-4.090366196377181,-4.090808263693676,2.253091812133789,state,,
0.4999983915336142,,,0.5629859404371498,0.5629859404371498,,,,,,,2.253100872039795,control,0.24999919576680266,0.24999919576681154
,0.0028171787828671024,-0.0010433307153179141,,,-0.054196432409042115,100.08238608142665,-0.012529652706279194,-3.5064764287463244,-3.5187320663345254,-3.512604247540425,2.2587697505950928,state,,
0.4999983915336142,,,0.5817262216284068,0.5817262216284068,,,,,,,2.258784294128418,control,0.24999919576680932,0.24999919576680488
,-0.005605894402759981,-0.0017804203286650687,,,-0.0441747754724576,103.32909144803489,-0.012443704042826775,-2.930268069844599,-2.9583036691841658,-2.944285869514382,2.2634992599487305,state,,
0.4999983915336142,,,0.6000916971958387,0.6000916971958387,,,,,,,2.2635080814361572,control,0.24999919576680488,0.24999919576680932
,0.004733292943665531,-0.00152884496473199,,,-0.040649055792181726,106.61829527118724,-0.0123620474647379,-2.3498390794872477,-2.3678510973713522,-2.3588450884293,2.268549680709839,state,,
0.4999983915336142,,,0.618089863251922,0.618089863251922,,,,,,,2.268559455871582,control,0.2499991957668071,0.2499991957668071
,-0.004708134696470101,-0.005808454326141168,,,-0.03322410987434047,111.76408696160564,-0.012334424347182672,-1.7081278072274604,-1.7281258632848249,-1.7181268352561427,2.274156093597412,state,,
0.4999983915336142,,,0.6357280659868835,0.6357280659868835,,,,,,,2.2741942405700684,control,0.2499991957668082,0.249999195766806
,0.008057342524906946,0.00023676067033121323,,,-0.028554656318685444,115.81140778415626,-0.012120374883408145,-1.081425772103561,-1.0678835975296246,-1.0746546848165928,2.278730869293213,state,,
0.4999983915336142,,,0.6530135046671458,0.6530135046671458,,,,,,,2.2787394523620605,control,0.2499991957668071,0.2499991957668071
,-0.0011617783964894544,-0.0003804159259052286,,,-0.023561819055678956,119.14155915719148,-0.011961036223760485,-0.41799108914748867,-0.4339006784612182,-0.42594588380435344,2.2839794158935547,state,,
0.4999983915336142,,,0.669953234573803,0.669953234573803,,,,,,,2.2839882373809814,control,0.2499991957668071,0.2499991957668071
,-0.010228093744147158,0.004767531700485368,,,-0.01906679060978121,122.47034131353689,-0.01176237102608881,0.23919027470678003,0.23957979775157642,0.23938503622917823,2.289473533630371,state,,
0.4999983915336142,,,0.6865541698823269,0.6865541698823269,,,,,,,2.289487361907959,control,0.2499991957668071,0.2499991957668071
,-0.002143498102058055,-0.0035961537082542633,,,-0.008028522846048552,125.78987118035477,-0.011506794380131085,0.9197125143499202,0.9226201873210338,0.921166350835477,2.294344425201416,state,,
0.4999983915336142,,,0.7028230864846804,0.7028230864846804,,,,,,,2.2943544387817383,control,0.24999919576680654,0.24999919576680765
,-0.010506039618743086,0.006493322420320659,,,-0.00490480062041288,129.110898547531,-0.011239226185394793,1.6219045996046673,1.6172486718675088,1.6195766357360881,2.2995972633361816,state,,
0.4999983915336142,,,0.7187666247549868,0.7187666247549868,,,,,,,2.2996087074279785,control,0.249999195766806,0.2499991957668082
,0.004085425666095525,0.0040727514465549695,,,0.0025599474364925465,132.60473645561927,-0.01080929049993187,2.3283184819962743,2.348094468718914,2.338206475357594,2.304788112640381,state,,
0.4999983915336142,,,0.7343912922598871,0.7343912922598871,,,,,,,2.304797649383545,control,0.2499991957668071,0.2499991957668071
,-0.00403878326772797,-0.003535294765371102,,,0.004570210635027512,136.56274895715953,-0.010664800825208398,3.0822455717836013,3.0857823193911127,3.084013945587357,2.3100168704986572,state,,
0.4999983915336142,,,0.7497034664146893,0.7497034664146893,,,,,,,2.310093641281128,control,0.2499991957668071,0.2499991957668071
,0.006020213320009827,-0.004230248336271217,,,0.010605396111489522,138.9714205756738,-0.010369039693000934,3.8055989683298823,3.8288135274759094,3.817206247902896,2.314908027648926,state,,
0.4999983915336142,,,0.7647093970863955,0.7647093970863955,,,,,,,2.314917802810669,control,0.24999919576680488,0.24999919576680932
,-0.0032300854736334985,0.0016647707025556169,,,0.019826168710765146,142.73152525305548,-0.009943567546962557,4.59498976278007,4.586425834745927,4.590707798762999,2.3199827671051025,state,,
0.4999983915336142,,,0.7794152091446677,0.7794152091446677,,,,,,,2.3199920654296875,control,0.24999919576680266,0.24999919576681154
,-0.003929839656687787,0.0041394276048861865,,,0.027401187314138556,146.01071176882905,-0.009474400799828881,5.374855893472921,5.371046570402498,5.3729512319377095,2.325294256210327,state,,
-0.5,,,0.7338269049617743,0.7338269049617743,,,,,,,2.3253040313720703,control,-0.25,-0.25
,-0.009515113552299193,0.0065717620232832175,,,0.03735750878730179,146.45079778355182,-0.008925008849148122,6.115823246777542,6.108595567859142,6.112209407318343,2.3304641246795654,state,,
-0.5,,,0.6891503668625387,0.6891503668625387,,,,,,,2.3304741382598877,control,-0.25000000000000444,-0.24999999999999556
,-0.00845432575346105,-0.0017769009695066396,,,0.04850467659445397,143.7976726763951,-0.00846056121115091,6.783500003665014,6.7944439426465815,6.788971973155798,2.33567214012146,state,,
-0.5,,,0.6453673595252879,0.6453673595252879,,,,,,,2.3356821537017822,control,-0.25,-0.25
,-0.00041684942849545137,0.004226002280879372,,,0.05528041621555167,140.35119709124206,-0.007869211383097442,7.443996062700889,7.4277551293986,7.435875596049744,2.3410019874572754,state,,
-0.5,,,0.6024600123347821,0.6024600123347821,,,,,,,2.3410115242004395,control,-0.24999999999999556,-0.25000000000000444
,0.0010094143862597778,0.0028786832341740434,,,0.05821134814814427,135.72274732386862,-0.007349720224668551,8.033419655158477,8.048230878313696,8.040825266736086,2.346021890640259,state,,
-0.5,,,0.5604108120880864,0.5604108120880864,,,,,,,2.34603214263916,control,-0.24999999999999112,-0.2500000000000089
,-0.004313246006890502,0.0004787129077009187,,,0.06424448495541363,130.68683370154264,-0.006846772916511575,8.612764748755472,8.615456012536725,8.6141103806461,2.351168394088745,state,,
-0.5,,,0.5192025958463247,0.5192025958463247,,,,,,,2.35117769241333,control,-0.2500000000000089,-0.24999999999999112
,0.0010109387343087525,-0.0021156990515430667,,,0.0678529878107436,123.43874110675628,-0.006382650322606177,9.11111443761601,9.12077978185415,9.11594710973508,2.3563318252563477,state,,
-0.5,,,0.47881854392939815,0.47881854392939815,,,,,,,2.35634183883667,control,-0.25,-0.25
,0.0012849754158858985,0.002438980150597089,,,0.07653396439708059,117.57056915874705,-0.005719543324199192,9.61765712826313,9.603153068306728,9.610405098284929,2.361395835876465,state,,
-0.5,,,0.43924217305081015,0.43924217305081015,,,,,,,2.36140513420105,control,-0.25,-0.25
,0.006470410810442618,-0.00010314138440052516,,,0.07597585331459394,110.28947162924952,-0.005225226528980848,10.053039532727185,10.038900847544422,10.045970190135805,2.3665168285369873,state,,
-0.5,,,0.40045732958979396,0.40045732958979396,,,,,,,2.3665273189544678,control,-0.2500000000000089,-0.24999999999999112
,0.008693283135920264,-0.0025312603804538707,,,0.08314989948007855,103.69474253227497,-0.004613621317554174,10.45961314613785,10.459357912629422,10.459485529383635,2.3717000484466553,state,,
-0.5,,,0.3624481829979981,0.3624481829979981,,,,,,,2.3717095851898193,control,-0.24999999999999112,-0.2500000000000089
,-0.009807040755829171,0.006178145699277949,,,0.08890942803036264,95.0618170291905,-0.003983776357902343,10.79915793321899,10.795636742408188,10.797397337813589,2.376913547515869,state,,
-0.5,,,0.3251992193380381,0.3251992193380381,,,,,,,2.3769524097442627,control,-0.25,-0.25
,0.007267300723702653,-0.00017354067837000155,,,0.09347995305580553,88.50527414923204,-0.003353800662456936,11.138054575219313,11.133091600112314,11.135573087665813,2.3820037841796875,state,,
-0.5,,,0.28869523495127736,0.28869523495127736,,,,,,,2.3820135593414307,control,-0.25,-0.25
,0.0007856317186595712,-0.0006704469659939716,,,0.09683816630867903,81.01375167019188,-0.002796249833102295,11.42606062765159,11.416760497617297,11.421410562634444,2.3871963024139404,state,,
-0.5,,,0.25292133025225183,0.25292133025225183,,,,,,,2.3872053623199463,control,-0.25,-0.25
,-0.010827120661513994,-0.0025713683727252297,,,0.10113525736901399,73.83302065820509,-0.002335707007388665,11.67075396046504,11.681827604271707,11.676290782368373,2.3923728466033936,state,,
-0.5,,,0.21786290364720678,0.21786290364720678,,,,,,,2.3923826217651367,control,-0.24999999999999112,-0.2500000000000089
,0.012997618775059644,-0.008520455011709279,,,0.10728619860544222,66.37009673177724,-0.0017588266267025458,11.894578661487675,11.884151624004891,11.889365142746282,2.3975603580474854,state,,
-0.5,,,0.18350564557426266,0.18350564557426266,,,,,,,2.3975701332092285,control,-0.24999999999999112,-0.2500000000000089
,5.115741686395847e-05,0.004248676108966179,,,0.11207395243827287,59.16377686390799,-0.0010503328338224652,12.08001840891904,12.06096535951806,12.07049188421855,2.402747631072998,state,,
-0.5,,,0.1498355326627774,0.1498355326627774,,,,,,,2.4027578830718994,control,-0.25,-0.25
,-0.003213601128756386,-0.008534217292874149,,,0.11463966284866142,52.409657145443916,-0.0006397169458462489,12.22828353393477,12.22180649807117,12.22504501600297,2.4078516960144043,state,,
-0.5,,,0.11683882200952186,0.11683882200952186,,,,,,,2.407860517501831,control,-0.25,-0.25
,0.0031552888028217904,-0.00043344697293158505,,,0.11736317791636612,45.446235884101576,-2.377238826292546e-05,12.31905090408736,12.363848903844827,12.341449903966094,2.4128365516662598,state,,
-0.5,,,0.08450204556933143,0.08450204556933143,,,,,,,2.4128458499908447,control,-0.25,-0.25
,-0.005447862189734753,-0.0035951136832584863,,,0.12071882996448717,38.28234202680912,0.0004835422520529113,12.412642957991073,12.425046446374454,12.418844702182763,2.41796612739563,state,,
-0.5,,,0.05281200465794479,0.05281200465794479,,,,,,,2.4179751873016357,control,-0.25,-0.25
,-0.0058403451714081735,-0.006513091484925322,,,0.119455094064018,32.21896388405794,0.0008453680700267718,12.500154539206145,12.466721183349119,12.483437861277633,2.4231934547424316,state,,
-0.5,,,0.021755764564785895,0.021755764564785895,,,,,,,2.423203229904175,control,-0.2500000000000089,-0.24999999999999112
,-0.0035390269318043783,-0.0040675701944194245,,,0.12190808988494452,25.227069863117542,0.0013324535543293564,12.510240532723174,12.4863469894618,12.498293761092487,2.428387403488159,state,,
-0.5,,,-0.008679350726509823,-0.008679350726509823,,,,,,,2.4283969402313232,control,-0.25,-0.25
,-0.0033580067699513624,0.001301008982625179,,,0.12684240427150792,18.60857051826451,0.0019737136493085607,12.486762637239833,12.48523721281102,12.485999925025427,2.4336211681365967,state,,
-0.5,,,-0.038505763711979626,-0.038505763711979626,,,,,,,2.43363094329834,control,-0.25,-0.25
,0.0038010489625259253,0.0017038908619261507,,,0.1265593236589575,13.185914941526125,0.0025800422350708866,12.454504251886886,12.476746259634679,12.465625255760783,2.4386966228485107,state,,
-0.5,,,-0.06773564843774003,-0.06773564843774003,,,,,,,2.4387059211730957,control,-0.25,-0.25
,0.008506012829442865,0.005110359524974667,,,0.12522961893584808,6.566174031179578,0.003249608435993327,12.399129992662905,12.387069361596597,12.39309967712975,2.443774700164795,state,,
-0.5,,,-0.09638093546898523,-0.09638093546898523,,,,,,,2.44378399848938,control,-0.25,-0.25
,0.0010563022820660262,0.0011849545420147438,,,0.12248261154320447,-0.16864083036467825,0.003741989044197508,12.276966186280386,12.293170944470765,12.285068565375575,2.448925256729126,state,,
-0.5,,,-0.12445331675960553,-0.12445331675960553,,,,,,,2.4489338397979736,control,-0.24999999999999112,-0.2500000000000089
,-0.0021690339263192855,0.0013348431472715314,,,0.12428273290981381,-5.637404736905724,0.004283091206393384,12.177393169094122,12.16229375262226,12.169843460858191,2.454096555709839,state,,
-0.5,,,-0.15196425042441342,-0.15196425042441342,,,,,,,2.4541120529174805,control,-0.25,-0.25
,0.002038035446505976,-0.0018062350304307998,,,0.12658805125879313,-11.889684666530655,0.004805468005111258,12.023054041690342,11.99871978208192,12.010886911886132,2.459294080734253,state,,
-0.5,,,-0.17892496541592515,-0.17892496541592515,,,,,,,2.459303855895996,control,-0.2500000000000089,-0.24999999999999112
,-0.0004325619967177282,-0.005459212722510356,,,0.12771054283804173,-17.899542769451,0.0052182634794279885,11.828368868133477,11.823109803072144,11.825739335602812,2.464278221130371,state,,
-0.5,,,-0.20534646610760665,-0.20534646610760665,,,,,,,2.464287519454956,control,-0.2500000000000089,-0.24999999999999112
,0.006476217308581586,0.007049754990331554,,,0.1294767012762369,-22.558159618787315,0.0059250994346592345,11.643991258945052,11.633617436164087,11.638804347554569,2.4696521759033203,state,,
-0.5,,,-0.2312395367854545,-0.2312395367854545,,,,,,,2.469663143157959,control,-0.24999999999999112,-0.2500000000000089
,0.00558988374145252,0.011625599422802566,,,0.1271638975713434,-29.395026904147727,0.006621233385305564,11.379776996665266,11.38625718465672,11.383017090660992,2.47499680519104,state,,
-0.5,,,-0.25661474604974543,-0.25661474604974543,,,,,,,2.475010871887207,control,-0.24999999999999112,-0.2500000000000089
,0.00958012898522783,-0.00407510601743926,,,0.12313272204352362,-34.163497668037266,0.006994974151586864,11.129140310200809,11.143473755828362,11.136307033014585,2.4798614978790283,state,,
-0.5,,,-0.2814824511287505,-0.2814824511287505,,,,,,,2.4798974990844727,control,-0.25,-0.25
,-0.0020570752333331243,-0.008718329398107422,,,0.11494029659617724,-39.25220194527276,0.007083531958922946,10.864905017393163,10.853208541252299,10.859056779322732,2.485020637512207,state,,
-0.5,,,-0.3058528021061755,-0.3058528021061755,,,,,,,2.4850306510925293,control,-0.2500000000000089,-0.24999999999999112
,0.005713192393524912,-0.00461713798453449,,,0.11172264844574441,-44.53724338708045,0.007366017964773577,10.556048251623817,10.548464779168999,10.552256515396408,2.4905014038085938,state,,
-0.5,,,-0.329735746064052,-0.329735746064052,,,,,,,2.490518808364868,control,-0.25,-0.25
,-0.008166825912123279,-0.0016999363442513464,,,0.10790986227748622,-49.78375612182451,0.007565962007647027,10.213612531830675,10.226061250598077,10.219836891214376,2.4953081607818604,state,,
-0.5,,,-0.35314103114277096,-0.35314103114277096,,,,,,,2.4953179359436035,control,-0.25,-0.25
,-0.0007995254314229598,-0.003045127882272297,,,0.1032849086300667,-54.043348162905595,0.00775632072524786,9.887041170490512,9.876612104530592,9.881826637510553,2.5005674362182617,state,,
-0.5,,,-0.3760782105199155,-0.3760782105199155,,,,,,,2.5005764961242676,control,-0.2500000000000089,-0.24999999999999112
,-0.0020386457222182587,0.005023297285887969,,,0.09915065426947386,-59.3715490576226,0.008070890888960769,9.506436072896204,9.4938998095125,9.500167941204353,2.5058107376098633,state,,
-0.5,,,-0.39855664630951726,-0.39855664630951726,,,,,,,2.5058202743530273,control,-0.2500000000000089,-0.24999999999999112
,-0.001786233024241913,0.005049122338812357,,,0.09593635913163359,-64.80597664569247,0.00838012281052898,9.0754645852089,9.103828328039622,9.089646456624262,2.5110223293304443,state,,
-0.5,,,-0.42058551338332695,-0.42058551338332695,,,,,,,2.511035680770874,control,-0.2500000000000089,-0.24999999999999112
,-0.0037752353179387054,-0.0009708896109523918,,,0.09365939828643804,-68.90419651807534,0.00856007000772609,8.677197255011473,8.682603302942864,8.679900278977168,2.5159239768981934,state,,
-0.5,,,-0.44217380311566035,-0.44217380311566035,,,,,,,2.5159497261047363,control,-0.25,-0.25
,0.0011167238101345643,0.003429990074270264,,,0.09184503651624276,-73.10420021361338,0.008852801975719821,8.256934530100983,8.238133755887397,8.24753414299419,2.5210893154144287,state,,
-0.5,,,-0.4633303270533471,-0.4633303270533471,,,,,,,2.5211057662963867,control,-0.2500000000000089,-0.24999999999999112
,-0.003690328995984411,-0.003034639172106001,,,0.0863463154873216,-78.46815156999554,0.008899518897204809,7.761935081352292,7.777711814361594,7.769823447856943,2.526308298110962,state,,
-0.5,,,-0.4840637205122802,-0.4840637205122802,,,,,,,2.526318073272705,control,-0.25,-0.25
,-0.00454976824582563,-0.0023440928736422916,,,0.08195471820245334,-82.97662474032515,0.008947490035135662,7.288501950642576,7.277869539497029,7.283185745069803,2.531510353088379,state,,
-0.5,,,-0.5043824461020345,-0.5043824461020345,,,,,,,2.5315210819244385,control,-0.25,-0.25
,0.006797813505906128,0.008065709348638248,,,0.07850567299813457,-86.73401546922464,0.009269895483072799,6.79864373909967,6.780786134821287,6.789714936960478,2.5367321968078613,state,,
-0.5,,,-0.5242947971799938,-0.5242947971799938,,,,,,,2.5367424488067627,control,-0.25,-0.25
,-0.007744837326542666,0.0006685598520676105,,,0.07855999345262099,-91.4569423921725,0.0093953799162557,6.254613669773433,6.2599113470960095,6.257262508434721,2.541860580444336,state,,
-0.5,,,-0.543808901236394,-0.543808901236394,,,,,,,2.541870355606079,control,-0.24999999999999556,-0.25000000000000444
,-0.005392808365130567,0.0038756236671777817,,,0.0708495491296811,-95.54918397101925,0.009436489127863655,5.708065957365775,5.720707124673547,5.71438654101966,2.5470190048217773,state,,
-0.5,,,-0.5629327232116662,-0.5629327232116662,,,,,,,2.547041654586792,control,-0.24999999999999556,-0.25000000000000444
,0.00443736496803055,-0.002831074699599605,,,0.0676508183128818,-99.93336202728864,0.009479948834186768,5.1451690651601,5.144717674796276,5.144943369978188,2.552264928817749,state,,
-0.5,,,-0.5816740687474329,-0.5816740687474329,,,,,,,2.5522751808166504,control,-0.25000000000000444,-0.24999999999999556
,-0.007749585709985541,0.00024352940375859473,,,0.06264624969792763,-103.20500461508796,0.009436422542767603,4.573149257174352,4.5805478186555,4.576848537914926,2.5574662685394287,state,,
-0.5,,,-0.6000405873724842,-0.6000405873724842,,,,,,,2.5574758052825928,control,-0.25,-0.25
,-0.0038352057146962934,0.005760228972934243,,,0.05705907157861036,-107.5239395808528,0.009488820360397094,3.962297930384293,3.9786837798982506,3.970490855141272,2.5627846717834473,state,,
-0.5,,,-0.6180397756250345,-0.6180397756250345,,,,,,,2.5627975463867188,control,-0.25,-0.25
,-0.001048709251004206,0.0011411904039916048,,,0.05188772496433834,-112.22957309550061,0.009456240607152064,3.3293963596630696,3.3395046528174506,3.33445050624026,2.567873477935791,state,,
-0.5,,,-0.6356789801125339,-0.6356789801125339,,,,,,,2.567887783050537,control,-0.24999999999999778,-0.2500000000000022
,0.004549092095527382,0.005072635508104312,,,0.04263496472272296,-114.9963809366171,0.009429899890112734,2.720748100158406,2.710118874056122,2.715433487107264,2.5727901458740234,state,,
-0.5,,,-0.6529654005102832,-0.6529654005102832,,,,,,,2.5727999210357666,control,-0.24999999999999778,-0.2500000000000022
,0.009127975243716986,0.0010932143348567126,,,0.032727086463090894,-118.77211988196838,0.009305434481531693,2.065696416333012,2.057263855666384,2.061480135999698,2.577944278717041,state,,
-0.5,,,-0.6699060925000775,-0.6699060925000775,,,,,,,2.577953815460205,control,-0.2500000000000022,-0.24999999999999778
,-0.0001594270453715669,-0.0007696893128311777,,,0.02954294087886204,-122.77846167571316,0.009169149021669591,1.3968136720594315,1.3708361631448065,1.383824917602119,2.5830276012420654,state,,
-0.5,,,-0.686507970650076,-0.686507970650076,,,,,,,2.5830979347229004,control,-0.2499999999999989,-0.2500000000000011
,0.003939124875172963,-0.00207493740568926,,,0.02392267375893217,-126.44524477704348,0.008976258756043937,0.709413670682635,0.6770663855866577,0.6932400281346462,2.5883798599243164,state,,
-0.5,,,-0.7027778112370745,-0.7027778112370745,,,,,,,2.588393211364746,control,-0.24999999999999944,-0.25000000000000056
,0.0012646538064743907,0.007711843793222837,,,0.016891396780882008,-129.93773024001965,0.008892635749616379,-0.01873605425654234,-0.005330456896210684,-0.012033255576376512,2.593414783477783,state,,
-0.5,,,-0.718722255012333,-0.718722255012333,,,,,,,2.5934231281280518,control,-0.25,-0.25
,-0.005118272906408248,-0.0038914030211798186,,,0.008961338704059414,-132.46239161418967,0.008494931390691922,-0.7210797168398199,-0.7079731779212972,-0.7145264473805586,2.598559856414795,state,,
-0.5,,,-0.7343478099120864,-0.7343478099120864,,,,,,,2.5985686779022217,control,-0.24999999999999944,-0.25000000000000056
,-0.0017629104294543086,0.00036628583577544,,,0.0024328748544229784,-135.87334663155832,0.008199038873739458,-1.4385630483364877,-1.4577973830758777,-1.4481802157061827,2.6038691997528076,state,,
-0.5,,,-0.7496608537138446,-0.7496608537138446,,,,,,,2.603879451751709,control,-0.25,-0.25
,-0.0019691949556006776,-0.002928682764912019,,,-0.0013094583930643008,-139.21774067394693,0.007871464293189178,-2.193914813156672,-2.2010783936938094,-2.1974966034252406,2.608799695968628,state,,
-0.5,,,-0.7646676366395677,-0.7646676366395677,,,,,,,2.608808994293213,control,-0.2500000000000022,-0.24999999999999778
,0.007963306012109412,-0.0007373597545239909,,,-0.0026895198067516503,-143.2163116987031,0.007694992304564511,-2.9721874799253363,-2.982247312690969,-2.977217396308153,2.614197254180908,state,,
-0.5,,,-0.7793742839067763,-0.7793742839067763,,,,,,,2.61421275138855,control,-0.24999999999999778,-0.2500000000000022
,0.00790642887401959,-0.006205293270502741,,,-0.011656004733283265,-145.5922377867712,0.007257827683817858,-3.740859618267718,-3.7451256284837067,-3.742992623375712,2.619033098220825,state,,
-0.5,,,-0.7937867982286408,-0.7937867982286408,,,,,,,2.619042158126831,control,-0.2500000000000022,-0.24999999999999778
,-0.011883507179928105,0.009132477166861497,,,-0.019403146865679788,-148.94937337343544,0.006948282965575614,-4.533939721417248,-4.548400203717996,-4.541169962567622,2.624598979949951,state,,
-0.5,,,-0.8079110622640681,-0.8079110622640681,,,,,,,2.6246144771575928,control,-0.25,-0.25
,-0.001400385853937808,-0.006413929404564604,,,-0.02683169549043846,-152.40786633980616,0.0064026755629508405,-5.351001837613727,-5.36550400116887,-5.358252919391298,2.629446506500244,state,,
-0.5,,,-0.8217528410187868,-0.8217528410187868,,,,,,,2.6294565200805664,control,-0.25,-0.25
,-0.00175376002835861,0.0035597222554253783,,,-0.03429744713605572,-154.51522478688497,0.006013399127250926,-6.175472632364966,-6.153264757030292,-6.164368694697629,2.6346704959869385,state,,
0.4999983915336142,,,-0.775317784198411,-0.775317784198411,,,,,,,2.6346797943115234,control,0.2499991957668071,0.2499991957668071
,0.0006791448586567127,-0.002742875735262587,,,-0.04227239625424631,-154.76555837946174,0.005485923780000816,-6.938193042134293,-6.946168296791691,-6.942180669462992,2.6396098136901855,state,,
0.4999983915336142,,,-0.7298114285144428,-0.7298114285144428,,,,,,,2.6396193504333496,control,0.2499991957668071,0.2499991957668071
,-0.007079724786173839,-0.00036419198000676024,,,-0.050151269835625775,-153.0860484721804,0.0049184295785452406,-7.675744941751604,-7.686016421153059,-7.680880681452331,2.6446964740753174,state,,
0.4999983915336142,,,-0.6852151999441539,-0.6852151999441539,,,,,,,2.644705057144165,control,0.2499991957668071,0.2499991957668071
,0.001193878596858248,-0.005921689614911033,,,-0.05828432644371514,-148.85312865414636,0.004276723387047373,-8.353444726282316,-8.36210990061346,-8.357777313447887,2.649911642074585,state,,
0.4999983915336142,,,-0.6415108959452708,-0.6415108959452708,,,,,,,2.6499438285827637,control,0.24999919576679822,0.24999919576681598
,-0.0011772349954321409,-0.005543199009201417,,,-0.06795926492507937,-143.56014180640153,0.0035658113093721662,-8.994729242492166,-8.98794579835983,-8.991337520425997,2.655325174331665,state,,
0.4999983915336142,,,-0.5986806780263654,-0.5986806780263654,,,,,,,2.655338764190674,control,0.24999919576679822,0.24999919576681598
,0.0034907707403730916,-0.003073680747397347,,,-0.07520124723347651,-138.09181459566696,0.0029521099050870974,-9.598250755398396,-9.591280170203804,-9.5947654628011,2.6602847576141357,state,,
0.4999983915336142,,,-0.5567070644658381,-0.5567070644658381,,,,,,,2.660294771194458,control,0.24999919576679822,0.24999919576681598
,-0.0033263791005924822,-0.006397755080783112,,,-0.08130557503767806,-132.2134498641342,0.002226152501207502,-10.159946785477231,-10.16460447790221,-10.16227563168972,2.6654257774353027,state,,
0.4999983915336142,,,-0.5155729231765213,-0.5155729231765213,,,,,,,2.665435552597046,control,0.2499991957668071,0.2499991957668071
,-0.000482194758439656,0.00029681557257564605,,,-0.08655060015983211,-124.60383559985002,0.0016478574517867423,-10.65929043984372,-10.669077634497537,-10.664184037170628,2.6704702377319336,state,,
0.4999983915336142,,,-0.4752614647129908,-0.4752614647129908,,,,,,,2.6704819202423096,control,0.2499991957668071,0.2499991957668071
,-0.00472371479791275,0.004124247075891201,,,-0.09522003272984357,-117.79320546481505,0.001024805368068776,-11.149099736488875,-11.140411302188244,-11.14475551933856,2.6756486892700195,state,,
0.4999983915336142,,,-0.435756235418731,-0.435756235418731,,,,,,,2.6756579875946045,control,0.2499991957668071,0.2499991957668071
,0.0014993888388961174,0.000306946045189015,,,-0.09923381786444896,-110.70698053016592,0.000442500323316062,-11.579141912505284,-11.591877386231403,-11.585509649368344,2.680752754211426,state,,
0.4999983915336142,,,-0.3970411107103564,-0.3970411107103564,,,,,,,2.6807615756988525,control,0.24999919576681598,0.24999919576679822
,0.0029087983196616944,0.0018065557852218331,,,-0.10183759202213612,-102.79726680610456,-8.060902808148084e-05,-11.964924779660864,-11.982293179611638,-11.97360897963625,2.6859545707702637,state,,
0.4999983915336142,,,-0.3591002884961493,-0.3591002884961493,,,,,,,2.685964822769165,control,0.24999919576679822,0.24999919576681598
,-0.010026730569663574,-0.007128731062342574,,,-0.1079677200407107,-95.04472299456825,-0.000940301819001963,-12.32507399388854,-12.325820061501148,-12.325447027694842,2.691333293914795,state,,
0.4999983915336142,,,-0.32191828272622625,-0.32191828272622625,,,,,,,2.691345691680908,control,0.24999919576679822,0.24999919576681598
,-0.0024647449852347194,0.006194452558535087,,,-0.11204223778214746,-88.39421760048656,-0.0014671298308197266,-12.658435289553717,-12.664708780335351,-12.661572034944534,2.696211099624634,state,,
0.4999983915336142,,,-0.2854799170717017,-0.2854799170717017,,,,,,,2.696220874786377,control,0.2499991957668071,0.2499991957668071
,0.013260388908943948,0.0003597909983458662,,,-0.11243150819440587,-80.82685665651454,-0.0019193928080860575,-12.944337841713093,-12.946198214662383,-12.945268028187737,2.701463460922241,state,,
0.4999983915336142,,,-0.2497703187302677,-0.2497703187302677,,,,,,,2.701472520828247,control,0.24999919576679822,0.24999919576681598
,0.008198300031056925,-0.001514396490773496,,,-0.11296480000440455,-73.41345729288213,-0.0024398730241798534,-13.200250238091119,-13.188444560445895,-13.194347399268507,2.706631898880005,state,,
0.4999983915336142,,,-0.21477491235566235,-0.21477491235566235,,,,,,,2.706641912460327,control,0.2499991957668071,0.2499991957668071
,0.0007744508380634462,0.0025760047160755884,,,-0.11679248020804915,-66.53514262773896,-0.0029992685762065046,-13.40778160683811,-13.427321062156489,-13.4175513344973,2.7119412422180176,state,,
0.4999983915336142,,,-0.1804794141085491,-0.1804794141085491,,,,,,,2.711953639984131,control,0.24999919576681598,0.24999919576679822
,5.5195449930663205e-05,0.001595641792472061,,,-0.11667001481848621,-58.90425240414123,-0.0035088123648336625,-13.594182183157848,-13.587064230022726,-13.590623206590287,2.716780662536621,state,,
0.4999983915336142,,,-0.14686982582637811,-0.14686982582637811,,,,,,,2.716789722442627,control,0.2499991957668071,0.2499991957668071
,-0.003008227701957446,0.015490727544871772,,,-0.12617522424997382,-52.28922634268828,-0.003969634694798891,-13.754577857144895,-13.73899800019017,-13.746787928667533,2.7221646308898926,state,,
0.4999983915336142,,,-0.11393242930985056,-0.11393242930985056,,,,,,,2.7221739292144775,control,0.24999919576681598,0.24999919576679822
,-0.001618129814902898,-0.000613872847483908,,,-0.12642793757705506,-45.100644406020876,-0.004566895519070991,-13.859693827141973,-13.856068804444957,-13.857881315793465,2.727189779281616,state,,
0.4999983915336142,,,-0.08165378072365355,-0.08165378072365355,,,,,,,2.7271997928619385,control,0.2499991957668071,0.2499991957668071
,0.0032576908594039223,-0.0005295657251849169,,,-0.13216652511903254,-37.67701396352793,-0.00522811216694564,-13.905216627590079,-13.951014647510087,-13.928115637550082,2.7323668003082275,state,,
0.4999983915336142,,,-0.05002070510918048,-0.05002070510918048,,,,,,,2.73237681388855,control,0.24999919576679822,0.24999919576681598
,-0.0059281696527038056,-0.0035963105042552167,,,-0.1326452274140074,-31.145244253417815,-0.0059215896027217645,-13.982542436812075,-13.977228593521879,-13.979885515166977,2.73757266998291,state,,
0.4999983915336142,,,-0.01902029100699687,-0.01902029100699687,,,,,,,2.7375824451446533,control,0.2499991957668071,0.2499991957668071
,-3.415906123275897e-05,-0.0072122025135370055,,,-0.13341672681055006,-24.91568522033109,-0.006632910464564535,-13.994959741499649,-14.015675118357912,-14.00531742992878,2.7426600456237793,state,,
0.4999983915336142,,,0.011360114813143068,0.011360114813143068,,,,,,,2.7426698207855225,control,0.2499991957668071,0.2499991957668071
,-0.011062934349813477,0.0034556997503470757,,,-0.13798644477184188,-18.375807177210877,-0.007295459757036556,-13.99070843302365,-13.995513715049874,-13.993111074036761,2.7476863861083984,state,,
0.4999983915336142,,,0.041132912516880206,0.041132912516880206,,,,,,,2.7476956844329834,control,0.24999919576679822,0.24999919576681598
,-0.0021914893988335656,-0.003996971803991113,,,-0.13376648734746566,-11.55949227723185,-0.007859483281919955,-13.94939231883678,-13.93545471000854,-13.94242351442266,2.752769947052002,state,,
0.4999983915336142,,,0.07031025426654261,0.07031025426654261,,,,,,,2.752802848815918,control,0.2499991957668071,0.2499991957668071
,0.0021101137006966494,-0.00013192390127894304,,,-0.1357709192456381,-5.601357205221181,-0.008415407357363815,-13.87700601122601,-13.874201260007586,-13.875603635616798,2.757955551147461,state,,
0.4999983915336142,,,0.09890404918121176,0.09890404918121176,,,,,,,2.757965564727783,control,0.2499991957668071,0.2499991957668071
,0.008352125588443058,0.0002073516510481035,,,-0.13624959416216353,-0.564093538044455,-0.00888609625618387,-13.801532271411169,-13.794974852745195,-13.798253562078182,2.76379656791687,state,,
0.4999983915336142,,,0.12692596819758753,0.12692596819758753,,,,,,,2.7638113498687744,control,0.2499991957668071,0.2499991957668071
,0.003406947844313844,-0.00041098053856901894,,,-0.13543132173215952,6.4106860521550875,-0.009371347113817095,-13.670773062318924,-13.639613071564545,-13.655193066941735,2.768662691116333,state,,
0.4999983915336142,,,0.15438744883363578,0.15438744883363578,,,,,,,2.768676996231079,control,0.2499991957668071,0.2499991957668071
,-0.002373772812463696,-0.010011879513510482,,,-0.13527487907642383,12.027206755236168,-0.010077671399616692,-13.500197278206876,-13.511137381549567,-13.505667329878221,2.7736306190490723,state,,
0.4999983915336142,,,0.18129969985696306,0.18129969985696306,,,,,,,2.773641347885132,control,0.2499991957668071,0.2499991957668071
,0.0020652294204921906,0.004634134250916431,,,-0.13859954947173428,18.389111489273667,-0.010535513918166019,-13.30560147917523,-13.319336348508118,-13.312468913841673,2.7785706520080566,state,,
0.4999983915336142,,,0.2076737058598238,0.2076737058598238,,,,,,,2.7785797119140625,control,0.24999919576679822,0.24999919576681598
,-0.004736317140615737,0.0005943123507604188,,,-0.13911912649886163,23.475357274107772,-0.011068532184134108,-13.116145524395476,-13.112138498859462,-13.114142011627468,2.783616065979004,state,,
0.4999983915336142,,,0.23352023174262732,0.23352023174262732,,,,,,,2.7836263179779053,control,0.24999919576679822,0.24999919576681598
,0.0011493737335566126,-0.002518371337343973,,,-0.13520917353748457,29.358536032026823,-0.011516726389852825,-12.872954369266962,-12.874476897584493,-12.873715633425729,2.7883999347686768,state,,
0.4999983915336142,,,0.25884982710777477,0.25884982710777477,,,,,,,2.7884039878845215,control,0.24999919576681598,0.24999919576679822
,0.003933857112271999,-0.0026078111328640824,,,-0.13262006599023843,34.554988970239386,-0.011944849785995346,-12.615025936810405,-12.621447206006472,-12.618236571408438,2.793534517288208,state,,
0.4999983915336142,,,0.2836728305656193,0.2836728305656193,,,,,,,2.79353928565979,control,0.2499991957668071,0.2499991957668071
,-0.0008993271433759314,0.007204787863383071,,,-0.13139204316778813,39.656700738311876,-0.012233307094345574,-12.356310716707883,-12.321202889502107,-12.338756803104996,2.7985639572143555,state,,
0.4999983915336142,,,0.3079993739543069,0.3079993739543069,,,,,,,2.7985680103302,control,0.24999919576681598,0.24999919576679822
,-0.010290033123750668,0.004980748856627879,,,-0.12849644947059116,45.338161071108345,-0.01258684921739839,-12.020448939159216,-12.022836557150676,-12.021642748154946,2.8036718368530273,state,,
0.4999983915336142,,,0.3318393864752207,0.3318393864752207,,,,,,,2.803675651550293,control,0.2499991957668071,0.2499991957668071
,-0.001020262911228767,0.001479490035860927,,,-0.12520677099063018,49.5788352066077,-0.01290721707990253,-11.721446794629992,-11.691065499472488,-11.70625614705124,2.809147596359253,state,,
0.4999983915336142,,,0.35520259874571625,0.35520259874571625,,,,,,,2.8091564178466797,control,0.2499991957668071,0.2499991957668071
,-0.0005125031661629184,-0.001546003884737826,,,-0.12149991457020316,55.76060399536121,-0.013248917654392747,-11.331847659612032,-11.326286782580572,-11.329067221096302,2.8141930103302,state,,
0.4999983915336142,,,0.3780985467708019,0.3780985467708019,,,,,,,2.8142006397247314,control,0.2499991957668071,0.2499991957668071
,0.0002687190018258309,0.0003938357388882151,,,-0.11796289900175837,60.681331493404706,-0.013527277190119816,-10.943640790272314,-10.951048716001875,-10.947344753137095,2.819279193878174,state,,
0.4999983915336142,,,0.4005365758353858,0.4005365758353858,,,,,,,2.819303512573242,control,0.24999919576681598,0.24999919576679822
,-0.000849807763243127,0.0031911644767109604,,,-0.11741646337638775,64.32545583545287,-0.013800399745111642,-10.579012950640832,-10.556425916823136,-10.567719433731984,2.8246278762817383,state,,
0.4999983915336142,,,0.4225258443186781,0.4225258443186781,,,,,,,2.824636936187744,control,0.2499991957668071,0.2499991957668071
,0.008860633921377132,0.004579996132787505,,,-0.11375373210198318,68.43603068520997,-0.01390358972130088,-10.161334609834906,-10.158900289519348,-10.160117449677127,2.829876184463501,state,,
0.4999983915336142,,,0.4440753274323046,0.4440753274323046,,,,,,,2.829885721206665,control,0.2499991957668071,0.2499991957668071
,-0.0002747489424432916,0.00445991424154124,,,-0.11254647117824132,73.72411161566461,-0.014107184528495858,-9.69497426694491,-9.719694672342328,-9.70733446964362,2.8349997997283936,state,,
0.4999983915336142,,,0.46519382088365846,0.46519382088365846,,,,,,,2.8350090980529785,control,0.2499991957668071,0.2499991957668071
,0.000795335106758233,-0.000684403259046217,,,-0.10783641669533461,79.14264421827772,-0.01431657364846308,-9.22490183213364,-9.22586341536873,-9.225382623751184,2.8403172492980957,state,,
0.4999983915336142,,,0.4858899444659853,0.4858899444659853,,,,,,,2.840327262878418,control,0.24999919576679822,0.24999919576681598
,0.0015370265027447097,0.00033045942994563244,,,-0.1016294048358965,82.68047368763919,-0.014443657635236981,-8.772263081519466,-8.7390848195335,-8.755673950526482,2.8454012870788574,state,,
0.4999983915336142,,,0.5061721455766656,0.5061721455766656,,,,,,,2.8454110622406006,control,0.24999919576679822,0.24999919576681598
,-0.0008241077087973067,-0.003392011877845637,,,-0.09442397186648652,87.56751421270893,-0.01460398338401246,-8.235161457316973,-8.24495197027785,-8.240056713797411,2.8505940437316895,state,,
0.4999983915336142,,,0.5260487026651323,0.5260487026651323,,,,,,,2.8506038188934326,control,0.2499991957668071,0.2499991957668071
,-0.003011162762688478,0.003194959659702626,,,-0.08560256559974162,91.97664291225375,-0.014586601139955193,-7.713893884233781,-7.706106188786324,-7.710000036510053,2.85591721534729,state,,
0.4999983915336142,,,0.5455277286118296,0.5455277286118296,,,,,,,2.855945587158203,control,0.24999919576681154,0.24999919576680266
,0.009298411739663216,0.004439036301244684,,,-0.07561180152476511,95.80848681893674,-0.014387837960152092,-7.177470176614264,-7.1624736484354425,-7.169971912524853,2.8610053062438965,state,,
0.4999983915336142,,,0.5646171740395931,0.5646171740395931,,,,,,,2.8610150814056396,control,0.2499991957668071,0.2499991957668071
,-0.008040802277817892,0.0020573102784275585,,,-0.07612049420504383,100.37618986959356,-0.014532324591784737,-6.596693893026904,-6.594093529509274,-6.595393711268089,2.8661348819732666,state,,
0.4999983915336142,,,0.5833248305588012,0.5833248305588012,,,,,,,2.866144895553589,control,0.24999919576681154,0.24999919576680266
,-0.0052800821224511145,0.009050635309311635,,,-0.07151153790471562,103.56650901928087,-0.01442114778977666,-6.0255677519570385,-6.028003567843638,-6.026785659900338,2.8712852001190186,state,,
0.4999983915336142,,,0.6016583339476252,0.6016583339476252,,,,,,,2.8712947368621826,control,0.2499991957668071,0.2499991957668071
,0.009201747036870654,0.0007830827268483543,,,-0.06551559962678155,106.82656823680229,-0.01430713768329397,-5.430829958829118,-5.450704770755369,-5.440767364792244,2.8764808177948,state,,
0.4999983915336142,,,0.6196251672686728,0.6196251672686728,,,,,,,2.8764896392822266,control,0.24999919576681154,0.24999919576680266
,-0.010520553394167976,0.0030906473037613054,,,-0.06073563770043765,111.55686517383987,-0.014294594944390934,-4.811498373404073,-4.803897676477618,-4.807698024940846,2.881760835647583,state,,
0.4999983915336142,,,0.6372326639232994,0.6372326639232994,,,,,,,2.881770372390747,control,0.24999919576681154,0.24999919576680266
,0.009356916351072938,-0.0015648292937813463,,,-0.054310555822614286,115.72407977778603,-0.014163964811241173,-4.170134995088997,-4.15537369638628,-4.162754345737639,2.886936664581299,state,,
0.4999983915336142,,,0.6544880106448334,0.6544880106448334,,,,,,,2.8869473934173584,control,0.24999919576681154,0.24999919576680266
,0.00502574943111816,-0.0018731286786864605,,,-0.0469204838407643,120.27850359761936,-0.014022580875514525,-3.4928438827509485,-3.484907959975746,-3.4888759213633476,2.8921945095062256,state,,
0.4999983915336142,,,0.6713982504319368,0.6713982504319368,,,,,,,2.8922057151794434,control,0.24999919576680932,0.24999919576680488
,0.0006352786641184046,0.0015232360989025431,,,-0.040329866381239844,123.50924386798977,-0.013833742520131935,-2.8243163717464266,-2.8155053755252712,-2.819910873635849,2.8970444202423096,state,,
0.4999983915336142,,,0.6879702854232981,0.6879702854232981,,,,,,,2.897082567214966,control,0.24999919576680932,0.24999919576680488
,0.0026473639574707774,0.008343004759794164,,,-0.03447170003953458,126.02884345289017,-0.013489814772811146,-2.1452140993443627,-2.154117867688596,-2.1496659835164795,2.902238607406616,state,,
0.4999983915336142,,,0.7042108797148321,0.7042108797148321,,,,,,,2.902247428894043,control,0.24999919576680932,0.24999919576680488
,0.0038114401886270343,-0.004829954954621254,,,-0.030201519289741005,130.47387569189078,-0.013392578978620675,-1.4177069549379224,-1.4353964845681721,-1.4265517197530473,2.907547950744629,state,,
0.4999983915336142,,,0.7201266621205354,0.7201266621205354,,,,,,,2.907557249069214,control,0.2499991957668071,0.2499991957668071
,0.008205868939671316,-0.005275262972068136,,,-0.027797211777270688,133.00830633506433,-0.01329023732746386,-0.7308275047754252,-0.7115194384230981,-0.7211734715992617,2.9125518798828125,state,,
0.4999983915336142,,,0.7357241288781248,0.7357241288781248,,,,,,,2.91256046295166,control,0.24999919576680765,0.24999919576680654
,0.0011263040162838567,-0.0062088362300670025,,,-0.021819277302082194,136.5306310923965,-0.013174833819894724,0.015090435756607571,0.01998801122970978,0.017539223493158673,2.917668581008911,state,,
0.4999983915336142,,,0.7510096463005623,0.7510096463005623,,,,,,,2.917677879333496,control,0.24999919576680713,0.24999919576680707
,-0.004732978367955229,0.004639702497082635,,,-0.01602078335795968,139.20504779725894,-0.012878193879392924,0.7598400499963386,0.7524182026558475,0.756129126326093,2.9231743812561035,state,,
0.4999983915336142,,,0.765989453374551,0.765989453374551,,,,,,,2.923218250274658,control,0.24999919576680765,0.24999919576680654
,0.0008548072545731484,0.0067609773440450915,,,-0.010955289002233358,142.74687361950944,-0.012493202430479536,1.5345389852718916,1.5179278210117257,1.5262334031418088,2.9280824661254883,state,,
0.4999983915336142,,,0.7806696643070601,0.7806696643070601,,,,,,,2.9280924797058105,control,0.249999195766806,0.2499991957668082
,-0.00289391891546571,0.0011972922072206761,,,0.0009778735296805813,146.09185782275867,-0.012081481905292499,2.311578079199991,2.3082814594134975,2.309929769306744,2.933314800262451,state,,
0.4999983915336142,,,0.7950562710209189,0.7950562710209189,,,,,,,2.9333243370056152,control,0.24999919576680932,0.24999919576680488
,0.007476380650818218,-0.010197711444947922,,,0.01041713522468711,148.87799675940417,-0.011805212493863085,3.0853349956761145,3.1119900673130014,3.0986625314945577,2.9384679794311523,state,,
0.4999983915336142,,,0.8091551456005005,0.8091551456005005,,,,,,,2.938478469848633,control,0.24999919576680932,0.24999919576680488
,-0.005282250026776478,-0.011871359121994315,,,0.018916197755617876,152.38009729014598,-0.011633335110689062,3.90966302558336,3.922938332441677,3.9163006790125188,2.9436562061309814,state,,
0.4999983915336142,,,0.8229720426884906,0.8229720426884906,,,,,,,2.9436662197113037,control,0.24999919576680488,0.24999919576680932
,0.003588535279227767,-0.00030700784574240686,,,0.023041034735091684,155.05076515829109,-0.011232274025417035,4.73038404165796,4.737734966464386,4.7340595040611735,2.948641777038574,state,,
0.4999983915336142,,,0.8365126018347208,0.8365126018347208,,,,,,,2.9486513137817383,control,0.24999919576680266,0.24999919576681154
,-0.004013640526132304,0.0025184659289790496,,,0.031371342870391034,158.3196956236407,-0.01073682195625602,5.576036857528979,5.579332395266593,5.577684626397786,2.953732490539551,state,,
0.4999983915336142,,,0.8497823497980264,0.8497823497980264,,,,,,,2.9537410736083984,control,0.2499991957668071,0.2499991957668071
,-0.001001108835429182,0.0019202547919175696,,,0.03876666478563512,160.75771642074918,-0.010218356981897525,6.417564941525062,6.422986087722133,6.420275514623597,2.959181785583496,state,,
-0.5,,,0.8027867028020658,0.8027867028020658,,,,,,,2.9591927528381348,control,-0.24999999999999556,-0.25000000000000444
,7.76989694846288e-05,0.0005774887827680862,,,0.04484847915847058,160.9387688721461,-0.009717868791588967,7.2328550316932345,7.222846764795168,7.227850898244201,2.9641740322113037,state,,
-0.5,,,0.7567309687460244,0.7567309687460244,,,,,,,2.964203357696533,control,-0.24999999999999556,-0.25000000000000444
,-0.001546798783843482,-0.0037768709021447056,,,0.05402048218304374,158.1383417313479,-0.009227174203773465,7.987516164548809,7.960428684807725,7.973972424678267,2.9693140983581543,state,,
-0.5,,,0.7115963493711038,0.7115963493711038,,,,,,,2.9693233966827393,control,-0.25,-0.25
,0.003331077112755929,-0.008678945703341975,,,0.061822221774558164,155.11027374389664,-0.008784234526418935,8.707218662596967,8.695442526554293,8.70133059457563,2.9745450019836426,state,,
-0.5,,,0.6673644223836818,0.6673644223836818,,,,,,,2.9745540618896484,control,-0.25,-0.25
,0.0018782478011187356,-0.0015409606081343704,,,0.07106181317598917,149.97577533530568,-0.008160695494490047,9.373628042222682,9.365354739876691,9.369491391049687,2.979759931564331,state,,
-0.5,,,0.6240171339360081,0.6240171339360081,,,,,,,2.979769468307495,control,-0.25,-0.25
,0.0014805995080053927,-0.00305321503218534,,,0.07533576946070439,143.4045931106729,-0.0076371703011364,9.978001659950305,9.985859826654218,9.98193074330226,2.9847629070281982,state,,
-0.5,,,0.5815367912572879,0.5815367912572879,,,,,,,2.984771728515625,control,-0.24999999999999112,-0.2500000000000089
,0.003871803014877896,-0.002891357050593261,,,0.08168064223934794,137.13589280470956,-0.0070399582275368355,10.569375647012755,10.566305839547713,10.567840743280234,2.99001145362854,state,,
-0.5,,,0.5399060554321421,0.5399060554321421,,,,,,,2.990020751953125,control,-0.25,-0.25
,0.008705970947861219,-0.0041750695627779865,,,0.09240511538062056,130.57829436442006,-0.0063217616874044645,11.126151714225,11.106577874662912,11.116364794443957,2.995185375213623,state,,
-0.5,,,0.4991079343234992,0.4991079343234992,,,,,,,2.995195150375366,control,-0.2500000000000089,-0.24999999999999112
,-0.005632103055118084,-0.0025902684674787334,,,0.09746155057894931,123.22482997205307,-0.005758629501213757,11.612623466430172,11.618286380799184,11.615454923614678,3.0003294944763184,state,,
-0.5,,,0.45912577563702917,0.45912577563702917,,,,,,,3.0003397464752197,control,-0.25,-0.25
,-0.002935729518873611,-0.00012764808880903855,,,0.1021193468128204,115.54179683319985,-0.005124396530419277,12.076768243554621,12.065001031609269,12.070884637581944,3.0055227279663086,state,,
-0.5,,,0.4199432601242886,0.4199432601242886,,,,,,,3.0055336952209473,control,-0.24999999999999112,-0.2500000000000089
,0.0013743258011013147,-0.0024341009866091904,,,0.111857865787067,107.97068501442162,-0.004386699974359544,12.491018873464334,12.489461277711765,12.49024007558805,3.0105950832366943,state,,
-0.5,,,0.3815443949218028,0.3815443949218028,,,,,,,3.0106046199798584,control,-0.25,-0.25
,0.0060071329002726395,-0.0035738904918435513,,,0.11811910175699127,100.20668950369847,-0.003674066850000705,12.85487041184748,12.880540981630627,12.867705696739055,3.0157601833343506,state,,
-0.5,,,0.34391350702336676,0.34391350702336676,,,,,,,3.0157699584960938,control,-0.2500000000000089,-0.24999999999999112
,0.002830333724583254,0.002440260209528002,,,0.12233251048054387,92.95128440445491,-0.0028988977216678636,13.221561728465876,13.212415791921032,13.216988760193454,3.020756721496582,state,,
-0.5,,,0.30703523688289946,0.30703523688289946,,,,,,,3.020765781402588,control,-0.25,-0.25
,0.005655918206344181,0.003806842499840943,,,0.12155808716208394,84.85952776718628,-0.0021744580757021995,13.505452426294257,13.519551758340924,13.51250209231759,3.0258889198303223,state,,
-0.5,,,0.2708945321452415,0.2708945321452415,,,,,,,3.025925397872925,control,-0.24999999999999112,-0.2500000000000089
,0.0033089749675683025,0.0018957452863195593,,,0.12783357428664832,77.8979561519471,-0.00137671942347164,13.790137831905179,13.792252207398763,13.79119501965197,3.031214952468872,state,,
-0.5,,,0.2354766415023367,0.2354766415023367,,,,,,,3.0312247276306152,control,-0.25,-0.25
,0.00212221972359374,-0.0157765061009906,,,0.12919187875123117,70.08077212206528,-0.0010019545236247473,14.001261659968241,14.033107404673412,14.017184532320826,3.036297559738159,state,,
-0.5,,,0.20076710867228995,0.20076710867228995,,,,,,,3.0363075733184814,control,-0.24999999999999112,-0.2500000000000089
,0.0026903139114330815,0.004811752010082661,,,0.13430922424688002,63.06793469858759,-0.0001644454196966224,14.225076827548309,14.216746035869958,14.220911431709133,3.0414886474609375,state,,
-0.5,,,0.16675176649884416,0.16675176649884416,,,,,,,3.0414981842041016,control,-0.25,-0.25
,-0.0007515189255865156,0.0002872818129490797,,,0.13772861323855837,55.75712743242481,0.0005370025726398528,14.373884902081587,14.392799012780538,14.383341957431062,3.046661615371704,state,,
-0.5,,,0.13341673116886726,0.13341673116886726,,,,,,,3.0466713905334473,control,-0.25,-0.25
,-0.0049565823061982804,-0.005650874886250122,,,0.13446065296357737,49.09856516130244,0.0009626015516676957,14.522304246517534,14.523416700090749,14.522860473304142,3.0518252849578857,state,,
-0.5,,,0.10074839654548992,0.10074839654548992,,,,,,,3.05183482170105,control,-0.2500000000000089,-0.24999999999999112
,-0.004701728040770653,0.009532577605204248,,,0.13888201323507424,42.5988565220041,0.001805127611566099,14.63816063392642,14.62665672618162,14.63240868005402,3.0569474697113037,state,,
-0.5,,,0.06873342861458012,0.06873342861458012,,,,,,,3.0569570064544678,control,-0.25,-0.25
,-0.005606055845671888,-0.005731049837846083,,,0.13896504036028018,35.8130143950136,0.0022733885767221673,14.69744978406124,14.709497656486583,14.703473720273912,3.0622174739837646,state,,
-0.5,,,0.037358760042288525,0.037358760042288525,,,,,,,3.0622286796569824,control,-0.2500000000000089,-0.24999999999999112
,-0.006529650557372875,0.009128870177423446,,,0.1378028194405886,28.772268412476624,0.0029762485746187986,14.731485158139005,14.739071061298553,14.735278109718779,3.067211151123047,state,,
-0.5,,,0.0066115848414427525,0.0066115848414427525,,,,,,,3.067221164703369,control,-0.25,-0.25
,0.005021140846551644,0.006445108460659617,,,0.13761367216831003,22.42983711832085,0.003715262680739666,14.747859883363331,14.74510884892031,14.746484366141821,3.0722503662109375,state,,
-0.5,,,-0.0235206468553861,-0.0235206468553861,,,,,,,3.0722599029541016,control,-0.2500000000000089,-0.24999999999999112
,-0.00021169671403013852,-0.005097882487131159,,,0.14298325945684878,16.166115024652832,0.0042992915881755805,14.733310287307066,14.721939128550867,14.727624707928967,3.0774614810943604,state,,
-0.5,,,-0.05305023391827838,-0.05305023391827838,,,,,,,3.0774712562561035,control,-0.2500000000000089,-0.24999999999999112
,0.006921581645297609,0.009067285920944272,,,0.14355459157881625,9.146681483677941,0.005115625409395868,14.656192698730022,14.667088022814452,14.661640360772237,3.082463502883911,state,,
-0.5,,,-0.08198922923991281,-0.08198922923991281,,,,,,,3.082472801208496,control,-0.25,-0.25
,-0.01054433853280085,9.068327683260873e-05,,,0.14753453647953185,2.998257127601374,0.005691874121812256,14.573066242405217,14.584486624716034,14.578776433560625,3.0875604152679443,state,,
-0.5,,,-0.11034944465511455,-0.11034944465511455,,,,,,,3.087569236755371,control,-0.25,-0.25
,-0.0022619611018891805,-0.000895309661973246,,,0.14490690647483423,-2.4724023909986053,0.006183873434465294,14.476963111639053,14.481729230700628,14.47934617116984,3.092773199081421,state,,
-0.5,,,-0.13814245576201226,-0.13814245576201226,,,,,,,3.0928070545196533,control,-0.25,-0.25
,0.0027626638850372603,0.009641285937058666,,,0.13964771163905587,-8.771673161243209,0.006832199349924608,14.335539731093693,14.33492386344181,14.335231797267753,3.0979511737823486,state,,
-0.5,,,-0.165379606646772,-0.165379606646772,,,,,,,3.097961187362671,control,-0.2500000000000089,-0.24999999999999112
,0.004095842290299218,0.009880139995465751,,,0.14317686793326367,-14.887870247120347,0.0076362631553725845,14.158375099947584,14.168525192288401,14.163450146117992,3.1032931804656982,state,,
-0.5,,,-0.19207201451383657,-0.19207201451383657,,,,,,,3.1033034324645996,control,-0.24999999999999112,-0.2500000000000089
,-0.001209180602636002,-0.0007603452900559702,,,0.14391468221194492,-20.670129634729214,0.008147330326321374,13.972240501792832,13.963903461340367,13.968071981566599,3.108349561691284,state,,
-0.5,,,-0.21823057422355982,-0.21823057422355982,,,,,,,3.108358383178711,control,-0.24999999999999112,-0.2500000000000089
,0.0016771198012005483,-0.0026125183366063082,,,0.1429297553034537,-25.65125096070547,0.008603525011148824,13.75509954859166,13.765977888700567,13.760538718646114,3.1135506629943848,state,,
-0.5,,,-0.24386596273908862,-0.24386596273908862,,,,,,,3.113560438156128,control,-0.25,-0.25
,0.00036227678448942007,0.004760189297317486,,,0.13772237880523328,-31.23618032981795,0.009086362667461278,13.52148043370277,13.50946137710861,13.515470905405689,3.1188013553619385,state,,
-0.5,,,-0.26898864348430684,-0.26898864348430684,,,,,,,3.1188113689422607,control,-0.24999999999999112,-0.2500000000000089
,0.004441829827238082,-0.005500584020983661,,,0.13711292631469435,-36.12909598235588,0.009468036304299994,13.259430723507583,13.254473785033612,13.256952254270598,3.123769760131836,state,,
-0.5,,,-0.2936088706146207,-0.2936088706146207,,,,,,,3.1237785816192627,control,-0.25,-0.25
,-0.0005975358027112663,0.0017918487089511688,,,0.13594229079673878,-42.6099627234394,0.00992557308718809,12.934395431087173,12.947117054746967,12.94075624291707,3.1289920806884766,state,,
-0.5,,,-0.31773669320232834,-0.31773669320232834,,,,,,,3.129030704498291,control,-0.25,-0.25
,-0.0013886839407640486,-0.0038969209079922243,,,0.13430666879361236,-47.29565630490114,0.010247177806014973,12.630031281382307,12.629374382342103,12.629702831862204,3.1339871883392334,state,,
-0.5,,,-0.34138195933828175,-0.34138195933828175,,,,,,,3.1339974403381348,control,-0.24999999999999112,-0.2500000000000089
,-0.00022198713129656814,0.005106873080941544,,,0.13199898729908902,-52.13078797076726,0.010716422818620125,12.29211049584075,12.292080267151437,12.292095381496093,3.1392822265625,state,,
-0.5,,,-0.3645543201515161,-0.3645543201515161,,,,,,,3.139291763305664,control,-0.24999999999999112,-0.2500000000000089
,0.00713742714332416,-0.004577715570804461,,,0.12845992664358613,-56.9230001625178,0.011014561546314033,11.933487333126044,11.928932576508497,11.93120995481727,3.1442925930023193,state,,
-0.5,,,-0.3872632337484858,-0.3872632337484858,,,,,,,3.144301652908325,control,-0.24999999999999112,-0.2500000000000089
,0.004866579974444708,0.0031775445648916894,,,0.12557323917461843,-61.984492625646496,0.011429912051795105,11.547803357280786,11.533659317111425,11.540731337196107,3.1494669914245605,state,,
-0.5,,,-0.4095179690735161,-0.4095179690735161,,,,,,,3.149475574493408,control,-0.2500000000000089,-0.24999999999999112
,-0.01206332822665991,0.004223334171466806,,,0.12388110111600786,-66.49876915984305,0.011740963302452178,11.12559289646675,11.147188201346808,11.136390548906778,3.154761552810669,state,,
-0.5,,,-0.43132760969204575,-0.43132760969204575,,,,,,,3.1547718048095703,control,-0.24999999999999112,-0.2500000000000089
,-0.0007722038117603106,0.011737618793505442,,,0.12279972564643393,-70.71912398702163,0.012273426094104839,10.708914806588114,10.722336984885782,10.715625895736949,3.1598987579345703,state,,
-0.5,,,-0.4527010574982049,-0.4527010574982049,,,,,,,3.1599113941192627,control,-0.2500000000000089,-0.24999999999999112
,0.0007936843051041534,-0.002742389098405666,,,0.11493396336537604,-76.09224879199566,0.0123936241911584,10.245641866510002,10.253655562531682,10.249648714520841,3.1650073528289795,state,,
-0.5,,,-0.4736470363482408,-0.4736470363482408,,,,,,,3.1650171279907227,control,-0.24999999999999112,-0.2500000000000089
,-0.000742553985190802,-0.0008229213722370792,,,0.11330243678078601,-80.30342088483181,0.012624893099200302,9.792753879175567,9.769463570060694,9.78110872461813,3.1700127124786377,state,,
-0.5,,,-0.494174095621276,-0.494174095621276,,,,,,,3.1700220108032227,control,-0.25,-0.25
,-0.004858179382274096,0.003799203435011202,,,0.10981810342642774,-85.107820471721,0.012860825431677735,9.286775121765588,9.271435334185046,9.279105227975318,3.1751999855041504,state,,
-0.5,,,-0.5142906137088504,-0.5142906137088504,,,,,,,3.1752095222473145,control,-0.2500000000000089,-0.24999999999999112
,-0.004352296487636683,-0.00424981830373869,,,0.10159477724135979,-89.03216953226539,0.012832120896469653,8.778180752194636,8.76479209815261,8.771486425173624,3.1804239749908447,state,,
-0.5,,,-0.5340048014346734,-0.5340048014346734,,,,,,,3.180433511734009,control,-0.2500000000000089,-0.24999999999999112
,-0.004525469265472809,-0.0024565820689553524,,,0.0967179465889591,-93.45826791312567,0.012864303155565955,8.226877363560858,8.240625720470145,8.2337515420155,3.1854162216186523,state,,
-0.5,,,-0.55332470540598,-0.55332470540598,,,,,,,3.1854255199432373,control,-0.24999999999999112,-0.2500000000000089
,0.0010834868822684114,0.004400350150662241,,,0.09097877342433076,-98.36037506929542,0.013023262020859542,7.661163133231992,7.666697283011941,7.6639302081219665,3.19063401222229,state,,
-0.5,,,-0.5722582112978604,-0.5722582112978604,,,,,,,3.190643787384033,control,-0.25,-0.25
,0.000658522513486725,0.0026087019735220756,,,0.08486998376524764,-101.89061830504481,0.013106917035386155,7.1042967391952185,7.092286361741017,7.098291550468118,3.195836305618286,state,,
-0.5,,,-0.5908130470719032,-0.5908130470719032,,,,,,,3.195854902267456,control,-0.25,-0.25
,0.011586772942429768,0.005213511252246699,,,0.07804047938807274,-104.90206730000395,0.01327373635815302,6.528671394486112,6.523033634766711,6.525852514626411,3.200807571411133,state,,
-0.5,,,-0.6089967861304652,-0.6089967861304652,,,,,,,3.2008161544799805,control,-0.24999999999999556,-0.25000000000000444
,-0.006974209384181016,0.007345075731949728,,,0.07394563551720905,-109.23458341564012,0.013361522206837496,5.911929937643765,5.909520986286897,5.910725461965331,3.206174850463867,state,,
-0.5,,,-0.6268168504078558,-0.6268168504078558,,,,,,,3.2061843872070312,control,-0.25,-0.25
,-0.005596008606587579,0.0005627605475868933,,,0.06850526232111205,-113.70425957174677,0.013284200628055663,5.28079676445784,5.2613373529024825,5.271067058680162,3.2113261222839355,state,,
-0.5,,,-0.6442805133996987,-0.6442805133996987,,,,,,,3.2113354206085205,control,-0.25000000000000444,-0.24999999999999556
,0.003041552003400326,-0.002277616785789445,,,0.06292128763501258,-117.42553224012549,0.013190237932557275,4.638449028503849,4.610977978502171,4.62471350350301,3.216381788253784,state,,
-0.5,,,-0.6613949031317048,-0.6613949031317048,,,,,,,3.216391086578369,control,-0.25,-0.25
,-0.005612018882663326,0.007413612068366434,,,0.05760266403780635,-120.40226026377333,0.01319191645627016,3.969474628647558,3.9811775798799838,3.975326104263771,3.221745252609253,state,,
-0.5,,,-0.6781670050690707,-0.6781670050690707,,,,,,,3.2217540740966797,control,-0.25,-0.25
,0.00034099331889813234,-0.00387415494947933,,,0.05282178366170087,-123.9786601707318,0.013013131669050979,3.2942732443373233,3.3027520177497336,3.298512631043528,3.2266900539398193,state,,
-0.5,,,-0.6946036649676893,-0.6946036649676893,,,,,,,3.226699113845825,control,-0.24999999999999778,-0.2500000000000022
,0.007692176819350238,0.010330146075004463,,,0.04889125124609155,-127.49886274470495,0.013150296471179018,2.6085986441655806,2.6013864624078975,2.6049925532867393,3.231801748275757,state,,
-0.5,,,-0.7107115916683355,-0.7107115916683355,,,,,,,3.2318103313446045,control,-0.2500000000000022,-0.24999999999999778
,-0.0070425301254025035,3.417914174590858e-05,,,0.04103710580094156,-131.88114729179077,0.012884397386842062,1.869511361247147,1.8821698228676367,1.8758405920573917,3.2371184825897217,state,,
-0.5,,,-0.7264973598349689,-0.7264973598349689,,,,,,,3.2371299266815186,control,-0.2499999999999989,-0.2500000000000011
,-0.002240255055341026,-0.004068058130196575,,,0.03565934707533729,-134.05333310123163,0.012595583696780408,1.1739588650660113,1.1680461662591384,1.171002515662575,3.242229461669922,state,,
-0.5,,,-0.7419674126382695,-0.7419674126382695,,,,,,,3.242238998413086,control,-0.2500000000000011,-0.2499999999999989
,0.0006641821074469112,0.00830325792461676,,,0.027250154845183006,-137.75556506149331,0.012475362600651376,0.4275687760300201,0.4190349012905076,0.42330183866026383,3.2474513053894043,state,,
-0.5,,,-0.7571280643855041,-0.7571280643855041,,,,,,,3.2474608421325684,control,-0.25,-0.25
,0.004678518616028822,0.0019635339607696634,,,0.02114457479540558,-141.67347927567548,0.012275650472696567,-0.35669157165747856,-0.3381506265381665,-0.34742109909782254,3.25260066986084,state,,
-0.5,,,-0.771985503097794,-0.771985503097794,,,,,,,3.252610445022583,control,-0.25,-0.25
,0.005445586368535993,-0.0015088810109480878,,,0.01337087414520904,-143.89289497244852,0.011957039978452181,-1.1045922678489926,-1.0998250758545731,-1.1022086718517827,3.257870674133301,state,,
-0.5,,,-0.7865457930358382,-0.7865457930358382,,,,,,,3.257880687713623,control,-0.2500000000000011,-0.2499999999999989
,0.0007444802179320259,0.0056586095382211215,,,0.006299376947318365,-147.5061367723328,0.011719281772854279,-1.8861535036093169,-1.9083382664251456,-1.8972458850172313,3.262899398803711,state,,
-0.5,,,-0.8008148771751215,-0.8008148771751215,,,,,,,3.262908935546875,control,-0.2499999999999989,-0.2500000000000011
,0.010140443853398651,0.0053760706545092915,,,0.0003340844768748548,-150.82763852457077,0.011538847327842341,-2.7091479383446035,-2.699346901406979,-2.7042474198757915,3.268226146697998,state,,
-0.5,,,-0.8147985796316191,-0.8147985796316191,,,,,,,3.2682363986968994,control,-0.24999999999999778,-0.2500000000000022
,0.002102416027460748,-0.004968072015338691,,,-0.008524969173300315,-153.51179427006286,0.011021686803108902,-3.49523622677282,-3.533815886664107,-3.5145260567184637,3.273284435272217,state,,
-0.5,,,-0.8285026080389867,-0.8285026080389867,,,,,,,3.273293972015381,control,-0.24999999999999778,-0.2500000000000022
,0.013250117069825021,0.007424924193517186,,,-0.01333172034668247,-156.19725239912543,0.010867456123990283,-4.334203632073897,-4.342301792495609,-4.338252712284753,3.278719186782837,state,,
-0.5,,,-0.8419325558782069,-0.8419325558782069,,,,,,,3.278733968734741,control,-0.25,-0.25
,0.0019634378205965744,0.0011149937671999406,,,-0.021370790562427033,-159.21164043280513,0.010425495722937049,-5.178519635189525,-5.186053144899469,-5.182286390044497,3.283618927001953,state,,
-0.5,,,-0.8550939047606428,-0.8550939047606428,,,,,,,3.2836287021636963,control,-0.25,-0.25
,0.0009259606937238805,0.0011754689614115966,,,-0.0348656825496735,-161.90007730809896,0.009834570910345229,-6.043293544096614,-6.0258556126520775,-6.034574578374346,3.288861036300659,state,,
0.4999983915336142,,,-0.8079920266654299,-0.8079920266654299,,,,,,,3.288872480392456,control,0.2499991957668071,0.2499991957668071
,-0.002669961786514527,0.00038022738789729156,,,-0.04326121836074159,-161.99413274964988,0.009252384960315788,-6.8425893237014295,-6.8494950382332656,-6.8460421809673475,3.2940053939819336,state,,
0.4999983915336142,,,-0.7618321861321212,-0.7618321861321212,,,,,,,3.2940144538879395,control,0.2499991957668071,0.2499991957668071
,-0.002107425339609261,-0.0019252924222921172,,,-0.05205473985741789,-159.8408824047295,0.008593913005564172,-7.601305318716046,-7.620647780044262,-7.610976549380155,3.2991881370544434,state,,
0.4999983915336142,,,-0.7165955424094788,-0.7165955424094788,,,,,,,3.299224853515625,control,0.24999919576681154,0.24999919576680266
,-0.002082520816805163,0.004704488304833634,,,-0.05293972817468756,-155.7333453177534,0.008190921821235335,-8.32297100447167,-8.325568581201068,-8.324269792836368,3.3043696880340576,state,,
0.4999983915336142,,,-0.6722636315612891,-0.6722636315612891,,,,,,,3.3043792247772217,control,0.24999919576679822,0.24999919576681598
,0.0011868195332460129,0.004266465575917668,,,-0.05961957789960182,-150.2138733670662,0.00768902584745942,-8.990287464102046,-8.984700606399567,-8.987494035250807,3.309539556503296,state,,
0.4999983915336142,,,-0.6288183589300633,-0.6288183589300633,,,,,,,3.309549331665039,control,0.2499991957668071,0.2499991957668071
,-0.0002789976591193524,-0.003373069790838235,,,-0.07112393315904242,-144.47196804376776,0.006912797322701735,-9.61906042813487,-9.617876799810698,-9.618468613972784,3.314687967300415,state,,
0.4999983915336142,,,-0.586241991751462,-0.586241991751462,,,,,,,3.314697742462158,control,0.24999919576679822,0.24999919576681598
,-0.0008787258796764165,0.000974514312821745,,,-0.07936912379485758,-137.77636516021687,0.0062388036666723365,-10.197808011262824,-10.20376520910542,-10.200786610184121,3.3198342323303223,state,,
0.4999983915336142,,,-0.5445171519164327,-0.5445171519164327,,,,,,,3.319843292236328,control,0.24999919576679822,0.24999919576681598
,-0.0011044637894054733,-0.002886405250786232,,,-0.08839439155196677,-131.21199549166352,0.005448526849525382,-10.761345289298491,-10.74339750977983,-10.752371399539161,3.3249661922454834,state,,
0.4999983915336142,,,-0.503626808878104,-0.503626808878104,,,,,,,3.32497501373291,control,0.2499991957668071,0.2499991957668071
,-0.002173103180845034,-0.000760999261536849,,,-0.09437869388733117,-123.43151569781558,0.00472369313005143,-11.249880935636723,-11.241516656656254,-11.245698796146488,3.3301455974578857,state,,
0.4999983915336142,,,-0.46355427270054184,-0.46355427270054184,,,,,,,3.33015513420105,control,0.2499991957668071,0.2499991957668071
,0.0019678955215947243,0.003942913263609203,,,-0.10014707712411,-116.73463800821426,0.004106566765996666,-11.718545239778745,-11.727030495079998,-11.722787867429371,3.335402727127075,state,,
0.4999983915336142,,,-0.424283187246531,-0.424283187246531,,,,,,,3.33541202545166,control,0.2499991957668071,0.2499991957668071
,0.0011284171603944107,0.0052287479880701974,,,-0.10711433766231888,-109.1956733237629,0.0034665861048876565,-12.143338404036413,-12.154221364994825,-12.14877988451562,3.3405039310455322,state,,
0.4999983915336142,,,-0.38579752350160035,-0.38579752350160035,,,,,,,3.3405442237854004,control,0.2499991957668071,0.2499991957668071
,-0.0012137620956414392,-0.006909208004512744,,,-0.1063690520896813,-100.88525620357575,0.0027205575053256387,-12.5313466470507,-12.510536891249636,-12.520941769150168,3.34570574760437,state,,
0.4999983915336142,,,-0.3480815730315683,-0.3480815730315683,,,,,,,3.3457157611846924,control,0.2499991957668071,0.2499991957668071
,-0.003444940179708469,-0.005497714868290869,,,-0.11023611913080252,-94.15116342476847,0.0019081991296850077,-12.879772483995769,-12.889269857954929,-12.884521170975349,3.3508522510528564,state,,
0.4999983915336142,,,-0.3111199415709369,-0.3111199415709369,,,,,,,3.3508613109588623,control,0.2499991957668071,0.2499991957668071
,-0.009904446692725662,0.0007228318113461802,,,-0.11767301666552966,-85.57484506406239,0.001087500461145855,-13.187471694284955,-13.164326406179136,-13.175899050232045,3.3560519218444824,state,,
0.4999983915336142,,,-0.27489754273951816,-0.27489754273951816,,,,,,,3.3560996055603027,control,0.2499991957668071,0.2499991957668071
,-0.00014557038864878493,-0.0034541193506292733,,,-0.12342104167863899,-78.75042706490191,0.00027631517716320605,-13.465241945323257,-13.456832454131515,-13.461037199727386,3.361309766769409,state,,
0.4999983915336142,,,-0.23939959188472779,-0.23939959188472779,,,,,,,3.3613204956054688,control,0.2499991957668071,0.2499991957668071
,0.006067667883565694,-0.008721347740794347,,,-0.1274632004986323,-70.76962196991875,-0.0005635054701741645,-13.68775152096342,-13.68798218204663,-13.687866851505024,3.3662195205688477,state,,
0.4999983915336142,,,-0.20461160004703322,-0.20461160004703322,,,,,,,3.3662526607513428,control,0.24999919576679822,0.24999919576681598
,-0.005960124211428955,0.002422986473094145,,,-0.13376968916317752,-64.26288082102262,-0.0013351437749645721,-13.908619605077094,-13.902626902689928,-13.905623253883512,3.3714792728424072,state,,
0.4999983915336142,,,-0.17051936804609255,-0.17051936804609255,,,,,,,3.3714914321899414,control,0.24999919576681598,0.24999919576679822
,-0.004398875095211204,-0.0015454278082394932,,,-0.13464970963385062,-56.807269570018384,-0.002073118724675373,-14.072760263903653,-14.069239462689778,-14.070999863296716,3.3765485286712646,state,,
0.4999983915336142,,,-0.1371089806851707,-0.1371089806851707,,,,,,,3.3765571117401123,control,0.24999919576681598,0.24999919576679822
,0.0059552575192259,-0.0005564104699184478,,,-0.13528805450740075,-50.02597420781621,-0.0027004184492085193,-14.22137368437101,-14.205030448808461,-14.213202066589735,3.3818647861480713,state,,
0.4999983915336142,,,-0.10436680107146729,-0.10436680107146729,,,,,,,3.3818743228912354,control,0.2499991957668071,0.2499991957668071
,0.0142870881532083,0.00039833317374656933,,,-0.13661677144311268,-43.20065992474137,-0.003252834323943292,-14.316368997303604,-14.324785233861865,-14.320577115582735,3.387037754058838,state,,
0.4999983915336142,,,-0.07227946505003793,-0.07227946505003793,,,,,,,3.3870489597320557,control,0.2499991957668071,0.2499991957668071
,-0.0008518366611850728,-0.002827857207371881,,,-0.13623330563572747,-36.35861221187455,-0.0039379756306235705,-14.396908063231878,-14.390043147177666,-14.393475605204772,3.392134189605713,state,,
0.4999983915336142,,,-0.04083387574903717,-0.04083387574903717,,,,,,,3.3921432495117188,control,0.2499991957668071,0.2499991957668071
,-0.0047643121033224085,-0.0008115523681498895,,,-0.13663752514404956,-29.544804685638802,-0.0046152997570121515,-14.431850371354853,-14.433658656095643,-14.432754513725248,3.3973820209503174,state,,
0.4999983915336142,,,-0.010017198234056425,-0.010017198234056425,,,,,,,3.3973922729492188,control,0.2499991957668071,0.2499991957668071
,-0.007210028318480383,0.0027152114435802606,,,-0.13653406601560636,-22.64700803996538,-0.005223328057935714,-14.429385706857271,-14.443029714472555,-14.436207710664913,3.4025888442993164,state,,
0.4999983915336142,,,0.020183145730624703,0.020183145730624703,,,,,,,3.40262770652771,control,0.2499991957668071,0.2499991957668071
,0.010904005376408411,-0.004090932688604783,,,-0.1396841658181643,-17.03155003165129,-0.005877216899673151,-14.424582866844535,-14.439402474852173,-14.431992670848354,3.4077541828155518,state,,
0.4999983915336142,,,0.0497794828160122,0.0497794828160122,,,,,,,3.407763719558716,control,0.2499991957668071,0.2499991957668071
,0.008265386604938925,-0.0012981136606791985,,,-0.13763250226703266,-10.110905818368028,-0.006394579771640705,-14.375683773666271,-14.369119679029247,-14.372401726347759,3.4126906394958496,state,,
0.4999983915336142,,,0.07878389315969195,0.07878389315969195,,,,,,,3.4127001762390137,control,0.2499991957668071,0.2499991957668071
,0.004314675680568499,-0.0012274297555705492,,,-0.14093314118107447,-4.505212569204357,-0.007029281942364078,-14.30643346637762,-14.30498735399769,-14.305710410187654,3.4178009033203125,state,,
0.4999983915336142,,,0.1072082152964981,0.1072082152964981,,,,,,,3.4178097248077393,control,0.24999919576679822,0.24999919576681598
,-0.0015709162353146435,-0.0023281286491825923,,,-0.14267528139795504,1.772425578369854,-0.0076996749097087815,-14.217245790528258,-14.176627345637613,-14.196936568082936,3.4229674339294434,state,,
0.4999983915336142,,,0.13506405099056812,0.13506405099056812,,,,,,,3.422976016998291,control,0.24999919576681598,0.24999919576679822
,-0.0032020923779206185,-0.0011958574969651652,,,-0.14525393364979106,7.972684553294713,-0.00837343297098704,-14.0494202188137,-14.067365698957392,-14.058392958885545,3.4281423091888428,state,,
0.4999983915336142,,,0.16236276997075674,0.16236276997075674,,,,,,,3.428152322769165,control,0.24999919576679822,0.24999919576681598
,0.0033665358766092964,-0.0013884329267384791,,,-0.1407307729866221,14.025975334386487,-0.008855569588169451,-13.890155697394198,-13.893688237076356,-13.891921967235277,3.4335334300994873,state,,
0.4999983915336142,,,0.1891155145713416,0.1891155145713416,,,,,,,3.4335429668426514,control,0.2499991957668071,0.2499991957668071
,-0.008779640973222824,-0.00020899560885634494,,,-0.14144135338970917,19.429388270051128,-0.009481494877163234,-13.7061651638656,-13.7113889122489,-13.70877703805725,3.4386167526245117,state,,
0.4999983915336142,,,0.21533320427991476,0.21533320427991476,,,,,,,3.438626289367676,control,0.24999919576679822,0.24999919576681598
,-0.001075382963975339,0.00860983121156867,,,-0.1366282202031206,25.36092185295469,-0.009764175633473237,-13.505020041138202,-13.470118238479813,-13.487569139809008,3.443615198135376,state,,
0.4999983915336142,,,0.24102654019431646,0.24102654019431646,,,,,,,3.443624496459961,control,0.2499991957668071,0.2499991957668071
,0.000948682916995924,0.005246885981129433,,,-0.1338053175134273,31.016151860904024,-0.010105826484835259,-13.24507048262325,-13.239894716368372,-13.242482599495812,3.448730707168579,state,,
0.4999983915336142,,,0.26620600939043015,0.26620600939043015,,,,,,,3.4487392902374268,control,0.24999919576681598,0.24999919576679822
,-0.005113326345188109,0.0024354973157935636,,,-0.13519972570112826,36.06445652836278,-0.010610488746108255,-12.973327865812932,-12.990300239483075,-12.981814052648003,3.454017400741577,state,,
0.4999983915336142,,,0.2908818892026216,0.2908818892026216,,,,,,,3.4540281295776367,control,0.2499991957668071,0.2499991957668071
,-0.00013999342940125876,-0.004012295892070484,,,-0.1334396196200544,41.34840838574184,-0.011130023226059882,-12.694971586699646,-12.686979023306648,-12.690975305003146,3.4591426849365234,state,,
0.4999983915336142,,,0.3150642514185692,0.3150642514185692,,,,,,,3.459153413772583,control,0.24999919576679822,0.24999919576681598
,0.0011765924288887663,-0.004080607376454747,,,-0.13260375312550343,46.533542039735394,-0.011640975964042856,-12.385332894993482,-12.366234364290412,-12.375783629641948,3.4642231464385986,state,,
0.4999983915336142,,,0.33876296639019776,0.33876296639019776,,,,,,,3.4642324447631836,control,0.24999919576681598,0.24999919576679822
,0.005354148946398229,-0.002603026436075398,,,-0.12762876644424515,52.277552792367054,-0.011994305491575267,-12.023660970900643,-12.022293219568716,-12.02297709523468,3.4694807529449463,state,,
0.4999983915336142,,,0.3619877070623938,0.3619877070623938,,,,,,,3.469508647918701,control,0.2499991957668071,0.2499991957668071
,-0.002587390051896018,0.0021760971830075103,,,-0.12644500314934942,56.01425941692702,-0.012364142571891775,-11.682399443684044,-11.684469086579455,-11.68343426513175,3.474709987640381,state,,
0.4999983915336142,,,0.38474795292114594,0.38474795292114594,,,,,,,3.4747211933135986,control,0.2499991957668071,0.2499991957668071
,-0.0018045709725326977,-0.0013683935326742741,,,-0.12039167005630408,61.13583989604503,-0.012680974906308035,-11.300214918664869,-11.292270242699264,-11.296242580682065,3.479809284210205,state,,
0.4999983915336142,,,0.407052993862723,0.407052993862723,,,,,,,3.4798190593719482,control,0.24999919576679822,0.24999919576681598
,0.00015718668470464034,0.00685910838755991,,,-0.12104064046258764,66.2668947233027,-0.01293183516755844,-10.888927864250032,-10.877561802074354,-10.883244833162193,3.4847898483276367,state,,
0.4999983915336142,,,0.42891193398546856,0.42891193398546856,,,,,,,3.4847991466522217,control,0.2499991957668071,0.2499991957668071
,0.007714629343586125,0.0036735967379234757,,,-0.11963407825923154,70.90326960645392,-0.013141743739080173,-10.448064617396609,-10.461811956727114,-10.45493828706186,3.4901413917541504,state,,
0.4999983915336142,,,0.4503336953057592,0.4503336953057592,,,,,,,3.4901514053344727,control,0.24999919576679822,0.24999919576681598
,0.004242438874331194,0.0030684709503390802,,,-0.11571516877165902,75.94715234419206,-0.013326093625868455,-9.996618666952328,-9.993234609712092,-9.99492663833221,3.4951159954071045,state,,
0.4999983915336142,,,0.471327021399644,0.471327021399644,,,,,,,3.4951260089874268,control,0.2499991957668071,0.2499991957668071
,0.003297176418058606,0.0021832852731884325,,,-0.11132144840389399,80.56579222830034,-0.013501280290880652,-9.52190427637478,-9.515275204423196,-9.518589740398987,3.5002198219299316,state,,
0.4999983915336142,,,0.49190048097165107,0.49190048097165107,,,,,,,3.5002288818359375,control,0.24999919576679822,0.24999919576681598
,-0.0010537013559315158,-0.005789577417524992,,,-0.10726574188231902,84.52419320528602,-0.013838732177076893,-9.032035042711804,-9.033902689587897,-9.03296886614985,3.5057225227355957,state,,
0.4999983915336142,,,0.512062471352218,0.512062471352218,,,,,,,3.5057334899902344,control,0.2499991957668071,0.2499991957668071
,-0.00014043039518165453,0.0019348527485904168,,,-0.10143858876536366,88.98237072655503,-0.013963029722444143,-8.519596247177033,-8.514609579918892,-8.517102913547962,3.5107333660125732,state,,
0.4999983915336142,,,0.5318212219251737,0.5318212219251737,,,,,,,3.5107436180114746,control,0.2499991957668071,0.2499991957668071
,-0.008347570265602651,0.0032487669489604833,,,-0.09488993967386028,92.88318790604895,-0.014078061960951032,-7.992440935041123,-7.9887661457514625,-7.990603540396293,3.515775203704834,state,,
0.4999983915336142,,,0.5511847974866703,0.5511847974866703,,,,,,,3.5157840251922607,control,0.24999919576681154,0.24999919576680266
,-0.003980254351944109,-0.009300011949019114,,,-0.08910200631332083,97.06894562126708,-0.014374883070666887,-7.427471223804687,-7.449809594582828,-7.4386404091937575,3.52083158493042,state,,
0.4999983915336142,,,0.5701611015369369,0.5701611015369369,,,,,,,3.520840644836426,control,0.24999919576680266,0.24999919576681154
,0.0023210688999433455,-0.0004994111052722943,,,-0.08582449669822137,100.67248025723165,-0.014478635394138992,-6.874630999301484,-6.881220946530391,-6.877925972915937,3.5260162353515625,state,,
0.4999983915336142,,,0.5887578795061982,0.5887578795061982,,,,,,,3.5260260105133057,control,0.2499991957668071,0.2499991957668071
,0.0024027032523732655,0.0024616694771299446,,,-0.08003789713816142,104.67754034096407,-0.01445723134393278,-6.291660670491113,-6.28993084998991,-6.290795760240512,3.5313897132873535,state,,
0.4999983915336142,,,0.6069827219160743,0.6069827219160743,,,,,,,3.531400203704834,control,0.24999919576681154,0.24999919576680266
,0.0014553795377400755,0.0026393764779162566,,,-0.07793723495544272,109.62026792841442,-0.014487188982822748,-5.670436104894723,-5.6576208307222755,-5.6640284678085,3.5365355014801025,state,,
0.4999983915336142,,,0.6248430674777528,0.6248430674777528,,,,,,,3.5365445613861084,control,0.24999919576681154,0.24999919576680266
,0.004098301317471377,0.004751933607484466,,,-0.07247772517076934,112.8086856334746,-0.0143785469742877,-5.054519094482919,-5.043960497118925,-5.049239795800922,3.541736602783203,state,,
0.4999983915336142,,,0.6423462061281977,0.6423462061281977,,,,,,,3.541746139526367,control,0.2499991957668071,0.2499991957668071
,0.011504387877924798,0.004455761996772958,,,-0.07099019225017053,115.82517239231504,-0.014277229289089777,-4.424969875089616,-4.419240236900936,-4.422105055995276,3.5468838214874268,state,,
0.4999983915336142,,,0.6594992820056338,0.6594992820056338,,,,,,,3.546893835067749,control,0.24999919576681154,0.24999919576680266
,0.0009035436990687166,0.005405298367770494,,,-0.06413012596774563,120.36433486560443,-0.014121635885186593,-3.740066961780326,-3.7560137725299336,-3.74804036715513,3.5519859790802,state,,
0.4999983915336142,,,0.6763092963655212,0.6763092963655212,,,,,,,3.5519955158233643,control,0.2499991957668071,0.2499991957668071
,0.0017833779036815257,0.0011735649043416794,,,-0.059883707987092735,124.21939352070572,-0.01406115852908593,-3.0624299926007277,-3.0687464783287624,-3.065588235464745,3.5571978092193604,state,,
0.4999983915336142,,,0.6927831104382107,0.6927831104382107,,,,,,,3.5572078227996826,control,0.2499991957668071,0.2499991957668071
,-0.005136853118602112,-0.0080276523672107,,,-0.05030967958031607,127.8978553097607,-0.014094146759449892,-2.3730799011689614,-2.362028941322371,-2.367554421245666,3.562290668487549,state,,
0.4999983915336142,,,0.7089274482294465,0.7089274482294465,,,,,,,3.562300682067871,control,0.24999919576680488,0.24999919576680932
,-0.004382906658907414,-0.005932009460102003,,,-0.041353569443534834,130.71409626265316,-0.014047712785206405,-1.6839100311901447,-1.6544141149565224,-1.6691620730733336,3.5674006938934326,state,,
0.4999983915336142,,,0.7247488992648576,0.7247488992648576,,,,,,,3.567410707473755,control,0.2499991957668082,0.249999195766806
,-0.0016606915532723406,0.006807352133867334,,,-0.036272004622274805,134.27407497434018,-0.013780955708544639,-0.9412174114625068,-0.9410483430873768,-0.9411328772749419,3.5728886127471924,state,,
0.4999983915336142,,,0.7402539212795605,0.7402539212795605,,,,,,,3.5729308128356934,control,0.24999919576680765,0.24999919576680654
,-0.0027595842938932815,9.567330278771488e-05,,,-0.028131649467163233,136.9460293465401,-0.013564732633598576,-0.22405281731901708,-0.20370169455514256,-0.21387725593707982,3.5777463912963867,state,,
0.4999983915336142,,,0.7554488428539693,0.7554488428539693,,,,,,,3.5777556896209717,control,0.2499991957668071,0.2499991957668071
,0.0007558525068242464,0.0014382507146339996,,,-0.019831941877306906,140.9492537123599,-0.01325863695797403,0.5494269152424855,0.5597376992321819,0.5545823072373337,3.58286190032959,state,,
0.4999983915336142,,,0.77033986599689,0.77033986599689,,,,,,,3.582871675491333,control,0.2499991957668071,0.2499991957668071
,-0.0035747350992381883,0.004116811707494129,,,-0.009720257869498278,143.48414251476476,-0.012863281382123597,1.3125648057120871,1.3121292505284328,1.3123470281202598,3.588015079498291,state,,
0.4999983915336142,,,0.7849330686769522,0.7849330686769522,,,,,,,3.5880253314971924,control,0.2499991957668082,0.249999195766806
,-0.00017668809693727503,0.0002911821156108589,,,0.00037873752469166997,147.061680930163,-0.012472345845596464,2.113399717081447,2.0957877330430583,2.1045937250622524,3.5931522846221924,state,,
0.4999983915336142,,,0.7992344073034132,0.7992344073034132,,,,,,,3.5931625366210938,control,0.24999919576680932,0.24999919576680488
,0.0005516343244119075,0.0034299218329547306,,,0.006552980929187385,149.98460482271966,-0.012056495531256097,2.912921248166018,2.8891518073420426,2.90103652775403,3.5983550548553467,state,,
0.4999983915336142,,,0.813249719157345,0.813249719157345,,,,,,,3.59836483001709,control,0.2499991957668071,0.2499991957668071
,0.00818012866632767,0.0036728484204981734,,,0.012358891621335365,154.06639605489156,-0.011565084147107768,3.7405578191374462,3.732106647173392,3.7363322331554194,3.6034488677978516,state,,
0.4999983915336142,,,0.8269847247741982,0.8269847247741982,,,,,,,3.6034581661224365,control,0.24999919576680488,0.24999919576680932
,-0.002167012559064153,0.0038390147484018582,,,0.02130649452290275,155.7995092610781,-0.011064427187949314,4.538461180413179,4.547365085248926,4.542913132831053,3.6086783409118652,state,,
0.4999983915336142,,,0.8404450302787142,0.8404450302787142,,,,,,,3.60868763923645,control,0.24999919576680266,0.24999919576681154
,-0.0021353184728063013,-0.0038185202162352777,,,0.02847127931015224,158.53225208063185,-0.010708444302161653,5.378331893540562,5.379802798514034,5.379067346027298,3.6138017177581787,state,,
0.4999983915336142,,,0.85363612967314,0.85363612967314,,,,,,,3.61381196975708,control,0.24999919576680266,0.24999919576681154
,-0.00027496216238153824,0.0034329792565875963,,,0.0358080510632189,161.32376801065942,-0.010172473035618093,6.222428756906877,6.237800327051047,6.230114541978962,3.6189730167388916,state,,
-0.5,,,0.8065634070796771,0.8065634070796771,,,,,,,3.618983030319214,control,-0.25,-0.25
,-0.002017449210801426,-0.0004867708797375748,,,0.04620205943479903,161.44971390583882,-0.009634337071603404,7.044174660759102,7.034560544613197,7.039367602686149,3.6240921020507812,state,,
-0.5,,,0.7604321389380835,0.7604321389380835,,,,,,,3.6241023540496826,control,-0.25,-0.25
,-0.007197835232969376,-0.0009983422554574394,,,0.05357980813814088,159.44068361247972,-0.009165836599868386,7.806567354567834,7.802625266527371,7.804596310547602,3.6293745040893555,state,,
-0.5,,,0.7152234961593218,0.7152234961593218,,,,,,,3.6293857097625732,control,-0.24999999999999556,-0.25000000000000444
,-0.007390655997084648,0.0026493583848169262,,,0.0604780337142548,155.32801652185069,-0.008614080179179138,8.51613189113884,8.515430635821875,8.515781263480358,3.6345930099487305,state,,
-0.5,,,0.6709190262361353,0.6709190262361353,,,,,,,3.6346046924591064,control,-0.25,-0.25
,-0.0017325387750551744,-9.051603111921061e-05,,,0.06600275374972668,150.14412329592324,-0.008076561328936662,9.189199248700103,9.178796064946457,9.18399765682328,3.6401453018188477,state,,
-0.5,,,0.6275006457114125,0.6275006457114125,,,,,,,3.6401920318603516,control,-0.25,-0.25
,0.005496204737937909,-0.0015775339711735798,,,0.07409883368836867,144.31429410057018,-0.0074439355604477815,9.817584061338076,9.807984966549807,9.812784513943942,3.644775629043579,state,,
-0.5,,,0.5849506327971842,0.5849506327971842,,,,,,,3.6447856426239014,control,-0.2500000000000089,-0.24999999999999112
,-0.006806563643920852,0.0024598140820396306,,,0.08158844453401698,137.7965466955632,-0.0068131334226746165,10.402457283980628,10.393610867396642,10.398034075688635,3.6498658657073975,state,,
-0.5,,,0.5432516201412405,0.5432516201412405,,,,,,,3.6498749256134033,control,-0.25,-0.25
,0.0028052050788337367,-0.006887975041706596,,,0.08953110503945183,131.33024096283174,-0.006251151652599935,10.948464324856978,10.955077331967077,10.951770828412027,3.655226469039917,state,,
-0.5,,,0.5023865877384157,0.5023865877384157,,,,,,,3.6552376747131348,control,-0.24999999999999112,-0.2500000000000089
,-0.0022666333113465264,0.0026626835911500715,,,0.09108426609860172,123.84166241408185,-0.0056527786213088765,11.444728174927652,11.458861247484124,11.451794711205888,3.660405397415161,state,,
-0.5,,,0.46233885598364743,0.46233885598364743,,,,,,,3.660416841506958,control,-0.25,-0.25
,0.0014040041489852214,0.008731441216664101,,,0.09561326720441836,115.41367500240938,-0.004857807408664605,11.897063420196604,11.892391580862476,11.894727500529541,3.665557384490967,state,,
-0.5,,,0.4230920788639745,0.4230920788639745,,,,,,,3.6655681133270264,control,-0.2500000000000089,-0.24999999999999112
,0.00042123703057354064,0.003802500178378847,,,0.10322530400860354,108.86833551595853,-0.00409217791175457,12.343060085011498,12.326733644510526,12.334896864761012,3.67085337638855,state,,
-0.5,,,0.384630237286695,0.384630237286695,,,,,,,3.670865297317505,control,-0.25,-0.25
,-0.004183999889155266,0.0037782379415691194,,,0.11295541640384607,101.45315513091411,-0.0032958048179451693,12.737915772237239,12.71037698615435,12.724146379195794,3.6758272647857666,state,,
-0.5,,,0.3469376325409611,0.3469376325409611,,,,,,,3.675868511199951,control,-0.25,-0.25
,0.004242834261551399,0.008422927767597762,,,0.11433391489182183,93.75403711631975,-0.002490023528269969,13.063445974318741,13.077316617341936,13.070381295830337,3.681133270263672,state,,
-0.5,,,0.30999887989014185,0.30999887989014185,,,,,,,3.681144952774048,control,-0.24999999999999112,-0.2500000000000089
,0.008796230742907073,0.00400202449516754,,,0.117951455019914,85.29852851398259,-0.001695981505212751,13.368466610666513,13.356134068050387,13.36230033935845,3.6863675117492676,state,,
-0.5,,,0.27379890229233905,0.27379890229233905,,,,,,,3.6863789558410645,control,-0.25,-0.25
,-0.008752818926283651,-0.003648556711334268,,,0.12611235884806887,78.56111222241574,-0.0010793870072875358,13.649269496385054,13.646483683261858,13.647876589823456,3.6914939880371094,state,,
-0.5,,,0.2383229242464923,0.2383229242464923,,,,,,,3.691504955291748,control,-0.25,-0.25
,0.001546590515598275,0.008358087066213242,,,0.12790247573186486,71.56599816321918,-0.0002662592950433921,13.884797746176256,13.903954019100299,13.894375882638277,3.6966426372528076,state,,
-0.5,,,0.20355646576156244,0.20355646576156244,,,,,,,3.696653366088867,control,-0.25,-0.25
,0.004638286819434072,-0.009124433198685443,,,0.13297190172967668,63.66308375100925,0.00030491633172600405,14.104678470206666,14.069146553872901,14.086912512039785,3.7017877101898193,state,,
-0.5,,,0.16948533644633118,0.16948533644633118,,,,,,,3.7017977237701416,control,-0.2500000000000089,-0.24999999999999112
,-0.004186957595766692,-0.0002624128955317876,,,0.1315992411734568,56.43952565310513,0.0008564753130479048,14.25390069970588,14.254386585306154,14.254143642506017,3.7070181369781494,state,,
-0.5,,,0.13609562971740455,0.13609562971740455,,,,,,,3.707029342651367,control,-0.25,-0.25
,0.006663212957693341,-0.0030866919094061003,,,0.13584957423486788,49.83810747592135,0.0015336801141572199,14.395469774326356,14.401068918581792,14.398269346454075,3.712038278579712,state,,
-0.5,,,0.10337371712305646,0.10337371712305646,,,,,,,3.7120492458343506,control,-0.2500000000000089,-0.24999999999999112
,0.004039141542705819,0.007870067184268166,,,0.13877696744588355,42.82144854256906,0.0023750217045213243,14.499638794154132,14.501767193533123,14.500702993843628,3.71718430519104,state,,
-0.5,,,0.07130624278059533,0.07130624278059533,,,,,,,3.7171950340270996,control,-0.2500000000000089,-0.24999999999999112
,0.0014594530095525444,0.005254941303768058,,,0.14082570710507802,35.790277693919315,0.0031281476520587984,14.570876540344011,14.564623105025188,14.5677498226846,3.722240686416626,state,,
-0.5,,,0.03988011792498343,0.03988011792498343,,,,,,,3.7222495079040527,control,-0.2500000000000089,-0.24999999999999112
,-0.003845909943971913,0.0034834148130383205,,,0.14227270333273345,29.253579226527034,0.003791612191093152,14.59513017909607,14.62483568402106,14.609982931558566,3.727543354034424,state,,
-0.5,,,0.009082515566483762,0.009082515566483762,,,,,,,3.727552890777588,control,-0.2500000000000089,-0.24999999999999112
,-0.00016766633240453347,0.0010702181074865543,,,0.14151920724843303,22.63226823582628,0.004386303193944149,14.61002586339218,14.625499807299471,14.617762835345825,3.7325334548950195,state,,
-0.5,,,-0.021099134744845913,-0.021099134744845913,,,,,,,3.7325425148010254,control,-0.25,-0.25
,-0.004271653869992004,-0.0030218023978913185,,,0.146419332653936,16.59126464458275,0.004974821000955398,14.600452948658148,14.60869425192287,14.604573600290509,3.73781156539917,state,,
-0.5,,,-0.05067715204994899,-0.05067715204994899,,,,,,,3.737821340560913,control,-0.25,-0.25
,0.004916276875431654,0.004443252793513783,,,0.13851625924673186,10.49117077178106,0.005520018370149505,14.551219224597649,14.568667665064986,14.559943444831317,3.7430098056793213,state,,
-0.5,,,-0.07966360900895,-0.07966360900895,,,,,,,3.7430508136749268,control,-0.25,-0.25
,0.0008150029873196423,-0.0013869922639832646,,,0.13709342653237477,4.118701202973817,0.006009684990426093,14.482987165583179,14.475244729793523,14.479115947688351,3.7483043670654297,state,,
-0.5,,,-0.108070336828771,-0.108070336828771,,,,,,,3.748316764831543,control,-0.25,-0.25
,0.005325197670576866,0.013263590500458009,,,0.13995183846899578,-2.3199660362812415,0.006875895236339359,14.37418438464068,14.355898706762952,14.365041545701816,3.7535223960876465,state,,
-0.5,,,-0.13590893009219557,-0.13590893009219557,,,,,,,3.753532886505127,control,-0.25,-0.25
,-0.008631748312330698,-0.002517912992157032,,,0.14046443750710935,-8.580620371588482,0.007293980181252287,14.223300181987508,14.221693888809469,14.222497035398488,3.7587859630584717,state,,
-0.5,,,-0.16319075149035164,-0.16319075149035164,,,,,,,3.758798360824585,control,-0.25,-0.25
,0.000357570966780697,-0.007057673866528569,,,0.13792917457308992,-14.263659365095007,0.007626212317874742,14.064065178916938,14.057395548708977,14.060730363812958,3.7638072967529297,state,,
-0.5,,,-0.1899269364605446,-0.1899269364605446,,,,,,,3.76381778717041,control,-0.2500000000000089,-0.24999999999999112
,0.006756049822830186,-0.0014618756183968898,,,0.13778646162619998,-19.519646338771018,0.008139855634320958,13.873891897273134,13.885069105427641,13.879480501350388,3.76892352104187,state,,
-0.5,,,-0.2161283977313337,-0.2161283977313337,,,,,,,3.768935203552246,control,-0.25,-0.25
,0.012549900179535438,8.077532948920363e-05,,,0.1372425581651713,-25.309234364203135,0.008705985464040535,13.640167716620626,13.681412631895485,13.660790174258056,3.7739579677581787,state,,
-0.5,,,-0.241805829776707,-0.241805829776707,,,,,,,3.773968458175659,control,-0.25,-0.25
,0.001912489138097044,-0.0020402497070618063,,,0.1384085148769349,-30.797821988665298,0.009174775737734793,13.422721897210486,13.416173061213739,13.419447479212113,3.779322624206543,state,,
-0.5,,,-0.26696971318117285,-0.26696971318117285,,,,,,,3.779355049133301,control,-0.2500000000000089,-0.24999999999999112
,-0.0035131515469325764,0.0008842606661521902,,,0.13473652945746994,-36.53922789180946,0.009554745348753464,13.146863451995845,13.143884601553811,13.145374026774828,3.784252643585205,state,,
-0.5,,,-0.2916303189175494,-0.2916303189175494,,,,,,,3.78426194190979,control,-0.25,-0.25
,0.0034558099962113393,0.006012571894160267,,,0.13561083779178798,-41.685532347115426,0.010149303556104926,12.866258735699244,12.8438220358357,12.855040385767472,3.789386034011841,state,,
-0.5,,,-0.3157977125391984,-0.3157977125391984,,,,,,,3.789395570755005,control,-0.25,-0.25
,-0.005286395051527151,0.0002872992293862117,,,0.13433584129631462,-46.69910300883252,0.010520948899395805,12.544778618387703,12.538724212388361,12.541751415388031,3.7945854663848877,state,,
-0.5,,,-0.3394817582884144,-0.3394817582884144,,,,,,,3.7945947647094727,control,-0.24999999999999112,-0.2500000000000089
,0.003052575190819524,0.004777302507935925,,,0.13333202570013333,-51.255609824277634,0.011029789881588505,12.194575017611639,12.23133359833965,12.212954307975643,3.799612045288086,state,,
-0.5,,,-0.3626921231226461,-0.3626921231226461,,,,,,,3.799621105194092,control,-0.24999999999999112,-0.2500000000000089
,0.0011296917630873626,-0.005592187292553511,,,0.13031643765155318,-57.0351212316958,0.011275460265684073,11.847474099439784,11.824115742365224,11.835794920902504,3.8046889305114746,state,,
-0.5,,,-0.38543828066019314,-0.38543828066019314,,,,,,,3.8046979904174805,control,-0.25,-0.25
,-0.00808571485604802,0.0033593186963416163,,,0.12985643418473497,-61.83223977109168,0.011651598120377653,11.449952144675215,11.45061827379035,11.450285209232783,3.810222864151001,state,,
-0.5,,,-0.4077295150469893,-0.4077295150469893,,,,,,,3.8102362155914307,control,-0.25,-0.25
,0.005548881117540857,-0.010707829315148616,,,0.12572794069358906,-66.67209219099753,0.011782820340098242,11.031278679937422,11.04851352932551,11.039896104631467,3.8151304721832275,state,,
-0.5,,,-0.4295749247460495,-0.4295749247460495,,,,,,,3.8151402473449707,control,-0.2500000000000089,-0.24999999999999112
,0.003387712542160684,-0.001275594012774555,,,0.12065746198929618,-70.99788284394499,0.01203097990792566,10.607431743278708,10.624687444505316,10.616059593892011,3.82038950920105,state,,
-0.5,,,-0.4509834262511285,-0.4509834262511285,,,,,,,3.820401906967163,control,-0.24999999999999112,-0.2500000000000089
,-0.0006995508795352537,0.00583479342239588,,,0.11587419677945568,-75.7995279528759,0.012356895156112026,10.162171986434746,10.159110811008643,10.160641398721694,3.8255677223205566,state,,
-0.5,,,-0.471963757726106,-0.471963757726106,,,,,,,3.825578212738037,control,-0.24999999999999112,-0.2500000000000089
,0.0005692361326871877,0.0019198175850606576,,,0.11099914657007487,-79.50829307892558,0.012587697802869079,9.703407755178178,9.704738450960424,9.704073103069302,3.8306758403778076,state,,
-0.5,,,-0.4925244825715839,-0.4925244825715839,,,,,,,3.8306891918182373,control,-0.2500000000000089,-0.24999999999999112
,-0.00046425953637013344,0.006925071555072556,,,0.10735521692665248,-84.46642778049979,0.012900499775703962,9.197854805428607,9.207804793650798,9.202829799539703,3.835756778717041,state,,
-0.5,,,-0.5126739929201521,-0.5126739929201521,,,,,,,3.8357656002044678,control,-0.2500000000000089,-0.24999999999999112
,-0.0057353309744112456,-0.0017718325965463437,,,0.10058419429940396,-88.28815296356458,0.012924443860749483,8.697472449542996,8.703656329096056,8.700564389319526,3.8409464359283447,state,,
-0.5,,,-0.5324205130617491,-0.5324205130617491,,,,,,,3.8409574031829834,control,-0.25,-0.25
,0.005762998886228313,-0.0016005593755646134,,,0.09524753215530896,-93.28758140045491,0.013032719318519641,8.156084516108432,8.153031698853013,8.154558107480723,3.846099376678467,state,,
-0.5,,,-0.5517721028005141,-0.5517721028005141,,,,,,,3.846130132675171,control,-0.25,-0.25
,0.0017961581691753779,0.007361551080108042,,,0.09356430590945425,-97.56577880749248,0.01332452203205891,7.596111795248198,7.601167378667731,7.598639586957964,3.8510854244232178,state,,
-0.5,,,-0.5707366607445039,-0.5707366607445039,,,,,,,3.8510985374450684,control,-0.25,-0.25
,0.005562148410508095,-0.00406260937270522,,,0.08698007295946494,-101.44341529777486,0.013317615783839692,7.035095156639494,7.024320861310296,7.029708008974895,3.856567621231079,state,,
-0.5,,,-0.5893219275296139,-0.5893219275296139,,,,,,,3.8565804958343506,control,-0.24999999999999556,-0.25000000000000444
,-0.0018932860527038314,0.009415240413959042,,,0.07842404855590371,-105.76212073401706,0.013433068556509636,6.419698822410137,6.444627324612325,6.432163073511231,3.861635684967041,state,,
-0.5,,,-0.6075354889790217,-0.6075354889790217,,,,,,,3.8616461753845215,control,-0.25,-0.25
,0.014816016799860365,0.0033269468919110705,,,0.07093133831679206,-108.98382454546199,0.013537139513983651,5.843414582901148,5.828523301312801,5.835968942106975,3.866640329360962,state,,
-0.5,,,-0.6253847791994412,-0.6253847791994412,,,,,,,3.866649866104126,control,-0.25000000000000444,-0.24999999999999556
,0.009814870075166612,7.23859010613336e-05,,,0.06823708512277536,-112.96705919536188,0.01360318636546175,5.201123717653906,5.214353277801128,5.207738497727517,3.8718321323394775,state,,
-0.5,,,-0.6428770836154525,-0.6428770836154525,,,,,,,3.8718416690826416,control,-0.25,-0.25
,0.0110428361628841,-0.003862828344232145,,,0.05945621367147485,-116.64022493254228,0.013465997911436876,4.568261005755818,4.563893243600184,4.566077124678001,3.876906156539917,state,,
-0.5,,,-0.6600195419431435,-0.6600195419431435,,,,,,,3.876915454864502,control,-0.25000000000000444,-0.24999999999999556
,0.0033130882674582292,0.006775293309067819,,,0.05788884378133628,-120.26278420271983,0.013576513262035142,3.9117815561398186,3.90243520829056,3.9071083822151893,3.8820207118988037,state,,
-0.5,,,-0.6768191511042806,-0.6768191511042806,,,,,,,3.8820295333862305,control,-0.25,-0.25
,0.004911320785692499,0.004390950421674929,,,0.05511171379789953,-123.67471226402863,0.013619936754657754,3.237823803513385,3.2310407949904585,3.234432299251922,3.8871982097625732,state,,
-0.5,,,-0.693282768082195,-0.693282768082195,,,,,,,3.887207508087158,control,-0.2500000000000022,-0.24999999999999778
,0.0027660642114222312,0.00089408113045766,,,0.05132182537285619,-127.77643704900099,0.013547255345594728,2.522646205570044,2.537892067497611,2.5302691365338275,3.892399787902832,state,,
-0.5,,,-0.7094171127205512,-0.7094171127205512,,,,,,,3.892409086227417,control,-0.25,-0.25
,0.0020694668951580144,-0.006182704516059436,,,0.04284272180927872,-131.32678820499405,0.013224754598584238,1.8201743373203192,1.814084866459732,1.8171296018900256,3.8977138996124268,state,,
-0.5,,,-0.7252287704661402,-0.7252287704661402,,,,,,,3.8977231979370117,control,-0.25,-0.25
,0.0020332716867425076,-0.00252012721196228,,,0.03579011263434838,-134.23759271409267,0.01296413887946462,1.106341215783616,1.0928882756560634,1.0996147457198397,3.9028844833374023,state,,
-0.5,,,-0.7407241950568174,-0.7407241950568174,,,,,,,3.9028944969177246,control,-0.25,-0.25
,0.005375605721348424,0.0023923076285180486,,,0.024654948829019564,-137.2710606353547,0.012706544673445806,0.35980390051941813,0.37015670169080445,0.36498030110511126,3.908003330230713,state,,
-0.5,,,-0.7559097111556811,-0.7559097111556811,,,,,,,3.908012866973877,control,-0.24999999999999972,-0.2500000000000003
,-0.002226090658323749,-0.005818910759448799,,,0.017914882896792664,-140.50936749490873,0.012280684699825775,-0.3834463705780087,-0.39476521095013983,-0.38910579076407426,3.9129815101623535,state,,
-0.5,,,-0.7707915169325674,-0.7707915169325674,,,,,,,3.9130101203918457,control,-0.25,-0.25
,-0.0020046535720234927,-0.0018551171712911014,,,0.01141308261230309,-143.52362160706807,0.01191044997000029,-1.146916873580922,-1.1624776123549532,-1.1546972429679376,3.9181859493255615,state,,
-0.5,,,-0.7853756865939161,-0.7853756865939161,,,,,,,3.9181950092315674,control,-0.25,-0.25
,-0.003390487321135855,0.0044123188321511094,,,0.0037070519664199175,-148.01632246523008,0.011597167431720326,-1.9654987366543009,-1.967066083815813,-1.966282410235057,3.92387318611145,state,,
-0.5,,,-0.7996681728620378,-0.7996681728620378,,,,,,,3.9238860607147217,control,-0.25,-0.25
,0.000553469459171713,-0.00573660486888465,,,0.00014048580188285578,-149.9650742973703,0.011178072554571069,-2.739879416745265,-2.7543668440874525,-2.747123130416359,3.928508758544922,state,,
-0.5,,,-0.8136748094047971,-0.8136748094047971,,,,,,,3.9285175800323486,control,-0.25,-0.25
,8.448544726424607e-05,0.005651144104338538,,,-0.008716446643091656,-153.23529587815668,0.010849427451321362,-3.566384657320786,-3.564308948211087,-3.5653468027659363,3.933767318725586,state,,
-0.5,,,-0.8274013132167012,-0.8274013132167012,,,,,,,3.9337809085845947,control,-0.2500000000000022,-0.24999999999999778
,-0.009930153151970742,-0.00029728427818375867,,,-0.014042278873274392,-156.10436751138008,0.010371487483407294,-4.398073975130926,-4.384988692017197,-4.391531333574061,3.9388139247894287,state,,
-0.5,,,-0.8408532869523672,-0.8408532869523672,,,,,,,3.938823699951172,control,-0.25000000000000444,-0.24999999999999556
,0.0009101272391177429,0.006992441265544631,,,-0.024023944911499666,-158.74892419958869,0.009997464639049644,-5.2345939620622275,-5.220136800924809,-5.227365381493518,3.943948268890381,state,,
-0.5,,,-0.8540362212133198,-0.8540362212133198,,,,,,,3.943958282470703,control,-0.25,-0.25
,0.001343324713186466,0.004221200529659309,,,-0.03397046946082196,-162.32085507563608,0.009534489451066547,-6.092332587907808,-6.099304816896691,-6.09581870240225,3.9490461349487305,state,,
0.4999983915336142,,,-0.8069554967890533,-0.8069554967890533,,,,,,,3.949089765548706,control,0.24999919576681154,0.24999919576680266
,0.0021686912014506066,-0.008340994513803567,,,-0.04506735855430766,-161.15613791077325,0.008781313125018165,-6.883018381296267,-6.883106303797585,-6.883062342546927,3.95438814163208,state,,
0.4999983915336142,,,-0.7608163868532722,-0.7608163868532722,,,,,,,3.954399585723877,control,0.24999919576681154,0.24999919576680266
,0.002790927303875738,0.007580919074204413,,,-0.05229711289594546,-159.9463827357494,0.008368375309683639,-7.659793748140498,-7.667287061103641,-7.663540404622069,3.9597065448760986,state,,
0.4999983915336142,,,-0.7156000591162067,-0.7156000591162067,,,,,,,3.9597158432006836,control,0.2499991957668071,0.2499991957668071
,0.001374116424609841,-0.0034707662998600996,,,-0.06010116779590867,-155.6999864152845,0.007700750457612888,-8.375436315183592,-8.373477365267549,-8.37445684022557,3.9646341800689697,state,,
0.4999983915336142,,,-0.6712880579338826,-0.6712880579338826,,,,,,,3.964643716812134,control,0.24999919576679822,0.24999919576681598
,-0.003435376974614459,-0.010488307398061888,,,-0.06806215506236053,-150.82784514007997,0.006838985075046511,-9.052313103227258,-9.04979395514651,-9.051053529186884,3.9697041511535645,state,,
0.4999983915336142,,,-0.6278622967752049,-0.6278622967752049,,,,,,,3.9697134494781494,control,0.2499991957668071,0.2499991957668071
,-0.008077396882428329,0.005843319581206271,,,-0.0769809142953587,-144.5683563967039,0.006204605175117787,-9.670922331300183,-9.67762257609335,-9.674272453696766,3.974902391433716,state,,
0.4999983915336142,,,-0.5853050508397007,-0.5853050508397007,,,,,,,3.974911689758301,control,0.24999919576679822,0.24999919576681598
,-0.00528834142162595,0.003460482243623114,,,-0.08349344619791269,-137.6582116702178,0.005565000243658926,-10.265333805926996,-10.239836480028583,-10.25258514297779,3.980107307434082,state,,
0.4999983915336142,,,-0.5435989498229067,-0.5435989498229067,,,,,,,3.980117082595825,control,0.2499991957668071,0.2499991957668071
,0.008091996645553292,-0.008672163213519277,,,-0.09117424807765175,-130.1999593007329,0.004756418845306196,-10.781572409819551,-10.788193922857282,-10.784883166338417,3.9854414463043213,state,,
0.4999983915336142,,,-0.5027269708264485,-0.5027269708264485,,,,,,,3.98545241355896,control,0.24999919576681598,0.24999919576679822
,0.0030037013391011427,0.002502787626211742,,,-0.09877145058199853,-123.84654700289451,0.004097805416347388,-11.298403512385377,-11.307592895780038,-11.302998204082709,3.990527391433716,state,,
0.4999983915336142,,,-0.46267243140991954,-0.46267243140991954,,,,,,,3.990549325942993,control,0.24999919576681598,0.24999919576679822
,0.011446270037814177,-0.0003998578932677774,,,-0.10548704304837192,-116.30920653018431,0.003442017539082806,-11.760278067692688,-11.768889406974886,-11.764583737333787,3.9957544803619385,state,,
0.4999983915336142,,,-0.4234189827817212,-0.4234189827817212,,,,,,,3.9957644939422607,control,0.2499991957668071,0.2499991957668071
,-0.0029846607964692656,-0.006502473377073126,,,-0.11035056454666549,-108.96717387791374,0.0025838882686132617,-12.200359810891133,-12.184775244765389,-12.19256752782826,4.000870227813721,state,,
0.4999983915336142,,,-0.38495060312608675,-0.38495060312608675,,,,,,,4.0008790493011475,control,0.24999919576679822,0.24999919576681598
,0.0012030790784356572,0.007472817742412262,,,-0.10730351927052847,-101.1226877503851,0.0021718550662237542,-12.573910012391513,-12.57275417212646,-12.573332092258987,4.006043195724487,state,,
0.4999983915336142,,,-0.34725159106356507,-0.34725159106356507,,,,,,,4.006086349487305,control,0.2499991957668071,0.2499991957668071
,-0.010937540775265084,0.001582876942050629,,,-0.11173381467647232,-93.4720251275953,0.0014301769035277763,-12.919716751662657,-12.918139529262191,-12.918928140462423,4.011220455169678,state,,
0.4999983915336142,,,-0.3103065592422938,-0.3103065592422938,,,,,,,4.01123046875,control,0.24999919576679822,0.24999919576681598
,-0.0038664401813987424,-0.007819070566490206,,,-0.11314308939385279,-85.8546787254063,0.0006214793092261331,-13.227931718103543,-13.226003683445038,-13.22696770077429,4.016479015350342,state,,
0.4999983915336142,,,-0.27410042805744794,-0.27410042805744794,,,,,,,4.016515493392944,control,0.2499991957668071,0.2499991957668071
,-0.013498073439874941,0.00471217554370019,,,-0.11796777677571624,-78.42375149749387,-8.679869995325464e-05,-13.488696260011247,-13.51294289649659,-13.500819578253918,4.021433115005493,state,,
0.4999983915336142,,,-0.238618419496299,-0.238618419496299,,,,,,,4.021443128585815,control,0.24999919576679822,0.24999919576681598
,-0.0009989520643103723,-0.008474637869519139,,,-0.12391882723937697,-71.9259610281547,-0.0009796712237295354,-13.761021182141322,-13.753046490173912,-13.757033836157618,4.026727199554443,state,,
0.4999983915336142,,,-0.20384605110637302,-0.20384605110637302,,,,,,,4.026736736297607,control,0.24999919576681598,0.24999919576679822
,0.005359875437698667,-0.0005102945755333117,,,-0.12633043825990353,-63.94498463797132,-0.0016161715742129582,-13.940943680460297,-13.958531469595172,-13.949737575027735,4.031879663467407,state,,
0.4999983915336142,,,-0.16976913008424555,-0.16976913008424555,,,,,,,4.0318896770477295,control,0.2499991957668071,0.2499991957668071
,-0.004509150016529683,-0.012473028466870904,,,-0.12875152113417665,-56.37418709094595,-0.0025474006303357996,-14.103549233322651,-14.118681817090863,-14.111115525206756,4.037156581878662,state,,
0.4999983915336142,,,-0.13637374748256062,-0.13637374748256062,,,,,,,4.037171840667725,control,0.24999919576679822,0.24999919576681598
,0.0031303788558972884,-0.007690581413105698,,,-0.12398091415392701,-49.69730472908107,-0.003178906209963486,-14.248973367670285,-14.25769896356726,-14.253336165618773,4.042098760604858,state,,
0.4999983915336142,,,-0.1036462725329094,-0.1036462725329094,,,,,,,4.042108774185181,control,0.24999919576681598,0.24999919576679822
,0.0024691681929964117,-0.004221298165087381,,,-0.13275405590316847,-42.67607567062416,-0.003992502796191496,-14.345192529153197,-14.364747896543816,-14.354970212848507,4.0474019050598145,state,,
0.4999983915336142,,,-0.0715733470822512,-0.0715733470822512,,,,,,,4.047412633895874,control,0.2499991957668071,0.2499991957668071
,0.0014490320649237687,0.007494803868254661,,,-0.13345269705422125,-36.370040863710145,-0.004457326145393218,-14.439316735302675,-14.433596776865455,-14.436456756084066,4.05259370803833,state,,
0.4999983915336142,,,-0.04014188014060617,-0.04014188014060617,,,,,,,4.052603244781494,control,0.24999919576681598,0.24999919576679822
,-0.012990911460028811,0.005673232210520216,,,-0.1385195787022347,-28.656641799329584,-0.005146895944665926,-14.45508772853756,-14.458867083796555,-14.456977406167058,4.057734251022339,state,,
0.4999983915336142,,,-0.009339042537794044,-0.009339042537794044,,,,,,,4.057744264602661,control,0.2499991957668071,0.2499991957668071
,-0.0024581424509634263,0.008687014769373842,,,-0.14143326353792057,-22.593310393253883,-0.00566916761459813,-14.47359855630503,-14.473287526985368,-14.473443041645199,4.062896013259888,state,,
0.4999983915336142,,,0.020847738312961835,0.020847738312961835,,,,,,,4.0629072189331055,control,0.2499991957668071,0.2499991957668071
,-0.003002784081432615,0.0016727458420678996,,,-0.144170192705667,-16.520461194486156,-0.006325945113825283,-14.463192596779297,-14.455593304728854,-14.459392950754076,4.068037509918213,state,,
0.4999983915336142,,,0.05043078354670259,0.05043078354670259,,,,,,,4.06804895401001,control,0.2499991957668071,0.2499991957668071
,0.0013474339319203442,-0.004223002438870864,,,-0.14539924822148997,-10.149638582652248,-0.007029259540538014,-14.409789481703571,-14.407703223584106,-14.408746352643838,4.073179483413696,state,,
0.4999983915336142,,,0.07942216787576853,0.07942216787576853,,,,,,,4.073192834854126,control,0.2499991957668071,0.2499991957668071
,0.0016444514339976543,-0.008611660153815535,,,-0.14617932933565636,-3.2261245263846297,-0.007794616476864347,-14.331055092549445,-14.298316560877836,-14.31468582671364,4.078258752822876,state,,
0.4999983915336142,,,0.10783372451825315,0.10783372451825315,,,,,,,4.078267812728882,control,0.2499991957668071,0.2499991957668071
,-0.003812213982885059,0.005358597909452505,,,-0.14820907153563606,2.326492256516412,-0.008355213119314097,-14.22237672056608,-14.206984728677295,-14.214680724621687,4.083435535430908,state,,
0.4999983915336142,,,0.1356770500278881,0.1356770500278881,,,,,,,4.083444833755493,control,0.24999919576679822,0.24999919576681598
,-0.00011297929842928448,0.000842075673994911,,,-0.14972020414264586,7.919819526536933,-0.008960306016184801,-14.086485472815259,-14.085636644491851,-14.086061058653556,4.088677883148193,state,,
0.4999983915336142,,,0.16296350902733034,0.16296350902733034,,,,,,,4.088687181472778,control,0.24999919576681598,0.24999919576679822
,-0.00729468365972379,0.004566739718647694,,,-0.1463502230695532,14.451382790471923,-0.00944483160346728,-13.898012994599453,-13.921689178888402,-13.909851086743927,4.094655275344849,state,,
0.4999983915336142,,,0.18970423884678372,0.18970423884678372,,,,,,,4.094664812088013,control,0.2499991957668071,0.2499991957668071
,0.002549590901961953,0.005229873235937605,,,-0.15031720557946454,19.728996517243385,-0.0099681053513831,-13.722594349598559,-13.731826196247798,-13.727210272923179,4.09919548034668,state,,
0.4999983915336142,,,0.21591015406984804,0.21591015406984804,,,,,,,4.099205017089844,control,0.2499991957668071,0.2499991957668071
,0.009287564510834281,-0.010553115914153933,,,-0.15029792313905663,25.201991298498964,-0.010661678970043505,-13.508204556286628,-13.519985241984145,-13.514094899135387,4.10435152053833,state,,
0.4999983915336142,,,0.24159195098845107,0.24159195098845107,,,,,,,4.104361057281494,control,0.2499991957668071,0.2499991957668071
,0.0022114635050831943,0.009058506382541907,,,-0.1439783193987278,30.613398741458354,-0.010900529060074996,-13.268163948791289,-13.281641413338647,-13.274902681064969,4.109701871871948,state,,
0.4999983915336142,,,0.26676011196868205,0.26676011196868205,,,,,,,4.109711647033691,control,0.24999919576681598,0.24999919576679822
,-0.0025282082309349098,0.0009448842616215521,,,-0.1405715737054476,36.2145150125061,-0.011349213056759873,-12.982210329084378,-13.027160814646562,-13.004685571865469,4.1147730350494385,state,,
0.4999983915336142,,,0.29142490972930835,0.29142490972930835,,,,,,,4.114783525466919,control,0.24999919576679822,0.24999919576681598
,0.0040367880332950745,-0.006091775577401732,,,-0.13817961952146782,41.032865634734875,-0.01187493461311875,-12.722079605551736,-12.72359001801633,-12.722834811784033,4.120040416717529,state,,
0.4999983915336142,,,0.3155964115347222,0.3155964115347222,,,,,,,4.120161771774292,control,0.2499991957668071,0.2499991957668071
,-0.0002420633122502516,-0.004445425541466508,,,-0.13412840072011203,46.541786121622394,-0.012345621467216761,-12.395498937107666,-12.409398439926504,-12.402448688517085,4.12502646446228,state,,
0.4999983915336142,,,0.3392844833040277,0.3392844833040277,,,,,,,4.125034809112549,control,0.2499991957668071,0.2499991957668071
,0.010095957760083192,0.0063986036604667855,,,-0.13231554567804144,51.663751499233726,-0.012554766307136188,-12.066166908491507,-12.059055731911847,-12.062611320201677,4.13031792640686,state,,
0.4999983915336142,,,0.3624987936379471,0.3624987936379471,,,,,,,4.130328178405762,control,0.2499991957668071,0.2499991957668071
,-0.001787385923755859,0.00249196575947966,,,-0.1298822826187569,56.60795608084254,-0.01289894034858243,-11.702816096883321,-11.69894806294748,-11.7008820799154,4.1354429721832275,state,,
0.4999983915336142,,,0.38524881776518816,0.38524881776518816,,,,,,,4.135452508926392,control,0.2499991957668071,0.2499991957668071
,0.0002628817741082135,0.003517282860926481,,,-0.1255832641738223,61.68788822944549,-0.013151796521251844,-11.318270380800938,-11.304915634331088,-11.311593007566014,4.140822410583496,state,,
0.4999983915336142,,,0.4075438414098844,0.4075438414098844,,,,,,,4.140831708908081,control,0.24999919576681598,0.24999919576679822
,0.00989480719530518,-0.006595955055693619,,,-0.12431480005339036,66.30586913499442,-0.013556902178544723,-10.894433966617697,-10.918698459519966,-10.906566213068832,4.145625829696655,state,,
0.4999983915336142,,,0.42939296458168674,0.42939296458168674,,,,,,,4.145634889602661,control,0.2499991957668071,0.2499991957668071
,-0.001968825565579275,0.003438952115096533,,,-0.11706106658561949,71.370033178275,-0.013726786382703969,-10.46749502956348,-10.470739716768167,-10.469117373165822,4.150860548019409,state,,
0.4999983915336142,,,0.450805105290053,0.450805105290053,,,,,,,4.150870323181152,control,0.24999919576679822,0.24999919576681598
,0.0020706692437657674,-0.0022861889177787026,,,-0.11116040636522198,76.36788801758365,-0.013961772386510876,-9.995045976150845,-10.020423229498618,-10.007734602824732,4.156337738037109,state,,
0.4999983915336142,,,0.471789003184252,0.471789003184252,,,,,,,4.156347990036011,control,0.2499991957668071,0.2499991957668071
,0.0003019314439051568,0.0029859898876758734,,,-0.10413119788982289,80.29652504156567,-0.014055249325383459,-9.537237180342022,-9.550214374495669,-9.543725777418846,4.161564111709595,state,,
0.4999983915336142,,,0.49235322312056695,0.49235322312056695,,,,,,,4.161574363708496,control,0.24999919576681598,0.24999919576679822
,-0.0028533571590127456,-0.002881021700081334,,,-0.10151838319677102,84.59439777595783,-0.014335321807244847,-9.055397485769246,-9.049304553217189,-9.052351019493218,4.16655158996582,state,,
0.4999983915336142,,,0.5125061586581556,0.5125061586581556,,,,,,,4.166560888290405,control,0.2499991957668071,0.2499991957668071
,-0.0034790270536827618,0.0015978552762345047,,,-0.09847695429729568,88.18249754642049,-0.014509681364867752,-8.552722841154097,-8.555941459412928,-8.554332150283512,4.17160964012146,state,,
0.4999983915336142,,,0.5322560354849926,0.5322560354849926,,,,,,,4.171618223190308,control,0.2499991957668071,0.2499991957668071
,0.003659467893790494,0.002700401346230273,,,-0.08966402608198659,93.05493778559372,-0.014473854067990661,-8.004757306571229,-8.018263026343003,-8.011510166457116,4.176726579666138,state,,
0.4999983915336142,,,0.5516109147752928,0.5516109147752928,,,,,,,4.1767356395721436,control,0.2499991957668071,0.2499991957668071
,-0.00869867063042682,0.005881486999235369,,,-0.08602537225479782,96.93212976042636,-0.014534340696073877,-7.455807817644548,-7.474476364043252,-7.4651420908439,4.181771755218506,state,,
0.4999983915336142,,,0.570578696479787,0.570578696479787,,,,,,,4.181781530380249,control,0.2499991957668071,0.2499991957668071
,-0.012369870768385787,-0.004177943286597738,,,-0.08054376078042406,100.42220835376074,-0.014752080665989046,-6.904756063518021,-6.910213382650496,-6.907484723084258,4.1868438720703125,state,,
0.4999983915336142,,,0.5891671225501912,0.5891671225501912,,,,,,,4.186873197555542,control,0.2499991957668071,0.2499991957668071
,0.00877604864372935,-0.00449903962338216,,,-0.07393086824892788,104.68952509248969,-0.014764312526852152,-6.320336087678024,-6.311905197024096,-6.31612064235106,4.1920318603515625,state,,
0.4999983915336142,,,0.6073837800991874,0.6073837800991874,,,,,,,4.1920411586761475,control,0.2499991957668071,0.2499991957668071
,0.00351993005422109,-0.004700624738694368,,,-0.07237048461599384,109.4548173480287,-0.014890243594161405,-5.686872444804153,-5.699136702868367,-5.6930045738362605,4.197374582290649,state,,
0.4999983915336142,,,0.6252361044972037,0.6252361044972037,,,,,,,4.197384357452393,control,0.24999919576681154,0.24999919576680266
,3.954207278897182e-05,0.008574057689032199,,,-0.06873361784191864,112.95702066308817,-0.014742795111094872,-5.075587834776967,-5.069372512403763,-5.072480173590366,4.202600002288818,state,,
0.4999983915336142,,,0.6427313824072596,0.6427313824072596,,,,,,,4.202609539031982,control,0.24999919576681154,0.24999919576680266
,0.001689795807638608,0.002320012965042672,,,-0.06372943923010148,116.06739028763229,-0.014656325825579476,-4.435760312388765,-4.449519991797827,-4.442640152093296,4.207790374755859,state,,
0.4999983915336142,,,0.6598767547591144,0.6598767547591144,,,,,,,4.207806825637817,control,0.2499991957668071,0.2499991957668071
,-0.0019425544885608968,-0.0002737703947915516,,,-0.056686689104326275,120.88503539057898,-0.014580426242776853,-3.749876954264392,-3.7732025895771244,-3.7615397719207584,4.212772369384766,state,,
0.4999983915336142,,,0.6766792196639322,0.6766792196639322,,,,,,,4.212781667709351,control,0.24999919576680932,0.24999919576680488
,0.00048513881776415286,-0.0030997253840207035,,,-0.050462672908046444,123.80394641691628,-0.014522761129919699,-3.093868471702926,-3.0982597843120234,-3.096064128007475,4.21796178817749,state,,
0.4999983915336142,,,0.6931456352706535,0.6931456352706535,,,,,,,4.217971324920654,control,0.24999919576680932,0.24999919576680488
,0.0001578100969666998,-0.005071448347958322,,,-0.04782222947552145,128.35782582112233,-0.014548250104747988,-2.3626983404183757,-2.400897173900596,-2.381797757159486,4.222904920578003,state,,
0.4999983915336142,,,0.7092827225652405,0.7092827225652405,,,,,,,4.22294282913208,control,0.2499991957668071,0.2499991957668071
,0.00028253875769860165,0.003450705183714819,,,-0.04419218788604751,130.0537682348973,-0.01438082827189321,-1.6910521016473121,-1.7180222066523894,-1.7045371541498509,4.228207349777222,state,,
0.4999983915336142,,,0.7250970681139357,0.7250970681139357,,,,,,,4.228219270706177,control,0.2499991957668082,0.249999195766806
,0.001164256718078723,-0.0031722196462633905,,,-0.03233159207281145,133.75528060100385,-0.01414669987408832,-0.962358948382383,-0.9913397559109534,-0.9768493521466681,4.233358144760132,state,,
0.4999983915336142,,,0.740595126751657,0.740595126751657,,,,,,,4.233368158340454,control,0.24999919576680654,0.24999919576680765
,0.00470844274652466,0.00025630797032870036,,,-0.02536420115281235,138.60396753263728,-0.013869442335425074,-0.19385263224098231,-0.21946789819107376,-0.20666026521602804,4.2387449741363525,state,,
0.4999983915336142,,,0.7557832242166238,0.7557832242166238,,,,,,,4.238755941390991,control,0.2499991957668071,0.2499991957668071
,0.003949103670835396,-0.004417387581659538,,,-0.020638606829366933,140.93928555094567,-0.013701968826969875,0.5330162750181004,0.5373915313203705,0.5352039031692355,4.243931770324707,state,,
0.4999983915336142,,,0.7706675597322914,0.7706675597322914,,,,,,,4.243944406509399,control,0.2499991957668071,0.2499991957668071
,-0.003559994802841669,-0.0019594070087660636,,,-0.01308202662568329,144.44150389791952,-0.013466794766660092,1.3114121086181905,1.3148898090410785,1.3131509588296346,4.249178886413574,state,,
0.4999983915336142,,,0.7852542085376456,0.7852542085376456,,,,,,,4.249191045761108,control,0.249999195766806,0.2499991957668082
,0.0002385880856924277,-0.014555294036104179,,,-0.0038382796985000304,146.99770663779782,-0.01337039936182948,2.0918616675260844,2.0857837768304996,2.088822722178292,4.254362106323242,state,,
0.4999983915336142,,,0.7995491243668927,0.7995491243668927,,,,,,,4.254372835159302,control,0.24999919576680932,0.24999919576680488
,0.0047196998518934654,-0.000841868095439645,,,0.007368079635912905,150.33044384373,-0.012902472687335293,2.9040998001510454,2.882934402712914,2.8935171014319794,4.259710311889648,state,,
0.4999983915336142,,,0.8135581418795549,0.8135581418795549,,,,,,,4.259721040725708,control,0.24999919576680932,0.24999919576680488
,0.0007416735264348884,0.0050787941452895245,,,0.013789921602496508,152.31266094805378,-0.012406666620504738,3.6756637321433847,3.6975930102879984,3.6866283712156918,4.264655828475952,state,,
0.4999983915336142,,,0.8272869790419638,0.8272869790419638,,,,,,,4.2646660804748535,control,0.24999919576680488,0.24999919576680932
,0.0018211249293746145,-0.008738248177018496,,,0.017022834204808348,156.52812254249497,-0.012203231793598132,4.532753705138682,4.539966572751524,4.536360138945103,4.269746541976929,state,,
0.4999983915336142,,,0.8407412394611246,0.8407412394611246,,,,,,,4.26975679397583,control,0.24999919576681154,0.24999919576680266
,0.004781720407961815,0.0028892143127990997,,,0.024399588731831998,159.30486684625032,-0.011665179990264894,5.37841657141889,5.375738891262805,5.377077731340847,4.274958372116089,state,,
0.4999983915336142,,,0.8539264146719021,0.8539264146719021,,,,,,,4.274969577789307,control,0.2499991957668071,0.2499991957668071
,0.007216881138612993,-0.0021327575158283482,,,0.03401508628946326,161.65535043740314,-0.01113102295292933,6.216570015145162,6.228957168348236,6.222763591746699,4.280048131942749,state,,
-0.5,,,0.806847886378464,0.806847886378464,,,,,,,4.280083417892456,control,-0.25,-0.25
,-0.005051880956519844,0.007043226783003034,,,0.039912981333801854,161.42247873290015,-0.010557369828937374,7.026888033853257,7.025451400393567,7.026169717123412,4.285253524780273,state,,
-0.5,,,0.7607109286508947,0.7607109286508947,,,,,,,4.28526496887207,control,-0.25,-0.25
,-0.008446732824768695,-0.006764304004799202,,,0.050603216536467,159.5814775229344,-0.01014967633819752,7.794958253192898,7.794595067722426,7.7947766604576625,4.290557146072388,state,,
-0.5,,,0.7154967100778769,0.7154967100778769,,,,,,,4.290600776672363,control,-0.25000000000000444,-0.24999999999999556
,0.0007707999884809168,0.005657269524779482,,,0.06095439342618328,155.55862081914646,-0.009405575360906868,8.506278584050825,8.510809439104321,8.508544011577573,4.295815706253052,state,,
-0.5,,,0.6711867758763193,0.6711867758763193,,,,,,,4.295832395553589,control,-0.25,-0.25
,0.004444773389432515,-0.007363896079140812,,,0.06970331362119328,150.2257245061173,-0.00887298477306902,9.181186389367355,9.168407517005937,9.174796953186647,4.300915479660034,state,,
-0.5,,,0.6277630403587928,0.6277630403587928,,,,,,,4.300926923751831,control,-0.2500000000000089,-0.24999999999999112
,-0.005658360365085161,-0.00041313538990816974,,,0.07638101570859117,144.65251572493912,-0.00829660223545462,9.813265442087452,9.8054528762537,9.809359159170576,4.306119680404663,state,,
-0.5,,,0.585207779551617,0.585207779551617,,,,,,,4.306133031845093,control,-0.25,-0.25
,0.0030636010369081983,0.0036729833888004444,,,0.0808971323018268,137.792174378887,-0.00760267060115539,10.39529722105779,10.382971393767852,10.38913430741282,4.311298608779907,state,,
-0.5,,,0.5435036239605846,0.5435036239605846,,,,,,,4.311309576034546,control,-0.25,-0.25
,-0.00155173481173503,0.0056120953104278224,,,0.09151192341494975,130.66451544363537,-0.006773756421508879,10.92351496741061,10.934518371407703,10.929016669409156,4.3163065910339355,state,,
-0.5,,,0.5026335514813729,0.5026335514813729,,,,,,,4.316316843032837,control,-0.25,-0.25
,0.0052315398663000025,-0.003445570844884994,,,0.09924046762169986,123.39333678730256,-0.006086379722700393,11.441433068727708,11.4190848329117,11.430258950819704,4.321251392364502,state,,
-0.5,,,0.4625808804517454,0.4625808804517454,,,,,,,4.321259498596191,control,-0.25,-0.25
,-0.001982457636636933,-0.0003433348203405273,,,0.10044940380340064,116.09007060288609,-0.005504491450778514,11.895340048926363,11.893608375948752,11.894474212437558,4.326695919036865,state,,
-0.5,,,0.42332926284271044,0.42332926284271044,,,,,,,4.326707363128662,control,-0.2500000000000089,-0.24999999999999112
,-0.003327016761735696,0.004641247043671792,,,0.10523928385683692,108.79017667563393,-0.004772343663023817,12.31583586240192,12.328651488715796,12.322243675558859,4.331820249557495,state,,
-0.5,,,0.38486267758585624,0.38486267758585624,,,,,,,4.331830739974976,control,-0.2500000000000089,-0.24999999999999112
,-0.0017622658352518703,-0.006058874271279578,,,0.10791804301869372,101.08239840354418,-0.004261714039529629,12.717880268623489,12.69208486407779,12.70498256635064,4.336986780166626,state,,
-0.5,,,0.3471654240341391,0.3471654240341391,,,,,,,4.3369972705841064,control,-0.2500000000000089,-0.24999999999999112
,0.004692402944862813,0.0027768890751148235,,,0.11427619117616233,94.30241977485153,-0.003460733891461313,13.067410298216808,13.06976560967022,13.068587953943513,4.342156171798706,state,,
-0.5,,,0.31022211555345625,0.31022211555345625,,,,,,,4.342166185379028,control,-0.24999999999999112,-0.2500000000000089
,0.0006692883643149311,0.0005958202262292264,,,0.1163739312694678,85.87808559795445,-0.002802329166841699,13.37677894642427,13.351022932140069,13.36390093928217,4.347405195236206,state,,
-0.5,,,0.2740176732423871,0.2740176732423871,,,,,,,4.3474156856536865,control,-0.25,-0.25
,0.00267098104564118,0.004739028091404554,,,0.1159054694078194,78.47798457073046,-0.002107607886453075,13.628416687423805,13.648612505275416,13.63851459634961,4.352554082870483,state,,
-0.5,,,0.23853731977753936,0.23853731977753936,,,,,,,4.352565288543701,control,-0.25,-0.25
,0.008001749546453715,0.00585483742367729,,,0.12092552540256678,70.79157358046662,-0.0012562613185729686,13.854884469030507,13.88539439872611,13.870139433878307,4.357742547988892,state,,
-0.5,,,0.20376657338198859,0.20376657338198859,,,,,,,4.35775351524353,control,-0.24999999999999112,-0.2500000000000089
,-0.0054061392773173955,-0.00045789922025643175,,,0.1287074693107375,63.34461772632061,-0.0005575483563257068,14.067885714407783,14.068795363577145,14.068340538992464,4.362854242324829,state,,
-0.5,,,0.1696912419143488,0.1696912419143488,,,,,,,4.362864971160889,control,-0.25,-0.25
,-0.005575772281128805,0.0022801249997776553,,,0.13042954469404575,56.541948062632784,9.069546012064087e-05,14.258228072994449,14.227336784977366,14.242782428985908,4.3678810596466064,state,,
-0.5,,,0.13629741707606183,0.13629741707606183,,,,,,,4.367891073226929,control,-0.2500000000000089,-0.24999999999999112
,3.109969242091998e-05,-0.0014516310800084858,,,0.14056480499362195,50.47174056365249,0.0008792090011966009,14.39761912554638,14.399442432250723,14.39853077889855,4.372870206832886,state,,
-0.5,,,0.1035714687345406,0.1035714687345406,,,,,,,4.372878551483154,control,-0.24999999999999112,-0.2500000000000089
,-8.441772809595603e-05,0.001007685026742961,,,0.14199412609202136,42.533849941445375,0.0015679781172909882,14.476337180378135,14.493391970784009,14.48486457558107,4.378162860870361,state,,
-0.5,,,0.07150003935984978,0.07150003935984978,,,,,,,4.378172159194946,control,-0.24999999999999112,-0.2500000000000089
,-0.002429815702546494,0.005372576116916318,,,0.14580286510867374,36.15568386910825,0.0023623797062440398,14.56237427389622,14.56588838430231,14.564131329099265,4.383296489715576,state,,
-0.5,,,0.040070038572652775,0.040070038572652775,,,,,,,4.3833067417144775,control,-0.25,-0.25
,0.00422666522475199,0.006107734513605367,,,0.14188745968543576,29.359452099810305,0.0030643275192884984,14.605059015693554,14.600467387406688,14.602763201550122,4.388363361358643,state,,
-0.5,,,0.00926863780119972,0.00926863780119972,,,,,,,4.388371467590332,control,-0.2500000000000089,-0.24999999999999112
,-0.0029395162101355505,-0.004857906428538488,,,0.14140134582693828,23.3577181152232,0.0035464858114334107,14.627332978771461,14.620729479327082,14.624031229049272,4.393552541732788,state,,
-0.5,,,-0.020916734954824275,-0.020916734954824275,,,,,,,4.393585920333862,control,-0.2500000000000089,-0.24999999999999112
,0.005923956207146645,0.004039300271219433,,,0.1433930695044345,15.752911712371326,0.004298460873786572,14.587964553699196,14.575558515468908,14.581761534584052,4.398618459701538,state,,
-0.5,,,-0.050498400255727785,-0.050498400255727785,,,,,,,4.398627042770386,control,-0.25,-0.25
,-0.008050973535255222,0.0056261061513153,,,0.1448879450355052,9.523060636954893,0.004960634966096828,14.527989179808204,14.532462177053674,14.530225678430938,4.403907060623169,state,,
-0.5,,,-0.07948843225061322,-0.07948843225061322,,,,,,,4.4039177894592285,control,-0.24999999999999112,-0.2500000000000089
,0.004555077188796105,0.004152507057704949,,,0.14335103046745715,4.095350130390618,0.0056210186517582994,14.462149652475217,14.466485814332263,14.464317733403739,4.4090235233306885,state,,
-0.5,,,-0.10789866360560095,-0.10789866360560095,,,,,,,4.409032344818115,control,-0.24999999999999112,-0.2500000000000089
,-0.004138405551576448,0.0012773121903764484,,,0.1452741615193167,-2.1413310459965484,0.006213620378488623,14.353210536720441,14.355491892085032,14.354351214402737,4.414017915725708,state,,
-0.5,,,-0.13574069033348893,-0.13574069033348893,,,,,,,4.414026260375977,control,-0.25,-0.25
,0.007230052563066076,-0.0046658976711984965,,,0.14695160986206227,-7.726865816786075,0.006772837759495971,14.223650304962419,14.229990371958632,14.226820338460525,4.419205665588379,state,,
-0.5,,,-0.16302587652681916,-0.16302587652681916,,,,,,,4.419214725494385,control,-0.25,-0.25
,0.0053303902901422106,0.0009510011040035949,,,0.1475182619551854,-13.733412844077442,0.007396514948806762,14.06496967273417,14.060142545684638,14.062556109209403,4.424625635147095,state,,
-0.5,,,-0.18976535899628277,-0.18976535899628277,,,,,,,4.424635171890259,control,-0.24999999999999112,-0.2500000000000089
,-0.0011198650140850123,0.01281529923758896,,,0.14323605357671507,-19.689686926243944,0.008083510394073045,13.875556521712843,13.863064734926137,13.86931062831949,4.4296488761901855,state,,
-0.5,,,-0.21597005181635712,-0.21597005181635712,,,,,,,4.42965841293335,control,-0.24999999999999112,-0.2500000000000089
,0.006214674715497229,0.008474650570200885,,,0.14456936003504758,-25.43677429618721,0.008824761123818045,13.65787750888934,13.643440532126274,13.650659020507806,4.434823751449585,state,,
-0.5,,,-0.24165065078002998,-0.24165065078002998,,,,,,,4.434833765029907,control,-0.24999999999999112,-0.2500000000000089
,-0.0005120209718328326,-0.008407773789216566,,,0.14173949683987958,-30.849421578087025,0.009108923393155943,13.423398356640963,13.397135554568326,13.410266955604644,4.440216779708862,state,,
-0.5,,,-0.26681763776442935,-0.26681763776442935,,,,,,,4.440229415893555,control,-0.25,-0.25
,-0.0005367247729302709,0.001600930529294978,,,0.1391768346430564,-36.2695493393492,0.009564686433677897,13.134416540311594,13.150893852425305,13.14265519636845,4.4453465938568115,state,,
-0.5,,,-0.2914812850091407,-0.2914812850091407,,,,,,,4.445366859436035,control,-0.25,-0.25
,-0.00267547680106007,0.004448575717039542,,,0.13383408278134,-41.3735465743134,0.009978786350420201,12.853210997933532,12.85589865116585,12.854554824549691,4.450373649597168,state,,
-0.5,,,-0.3156516593089579,-0.3156516593089579,,,,,,,4.450382232666016,control,-0.25,-0.25
,0.005355282245927952,-0.006188155302793898,,,0.13259889226276644,-46.56091040332128,0.01030475007138378,12.537479568601464,12.540902057464164,12.539190813032814,4.455931663513184,state,,
-0.5,,,-0.33933862612277876,-0.33933862612277876,,,,,,,4.455944538116455,control,-0.25,-0.25
,-0.004573683492117806,0.007435672636035794,,,0.13267206955299282,-52.09023486866981,0.010824197568274876,12.195827701811345,12.18564771144375,12.190737706627548,4.4609692096710205,state,,
-0.5,,,-0.36255185360032316,-0.36255185360032316,,,,,,,4.461005449295044,control,-0.2500000000000089,-0.24999999999999112
,0.0009243596794697314,-0.00011552489534817528,,,0.12834094913336708,-56.73607485674813,0.01114395520305679,11.833030205980599,11.833202778923686,11.833116492452142,4.46593165397644,state,,
-0.5,,,-0.3853008165283167,-0.3853008165283167,,,,,,,4.465939998626709,control,-0.24999999999999112,-0.2500000000000089
,0.012374948464514774,-0.009380553680701351,,,0.12321641053978863,-61.824805534869654,0.011332837929369812,11.451218130270338,11.434787470987969,11.443002800629152,4.471261501312256,state,,
-0.5,,,-0.4075948001977504,-0.4075948001977504,,,,,,,4.471271276473999,control,-0.24999999999999112,-0.2500000000000089
,-0.008688508018457037,0.0015101375520093418,,,0.11442183294820985,-66.434958503007,0.011463386928019086,11.037210396646953,11.037699892923515,11.037455144785234,4.47640323638916,state,,
-0.5,,,-0.4294429041937954,-0.4294429041937954,,,,,,,4.476412534713745,control,-0.25,-0.25
,-0.00769184445895049,-0.0014455442023176648,,,0.10992304487982918,-71.29543409552332,0.01158880050537395,10.598661251301175,10.608580954048763,10.60362110267497,4.4815685749053955,state,,
-0.5,,,-0.4508540461099194,-0.4508540461099194,,,,,,,4.481577157974243,control,-0.25,-0.25
,-0.002233198291184053,0.0018065462534630778,,,0.11077242826480328,-75.23343326826614,0.01190021981579327,10.159402296032221,10.170155169788291,10.164778732910257,4.486747741699219,state,,
-0.5,,,-0.471836965187721,-0.471836965187721,,,,,,,4.486757040023804,control,-0.2500000000000089,-0.24999999999999112
,0.0007945445102024457,0.005428973426939121,,,0.10496962162945835,-80.12502420164861,0.012162977845763917,9.690358154227468,9.682244894250296,9.686301524238882,4.49198055267334,state,,
-0.5,,,-0.4924002258839666,-0.4924002258839666,,,,,,,4.491991281509399,control,-0.25,-0.25
,0.003146009092440352,-0.0026195954882389473,,,0.10545792249921154,-84.57407277069541,0.012389005021156784,9.194102281720065,9.191142424686802,9.192622353203433,4.497026681900024,state,,
-0.5,,,-0.5125522213662872,-0.5125522213662872,,,,,,,4.497096300125122,control,-0.24999999999999112,-0.2500000000000089
,-0.0019390067294348477,0.0023221332031243946,,,0.10207283242518342,-88.93172702071531,0.012587505767531544,8.665864190244095,8.691354803120403,8.678609496682249,4.502297878265381,state,,
-0.5,,,-0.5323011769389615,-0.5323011769389615,,,,,,,4.5023088455200195,control,-0.25,-0.25
,-0.0006433388569933014,-0.00015787134789168426,,,0.09872593081812023,-92.93112843411328,0.012729803764637653,8.150496706235048,8.150106101918116,8.150301404076583,4.507529020309448,state,,
-0.5,,,-0.5516551534001823,-0.5516551534001823,,,,,,,4.507540225982666,control,-0.2500000000000089,-0.24999999999999112
,-0.0008141592351500866,-0.012340208291330935,,,0.09188273219270177,-97.67164437592689,0.01255370259937875,7.586866336706825,7.586124718697957,7.586495527702391,4.512660026550293,state,,
-0.5,,,-0.5706220503321787,-0.5706220503321787,,,,,,,4.512670516967773,control,-0.25000000000000444,-0.24999999999999556
,-0.0009723906752711959,0.0016073695356638596,,,0.08250009173137501,-100.9082648210165,0.012553365081020479,7.037119577878563,7.023764000766393,7.030441789322478,4.5177295207977295,state,,
-0.5,,,-0.5892096093255351,-0.5892096093255351,,,,,,,4.517739772796631,control,-0.25,-0.25
,-0.0011684582768984283,0.011497805138453821,,,0.07695610480995105,-105.55587950254571,0.012767945389126538,6.4272468539671666,6.430139759621964,6.428693306794566,4.522868633270264,state,,
-0.5,,,-0.6074254171390244,-0.6074254171390244,,,,,,,4.52287745475769,control,-0.25000000000000444,-0.24999999999999556
,0.001483161796955004,-0.0014727997207546145,,,0.07148370678701556,-109.0805734299356,0.012731373579894545,5.826615748980963,5.827770638022795,5.827193193501879,4.52795147895813,state,,
-0.5,,,-0.625276908796244,-0.625276908796244,,,,,,,4.5279622077941895,control,-0.25,-0.25
,0.0011467247035805797,-0.0008191066890725734,,,0.06619402794956825,-112.64930273946143,0.012682103468242419,5.19681616012824,5.2174810174473105,5.207148588787775,4.533289670944214,state,,
-0.5,,,-0.6427713706203191,-0.6427713706203191,,,,,,,4.533304691314697,control,-0.25,-0.25
,-0.009520065012305973,-0.005414915622787705,,,0.0625033561678553,-116.57096369052034,0.012476101520678382,4.56150912325545,4.562248072316598,4.561878597786024,4.538251161575317,state,,
-0.5,,,-0.6599159432079127,-0.6599159432079127,,,,,,,4.538261413574219,control,-0.25,-0.25
,0.0024720061497946967,-0.0015708070763545707,,,0.05779959715796133,-119.59103631274147,0.012395828056630115,3.92030757653909,3.9114073586409446,3.9158574675900173,4.543508052825928,state,,
-0.5,,,-0.6767176243437545,-0.6767176243437545,,,,,,,4.543518543243408,control,-0.25,-0.25
,-0.0018945037022576959,-0.003256030254267499,,,0.05018262433448676,-124.17002639386997,0.012170671532175879,3.2305309812021528,3.21372990888311,3.222130445042631,4.54889702796936,state,,
-0.5,,,-0.6931832718568794,-0.6931832718568794,,,,,,,4.548909902572632,control,-0.24999999999999778,-0.2500000000000022
,-0.0023083911848050575,-0.008159428728889442,,,0.04338441269811169,-127.05241163316083,0.011835349167588346,2.528117757676191,2.5538698443318113,2.540993801004001,4.553912401199341,state,,
-0.5,,,-0.7093196064197419,-0.7093196064197419,,,,,,,4.5539231300354,control,-0.25,-0.25
,-0.004130633053220881,0.00015492786888691193,,,0.03731927408100612,-131.5828262511173,0.011629306399360858,1.8085907168338426,1.8133610465222763,1.8109758816780595,4.559103965759277,state,,
-0.5,,,-0.725133214291347,-0.725133214291347,,,,,,,4.559115886688232,control,-0.25,-0.25
,0.004491305505908439,-0.002715036109498753,,,0.029151551990907344,-134.2657942448284,0.011365316524770339,1.0923758777388295,1.1015164194977105,1.0969461486182701,4.564202547073364,state,,
-0.5,,,-0.7406305500055201,-0.7406305500055201,,,,,,,4.564230680465698,control,-0.2500000000000011,-0.2499999999999989
,-0.0032044886024414215,0.005088755847996831,,,0.02495578729216082,-137.5591752974598,0.011235748407682425,0.360254410263723,0.353214559195924,0.3567344847298235,4.569270610809326,state,,
-0.5,,,-0.7558179390054097,-0.7558179390054097,,,,,,,4.569281101226807,control,-0.25,-0.25
,0.00586409664228044,-0.008784712080886525,,,0.018053596212600637,-140.74867526307378,0.01084247421353558,-0.39725430207844975,-0.39828841819641925,-0.3977713601374345,4.574382066726685,state,,
-0.5,,,-0.7707015802253016,-0.7707015802253016,,,,,,,4.574392795562744,control,-0.24999999999999972,-0.2500000000000003
,-0.002469755238615812,-0.008410864555321244,,,0.009016527694455975,-143.69454740876725,0.010324525666937678,-1.1562516925255406,-1.1700065245777698,-1.1631291085516553,4.579663276672363,state,,
-0.5,,,-0.7852875486207955,-0.7852875486207955,,,,,,,4.5796732902526855,control,-0.2499999999999989,-0.2500000000000011
,-0.0002688298768479203,-0.001604736140767721,,,0.0024079264690107767,-147.42757141822693,0.009965165892432456,-1.9479882408637952,-1.9713715351790317,-1.9596798880214135,4.5848448276519775,state,,
-0.5,,,-0.7995817976483797,-0.7995817976483797,,,,,,,4.5848548412323,control,-0.25,-0.25
,0.002315408831689185,-0.007919866537264375,,,-0.0037665251288621403,-150.1841690868444,0.009491436228171703,-2.7501121255798506,-2.7588345703466337,-2.754473347963242,4.5902276039123535,state,,
-0.5,,,-0.8135901616954121,-0.8135901616954121,,,,,,,4.590240001678467,control,-0.25,-0.25
,0.0034390277990344045,0.0022554758530545036,,,-0.011798313525379654,-153.02930020245046,0.009156153566257824,-3.5714660808732464,-3.558336953236395,-3.5649015170548206,4.595224142074585,state,,
-0.5,,,-0.8273183584615038,-0.8273183584615038,,,,,,,4.595234394073486,control,-0.25,-0.25
,0.011725447467972447,-0.004513205419991521,,,-0.02260315671867704,-155.99913255210228,0.00866723970316151,-4.389780150144941,-4.3945469092059835,-4.392163529675463,4.6004767417907715,state,,
-0.5,,,-0.8407719912922738,-0.8407719912922738,,,,,,,4.600487947463989,control,-0.24999999999999556,-0.25000000000000444
,-0.009584514030347999,-0.0036804283814100593,,,-0.030292134561842328,-159.04741501368719,0.0080562047135006,-5.231072701239773,-5.240758352588338,-5.235915526914056,4.605687856674194,state,,
-0.5,,,-0.8539565514664283,-0.8539565514664283,,,,,,,4.605698823928833,control,-0.24999999999999556,-0.25000000000000444
,-0.0032829681942959975,0.0005775515519457298,,,-0.034671495442286565,-162.1769404177433,0.007613427671225913,-6.095946536708488,-6.097269808814496,-6.096608172761492,4.610849618911743,state,,
0.4999983915336142,,,-0.8068774204370998,-0.8068774204370998,,,,,,,4.610889196395874,control,0.2499991957668071,0.2499991957668071
,-0.006275475021530379,0.009094945817182964,,,-0.0452948525891651,-161.7811537908543,0.007165999216628715,-6.897984208913488,-6.900445394902227,-6.899214801907858,4.615796089172363,state,,
0.4999983915336142,,,-0.7607398720283577,-0.7607398720283577,,,,,,,4.61580753326416,control,0.24999919576681154,0.24999919576680266
,0.0022975257946822383,0.0027414127117035753,,,-0.05018238535554053,-159.59742808499473,0.006738729634815142,-7.656716372845025,-7.668177363731761,-7.662446868288393,4.620982885360718,state,,
0.4999983915336142,,,-0.7155250745877905,-0.7155250745877905,,,,,,,4.620993137359619,control,0.2499991957668071,0.2499991957668071
,0.0008387593697791042,0.006683270309735169,,,-0.05777147689384786,-155.06189609359825,0.006303045198692202,-8.358874833839138,-8.372267396477195,-8.365571115158167,4.626248836517334,state,,
0.4999983915336142,,,-0.6712145730960346,-0.6712145730960346,,,,,,,4.626259803771973,control,0.2499991957668071,0.2499991957668071
,0.003247454516681668,0.009184026331719995,,,-0.0703407955783141,-150.22409847420414,0.005801136480385592,-9.03017064445134,-9.049220689646079,-9.03969566704871,4.631327390670776,state,,
0.4999983915336142,,,-0.6277902816341139,-0.6277902816341139,,,,,,,4.6313371658325195,control,0.2499991957668071,0.2499991957668071
,-0.0032761699445891263,-0.004304830435090331,,,-0.07198300509276366,-144.32194953119335,0.005172713198846882,-9.669784327342681,-9.664955266237717,-9.667369796790199,4.636547088623047,state,,
0.4999983915336142,,,-0.5852344760014315,-0.5852344760014315,,,,,,,4.636557340621948,control,0.2499991957668071,0.2499991957668071
,0.010737073405509986,-0.002204727595541741,,,-0.08419875030397175,-138.84401767443237,0.004475169534352265,-10.272573526158794,-10.276238257581111,-10.274405891869954,4.641549110412598,state,,
0.4999983915336142,,,-0.5435297864814028,-0.5435297864814028,,,,,,,4.641557931900024,control,0.24999919576681598,0.24999919576679822
,0.009136539432216184,-0.0030182819651645527,,,-0.08996919869169798,-130.65827479758937,0.0038368342359879027,-10.798526426228205,-10.796307817141829,-10.797417121685017,4.646664619445801,state,,
0.4999983915336142,,,-0.5026591907517747,-0.5026591907517747,,,,,,,4.646673202514648,control,0.2499991957668071,0.2499991957668071
,-0.006777606799829526,-0.002373059293867271,,,-0.09759063809990645,-123.75931383635495,0.0030388245157390702,-11.30898396268093,-11.303842671216957,-11.306413316948944,4.651963233947754,state,,
0.4999983915336142,,,-0.46260600693673914,-0.46260600693673914,,,,,,,4.651973009109497,control,0.24999919576681598,0.24999919576679822
,-0.0003625034936288507,-0.0066917805043285915,,,-0.10064471878016416,-116.66323570115512,0.0022805014825163492,-11.781131358465146,-11.772452450087618,-11.776791904276383,4.656939268112183,state,,
0.4999983915336142,,,-0.42335388679800434,-0.42335388679800434,,,,,,,4.65694785118103,control,0.24999919576681598,0.24999919576679822
,0.0012519482333659272,0.0011502731051340844,,,-0.10105331393342934,-108.0221695089293,0.001734220045437745,-12.174857399704935,-12.183894424321723,-12.17937591201333,4.662308931350708,state,,
0.4999983915336142,,,-0.3848868090620442,-0.3848868090620442,,,,,,,4.6623194217681885,control,0.2499991957668071,0.2499991957668071
,-0.0006500830593886302,-0.006446099537521302,,,-0.10934575721449052,-101.09904978612744,0.000880076399366375,-12.5778306114114,-12.571541965376351,-12.574686288393876,4.66745400428772,state,,
0.4999983915336142,,,-0.34718907288080336,-0.34718907288080336,,,,,,,4.667495012283325,control,0.2499991957668071,0.2499991957668071
,0.0007314619683551342,-0.008146299965475504,,,-0.11764089422978256,-93.34858588374206,-1.8982630326508317e-05,-12.915540762525039,-12.920612744836147,-12.918076753680593,4.672645807266235,state,,
0.4999983915336142,,,-0.31024529142318724,-0.31024529142318724,,,,,,,4.672657012939453,control,0.2499991957668071,0.2499991957668071
,0.0008740505023136039,-0.0004424327868361999,,,-0.12104665882123511,-86.2731692547262,-0.0006963719393740732,-13.233632288133748,-13.240035405586207,-13.236833846859977,4.677849054336548,state,,
0.4999983915336142,,,-0.27404038559472355,-0.27404038559472355,,,,,,,4.677859783172607,control,0.24999919576679822,0.24999919576681598
,-0.0018226039618121604,0.0057703100791914675,,,-0.1245192741692813,-77.91757260993951,-0.0012829344687806132,-13.500805916030245,-13.486070602089132,-13.493438259059689,4.682924270629883,state,,
0.4999983915336142,,,-0.23855957788282908,-0.23855957788282908,,,,,,,4.682939052581787,control,0.2499991957668071,0.2499991957668071
,0.004741798553435068,-0.00036994823403911913,,,-0.1274133493204992,-70.61184797174474,-0.0019281856942909529,-13.724845579359412,-13.735600980670023,-13.730223280014718,4.6879563331604,state,,
0.4999983915336142,,,-0.2037883863251725,-0.2037883863251725,,,,,,,4.687966346740723,control,0.2499991957668071,0.2499991957668071
,0.005559021962603513,0.00447614083845257,,,-0.13159459678596364,-64.37892079205443,-0.002505036473832837,-13.957626222909004,-13.948209310925069,-13.952917766917036,4.693193197250366,state,,
0.4999983915336142,,,-0.16971261859866904,-0.16971261859866904,,,,,,,4.6932032108306885,control,0.24999919576679822,0.24999919576681598
,0.003749394333708964,-0.0015001741611005452,,,-0.1319222475017583,-56.65785026064349,-0.0031362694271651276,-14.118251508072353,-14.10839322016111,-14.113322364116732,4.698421955108643,state,,
0.4999983915336142,,,-0.13631836622669566,-0.13631836622669566,,,,,,,4.698432207107544,control,0.2499991957668071,0.2499991957668071
,-0.002345603570377553,0.0025066164356494247,,,-0.13472392260295166,-50.21881334782481,-0.0037780620184253953,-14.25727037769312,-14.266601573333336,-14.261935975513229,4.70364785194397,state,,
0.4999983915336142,,,-0.10359199890216175,-0.10359199890216175,,,,,,,4.703657865524292,control,0.24999919576681598,0.24999919576679822
,-0.0049784451692128145,-0.004886364949031493,,,-0.1383668701182956,-43.11984474691058,-0.004594831155958126,-14.371542339574079,-14.357560870183555,-14.364551604878816,4.708673477172852,state,,
0.4999983915336142,,,-0.07152015892411852,-0.07152015892411852,,,,,,,4.708684206008911,control,0.24999919576679822,0.24999919576681598
,0.00035599805673877937,-0.0012710205368532909,,,-0.13802876526442906,-35.358106245062345,-0.005224756479078268,-14.422778629746386,-14.412841832550704,-14.417810231148545,4.7139482498168945,state,,
0.4999983915336142,,,-0.04008975574563614,-0.04008975574563614,,,,,,,4.713958978652954,control,0.2499991957668071,0.2499991957668071
,-0.003495312664921809,0.0044090536434624765,,,-0.13774162825583444,-29.493918695054926,-0.005764601767573142,-14.476053250340343,-14.467843511746969,-14.471948381043656,4.718989849090576,state,,
0.4999983915336142,,,-0.009287960630723416,-0.009287960630723416,,,,,,,4.718999624252319,control,0.24999919576681598,0.24999919576679822
,0.004535203574722634,-0.008688286242572596,,,-0.13399514636497908,-23.032850473240188,-0.0064048986677029485,-14.477349036041797,-14.49121404174676,-14.48428153889428,4.72396993637085,state,,
0.4999983915336142,,,0.02089779858189105,0.02089779858189105,,,,,,,4.723978519439697,control,0.24999919576681598,0.24999919576679822
,-0.009697994794522703,0.004298747951664488,,,-0.13798066828045097,-16.53179251863245,-0.007037074549261784,-14.465961921991546,-14.460983979222796,-14.463472950607171,4.729418516159058,state,,
0.4999983915336142,,,0.050479842610253234,0.050479842610253234,,,,,,,4.729429244995117,control,0.2499991957668071,0.2499991957668071
,-0.006858851362528513,-0.002354818558467175,,,-0.1375754374056981,-9.448627826114135,-0.007688602901206941,-14.392428732086524,-14.403539312679303,-14.397984022382914,4.734623193740845,state,,
0.4999983915336142,,,0.07947024575804817,0.07947024575804817,,,,,,,4.734669923782349,control,0.24999919576681598,0.24999919576679822
,0.005540019330694024,-0.00636560425594776,,,-0.14223468526189137,-4.05385881597026,-0.00841130453057077,-14.337289918205853,-14.327495883759005,-14.332392900982429,4.739894390106201,state,,
0.4999983915336142,,,0.10788084084288721,0.10788084084288721,,,,,,,4.739906072616577,control,0.2499991957668071,0.2499991957668071
,-0.005213948004233572,0.0037175620265801376,,,-0.1417695013884796,2.032713681815179,-0.00892998478638508,-14.22711675916412,-14.22360028608064,-14.225358522622379,4.744938611984253,state,,
0.4999983915336142,,,0.13572322402602946,0.13572322402602946,,,,,,,4.744949102401733,control,0.24999919576679822,0.24999919576681598
,-0.0007311709730196763,0.0013294812874718469,,,-0.1455941910097006,8.410595165167571,-0.009534990678447179,-14.09360171211089,-14.069995108576231,-14.081798410343561,4.750108957290649,state,,
0.4999983915336142,,,0.16300875954550886,0.16300875954550886,,,,,,,4.750119924545288,control,0.2499991957668071,0.2499991957668071
,0.003880078820744299,-0.010408821661893875,,,-0.14376919308900182,14.072244418306433,-0.01021455805431877,-13.92217193861424,-13.920486544951903,-13.92132924178307,4.755309104919434,state,,
0.4999983915336142,,,0.18974858435459868,0.18974858435459868,,,,,,,4.755319356918335,control,0.24999919576679822,0.24999919576681598
,-0.0006676177316494593,0.0003376364947548633,,,-0.14259870049662166,19.444806633380686,-0.010719229833090387,-13.740612933382923,-13.73658351712985,-13.738598225256386,4.760467052459717,state,,
0.4999983915336142,,,0.2159536126675067,0.2159536126675067,,,,,,,4.7604780197143555,control,0.24999919576679822,0.24999919576681598
,0.0072636182710514065,-0.002987511631390942,,,-0.14364951926175135,24.84642679752387,-0.011256438099649704,-13.5187590667456,-13.538034205826284,-13.528396636285942,4.765456438064575,state,,
0.4999983915336142,,,0.24163454041415658,0.24163454041415658,,,,,,,4.765467166900635,control,0.2499991957668071,0.2499991957668071
,-0.00926032818926585,0.0005979940577108655,,,-0.14282916476212185,31.468640350765035,-0.01180585305322318,-13.258856420649545,-13.272458844172991,-13.26565763241127,4.770671606063843,state,,
0.4999983915336142,,,0.26680184960587344,0.26680184960587344,,,,,,,4.770712614059448,control,0.24999919576681598,0.24999919576679822
,0.0021397152352787873,-0.006693998137353622,,,-0.1380838460448357,36.49475864366428,-0.012310540754160531,-12.994975315421806,-13.011406048788189,-13.003190682104997,4.77588963508606,state,,
0.4999983915336142,,,0.2914658126137559,0.2914658126137559,,,,,,,4.7759010791778564,control,0.24999919576679822,0.24999919576681598
,0.000530314621169919,-0.0007334508246569247,,,-0.13870241726436683,41.29897413927924,-0.012793097023380898,-12.71174850690386,-12.728720187152181,-12.72023434702802,4.780935287475586,state,,
0.4999983915336142,,,0.31563649636148083,0.31563649636148083,,,,,,,4.780944585800171,control,0.2499991957668071,0.2499991957668071
,-0.0018680257751129224,0.0037497584192817206,,,-0.13600386249114843,46.5135237589418,-0.013135604742535719,-12.398454446164818,-12.41089474070835,-12.404674593436585,4.785910129547119,state,,
0.4999983915336142,,,0.3393237664342512,0.3393237664342512,,,,,,,4.785918235778809,control,0.24999919576681598,0.24999919576679822
,-0.0032701802475464258,-0.0024270348128459574,,,-0.12904742863877758,50.891467185524796,-0.013495879968948795,-12.079103896034118,-12.081976351600334,-12.080540123817226,4.791205883026123,state,,
0.4999983915336142,,,0.3625372911055662,0.3625372911055662,,,,,,,4.791215658187866,control,0.2499991957668071,0.2499991957668071
,-0.0017004257303352953,-0.0023703315817217704,,,-0.12880618346769532,56.78284960134984,-0.013939792829387572,-11.701698131505575,-11.704025093490733,-11.702861612498154,4.796706438064575,state,,
0.4999983915336142,,,0.38528654528345485,0.38528654528345485,,,,,,,4.796720027923584,control,0.2499991957668071,0.2499991957668071
,0.007980532136212304,-0.011260544228576504,,,-0.12398944372730478,61.842780592228436,-0.014373039329861803,-11.31673670615031,-11.309496107143275,-11.313116406646792,4.801477670669556,state,,
0.4999983915336142,,,0.4075808143777857,0.4075808143777857,,,,,,,4.801489353179932,control,0.24999919576679822,0.24999919576681598
,-0.000460290356210181,-0.010035499955907901,,,-0.12197981362177604,66.44573762668996,-0.014871505073919404,-10.919337358024682,-10.895921406027169,-10.907629382025926,4.806628465652466,state,,
0.4999983915336142,,,0.42942919809022995,0.42942919809022995,,,,,,,4.806639671325684,control,0.2499991957668071,0.2499991957668071
,-0.0010672424123293123,0.007535731267197824,,,-0.11482165898151837,71.69355565789708,-0.014922842812960605,-10.468759474719235,-10.462520496730965,-10.465639985725101,4.811992406845093,state,,
0.4999983915336142,,,0.45084061412842535,0.45084061412842535,,,,,,,4.8120036125183105,control,0.24999919576681598,0.24999919576679822
,-0.007184156629102682,-0.0006390378968176573,,,-0.11216660993736997,75.63188037754509,-0.015227616775969911,-10.022949094458045,-10.026651303890107,-10.024800199174077,4.816895484924316,state,,
0.4999983915336142,,,0.4718238018458568,0.4718238018458568,,,,,,,4.816910743713379,control,0.24999919576681598,0.24999919576679822
,-0.00295455041591707,-0.0024501581615560433,,,-0.10433815008946554,80.32647047225767,-0.015409460096821604,-9.547156026726665,-9.549746223026162,-9.548451124876413,4.8218770027160645,state,,
0.4999983915336142,,,0.4923873258089396,0.4923873258089396,,,,,,,4.82188606262207,control,0.2499991957668071,0.2499991957668071
,-0.01080688147069604,0.002769849810786815,,,-0.10190170558214978,84.30286581124794,-0.015621220767105959,-9.063892870211577,-9.063408126651197,-9.063650498431386,4.827356815338135,state,,
0.4999983915336142,,,0.5125395792927608,0.5125395792927608,,,,,,,4.827368259429932,control,0.24999919576679822,0.24999919576681598
,-0.006907552824138534,-0.0014533316989307158,,,-0.100776938902416,88.8929665288444,-0.01589315237402986,-8.535000682119271,-8.55726320575603,-8.54613194393765,4.832208871841431,state,,
0.4999983915336142,,,0.5322887877069057,0.5322887877069057,,,,,,,4.83221960067749,control,0.2499991957668071,0.2499991957668071
,0.0037279137530257835,0.0006360659506929814,,,-0.09730000596986776,93.10303669325056,-0.01598812380378507,-8.013297226744355,-8.013925598712651,-8.013611412728503,4.83726954460144,state,,
0.4999983915336142,,,0.5516430119527675,0.5516430119527675,,,,,,,4.837298154830933,control,0.2499991957668071,0.2499991957668071
,0.01048404409503754,-0.004689314838365162,,,-0.0899286488781942,97.2600186369169,-0.016033040665674136,-7.456176804725353,-7.4661249894268344,-7.461150897076093,4.842658758163452,state,,
0.4999983915336142,,,0.5706101517137122,0.5706101517137122,,,,,,,4.842672109603882,control,0.24999919576680266,0.24999919576681154
,0.0013027885670133176,0.0005147220129282099,,,-0.08428016879790204,100.50288491831998,-0.01604781378412464,-6.907815299292216,-6.906234005982504,-6.90702465263736,4.847708463668823,state,,
0.4999983915336142,,,0.589197948679438,0.589197948679438,,,,,,,4.847720146179199,control,0.2499991957668071,0.2499991957668071
,0.0017729577158774573,0.00012863038047378477,,,-0.08167410977790163,104.71147858982832,-0.016100652166239588,-6.3170535241083385,-6.315917298010934,-6.316485411059636,4.852689743041992,state,,
0.4999983915336142,,,0.6074139897058493,0.6074139897058493,,,,,,,4.852697849273682,control,0.2499991957668071,0.2499991957668071
,-0.003172023141707878,0.0015652800914555637,,,-0.08233977316567537,109.26581158214829,-0.016216777669400124,-5.707916075585281,-5.687427709069663,-5.697671892327472,4.857734203338623,state,,
0.4999983915336142,,,0.6252657099117322,0.6252657099117322,,,,,,,4.857743263244629,control,0.2499991957668071,0.2499991957668071
,0.00013538034281860946,-0.0008302237947566589,,,-0.07309587992476332,112.9009640545167,-0.016150641017412724,-5.079115256984152,-5.0715083901515925,-5.075311823567873,4.86295223236084,state,,
0.4999983915336142,,,0.6427603957134976,0.6427603957134976,,,,,,,4.862961769104004,control,0.24999919576681154,0.24999919576680266
,0.0017828995796527758,0.0026381499948010183,,,-0.06497174190116106,116.6523689504616,-0.015986840300731307,-4.437961019376642,-4.426728011708734,-4.432344515542688,4.868107557296753,state,,
0.4999983915336142,,,0.6599051877992277,0.6599051877992277,,,,,,,4.868122577667236,control,0.2499991957668071,0.2499991957668071
,-0.00698792442297587,0.0008276902101222289,,,-0.0555133504385267,121.34629618137902,-0.015857926322628564,-3.747492409883091,-3.7543213151256634,-3.750906862504377,4.873324155807495,state,,
0.4999983915336142,,,0.6767070840432432,0.6767070840432432,,,,,,,4.873332977294922,control,0.24999919576680488,0.24999919576680932
,-0.0030028428143912362,-0.0006055293572897017,,,-0.04700914863432072,123.60225954129537,-0.01570181648347078,-3.0882340343590875,-3.1057475512037342,-3.096990792781411,4.878421068191528,state,,
0.4999983915336142,,,0.6931729423623784,0.6931729423623784,,,,,,,4.878432989120483,control,0.24999919576680932,0.24999919576680488
,0.0020701681551975816,0.006215823173806896,,,-0.04127466845112352,126.7656929596597,-0.015399579031110115,-2.4099644363274386,-2.415665006503832,-2.4128147214156352,4.883429288864136,state,,
0.4999983915336142,,,0.7093094835151308,0.7093094835151308,,,,,,,4.883437871932983,control,0.2499991957668071,0.2499991957668071
,-0.0025073695709913746,-0.002723892569859873,,,-0.03667232255283626,130.87546233517827,-0.015298500390594407,-1.6968256775465878,-1.6892311197166043,-1.6930283986315962,4.888620615005493,state,,
0.4999983915336142,,,0.7251232938448282,0.7251232938448282,,,,,,,4.888628959655762,control,0.2499991957668082,0.249999195766806
,-0.0015505476254949588,0.0020686832387818064,,,-0.031198917505652183,134.44984229735164,-0.015062934574426869,-0.9566734945438382,-0.9711088318521351,-0.9638911631979867,4.893736839294434,state,,
0.4999983915336142,,,0.7406208279679316,0.7406208279679316,,,,,,,4.893744945526123,control,0.24999919576680765,0.24999919576680654
,0.0051616657081703385,0.01239761292968931,,,-0.02651292893280016,137.3977852239394,-0.01457973973235111,-0.22642401219279162,-0.23354452421994193,-0.22998426820636678,4.898991346359253,state,,
0.4999983915336142,,,0.755808411408573,0.755808411408573,,,,,,,4.89900279045105,control,0.2499991957668071,0.2499991957668071
,-0.006566601176449932,0.0024442998921179538,,,-0.020424762778209843,140.83899842517982,-0.014326450513087396,0.5360916158729496,0.5218670502082151,0.5289793330405823,4.904249668121338,state,,
0.4999983915336142,,,0.7706922431804015,0.7706922431804015,,,,,,,4.904258728027344,control,0.24999919576680765,0.24999919576680654
,-0.0013218051542875095,-0.002077767501481683,,,-0.016279527271902832,143.93455650032013,-0.014133234988421622,1.2944088444243664,1.301430060517322,1.2979194524708442,4.909392356872559,state,,
0.4999983915336142,,,0.7852783983167935,0.7852783983167935,,,,,,,4.9094016551971436,control,0.2499991957668071,0.2499991957668071
,-0.0036741538477380294,-0.010575002657535179,,,-0.00979166261727103,146.76535550286036,-0.014050817321613292,2.0764468973182364,2.077152693482833,2.0767997954005346,4.9144251346588135,state,,
0.4999983915336142,,,0.7995728303504576,0.7995728303504576,,,,,,,4.914434432983398,control,0.2499991957668071,0.2499991957668071
,-0.00022798412135775938,0.005485915356864542,,,0.0011487938781693519,150.3455209771645,-0.013523150608889993,2.889586649333922,2.8814283577032818,2.885507503518602,4.919533967971802,state,,
0.4999983915336142,,,0.8135813737434484,0.8135813737434484,,,,,,,4.9195427894592285,control,0.2499991957668071,0.2499991957668071
,0.006509464970248738,-0.01581654906021068,,,0.008175669327308868,153.01037448367018,-0.01337817870394659,3.6926574378663948,3.6932862356427405,3.692971836754568,4.925116062164307,state,,
0.4999983915336142,,,0.8273097462685794,0.8273097462685794,,,,,,,4.925127983093262,control,0.24999919576680488,0.24999919576680932
,0.004894743608607197,-0.003279458905829323,,,0.019334305239275484,156.4570007393986,-0.012896171020778087,4.543394321907823,4.516828880113198,4.5301116010105105,4.930171012878418,state,,
0.4999983915336142,,,0.8407635513432079,0.8407635513432079,,,,,,,4.9301838874816895,control,0.2499991957668071,0.2499991957668071
,-0.011661586554435712,-0.0016942854564829276,,,0.02978918066289795,159.1698923434121,-0.012477092684992853,5.36375186427522,5.374524282950171,5.369138073612696,4.9351115226745605,state,,
0.4999983915336142,,,0.8539482803163437,0.8539482803163437,,,,,,,4.935121297836304,control,0.24999919576680266,0.24999919576681154
,-0.002508784564878807,0.0024854643896620363,,,0.03837703007686821,161.80163954588704,-0.01190783449024369,6.229737129817603,6.210326528115091,6.220031828966347,4.940392971038818,state,,
-0.5,,,0.8068693147100168,0.8068693147100168,,,,,,,4.940411567687988,control,-0.25,-0.25
,-0.0017966768241871492,0.0019053873968564675,,,0.045497124741882305,162.0564175587988,-0.011343448192863882,7.025031729842645,7.0437059397072455,7.034368834774945,4.945489168167114,state,,
-0.5,,,0.7607319284158164,0.7607319284158164,,,,,,,4.94549822807312,control,-0.24999999999999556,-0.25000000000000444
,-0.004846122690007402,-0.003940720076609692,,,0.05290729439216692,158.70636507062252,-0.010880725642786223,7.772269075326905,7.776896762307098,7.774582918817002,4.950507879257202,state,,
-0.5,,,0.7155172898475,0.7155172898475,,,,,,,4.950516223907471,control,-0.25,-0.25
,-0.008036705289526441,0.007131003445870928,,,0.062452150342514896,155.57243170654277,-0.010165294961867053,8.504185653042006,8.500948304414646,8.502566978728325,4.955732345581055,state,,
-0.5,,,0.6712069440505499,0.6712069440505499,,,,,,,4.9557414054870605,control,-0.24999999999999112,-0.2500000000000089
,-0.0042639681141168955,0.005364909742353569,,,0.06639016768465249,150.46709209597063,-0.009537099853919151,9.181975338172284,9.16532153320699,9.173648435689637,4.96094822883606,state,,
-0.5,,,0.6277828051695389,0.6277828051695389,,,,,,,4.96095871925354,control,-0.25,-0.25
,0.005728357780795234,-0.0005571965875199096,,,0.07214735691688447,144.92953907211967,-0.00890063408174071,9.81584862606778,9.804477848756822,9.8101632374123,4.96594500541687,state,,
-0.5,,,0.585227149066148,0.585227149066148,,,,,,,4.965953826904297,control,-0.25,-0.25
,-0.011329051362985289,0.002950238473203587,,,0.08172181422471067,138.07989813273468,-0.00823201197043203,10.387607313646196,10.395487299724206,10.3915473066852,4.971229314804077,state,,
-0.5,,,0.543522606084825,0.543522606084825,,,,,,,4.971238136291504,control,-0.25,-0.25
,-0.0037287581529356906,0.007035906889752224,,,0.08670257292596628,130.77036110439144,-0.007491682829519331,10.9266102349126,10.9315181995469,10.929064217229751,4.9763078689575195,state,,
-0.5,,,0.5026521539631286,0.5026521539631286,,,,,,,4.976316928863525,control,-0.2500000000000089,-0.24999999999999112
,0.009201434371357417,0.0013774537348044086,,,0.09831268938618375,123.30530202626693,-0.006614903163474192,11.434451581450988,11.419109662719872,11.426780622085431,4.981963157653809,state,,
-0.5,,,0.46259911088386596,0.46259911088386596,,,,,,,4.98197603225708,control,-0.2500000000000089,-0.24999999999999112
,0.005180355091906387,0.00038562382562836665,,,0.10199699995221459,115.75214107190462,-0.005909511871314212,11.877470991097198,11.89318708342162,11.885329037259408,4.9865007400512695,state,,
-0.5,,,0.4233471286661886,0.4233471286661886,,,,,,,4.986509084701538,control,-0.25,-0.25
,0.003559714763598563,0.004272293282027914,,,0.10806008209028792,109.41713819860175,-0.005091281337855808,12.32716205234382,12.336017999803513,12.331590026073666,4.992128133773804,state,,
-0.5,,,0.3848801860928649,0.3848801860928649,,,,,,,4.992138385772705,control,-0.25,-0.25
,-0.00396464567133723,0.003195834994495869,,,0.10883009847282965,100.7572618276391,-0.004444078132339172,12.692244904831064,12.702855339391977,12.69755012211152,4.99685525894165,state,,
-0.5,,,0.34718258237100763,0.34718258237100763,,,,,,,4.9968647956848145,control,-0.25,-0.25
,-0.0005740102238386138,-0.005106078596682785,,,0.11954350370773151,93.40338470204331,-0.0037312120929026546,13.051961206108228,13.04309170604945,13.047526456078838,5.001874685287476,state,,
-0.5,,,0.31023893072358744,0.31023893072358744,,,,,,,5.001883268356323,control,-0.24999999999999112,-0.2500000000000089
,-0.0017554204947467656,-0.00299307557105092,,,0.12197052918492621,86.08113360505712,-0.003119492956746535,13.364369718992824,13.358420037886344,13.361394878439583,5.007238864898682,state,,
-0.5,,,0.27403415210911564,0.27403415210911564,,,,,,,5.007274627685547,control,-0.24999999999999112,-0.2500000000000089
,0.0017922231583081638,-0.00671120114669408,,,0.1294080961190081,79.45713136076088,-0.0024481064092743026,13.650939834637272,13.655572695803194,13.653256265220232,5.012248992919922,state,,
-0.5,,,0.23855346906693334,0.23855346906693334,,,,,,,5.012258529663086,control,-0.24999999999999112,-0.2500000000000089
,-0.0030465055467356296,0.003304759058184051,,,0.12921224049838806,71.25942778513705,-0.0017601166474449012,13.866556329786713,13.891609469292595,13.879082899539654,5.017277240753174,state,,
-0.5,,,0.20378239968559467,0.20378239968559467,,,,,,,5.01728630065918,control,-0.25,-0.25
,0.006637347100519858,-0.00015792950268110875,,,0.13553355912231624,63.79780742078384,-0.0009456333116293704,14.08235436479113,14.076278755603626,14.079316560197377,5.0225136280059814,state,,
-0.5,,,0.16970675169188276,0.16970675169188276,,,,,,,5.022522687911987,control,-0.24999999999999112,-0.2500000000000089
,0.0086263777162163,0.002583014212034485,,,0.13472391254389876,56.56220124303424,-0.0001969576946235296,14.250993370348269,14.242945264585808,14.246969317467038,5.027591705322266,state,,
-0.5,,,0.13631261665804512,0.13631261665804512,,,,,,,5.027601003646851,control,-0.24999999999999112,-0.2500000000000089
,-0.0035911277913974445,0.005037367173481394,,,0.1398920079020406,49.61874298840201,0.0006101308583562606,14.377785487534558,14.39132343660815,14.384554462071353,5.032750368118286,state,,
-0.5,,,0.10358636432488422,0.10358636432488422,,,,,,,5.032759189605713,control,-0.24999999999999112,-0.2500000000000089
,0.0005701707296570164,8.78236941352445e-05,,,0.1405963503036194,42.56692211539679,0.0012739055743849342,14.487675241961025,14.48263647338817,14.485155857674599,5.037898778915405,state,,
-0.5,,,0.07151463703838654,0.07151463703838654,,,,,,,5.037907361984253,control,-0.2500000000000089,-0.24999999999999112
,0.005360065315801238,-0.0029055289245628235,,,0.14072143086065422,36.11810987716163,0.0018959761181229716,14.56356333057263,14.562657414590854,14.563110372581743,5.042916774749756,state,,
-0.5,,,0.0400843442976188,0.0400843442976188,,,,,,,5.042947053909302,control,-0.2500000000000089,-0.24999999999999112
,-0.0024333575182610015,-8.449176125853084e-05,,,0.14109158451319692,28.94831207890611,0.0025057387076073247,14.587113467871731,14.600368645968464,14.593741056920098,5.048033952713013,state,,
-0.5,,,0.009282657411666423,0.009282657411666423,,,,,,,5.048042058944702,control,-0.2500000000000089,-0.24999999999999112
,0.007144287652671974,0.0016965955159101212,,,0.1442597297977923,22.967225241783837,0.0032666856714795773,14.607300142493667,14.619470316726392,14.61338522961003,5.053198337554932,state,,
-0.5,,,-0.020902995736566905,-0.020902995736566905,,,,,,,5.053206920623779,control,-0.25,-0.25
,-0.0019440365567137369,0.003146837611360702,,,0.1434502448779853,16.207574052845576,0.003905831330237095,14.590631525530704,14.583048294158505,14.586839909844604,5.058580636978149,state,,
-0.5,,,-0.050484935821835566,-0.050484935821835566,,,,,,,5.0585925579071045,control,-0.25,-0.25
,0.009504392131692588,0.0007899186295018166,,,0.14109821918644905,10.161384707632166,0.0045378797637706265,14.527153028509638,14.555684454023838,14.541418741266739,5.063587188720703,state,,
-0.5,,,-0.07947523710539886,-0.07947523710539886,,,,,,,5.063596487045288,control,-0.2500000000000089,-0.24999999999999112
,-0.01015349853683053,0.012615629898228406,,,0.13937185697201732,4.205289209211783,0.00523216944152339,14.4656319683554,14.469669998249998,14.467650983302699,5.068747520446777,state,,
-0.5,,,-0.10788573236329088,-0.10788573236329088,,,,,,,5.068756818771362,control,-0.25,-0.25
,-0.0037038071859904586,0.0011511526658426654,,,0.13919108580180758,-2.867755247339983,0.005770811522538523,14.335997988977933,14.345484427560278,14.340741208269105,5.074133396148682,state,,
-0.5,,,-0.13572801771602505,-0.13572801771602505,,,,,,,5.074145793914795,control,-0.24999999999999112,-0.2500000000000089
,0.003253728853491931,0.006220030355123308,,,0.14014292726159674,-8.183825660457073,0.0064668163291343745,14.21493285175613,14.215495531363075,14.215214191559603,5.078964710235596,state,,
-0.5,,,-0.16301345736170456,-0.16301345736170456,,,,,,,5.078973770141602,control,-0.2500000000000089,-0.24999999999999112
,0.009391122305559095,-0.0056869736799860775,,,0.14327315771034627,-13.22314131071758,0.007022695803609816,14.069655052839716,14.068135518064453,14.068895285452085,5.084238290786743,state,,
-0.5,,,-0.18975318821447046,-0.18975318821447046,,,,,,,5.084247350692749,control,-0.25,-0.25
,-0.011390996170693413,-0.002876084396049426,,,0.14361502250228225,-19.787609219053078,0.007423473375564693,13.87253093652119,13.858430038916508,13.865480487718848,5.089311361312866,state,,
-0.5,,,-0.21595812445018103,-0.21595812445018103,,,,,,,5.089320182800293,control,-0.24999999999999112,-0.2500000000000089
,0.00746530013591966,-0.012732208147731993,,,0.14244618585010527,-25.373887847698473,0.007743982836911448,13.64344885704681,13.655956468466394,13.649702662756603,5.094373941421509,state,,
-0.5,,,-0.2416389619611774,-0.2416389619611774,,,,,,,5.094383239746094,control,-0.2500000000000089,-0.24999999999999112
,-0.0004038353418641118,-0.006473710856175075,,,0.1404733247379926,-31.322254861582906,0.00809364147795495,13.407293033008981,13.389547341171498,13.39842018709024,5.099497079849243,state,,
-0.5,,,-0.2668061827219539,-0.2668061827219539,,,,,,,5.099505186080933,control,-0.25,-0.25
,-0.004987188712078478,0.0010083230787375393,,,0.13225861881050754,-35.865781031383015,0.008403593270424661,13.153704200540782,13.139853433527653,13.146778817034217,5.104638576507568,state,,
-0.5,,,-0.2914700590675148,-0.2914700590675148,,,,,,,5.104646682739258,control,-0.25,-0.25
,0.006760207181224081,0.0029719514168681234,,,0.13128890272085197,-41.862733490750664,0.008939316989803676,12.840836643250142,12.843204730431696,12.842020686840918,5.10986328125,state,,
-0.5,,,-0.31564065788616447,-0.31564065788616447,,,,,,,5.109895467758179,control,-0.24999999999999112,-0.2500000000000089
,0.010808190536894172,0.0051662984057230955,,,0.13235304935719117,-46.160677369108555,0.00957207875148556,12.547763197671173,12.537863599645135,12.542813398658154,5.114879369735718,state,,
-0.5,,,-0.33932784472844113,-0.33932784472844113,,,,,,,5.114888429641724,control,-0.25,-0.25
,-0.010911369089681273,-0.0024665948737164867,,,0.12806838083995184,-51.817430280170484,0.009784695837128373,12.194199913905473,12.193192543080137,12.193696228492804,5.1201698780059814,state,,
-0.5,,,-0.3625412878338723,-0.3625412878338723,,,,,,,5.120179176330566,control,-0.24999999999999112,-0.2500000000000089
,-0.002195022788178254,-0.0065086892865587435,,,0.12870366358708832,-56.47554056768976,0.01006259443981337,11.82967878210291,11.844686013660619,11.837182397881765,5.125187873840332,state,,
-0.5,,,-0.38529046207719486,-0.38529046207719486,,,,,,,5.125196933746338,control,-0.2500000000000089,-0.24999999999999112
,-0.002291206253078614,-0.0010800700180558437,,,0.12556751029053462,-61.72872229774662,0.01036083663202679,11.435617776737566,11.454245828188782,11.444931802463174,5.130315542221069,state,,
-0.5,,,-0.40758465283565093,-0.40758465283565093,,,,,,,5.130324125289917,control,-0.25,-0.25
,-0.006244748011801399,0.0017064771820551091,,,0.1197624624633934,-66.71322135860552,0.010605420717355594,11.019887877154652,11.04418198131112,11.032034929232886,5.135509490966797,state,,
-0.5,,,-0.4294329597789379,-0.4294329597789379,,,,,,,5.1355180740356445,control,-0.25,-0.25
,0.0020303861524361634,-0.0023961753778238026,,,0.11451181067883975,-70.67647247217279,0.010813313752583709,10.626033188384582,10.605117744271721,10.615575466328153,5.140662670135498,state,,
-0.5,,,-0.4508443005833591,-0.4508443005833591,,,,,,,5.140671253204346,control,-0.2500000000000089,-0.24999999999999112
,0.0001462580989915846,0.000870209466859499,,,0.1096396391846647,-75.83337816051083,0.011045738805668165,10.167719949366859,10.140947795412794,10.154333872389827,5.145795822143555,state,,
-0.5,,,-0.47182741457169197,-0.47182741457169197,,,,,,,5.14580512046814,control,-0.2500000000000089,-0.24999999999999112
,-0.005940927817132048,0.0063473285712435795,,,0.10787156426565042,-80.58992932721475,0.011369760023880179,9.676892059084095,9.674470666373322,9.675681362728708,5.151360750198364,state,,
-0.5,,,-0.4923908662802581,-0.4923908662802581,,,,,,,5.15137505531311,control,-0.25,-0.25
,-0.0017311467744231066,0.002077221641095469,,,0.10513503277293951,-84.74660277433387,0.011610762191158535,9.185163765109072,9.186421907419438,9.185792836264255,5.156321048736572,state,,
-0.5,,,-0.5125430489546529,-0.5125430489546529,,,,,,,5.156333684921265,control,-0.25,-0.25
,0.0004081854598908085,-0.007902474579688989,,,0.10553451211610836,-88.67188249817038,0.01172838695767929,8.683943712778115,8.675977600555298,8.679960656666706,5.161361932754517,state,,
-0.5,,,-0.5322921879755598,-0.5322921879755598,,,,,,,5.16137433052063,control,-0.25,-0.25
,0.0015758099893945204,0.013510071385769092,,,0.09894468102678189,-92.69151411194171,0.012108649386430205,8.164140316446101,8.140917007619864,8.152528662032982,5.166462421417236,state,,
-0.5,,,-0.5516463442160486,-0.5516463442160486,,,,,,,5.166474342346191,control,-0.24999999999999112,-0.2500000000000089
,-0.0010985953182634286,-0.0015813341158273028,,,0.0918976275825893,-96.81921794124754,0.01213953927459867,7.588106115747036,7.617370135295779,7.602738125521407,5.171757221221924,state,,
-0.5,,,-0.5706134173317277,-0.5706134173317277,,,,,,,5.1717689037323,control,-0.24999999999999556,-0.25000000000000444
,-0.004055835714789867,0.004288495683971135,,,0.08289923459397566,-101.28066832090141,0.012182318009364698,7.032559541582019,7.018097649995556,7.025328595788787,5.1769349575042725,state,,
-0.5,,,-0.5892011489850931,-0.5892011489850931,,,,,,,5.17694616317749,control,-0.24999999999999556,-0.25000000000000444
,-0.001225910278686139,-0.008502238753731208,,,0.07493918237335176,-105.32979188544417,0.011984934288747334,6.431505288875549,6.436966377750212,6.434235833312881,5.181789398193359,state,,
-0.5,,,-0.6074171260053913,-0.6074171260053913,,,,,,,5.18179988861084,control,-0.25000000000000444,-0.24999999999999556
,-0.009223471849992141,0.00047573104493260746,,,0.07087869409718212,-109.17670292914504,0.011939736385767648,5.82181030095764,5.832443354728712,5.827126827843176,5.186832666397095,state,,
-0.5,,,-0.6252687834852835,-0.6252687834852835,,,,,,,5.186845064163208,control,-0.25,-0.25
,-0.004903404587107294,0.0006558726955525046,,,0.07020492701327875,-112.77156874977965,0.011980398097687832,5.202183857907729,5.209925977259607,5.206054917583668,5.1921727657318115,state,,
-0.5,,,-0.6427634078155778,-0.6427634078155778,,,,,,,5.19218635559082,control,-0.25,-0.25
,-0.003365591951192301,-0.008719067375905424,,,0.06354484630163969,-116.90452017623844,0.011731576861020105,4.5558046850770175,4.55570401851201,4.555754351794514,5.197409391403198,state,,
-0.5,,,-0.6599081396592663,-0.6599081396592663,,,,,,,5.197423219680786,control,-0.25,-0.25
,-0.006444241435112386,-0.005766933863835594,,,0.05774242470910348,-120.22870674983335,0.011504629359539982,3.9027553770193877,3.9006541140818376,3.901704745550613,5.202255964279175,state,,
-0.5,,,-0.676709976866081,-0.676709976866081,,,,,,,5.2022645473480225,control,-0.2500000000000022,-0.24999999999999778
,-0.008254116993000934,0.004328699140138366,,,0.05217441231527193,-123.7108895216509,0.011432621451189546,3.2186393615560376,3.236819914151839,3.227729637853938,5.21046781539917,state,,
-0.5,,,-0.6931757773287595,-0.6931757773287595,,,,,,,5.210480213165283,control,-0.25,-0.25
,0.004694087220597411,-0.009843954191592147,,,0.04367629273502961,-127.63627472040787,0.011107708773976313,2.5150514017817214,2.5390962351376882,2.527073818459705,5.212543487548828,state,,
-0.5,,,-0.7093122617821843,-0.7093122617821843,,,,,,,5.2125749588012695,control,-0.2500000000000022,-0.24999999999999778
,0.007057457012868962,-0.00345493421456481,,,0.037564685415984435,-130.85406939805847,0.010932766138947614,1.8248014237467072,1.8183799334315416,1.8215906785891245,5.217660903930664,state,,
-0.5,,,-0.7251260165465406,-0.7251260165465406,,,,,,,5.21766996383667,control,-0.2500000000000011,-0.2499999999999989
,-0.005347013526622345,0.0021558133538573587,,,0.03040995888894669,-134.22906929516247,0.010722045346619663,1.0884962730083074,1.1049648079065684,1.096730540457438,5.2230072021484375,state,,
-0.5,,,-0.7406234962156099,-0.7406234962156099,,,,,,,5.223016262054443,control,-0.25,-0.25
,-0.0014038120624683792,-0.009519336302703716,,,0.02482077522034818,-137.99549648485788,0.010325057309648509,0.34496013327354985,0.34865688178560006,0.3468085075295749,5.227888584136963,state,,
-0.5,,,-0.7558110262912977,-0.7558110262912977,,,,,,,5.227898359298706,control,-0.24999999999999972,-0.2500000000000003
,0.011183885555408427,-0.004373522635740261,,,0.016388938388390586,-140.70773024356262,0.010039410078849804,-0.40558275468600347,-0.3942106145941873,-0.3998966846400954,5.232980489730835,state,,
-0.5,,,-0.7706948057654718,-0.7706948057654718,,,,,,,5.2329888343811035,control,-0.24999999999999972,-0.2500000000000003
,0.0005146567306385686,-0.0004959937663678361,,,0.010785514297657521,-143.4073817214031,0.009768889151052519,-1.1653146844482614,-1.1544850775106923,-1.1598998809794767,5.238395929336548,state,,
-0.5,,,-0.7852809096501624,-0.7852809096501624,,,,,,,5.23840594291687,control,-0.2500000000000011,-0.2499999999999989
,-0.0058629571475082775,0.0035708224839256994,,,0.002441550570365353,-147.43359644594523,0.009448295672673091,-1.9716201425934006,-1.9506739788970555,-1.961147060745228,5.243528842926025,state,,
-0.5,,,-0.7995752914571591,-0.7995752914571591,,,,,,,5.243537902832031,control,-0.2500000000000011,-0.2499999999999989
,0.003253563461073094,0.0037179065415017336,,,-0.008663155448118671,-149.63156824820425,0.009107088295188118,-2.7468419543407867,-2.7417314650529376,-2.744286709696862,5.248737573623657,state,,
-0.5,,,-0.8135837856280159,-0.8135837856280159,,,,,,,5.2487473487854,control,-0.2500000000000022,-0.24999999999999778
,-0.006612266636107537,0.0022779762121735935,,,-0.016965490372572865,-153.30127665168447,0.008675712341700972,-3.5673711444674168,-3.5710254878671015,-3.569198316167259,5.25372838973999,state,,
-0.5,,,-0.8273121099154556,-0.8273121099154556,,,,,,,5.253737449645996,control,-0.25,-0.25
,-0.0030470225626512398,-0.003038203278992639,,,-0.022393809627218625,-156.47923253591222,0.00819895468868638,-4.395717963046128,-4.408628472228076,-4.4021732176371025,5.258852481842041,state,,
-0.5,,,-0.8407658677171465,-0.8407658677171465,,,,,,,5.258864879608154,control,-0.24999999999999556,-0.25000000000000444
,-0.004822606637658694,-0.006307758819787826,,,-0.03001989293827269,-159.00591870533452,0.0075861826196073874,-5.227545066426424,-5.2472874746022224,-5.2374162705143235,5.263949871063232,state,,
-0.5,,,-0.8539505503628035,-0.8539505503628035,,,,,,,5.263958692550659,control,-0.24999999999999556,-0.25000000000000444
,0.005292722557237684,0.0018296007929283597,,,-0.03678689676254652,-161.30389135024885,0.007192148647900268,-6.0703136113069505,-6.090704584329799,-6.080509097818375,5.269165277481079,state,,
0.4999983915336142,,,-0.8068715393555475,-0.8068715393555475,,,,,,,5.269174575805664,control,0.2499991957668071,0.2499991957668071
,0.0032102210799497388,-0.002530043381209897,,,-0.04365411504872815,-161.7952643337438,0.006674357930012782,-6.9080165924323165,-6.886595134386879,-6.897305863409597,5.274385452270508,state,,
0.4999983915336142,,,-0.7607341085684365,-0.7607341085684365,,,,,,,5.274398565292358,control,0.24999919576680266,0.24999919576681154
,0.0007736955428531739,0.008737579807901373,,,-0.04647747931691043,-160.01907436309864,0.006407297730979236,-7.670762381572961,-7.667502206137535,-7.669132293855248,5.279491901397705,state,,
0.4999983915336142,,,-0.7155194263970677,-0.7155194263970677,,,,,,,5.279521942138672,control,0.2499991957668071,0.2499991957668071
,0.005594108843981097,-0.003425779175579343,,,-0.05286694040117194,-155.8613138247104,0.005868586532046409,-8.39234098149872,-8.372191116083501,-8.38226604879111,5.28446102142334,state,,
0.4999983915336142,,,-0.6712090378691262,-0.6712090378691262,,,,,,,5.284469366073608,control,0.24999919576679822,0.24999919576681598
,0.006498114205699859,-0.0009031561533964508,,,-0.06160706333888037,-150.37895473348524,0.0053147179650272075,-9.043533743180133,-9.050278991902283,-9.046906367541208,5.289554119110107,state,,
0.4999983915336142,,,-0.6277848571117437,-0.6277848571117437,,,,,,,5.289560317993164,control,0.2499991957668071,0.2499991957668071
,0.004125071499902091,-0.008268865732761834,,,-0.06641953376395258,-144.05818706763557,0.004655201673018717,-9.673982833758478,-9.659215488369213,-9.666599161063846,5.2946507930755615,state,,
0.4999983915336142,,,-0.5852291599695087,-0.5852291599695087,,,,,,,5.294657230377197,control,0.24999919576681598,0.24999919576679822
,0.004554608284487113,-0.011333386092520343,,,-0.07481287517826864,-137.90713496494828,0.0038581806333893576,-10.253252154950818,-10.263223447354662,-10.25823780115274,5.299702882766724,state,,
0.4999983915336142,,,-0.5435245767701186,-0.5435245767701186,,,,,,,5.29970908164978,control,0.2499991957668071,0.2499991957668071
,0.00025435807473704006,0.0025339678301545747,,,-0.08161264509099064,-131.31808716675772,0.003294205211533236,-10.801466659854375,-10.818453908648523,-10.80996028425145,5.304814577102661,state,,
0.4999983915336142,,,-0.5026540852347161,-0.5026540852347161,,,,,,,5.304821014404297,control,0.2499991957668071,0.2499991957668071
,0.0027398675358023604,0.0021417466528653437,,,-0.08631505550096388,-122.99243105694227,0.002762358926451983,-11.284610487035035,-11.300220527165212,-11.292415507100124,5.310114622116089,state,,
0.4999983915336142,,,-0.46260100353002176,-0.46260100353002176,,,,,,,5.310124397277832,control,0.2499991957668071,0.2499991957668071
,0.0029248006909915014,-0.008208195929849777,,,-0.10114392620434828,-115.6224647674363,0.0018197238720678776,-11.74539002207714,-11.761072326718367,-11.753231174397754,5.315037488937378,state,,
0.4999983915336142,,,-0.4233489834594213,-0.4233489834594213,,,,,,,5.315070629119873,control,0.24999919576681598,0.24999919576679822
,0.003959139692471654,-0.0010608113026946947,,,-0.10046880713421052,-109.04719274794945,0.0012814746677740347,-12.18339855510232,-12.204238312357651,-12.193818433729986,5.320168495178223,state,,
0.4999983915336142,,,-0.38488200379023285,-0.38488200379023285,,,,,,,5.3201744556427,control,0.2499991957668071,0.2499991957668071
,-0.007271918419906311,0.0012453761103435686,,,-0.10502124427853501,-100.49479685029557,0.0006095509669860954,-12.56905092281408,-12.551302696670755,-12.560176809742417,5.325294256210327,state,,
0.4999983915336142,,,-0.3471843637144282,-0.3471843637144282,,,,,,,5.325299978256226,control,0.2499991957668071,0.2499991957668071
,-0.010701452966787586,-0.016979319643607858,,,-0.11646836382426501,-94.00431735454804,-0.0005764608257322456,-12.92281044722567,-12.930987966847683,-12.926899207036676,5.3304123878479,state,,
0.4999983915336142,,,-0.31024067644013964,-0.31024067644013964,,,,,,,5.330418348312378,control,0.2499991957668071,0.2499991957668071
,-0.0010308778067141156,0.0054713325098886476,,,-0.11773933463060252,-85.31985350968172,-0.0010975314975604842,-13.213074695713162,-13.217487183654343,-13.215280939683753,5.335488557815552,state,,
0.4999983915336142,,,-0.27403586291133686,-0.27403586291133686,,,,,,,5.335494041442871,control,0.2499991957668071,0.2499991957668071
,-0.004951349009833581,-0.0002524428649810834,,,-0.11941649009369457,-78.48142410493614,-0.0017581425241461634,-13.489015747143545,-13.508686404723276,-13.49885107593341,5.340652942657471,state,,
0.4999983915336142,,,-0.23855514565311012,-0.23855514565311012,,,,,,,5.34065842628479,control,0.2499991957668071,0.2499991957668071
,0.0069660909090504125,0.0012347582889714573,,,-0.1251465432461049,-71.4597386135256,-0.0023806952297950844,-13.739546412970178,-13.749245934072976,-13.744396173521576,5.3458240032196045,state,,
0.4999983915336142,,,-0.2037840427400479,-0.2037840427400479,,,,,,,5.345829963684082,control,0.24999919576679822,0.24999919576681598
,-0.00023470224918826403,0.0032250563111445142,,,-0.12356793496914042,-64.30041404328307,-0.0028855944029710636,-13.964329749888496,-13.939578358676814,-13.951954054282655,5.3509156703948975,state,,
0.4999983915336142,,,-0.16970836188524696,-0.16970836188524696,,,,,,,5.350921630859375,control,0.24999919576681598,0.24999919576679822
,0.0023462416443466912,-0.0015037000306578948,,,-0.1287918169815617,-56.62890546641444,-0.003580732340963392,-14.098271598665665,-14.12773386236769,-14.113002730516676,5.355953216552734,state,,
0.4999983915336142,,,-0.13631419464754202,-0.13631419464754202,,,,,,,5.355958938598633,control,0.24999919576679822,0.24999919576681598
,-0.003227748529144944,-0.005150409902421465,,,-0.13258714621961443,-50.01871539186518,-0.004367403494280067,-14.259938122086496,-14.255845607837209,-14.257891864961852,5.361016273498535,state,,
0.4999983915336142,,,-0.10358791075459117,-0.10358791075459117,,,,,,,5.361020565032959,control,0.2499991957668071,0.2499991957668071
,-0.006546214508015448,0.004036809713438803,,,-0.13474219932129958,-43.208805830130736,-0.004977363856464699,-14.369028932699582,-14.362076701773669,-14.365552817236626,5.366237640380859,state,,
0.4999983915336142,,,-0.07151615253949935,-0.07151615253949935,,,,,,,5.3662428855896,control,0.24999919576681598,0.24999919576679822
,-0.008973033401146458,-0.0034880097725199094,,,-0.137627464516341,-36.102423757085226,-0.005758410411668142,-14.432563751772914,-14.433362953386226,-14.43296335257957,5.371231317520142,state,,
0.4999983915336142,,,-0.040085829488709354,-0.040085829488709354,,,,,,,5.371234893798828,control,0.2499991957668071,0.2499991957668071
,-0.0050606129041377654,0.00847312922382978,,,-0.13843726428161068,-28.842190272128352,-0.006244259132563313,-14.459059345683581,-14.464188852770405,-14.461624099226993,5.376346111297607,state,,
0.4999983915336142,,,-0.009284112898935167,-0.009284112898935167,,,,,,,5.376349687576294,control,0.2499991957668071,0.2499991957668071
,0.00012645535956904132,-0.005782996733111779,,,-0.14034080967601553,-22.820981741643042,-0.006972978641014474,-14.476354227366592,-14.48344276830106,-14.479898497833826,5.381344318389893,state,,
0.4999983915336142,,,0.020901569359043536,0.020901569359043536,,,,,,,5.3813557624816895,control,0.2499991957668071,0.2499991957668071
,-0.005720652871970287,0.00535106733606293,,,-0.1427105199759294,-16.43472531709928,-0.00754268305012445,-14.465297939779823,-14.45556545349512,-14.460431696637471,5.386449575424194,state,,
0.4999983915336142,,,0.05048353797186267,0.05048353797186267,,,,,,,5.386454105377197,control,0.24999919576679822,0.24999919576681598
,-0.003463821252162239,-0.0015409343505396705,,,-0.14473955399330815,-9.080209321641671,-0.008216839980887231,-14.382961579064162,-14.3946023924821,-14.38878198577313,5.3915345668792725,state,,
0.4999983915336142,,,0.07947386721242541,0.07947386721242541,,,,,,,5.391538143157959,control,0.2499991957668071,0.2499991957668071
,-0.002343317981058063,0.004860011393639805,,,-0.13992539884506575,-4.098275697802007,-0.008620004461534575,-14.32515509212599,-14.334811763920332,-14.32998342802316,5.396572828292847,state,,
0.4999983915336142,,,0.1078843898681769,0.1078843898681769,,,,,,,5.396575689315796,control,0.2499991957668071,0.2499991957668071
,-0.0011255685279260039,0.005222442584881045,,,-0.13909495523715582,1.6612557585658134,-0.009057395768349918,-14.221545940079025,-14.238476778146795,-14.230011359112911,5.401655197143555,state,,
0.4999983915336142,,,0.13572670207081336,0.13572670207081336,,,,,,,5.401658535003662,control,0.24999919576681598,0.24999919576679822
,0.007856115934265712,-0.004509186306616408,,,-0.14280205014982703,8.216916061978715,-0.009688974373690809,-14.07605394301838,-14.093126466083762,-14.08459020455107,5.406858921051025,state,,
0.4999983915336142,,,0.16301216802939708,0.16301216802939708,,,,,,,5.406862020492554,control,0.24999919576679822,0.24999919576681598
,0.00013823877442854305,6.625026508712873e-06,,,-0.1418727821274966,13.63395363666774,-0.01020452422696961,-13.931479040021033,-13.92893217132917,-13.930205605675102,5.411962509155273,state,,
0.4999983915336142,,,0.18975192466880914,0.18975192466880914,,,,,,,5.41196608543396,control,0.24999919576681598,0.24999919576679822
,0.004759001331616611,-0.008510600842244415,,,-0.1358591891931874,19.656394892230793,-0.01072483407566123,-13.735891551635623,-13.73625545173159,-13.736073501683606,5.417079448699951,state,,
0.4999983915336142,,,0.21595688617543296,0.21595688617543296,,,,,,,5.417083024978638,control,0.24999919576679822,0.24999919576681598
,0.005891964578761779,0.0008427796519808618,,,-0.13748276448536426,25.219639472111563,-0.011179708212478497,-13.527086327213214,-13.515780706529439,-13.521433516871326,5.422174692153931,state,,
0.4999983915336142,,,0.2416377484519243,0.2416377484519243,,,,,,,5.422179222106934,control,0.2499991957668071,0.2499991957668071
,0.007876394871798673,-0.0040935047920656106,,,-0.13424673415312685,30.9604479604725,-0.011610756675527752,-13.271554689052056,-13.27897225543256,-13.275263472242308,5.42732572555542,state,,
0.4999983915336142,,,0.2668049934828858,0.2668049934828858,,,,,,,5.4273295402526855,control,0.2499991957668071,0.2499991957668071
,0.0032723546934615385,0.004639821673943505,,,-0.13449445415335648,36.50196584134553,-0.011960758844500608,-13.00267222039385,-13.006443073082696,-13.004557646738274,5.432406187057495,state,,
0.4999983915336142,,,0.29146889361322803,0.29146889361322803,,,,,,,5.432409763336182,control,0.24999919576681598,0.24999919576679822
,0.0053777440422278725,-0.0016791037598511663,,,-0.13545485508655952,41.65901470368959,-0.012421283810662915,-12.723018270033176,-12.705352912764777,-12.714185591398977,5.437483549118042,state,,
0.4999983915336142,,,0.3156395157409635,0.3156395157409635,,,,,,,5.4374871253967285,control,0.2499991957668071,0.2499991957668071
,0.005020618244724877,0.0036709622572750527,,,-0.13197291173930234,46.520960533752294,-0.012689553124085175,-12.411545564576786,-12.396855470503745,-12.404200517540264,5.442551612854004,state,,
0.4999983915336142,,,0.33932672542614417,0.33932672542614417,,,,,,,5.4425554275512695,control,0.24999919576679822,0.24999919576681598
,0.005337047668474366,0.0036459120646565456,,,-0.13029667268956063,51.93046284346599,-0.012970522174481896,-12.067767277580721,-12.049139322613554,-12.058453300097138,5.447749614715576,state,,
0.4999983915336142,,,0.36254019091762124,0.36254019091762124,,,,,,,5.447753429412842,control,0.24999919576681598,0.24999919576679822
,0.0011917946870650602,-0.0006063246793425494,,,-0.12664188707432844,56.41503245170102,-0.013306855858871654,-11.71121948723225,-11.698788504286957,-11.705003995759604,5.452715873718262,state,,
0.4999983915336142,,,0.38528938709926885,0.38528938709926885,,,,,,,5.45271897315979,control,0.2499991957668071,0.2499991957668071
,0.0010961276710222479,0.006972643827474148,,,-0.12119919611147137,61.471658848910266,-0.013441880079183035,-11.324183942797331,-11.310150042935811,-11.317166992866571,5.457870960235596,state,,
0.4999983915336142,,,0.4075835993572835,0.4075835993572835,,,,,,,5.457874536514282,control,0.2499991957668071,0.2499991957668071
,-0.008568248621443928,0.0026342665840614447,,,-0.11809911441986155,66.84771374484146,-0.013747898351525494,-10.886804374974252,-10.90792733110631,-10.89736585304028,5.46290135383606,state,,
0.4999983915336142,,,0.4294319273701378,0.4294319273701378,,,,,,,5.462904691696167,control,0.2499991957668071,0.2499991957668071
,-0.00078097451035212,0.0021749281826386898,,,-0.11609301898352305,70.46838923661876,-0.014005716776160271,-10.497617168898936,-10.47718096444583,-10.487399066672383,5.468069076538086,state,,
0.4999983915336142,,,0.45084328882273506,0.45084328882273506,,,,,,,5.468073129653931,control,0.2499991957668071,0.2499991957668071
,0.001823665278729368,-0.006163950940963922,,,-0.11287885523665274,75.73367405866568,-0.014359289284936714,-10.022243580583142,-10.02761859093187,-10.024931085757505,5.473141193389893,state,,
0.4999983915336142,,,0.4718264230462803,0.4718264230462803,,,,,,,5.473145008087158,control,0.24999919576679822,0.24999919576681598
,-0.002574430795275413,0.0018357797763726594,,,-0.10902219996262939,79.68764945535735,-0.014560988641279471,-9.566732568732016,-9.560394162379978,-9.563563365555996,5.478292226791382,state,,
0.4999983915336142,,,0.49238989458535465,0.49238989458535465,,,,,,,5.478295564651489,control,0.24999919576679822,0.24999919576681598
,-0.003413730930863321,-0.0002932090250261446,,,-0.10652416873600572,84.74127662592207,-0.014813372861759233,-9.061906414782099,-9.056945601122896,-9.059426007952498,5.483399391174316,state,,
0.4999983915336142,,,0.5125420966936476,0.5125420966936476,,,,,,,5.483407735824585,control,0.2499991957668071,0.2499991957668071
,-0.003437932288299163,0.0049735391104808605,,,-0.09984494007987423,88.47498315948638,-0.014865144975555827,-8.566480830777229,-8.548773783358648,-8.55762730706794,5.488433122634888,state,,
0.4999983915336142,,,0.5322912547597747,0.5322912547597747,,,,,,,5.488436698913574,control,0.24999919576681598,0.24999919576679822
,-0.00515288133941202,0.0017942120095179018,,,-0.09774304997840041,92.7750529339492,-0.015048752923061789,-8.030065511937222,-8.020563100810005,-8.025314306373613,5.493516683578491,state,,
0.4999983915336142,,,0.5516454296645792,0.5516454296645792,,,,,,,5.493520259857178,control,0.24999919576679822,0.24999919576681598
,0.0004273482237477129,0.008825089701052396,,,-0.09346510896604489,97.33145291879553,-0.015001777507591657,-7.458720379847341,-7.473558987653504,-7.466139683750422,5.498556137084961,state,,
0.4999983915336142,,,0.5706125210712876,0.5706125210712876,,,,,,,5.4985597133636475,control,0.24999919576680266,0.24999919576681154
,-0.008091067283731945,-0.009131372956750282,,,-0.08633226525095518,101.49221031501094,-0.015272978564768896,-6.890922437546782,-6.893993805481184,-6.892458121513982,5.503666639328003,state,,
0.4999983915336142,,,0.5892002706498618,0.5892002706498618,,,,,,,5.50366997718811,control,0.24999919576680266,0.24999919576681154
,0.005429115759768872,-0.0005313025628565353,,,-0.08256515155920191,105.60560378407786,-0.01531266795909183,-6.29777296103847,-6.300153863451932,-6.298963412245201,5.508849382400513,state,,
0.4999983915336142,,,0.6074162652368645,0.6074162652368645,,,,,,,5.508853197097778,control,0.2499991957668071,0.2499991957668071
,-0.0019127842011938915,0.0014193786727599684,,,-0.081171744549314,109.0913162603137,-0.01540007003473521,-5.686249789573409,-5.709810198155849,-5.69802999386463,5.514015436172485,state,,
0.4999983915336142,,,0.6252679399321273,0.6252679399321273,,,,,,,5.514019012451172,control,0.24999919576681154,0.24999919576680266
,-0.008138756678236781,0.00025173208072780216,,,-0.07361886268352287,112.64023017848989,-0.015420572497909044,-5.060241162558656,-5.096451084848631,-5.078346123703644,5.519208908081055,state,,
0.4999983915336142,,,0.6427625811334847,0.6427625811334847,,,,,,,5.519212484359741,control,0.2499991957668071,0.2499991957668071
,0.001038103950974522,0.003642087377362498,,,-0.06989726953612309,116.70119824070446,-0.015351065095262979,-4.421611226182576,-4.4388044106497135,-4.430207818416145,5.52439284324646,state,,
0.4999983915336142,,,0.659907329510815,0.659907329510815,,,,,,,5.524396657943726,control,0.2499991957668071,0.2499991957668071
,0.0018599342263866472,0.0016198567057563499,,,-0.056363340953525326,120.85338851201085,-0.015095034264018847,-3.758941688098176,-3.7607717423467073,-3.7598567152224414,5.529498338699341,state,,
0.4999983915336142,,,0.6767091829205987,0.6767091829205987,,,,,,,5.529502630233765,control,0.24999919576680488,0.24999919576680932
,-0.0010480456929601433,0.007146421111782497,,,-0.04746966288755687,123.7143176614592,-0.014791894077901145,-3.0955978430643727,-3.095906207571838,-3.0957520253181054,5.534611701965332,state,,
0.4999983915336142,,,0.6931749992621867,0.6931749992621867,,,,,,,5.534616708755493,control,0.2499991957668071,0.2499991957668071
,0.00315359608646564,0.0038971115926416666,,,-0.046948736296152066,127.04913876956594,-0.014651984655439383,-2.406969752675092,-2.407892257528984,-2.407431005102038,5.539711236953735,state,,
0.4999983915336142,,,0.709311499276943,0.709311499276943,,,,,,,5.539716005325317,control,0.24999919576680488,0.24999919576680932
,0.0023812897005367276,-0.003362103385449897,,,-0.04031780938664141,130.61977967022202,-0.014527619863630251,-1.7090582315021425,-1.6859489521306101,-1.6975035918163763,5.544949293136597,state,,
0.4999983915336142,,,0.7251252692914042,0.7251252692914042,,,,,,,5.544955253601074,control,0.2499991957668071,0.2499991957668071
,0.0023934262597338856,0.0013605563892488796,,,-0.03217670533715669,134.43103520806494,-0.01425450870795688,-0.9602410407097074,-0.9691397591955835,-0.9646903999526455,5.550261735916138,state,,
0.4999983915336142,,,0.7406227639055761,0.7406227639055761,,,,,,,5.550307035446167,control,0.24999919576680765,0.24999919576680654
,-0.0044891887566601545,0.000919213457521163,,,-0.02601119781639631,137.40436082872415,-0.014046780845365607,-0.22892525196161512,-0.23176804566649567,-0.2303466488140554,5.555429458618164,state,,
0.4999983915336142,,,0.7558103086274647,0.7558103086274647,,,,,,,5.555436611175537,control,0.2499991957668071,0.2499991957668071
,-0.007584917114536396,-0.01027051485217341,,,-0.016588098242002892,141.56201908783794,-0.013977007619306812,0.5545183341219561,0.5327509318532738,0.5436346329876149,5.560776710510254,state,,
0.4999983915336142,,,0.7706941024549154,0.7706941024549154,,,,,,,5.560786485671997,control,0.2499991957668071,0.2499991957668071
,0.0012973374035845186,0.005279754453815617,,,-0.013827383422033598,143.7414494332828,-0.013644279816850445,1.2844251544060608,1.3096320284224028,1.2970285914142319,5.565880298614502,state,,
0.4999983915336142,,,0.7852802204058171,0.7852802204058171,,,,,,,5.565889596939087,control,0.249999195766806,0.2499991957668082
,-0.00823298477602687,-0.0007742174303510867,,,-0.004422012583185599,147.28684978859354,-0.013351691219616605,2.088573059912711,2.091206219159181,2.0898896395359463,5.571202754974365,state,,
0.4999983915336142,,,0.7995746159977009,0.7995746159977009,,,,,,,5.571213006973267,control,0.24999919576680488,0.24999919576680932
,0.0011137079811621927,-0.00922212256774196,,,0.002693258312265969,150.39424158573,-0.013153256847346213,2.901561301154948,2.881071746701739,2.8913165239283436,5.576318025588989,state,,
0.4999983915336142,,,0.8135831236777469,0.8135831236777469,,,,,,,5.5763280391693115,control,0.2499991957668071,0.2499991957668071
,0.00686375920616723,-0.009877210408031968,,,0.012217092286593626,153.0981624585192,-0.012844011941044675,3.6984489258394166,3.701234221129213,3.699841573484315,5.581286430358887,state,,
0.4999983915336142,,,0.827311461204192,0.827311461204192,,,,,,,5.581296443939209,control,0.2499991957668071,0.2499991957668071
,0.002473808501182211,0.003262193401886822,,,0.01862914943589509,155.52191457093454,-0.012346682941697698,4.5273287358740655,4.504723982707974,4.51602635929102,5.586463689804077,state,,
0.4999983915336142,,,0.8407652319801081,0.8407652319801081,,,,,,,5.586498737335205,control,0.24999919576680266,0.24999919576681154
,0.0037111174905175947,-0.007008293154302534,,,0.030000178354595758,159.1083287156633,-0.01190776413038151,5.366782160375789,5.370512953184539,5.368647556780164,5.591674566268921,state,,
0.4999983915336142,,,0.853949927340506,0.853949927340506,,,,,,,5.591684579849243,control,0.24999919576680266,0.24999919576681154
,-0.002399573367971891,0.0027159032721028936,,,0.03678431672389537,161.92255086721187,-0.01138073927293759,6.2140482406850435,6.232051854822936,6.22305004775399,5.596969842910767,state,,
-0.5,,,0.8068709287936958,0.8068709287936958,,,,,,,5.596980571746826,control,-0.25,-0.25
,-0.0048372313135009795,-0.004493069896330705,,,0.043292606815712203,161.76527194074976,-0.01098864048735367,7.026816724746769,7.031929746450581,7.029373235598675,5.60195517539978,state,,
-0.5,,,0.7607335102178219,0.7607335102178219,,,,,,,5.601963996887207,control,-0.25,-0.25
,-0.008780635631726472,-0.007633076191315691,,,0.05522770234056218,159.2299566518749,-0.010548858149263077,7.785239471697073,7.785104973914848,7.7851722228059606,5.607188940048218,state,,
-0.5,,,0.7155188400134654,0.7155188400134654,,,,,,,5.60719895362854,control,-0.25,-0.25
