base_torque,imu_pitch,imu_roll,offset_front,offset_rear,omega_body,omega_rel,theta_body,theta_front,theta_rear,theta_rel,timestamp,type,u_front,u_rear
,0.010265281652371807,0.007138601952158105,,,-0.0032471470628652613,0.1514766313935162,0.0001446083064269394,0.001606411341871849,0.004730005901900728,0.0031682086218862886,1.6083879470825195,state,,
-0.02790356141427148,,,-0.004650593569045246,-0.004650593569045246,,,,,,,1.608400821685791,control,-0.01395178070713574,-0.01395178070713574
,0.0035607133965579775,-0.006671539319249241,,,-0.008222418806655116,-0.6543712467550065,-7.125643232402326e-05,-0.0010309198915110875,-0.02482730996975695,-0.01292911493063402,1.613659381866455,state,,
-0.49999963847923395,,,-0.03455758169766434,-0.03455758169766434,,,,,,,1.6136693954467773,control,-0.24999981923961695,-0.249999819239617
,0.0018518960090076542,-0.0013456655079828958,,,-0.004971686222752742,-1.5409548402085451,-5.2366563134804365e-05,-0.024770977710811798,-0.04471763282500291,-0.03474430526790735,1.6185193061828613,state,,
-0.49999963847923395,,,-0.06386643006371105,-0.06386643006371105,,,,,,,1.6185288429260254,control,-0.249999819239617,-0.24999981923961695
,-0.0062040794470281215,0.005590766966412539,,,-0.0042370216588129535,-4.255535106663077,-5.30177952917413e-07,-0.10072591910247845,-0.09772581606515762,-0.09922586758381804,1.6236467361450195,state,,
-0.49999963847923395,,,-0.09258910146243683,-0.09258910146243683,,,,,,,1.6236562728881836,control,-0.2499998192396169,-0.24999981923961706
,0.01035406394008663,-0.0012437960286765142,,,-0.00547211278858061,-7.6296502779548,9.571042934082573e-06,-0.19371477672654672,-0.18843488283512438,-0.19107482978083556,1.6287856101989746,state,,
-0.49999963847923395,,,-0.12073731943318809,-0.12073731943318809,,,,,,,1.6287951469421387,control,-0.24999981923961684,-0.24999981923961712
,-0.0036444479365104255,0.000872985096541102,,,-0.004089423749025657,-12.067072682946078,2.4047185903755947e-06,-0.32377801600369055,-0.320289912455659,-0.3220339642296748,1.6340041160583496,state,,
-0.49999963847923395,,,-0.14832257304452434,-0.14832257304452434,,,,,,,1.6340129375457764,control,-0.24999981923961698,-0.24999981923961698
,-0.004467447332767883,-0.001538716161685213,,,-0.006845710861804221,-15.38912959579092,-0.00013357771461057808,-0.4431807592726495,-0.460522820926981,-0.45185179009981524,1.6390933990478516,state,,
-0.49999963847923395,,,-0.17535612158363384,-0.17535612158363384,,,,,,,1.6391024589538574,control,-0.24999981923961698,-0.24999981923961698
,-0.0038169249959618657,-0.0012450661581124968,,,-0.004074714815304805,-21.206728307321715,-0.00015676766144132344,-0.645010245799228,-0.6559405358466532,-0.6504753908229406,1.6442317962646484,state,,
-0.49999963847923395,,,-0.20184899915196117,-0.20184899915196117,,,,,,,1.6442406177520752,control,-0.24999981923961753,-0.24999981923961642
,-0.0036077029175209064,0.00268091836408409,,,-0.00462651209303202,-25.247650448206507,-0.00015956607133668763,-0.8385809498167317,-0.8434728829854745,-0.841026916401103,1.6494581699371338,state,,
-0.49999963847923395,,,-0.22781201916892194,-0.22781201916892194,,,,,,,1.6494677066802979,control,-0.24999981923961753,-0.24999981923961642
,-0.0023593028205298634,0.00281004826230953,,,0.00010878640789190432,-29.397946273953664,-4.4970977318285556e-05,-1.045251853121146,-1.0628894616128606,-1.0540706573670033,1.6544692516326904,state,,
-0.49999963847923395,,,-0.2532557787855435,-0.2532557787855435,,,,,,,1.6544780731201172,control,-0.24999981923961698,-0.24999981923961698
,-0.003152127884902445,0.0002663783224078361,,,-0.00464239819547773,-35.003097407687974,-0.00015703473794799843,-1.3263331586122937,-1.310256632140784,-1.318294895376539,1.6600840091705322,state,,
0.3077259365380396,,,-0.21819066320983263,-0.21819066320983263,,,,,,,1.6601202487945557,control,0.1538629682690209,0.15386296826901869
,0.0007867890894195002,-0.0022675501612234587,,,-0.010713796323961772,-37.78754515132603,-0.0003349950179081608,-1.5640940084298602,-1.539002958272692,-1.5515484833512763,1.6649470329284668,state,,
0.4999999689339212,,,-0.18382684994563597,-0.18382684994563597,,,,,,,1.6649565696716309,control,0.2499999844669617,0.24999998446695948
,-0.006030788801759044,-0.0047992553230928195,,,-0.014060953438192487,-37.181250670623896,-0.0005809589545186487,-1.7206453748685568,-1.734965145825619,-1.727805260347088,1.6713578701019287,state,,
0.4999999689339212,,,-0.15015031294672326,-0.15015031294672326,,,,,,,1.671367883682251,control,0.2499999844669606,0.2499999844669606
,0.00433470304321231,0.003606212018525969,,,-0.014495550312331417,-35.056335892358874,-0.0005456268472776383,-1.8647054514273615,-1.8738302900684236,-1.8692678707478927,1.6752557754516602,state,,
0.4999999689339212,,,-0.1171473066877888,-0.1171473066877888,,,,,,,1.6752643585205078,control,0.2499999844669617,0.24999998446695948
,0.010128201960854772,-0.00010072648311239354,,,-0.013350941508693976,-32.64208550448424,-0.0005065647270822157,-1.9999444599856961,-1.988164159936577,-1.9940543099611365,1.6805641651153564,state,,
0.4999999689339212,,,-0.08480436055403302,-0.08480436055403302,,,,,,,1.680572748184204,control,0.2499999844669606,0.2499999844669606
,-0.0017439329580295395,0.007438048000425479,,,-0.02005869915684587,-29.013985197774232,-0.00057181914610195,-2.0861835344449227,-2.0765789178858687,-2.0813812261653957,1.6859323978424072,state,,
0.4999999689339212,,,-0.05310827334295236,-0.05310827334295236,,,,,,,1.685941457748413,control,0.2499999844669606,0.2499999844669606
,-0.0038362271386060878,0.0028728852942168925,,,-0.01843662583162923,-24.237138151062076,-0.0005982125218170222,-2.120374315263616,-2.132707754602164,-2.12654103493289,1.6906609535217285,state,,
0.4999999689339212,,,-0.02204610787609331,-0.02204610787609331,,,,,,,1.6906766891479492,control,0.24999998446695837,0.2499999844669628
,-0.005712302611162866,-0.006918044177229373,,,-0.017655937830737396,-19.40204371136173,-0.0008291240355873995,-2.1501415608944856,-2.143055110006022,-2.146598335450254,1.6955816745758057,state,,
0.4999999689339212,,,0.008394814281428555,0.008394814281428555,,,,,,,1.695587158203125,control,0.2499999844669606,0.2499999844669606
,-0.007786525424470459,0.00233844459434619,,,-0.016025743780302706,-14.512045140973452,-0.000877697724705948,-2.1537576913971934,-2.128905942075129,-2.1413318167361615,1.7005910873413086,state,,
0.4999999689339212,,,0.03822691799579998,0.03822691799579998,,,,,,,1.7005946636199951,control,0.2499999844669628,0.24999998446695837
,0.0003772933695352027,0.0026772510703144616,,,-0.015422492397028281,-9.371854880861823,-0.0008714306204517202,-2.1168054424896057,-2.0959594021254193,-2.1063824223075125,1.705810546875,state,,
0.4999999689339212,,,0.06746237963588397,0.06746237963588397,,,,,,,1.7058138847351074,control,0.2499999844669606,0.2499999844669606
,0.0020859768719041437,-0.002209137469273248,,,-0.015568679722141425,-3.6493452484539888,-0.0009557404847240147,-2.0180399216268845,-2.0490652364949424,-2.0335525790609132,1.7107889652252197,state,,
0.4999999689339212,,,0.0961131320431663,0.0961131320431663,,,,,,,1.7107930183410645,control,0.24999998446695837,0.2499999844669628
,-0.006992107736710804,-0.0013471161360209796,,,-0.015168743376989601,1.199002344717286,-0.0010793094573731824,-1.9515337937024144,-1.9492536439160588,-1.9503937188092366,1.715822696685791,state,,
0.4999999689339212,,,0.12419086940230296,0.12419086940230296,,,,,,,1.7158262729644775,control,0.2499999844669606,0.2499999844669606
,-0.004017869945170698,-0.0009820793858997584,,,-0.014686624799340653,7.194363513387062,-0.0011678922121254934,-1.8134983053462506,-1.8245072240153526,-1.8190027646808016,1.72096586227417,state,,
0.4999999689339212,,,0.15170705201425688,0.15170705201425688,,,,,,,1.7209689617156982,control,0.2499999844669606,0.2499999844669606
,0.008192713824876244,0.0024817555247061166,,,-0.014243388547990503,12.882703112637142,-0.0010981181701530526,-1.6550887494092983,-1.673024275784729,-1.6640565125970137,1.725963830947876,state,,
0.4999999689339212,,,0.17867291097397175,0.17867291097397175,,,,,,,1.7259767055511475,control,0.2499999844669617,0.24999998446695948
,0.0020592023906851296,0.0006951090777786876,,,-0.016631348307075806,18.346994799213235,-0.001164335068967918,-1.4901276199223112,-1.480581650796677,-1.485354635359494,1.731064796447754,state,,
0.4999999689339212,,,0.20509945275449232,0.20509945275449232,,,,,,,1.7310678958892822,control,0.24999998446695948,0.2499999844669617
,-0.006598071228861956,-0.010350677373128114,,,-0.01365845327348982,23.660136373205102,-0.0014004659224178526,-1.2821103432401604,-1.2828750147772046,-1.2824926790086826,1.7360360622406006,state,,
0.4999999689339212,,,0.23099746369940247,0.23099746369940247,,,,,,,1.7360382080078125,control,0.2499999844669617,0.24999998446695948
,0.0031162658846762793,-0.008052772099556392,,,-0.011090264493873314,28.823297623536526,-0.0015107749975529256,-1.0570891153272526,-1.0553147394605922,-1.0562019273939223,1.7413115501403809,state,,
0.4999999689339212,,,0.2563775144254144,0.2563775144254144,,,,,,,1.741328477859497,control,0.24999998446695948,0.2499999844669617
,-0.001775493605531253,0.005082318385204344,,,-0.008875563924583744,34.60857426009144,-0.0014059618495608189,-0.7929694519533449,-0.7891975854612314,-0.7910835187072882,1.7462999820709229,state,,
0.4999999689339212,,,0.28124996413690606,0.28124996413690606,,,,,,,1.7463033199310303,control,0.24999998446696114,0.24999998446696003
,0.00019590680583613545,0.003564852162264104,,,-0.011268799720000743,39.157732465943035,-0.001400378098917165,-0.5278454868066504,-0.5179400228748277,-0.522892754840739,1.75123929977417,state,,
0.4999999689339212,,,0.3056249648541679,0.3056249648541679,,,,,,,1.7512421607971191,control,0.2499999844669606,0.2499999844669606
,0.003209936613187455,0.009498253805190272,,,-0.009986372343344894,44.982780025534666,-0.0011987239789326822,-0.20717898316101727,-0.20336170369423626,-0.20527034342762676,1.7564504146575928,state,,
0.4999999689339212,,,0.3295124655570846,0.3295124655570846,,,,,,,1.7564527988433838,control,0.2499999844669606,0.2499999844669606
,0.0027638958814753477,0.005321713300291126,,,-0.009581984137356532,49.712381836018714,-0.001093685895541451,0.11807552299317442,0.11905550991074192,0.11856551645195818,1.7614753246307373,state,,
0.4999999689339212,,,0.3529222162459429,0.3529222162459429,,,,,,,1.761488914489746,control,0.24999998446696053,0.24999998446696065
,-0.005137650471275687,-0.002837896619679552,,,-0.004631865194159986,54.45009253222095,-0.001105803755582828,0.4671151471826114,0.46532282629150085,0.4662189867370561,1.7664837837219238,state,,
0.4999999689339212,,,0.37586377192102405,0.37586377192102405,,,,,,,1.766486644744873,control,0.24999998446696087,0.2499999844669603
,0.001060528646638823,-0.0038432576366893133,,,-0.002391879186011267,59.709109892942536,-0.0011216039368912936,0.8531726829356506,0.8437561112208737,0.8484643970782622,1.7714827060699463,state,,
0.4999999689339212,,,0.39834649648260356,0.39834649648260356,,,,,,,1.7714858055114746,control,0.2499999844669606,0.2499999844669606
,-0.006362985828908424,-0.008740337229067011,,,0.0006243737641228343,64.82159713129143,-0.0012562778628009152,1.2526249070078725,1.255255381557058,1.2539401442824651,1.7769627571105957,state,,
0.4999999689339212,,,0.4203795665529515,0.4203795665529515,,,,,,,1.7769660949707031,control,0.2499999844669617,0.24999998446695948
,0.0018449154920168176,-0.0002243660105357963,,,0.00394303018023636,70.09832140824643,-0.0011481758751307081,1.682028476350391,1.6947983766990828,1.688413426524737,1.7817375659942627,state,,
0.4999999689339212,,,0.44197197522189247,0.44197197522189247,,,,,,,1.781740427017212,control,0.24999998446695948,0.2499999844669617
,-0.0025217729318241016,-0.0002852906435606835,,,0.008111628337716024,73.79278081593183,-0.0010421193875298016,2.111385104772355,2.1209678517935355,2.116176478282945,1.7868187427520752,state,,
0.4999999689339212,,,0.4631325357174546,0.4631325357174546,,,,,,,1.7868213653564453,control,0.2499999844669628,0.24999998446695837
,-0.0038616022978568074,0.00041105931556303417,,,0.010551104907061092,77.97073887818203,-0.0009502211313651524,2.5694265232886178,2.5756223575866444,2.572524440437631,1.7920191287994385,state,,
0.4999999689339212,,,0.48386988500310546,0.48386988500310546,,,,,,,1.7920219898223877,control,0.2499999844669628,0.24999998446695837
,0.0034524353785769213,-0.003129597250179099,,,0.010330710046240468,81.92983586615026,-0.0009141483142234215,3.037074561433988,3.053294649265852,3.04518460534992,1.7969627380371094,state,,
-0.3076098991523881,,,0.4441924873030434,0.4441924873030434,,,,,,,1.7969655990600586,control,-0.15380494957619406,-0.15380494957619406
,-0.0034319625090593474,0.007401150893698609,,,0.01770105075643554,83.8477609608732,-0.0005798731213092945,3.505000073681669,3.4848961984879323,3.4949481360848007,1.8019466400146484,state,,
-0.5,,,0.40530863755698254,0.40530863755698254,,,,,,,1.8019495010375977,control,-0.25,-0.25
,0.003747900017057401,-0.0035994130203361448,,,0.02063471874277397,83.51353828212754,-0.000458052725440319,3.911683033170147,3.9027099835375725,3.90719650835386,1.8069989681243896,state,,
-0.5,,,0.36720246480584284,0.36720246480584284,,,,,,,1.8070015907287598,control,-0.25,-0.25
,0.0018762157734867862,-0.008552618026469287,,,0.0293278805743993,81.26715751603578,-0.0003121215862358891,4.270945964364487,4.284614106905579,4.277780035635033,1.8126263618469238,state,,
-0.5,,,0.32985841550972594,0.32985841550972594,,,,,,,1.8126294612884521,control,-0.24999999999999556,-0.25000000000000444
,0.007069528948672087,-0.00821667766065409,,,0.03089857202067916,78.31983419486525,-0.000227689948039654,4.626987761742977,4.617954436384878,4.622471099063928,1.8172593116760254,state,,
-0.5,,,0.2932612471995314,0.2932612471995314,,,,,,,1.8172624111175537,control,-0.25000000000000444,-0.24999999999999556
,-0.005771874583626134,-0.005658037787889707,,,0.03203925421807975,73.11236189616214,-0.0001939353346177459,4.909444001116478,4.900862824502456,4.905153412809467,1.8223674297332764,state,,
-0.5,,,0.2573960222555408,0.2573960222555408,,,,,,,1.8223705291748047,control,-0.25,-0.25
,0.006221388266818827,0.007224212213373837,,,0.033910026847404746,67.56762906136309,0.0001879994246125957,5.165658613351642,5.143830175124482,5.154744394238062,1.8276302814483643,state,,
-0.5,,,0.22224810181043,0.22224810181043,,,,,,,1.827639102935791,control,-0.24999999999999556,-0.25000000000000444
,0.00047590233669702714,-0.0064117412975633935,,,0.03943694080902245,61.789225653335336,0.0003505131797371771,5.37319468554024,5.370254066355902,5.371724375948071,1.8325037956237793,state,,
-0.5,,,0.1878031397742214,0.1878031397742214,,,,,,,1.8325068950653076,control,-0.25,-0.25
,0.009409095087739636,-0.0012555269994869236,,,0.04677515411978515,55.871694069573024,0.000736087660711581,5.552434885322034,5.561369926778202,5.556902406050118,1.8375816345214844,state,,
-0.5,,,0.15404707697873696,0.15404707697873696,,,,,,,1.8375849723815918,control,-0.25,-0.25
,-0.0017040526190096367,-0.0027559061317026516,,,0.04617550344402341,50.679948480616275,0.0008767963053329942,5.721613018701737,5.733732883453061,5.727672951077398,1.8426017761230469,state,,
-0.5,,,0.12096613543916221,0.12096613543916221,,,,,,,1.8426051139831543,control,-0.24999999999999556,-0.25000000000000444
,-0.001458234655658858,-0.004757700893041121,,,0.049061332205103364,44.35264065537301,0.0010478484980468818,5.8477093318611075,5.849758513477121,5.848733922669114,1.8480792045593262,state,,
-0.5,,,0.08854681273037897,0.08854681273037897,,,,,,,1.8480820655822754,control,-0.24999999999999556,-0.25000000000000444
,-0.002472681927980356,-0.009067344671141845,,,0.05093782953659891,37.68402041594766,0.0011213685543280906,5.928167102533552,5.933872172022711,5.931019637278132,1.8527765274047852,state,,
-0.5,,,0.056775876475771384,0.056775876475771384,,,,,,,1.8527791500091553,control,-0.25000000000000444,-0.24999999999999556
,0.0034619004401746814,0.0024021650766434793,,,0.054165537962395684,30.836037393322282,0.0014873734897280708,5.970698118557831,5.981723460279614,5.976210789418722,1.8579156398773193,state,,
-0.5,,,0.025640358946255958,0.025640358946255958,,,,,,,1.8579187393188477,control,-0.25,-0.25
,-0.0022617307813168146,0.003903444981667649,,,0.060755859859944965,25.339104060456812,0.001916162208735414,6.013242820126822,6.017596976960761,6.015419898543792,1.8631577491760254,state,,
-0.5,,,-0.00487244823266916,-0.00487244823266916,,,,,,,1.8631608486175537,control,-0.25,-0.25
,-0.001244127475146072,0.003504252706973422,,,0.06252638524611578,18.27864331108255,0.0022700212258435952,5.995323573022797,5.993561211421769,5.9944423922222825,1.8680329322814941,state,,
-0.5,,,-0.03477499926801578,-0.03477499926801578,,,,,,,1.8680360317230225,control,-0.24999999999999556,-0.25000000000000444
,-6.602680018227837e-05,0.0020347426250751414,,,0.06025026556783726,12.950729677066755,0.002523996401789877,5.979936621651334,5.968862701319834,5.9743996614855845,1.8731341361999512,state,,
-0.5,,,-0.06407949928265547,-0.06407949928265547,,,,,,,1.8731372356414795,control,-0.25000000000000444,-0.24999999999999556
,-0.0027024327740347758,0.0005910405242838471,,,0.061893233911910164,6.113886158667167,0.0027956777508190015,5.887213026666952,5.9051016696710725,5.896157348169012,1.8782401084899902,state,,
-0.5,,,-0.09279790929700235,-0.09279790929700235,,,,,,,1.8782439231872559,control,-0.25,-0.25
,-0.0030224416837630204,0.013211520663183974,,,0.06221564688679866,1.0968519037830058,0.003274887817037054,5.826871142392566,5.816714912718053,5.82179302755531,1.8835663795471191,state,,
-0.5,,,-0.1209419511110623,-0.1209419511110623,,,,,,,1.8835701942443848,control,-0.25,-0.25
,0.002276386658487363,-0.005762464510248934,,,0.0637302068986678,-5.628537622493908,0.003457549812687585,5.703262273511227,5.669962607909366,5.686612440710297,1.8884592056274414,state,,
-0.5,,,-0.14852311208884106,-0.14852311208884106,,,,,,,1.8884623050689697,control,-0.25000000000000444,-0.24999999999999556
,0.003197056963647638,0.004913795558335211,,,0.06518821890187042,-11.0687471808445,0.003847912577257714,5.532124915103245,5.55724524597545,5.544685080539347,1.8935978412628174,state,,
-0.5,,,-0.17555264984706423,-0.17555264984706423,,,,,,,1.8936026096343994,control,-0.24999999999999556,-0.25000000000000444
,-0.00689408661893963,-0.0026674393015115538,,,0.06131212315944799,-16.493294823251784,0.003912543025241514,5.373818276300591,5.377950222280264,5.3758842492904275,1.8987293243408203,state,,
-0.5,,,-0.20204159685012293,-0.20204159685012293,,,,,,,1.8987343311309814,control,-0.25,-0.25
,-0.007185734150796934,0.006530730309120146,,,0.05621838135362636,-22.698399091908932,0.0041005690973676704,5.150745303555929,5.176524600754354,5.163634952155142,1.9037151336669922,state,,
-0.5,,,-0.22800076491312046,-0.22800076491312046,,,,,,,1.9037199020385742,control,-0.25000000000000444,-0.24999999999999556
,-0.0013221381952459857,0.006664733283026675,,,0.05672592273298733,-28.727889337896187,0.004420727917766563,4.922733574594953,4.925332800941722,4.924033187768337,1.9088001251220703,state,,
-0.5,,,-0.2534407496148581,-0.2534407496148581,,,,,,,1.9088034629821777,control,-0.25,-0.25
,-0.0021033832323214046,-0.003356982550326172,,,0.051307677176216676,-33.32664738554391,0.004423607033301787,4.685263910873353,4.683152975734529,4.684208443303941,1.9138646125793457,state,,
-0.5,,,-0.27837193462256093,-0.27837193462256093,,,,,,,1.9138686656951904,control,-0.25,-0.25
,0.008317355376119332,-0.006899997853643572,,,0.05450411221587241,-38.177418897059354,0.004588067020934734,4.413109342706407,4.419128502157475,4.4161189224319415,1.9190342426300049,state,,
-0.5,,,-0.3028044959301097,-0.3028044959301097,,,,,,,1.9190378189086914,control,-0.25000000000000444,-0.24999999999999556
,0.011168359094001733,0.004285395547844816,,,0.04955528556063216,-43.91413045888356,0.004826829674390131,4.098451314740725,4.1120400251029725,4.105245669921849,1.9240124225616455,state,,
-0.5,,,-0.32674840601150756,-0.32674840601150756,,,,,,,1.924015998840332,control,-0.25,-0.25
,-0.009172395565740194,0.008142272587078106,,,0.04692712312342008,-48.577471783175575,0.0050046679826246205,3.800352905445136,3.775924951949649,3.7881389286973928,1.9292359352111816,state,,
-0.5,,,-0.35021343789127746,-0.35021343789127746,,,,,,,1.9292497634887695,control,-0.2500000000000022,-0.24999999999999778
,-0.009117298139641693,0.00635388957242976,,,0.043985796127217223,-54.07049730930815,0.005126852351569058,3.4261901778173236,3.4345342734815882,3.430362225649456,1.9342467784881592,state,,
-0.5,,,-0.3732091691334519,-0.3732091691334519,,,,,,,1.934251070022583,control,-0.2500000000000022,-0.24999999999999778
,0.0026413917479563244,-0.0003589670874747582,,,0.039359545039978835,-58.86688540074219,0.005160331068068851,3.062498156024485,3.0568836665192394,3.059690911271862,1.939375638961792,state,,
-0.5,,,-0.3957449857507829,-0.3957449857507829,,,,,,,1.9393792152404785,control,-0.25,-0.25
,0.007695709373986158,-0.0003491397200335519,,,0.04098886179508048,-63.665408040369144,0.005336418126111081,2.675771658036368,2.6542143645766654,2.6649930113065166,1.9446370601654053,state,,
-0.5,,,-0.4178300860357672,-0.4178300860357672,,,,,,,1.9446415901184082,control,-0.24999999999999778,-0.2500000000000022
,0.004192186283987282,-0.0015873308232358977,,,0.03770918225101137,-68.90251121093554,0.005367330344852472,2.2405747447757784,2.2336839943123237,2.237129369544051,1.9496121406555176,state,,
-0.5,,,-0.43947348431505184,-0.43947348431505184,,,,,,,1.9496159553527832,control,-0.24999999999999778,-0.2500000000000022
,-0.003680001652839165,0.009741966843834406,,,0.03747084753194888,-73.6550935353487,0.00559579952733983,1.7995677409942468,1.7868606688640634,1.793214204929155,1.9546170234680176,state,,
-0.5,,,-0.46068401462875075,-0.46068401462875075,,,,,,,1.954620122909546,control,-0.25,-0.25
,-0.002478270326319732,-0.0053370018374695625,,,0.031693995380320104,-77.48676443112012,0.00543392429014814,1.349450862286957,1.3401440305874777,1.3447974464372172,1.9596829414367676,state,,
-0.5,,,-0.4814703343361757,-0.4814703343361757,,,,,,,1.959686279296875,control,-0.2499999999999989,-0.2500000000000011
,0.0033895488838461946,-0.007853268467512166,,,0.026203423505130573,-82.14689491548349,0.00524970709040295,0.8659936407750064,0.8537957425366614,0.8598946916558339,1.9648840427398682,state,,
-0.5,,,-0.5018409276494522,-0.5018409276494522,,,,,,,1.9648876190185547,control,-0.25,-0.25
,0.002478231860904037,-0.0035875871308714224,,,0.018702272496058353,-86.55689596196063,0.005073501842085828,0.3645204194086334,0.3493253111659743,0.3569228652873039,1.9698727130889893,state,,
-0.5,,,-0.5218041090964631,-0.5218041090964631,,,,,,,1.9698758125305176,control,-0.2500000000000003,-0.24999999999999972
,0.0052111534943778005,0.0008264188252435395,,,0.016318410222960652,-90.64119558763525,0.005071220734908836,-0.1646364869515664,-0.15793703324907757,-0.161286760100322,1.9749305248260498,state,,
-0.5,,,-0.5413680269145339,-0.5413680269145339,,,,,,,1.9749455451965332,control,-0.24999999999999986,-0.2500000000000001
,0.007572653728965507,0.0013332671626464386,,,0.013332215809407978,-94.85512636047059,0.005071910932498923,-0.692154840141905,-0.7131035261322046,-0.7026291831370548,1.9801485538482666,state,,
-0.5,,,-0.5605406663762432,-0.5605406663762432,,,,,,,1.980151891708374,control,-0.25,-0.25
,-0.005927878916124545,-0.009569049504285883,,,0.009013989767775501,-99.01374998435642,0.00472792169853083,-1.2493267032482007,-1.278442264109505,-1.263884483678853,1.9852652549743652,state,,
-0.5,,,-0.5793298530487184,-0.5793298530487184,,,,,,,1.985281229019165,control,-0.2499999999999989,-0.2500000000000011
,-0.00829781993765134,-0.0030244879755404143,,,0.0021910671002943463,-103.36166148398448,0.004422239689626407,-1.8459018028678613,-1.8538821007880697,-1.8498919518279655,1.9903638362884521,state,,
-0.5,,,-0.597743255987744,-0.597743255987744,,,,,,,1.9903666973114014,control,-0.25,-0.25
,0.01228618145475507,-0.0013506872989995562,,,-0.006833883646156434,-107.02915624976958,0.004228079446441253,-2.440936341285822,-2.445879109015476,-2.443407725150649,1.9955685138702393,state,,
-0.5,,,-0.6157883908679892,-0.6157883908679892,,,,,,,1.995574951171875,control,-0.25,-0.25
,0.0009720770122309041,0.00403719906930339,,,-0.012686747022725854,-110.95918180724422,0.004074610489385693,-3.0608010715173464,-3.060702795646308,-3.060751933581827,2.0006532669067383,state,,
-0.5,,,-0.6334726230506295,-0.6334726230506295,,,,,,,2.0006563663482666,control,-0.25,-0.25
,0.007690819363475377,0.004241437914033556,,,-0.017802552702604328,-114.88135400452245,0.003964337673921183,-3.689950178730446,-3.705213847049319,-3.6975820128898826,2.005701780319214,state,,
-0.5,,,-0.6508031705896169,-0.6508031705896169,,,,,,,2.005704641342163,control,-0.25,-0.25
,-0.002896190123351177,-0.009848892981404997,,,-0.02438687261594364,-118.26650731956329,0.0034608132515204027,-4.349024899259722,-4.336556976358208,-4.3427909378089655,2.0109269618988037,state,,
-0.32404832720482996,,,-0.6677871071778245,-0.6677871071778245,,,,,,,2.0109310150146484,control,-0.16202416360241054,-0.16202416360241942
,5.224197192320421e-05,-0.00033246229844634083,,,-0.032126716052388586,-121.4861842689497,0.0031100272564260688,-5.004168090841404,-4.998761127796801,-5.001464609319102,2.015960216522217,state,,
0.5,,,-0.624431365034268,-0.624431365034268,,,,,,,2.015963315963745,control,0.25,0.25
,0.009727052568769913,-0.006249343009169648,,,-0.041515037147228206,-123.07902838941803,0.002656531570383832,-5.6432945758962205,-5.641126729705643,-5.642210652800932,2.021071672439575,state,,
0.5,,,-0.5819427377335826,-0.5819427377335826,,,,,,,2.0210745334625244,control,0.25,0.25
,-0.013543579866213448,0.003368197136363566,,,-0.049395842517608014,-121.26192479981047,0.0022027461711138516,-6.216067472746386,-6.223132877174369,-6.2196001749603775,2.026162624359131,state,,
0.5,,,-0.540303882978911,-0.540303882978911,,,,,,,2.026165246963501,control,0.25,0.25
,-0.004637562660555922,0.0014183006375675508,,,-0.050899587598565936,-118.21767976254739,0.0018800758804405073,-6.762178727887767,-6.7622970905257835,-6.7622379092067755,2.0312998294830322,state,,
0.5,,,-0.49949780531933274,-0.49949780531933274,,,,,,,2.0313127040863037,control,0.25,0.25
,-0.004071240150005102,0.0015805494990365487,,,-0.04935213740893391,-113.54673148602616,0.0016262509805803145,-7.2465314127988005,-7.264730819048027,-7.255631115923414,2.0363452434539795,state,,
0.5,,,-0.4595078492129461,-0.4595078492129461,,,,,,,2.0363481044769287,control,0.25000000000000444,0.24999999999999556
,0.005535502933509611,-0.006437814836367068,,,-0.05372395528525215,-107.69124314206451,0.0011862165639875055,-7.702872623439768,-7.69891605699601,-7.700894340217889,2.0414552688598633,state,,
0.5,,,-0.4203176922286871,-0.4203176922286871,,,,,,,2.0414581298828125,control,0.25,0.25
,0.0013794222502260729,0.007652134937710719,,,-0.05592411172348083,-102.50858177109686,0.001008847079634012,-8.12560686390268,-8.136298399131885,-8.130952631517282,2.0465970039367676,state,,
0.5,,,-0.3819113383841134,-0.3819113383841134,,,,,,,2.046600818634033,control,0.24999999999999112,0.2500000000000089
,-0.008564704682481864,-0.003479369499622519,,,-0.061296162398742714,-96.34037589685185,0.0004786593486367448,-8.50583731921014,-8.52313161181403,-8.514484465512085,2.05159330368042,state,,
0.5,,,-0.34427311161643115,-0.34427311161643115,,,,,,,2.051596164703369,control,0.25,0.25
,0.005592325792938877,-0.007179102195116146,,,-0.06786791269766064,-89.85971807363205,-5.538466942444381e-05,-8.86558762762442,-8.855692738725555,-8.860640183174986,2.0566539764404297,state,,
0.5,,,-0.30738764938410257,-0.30738764938410257,,,,,,,2.056656837463379,control,0.24999999999999112,0.2500000000000089
,-0.016230314627042018,0.003684651109201082,,,-0.07333907906019399,-82.59522844374858,-0.000548750181008491,-9.163730898181097,-9.152265865879208,-9.157998382030152,2.0618526935577393,state,,
0.5,,,-0.27123989639642054,-0.27123989639642054,,,,,,,2.0618555545806885,control,0.25,0.25
,-0.005935376124565984,-0.00023304819015982075,,,-0.08006781666914908,-76.04389907899395,-0.0010811147334581592,-9.43381099400822,-9.434089470397266,-9.433950232202744,2.0669538974761963,state,,
0.5,,,-0.2358150984684921,-0.2358150984684921,,,,,,,2.0669569969177246,control,0.25,0.25
,-0.0010645166771436993,-0.004039140463705554,,,-0.08455136207207883,-70.14634194040265,-0.0016242802139255523,-9.687779262209558,-9.693859547445218,-9.690819404827387,2.072026014328003,state,,
0.5,,,-0.20109879649912227,-0.20109879649912227,,,,,,,2.0720291137695312,control,0.24999999999999112,0.2500000000000089
,0.006583546437867726,0.0026780128041016273,,,-0.0895979699538962,-62.13349797716431,-0.0020085501613024744,-9.864502652655263,-9.883414391776466,-9.873958522215865,2.077108383178711,state,,
0.5,,,-0.16707682056913983,-0.16707682056913983,,,,,,,2.0771119594573975,control,0.2500000000000089,0.24999999999999112
,-0.005372986984169677,-0.004386529617704446,,,-0.09293122746966759,-55.333004036191,-0.002594740390016253,-10.042405591251018,-10.042375048308143,-10.042390319779582,2.0822012424468994,state,,
0.5,,,-0.13373528415775704,-0.13373528415775704,,,,,,,2.0822043418884277,control,0.2500000000000089,0.24999999999999112
,-0.001668393993763618,-0.00533436988861123,,,-0.0933493961319798,-48.227302038595866,-0.0031158725881821497,-10.167913047962758,-10.17295909257132,-10.170436070267039,2.0872294902801514,state,,
0.5,,,-0.1010605784746019,-0.1010605784746019,,,,,,,2.0872323513031006,control,0.25,0.25
,-0.010784900199798712,-0.002822284344628382,,,-0.09879215632597962,-42.35059222640201,-0.0037526885987602897,-10.282815600617768,-10.29450097903487,-10.28865828982632,2.092371702194214,state,,
0.5,,,-0.06903936690510985,-0.06903936690510985,,,,,,,2.092374324798584,control,0.25,0.25
,-0.004888016968271769,-0.0018710690098938496,,,-0.10057219856749983,-35.235144768447455,-0.004266897834355005,-10.33907641698782,-10.364099883300467,-10.351588150144144,2.0974886417388916,state,,
0.5,,,-0.03765857956700766,-0.03765857956700766,,,,,,,2.0975024700164795,control,0.25,0.25
,0.003097115445774504,-0.00785098319927929,,,-0.10396277629576695,-28.34530483633234,-0.004864288679319095,-10.378106662627289,-10.389212269562712,-10.383659466095,2.102511167526245,state,,
0.5,,,-0.006905407975667507,-0.006905407975667507,,,,,,,2.1025140285491943,control,0.25,0.25
,-0.004416745273306982,0.0007831115468697733,,,-0.09701729779975768,-22.27164296106773,-0.005149965929532782,-10.404690541875093,-10.392014157902155,-10.398352349888624,2.1076395511627197,state,,
0.5,,,0.023232700183845843,0.023232700183845843,,,,,,,2.107642412185669,control,0.25,0.25
,-0.0036274806634298933,0.0025635840428076075,,,-0.10065629529895889,-16.02214242013122,-0.005573923692035952,-10.37932146688646,-10.378676876502997,-10.378999171694728,2.112797737121582,state,,
0.5,,,0.05276804618016892,0.05276804618016892,,,,,,,2.1128010749816895,control,0.25,0.25
,0.00327283704710027,-0.006090469893823285,,,-0.10194788774575167,-9.002573543287149,-0.006068565666765505,-10.309008737785064,-10.315575524012512,-10.312292130898788,2.1178293228149414,state,,
0.5,,,0.08171268525656554,0.08171268525656554,,,,,,,2.117832660675049,control,0.25,0.25
,0.0040644391094406315,-0.009403740259106525,,,-0.10448945210089161,-3.1378939512533233,-0.0066409105233073305,-10.22029693408631,-10.24898771787933,-10.23464232598282,2.1229989528656006,state,,
0.5,,,0.11007843155143422,0.11007843155143422,,,,,,,2.123002290725708,control,0.25,0.25
,-0.006363603014009221,-0.0006819273397369354,,,-0.10223673704563968,3.163809725861442,-0.0070314904711958936,-10.121689573070688,-10.115367523613703,-10.118528548342194,2.1281375885009766,state,,
0.5,,,0.13787686292040552,0.13787686292040552,,,,,,,2.128140687942505,control,0.24999999999999112,0.2500000000000089
,-0.003556201752970902,0.0024970380604654435,,,-0.10174389283907506,8.11551937408381,-0.007359408155135107,-9.994231346618788,-10.004052742870678,-9.999142044744733,2.133235216140747,state,,
0.5,,,0.1651193256619974,0.1651193256619974,,,,,,,2.1332387924194336,control,0.25,0.25
,-0.0009696281634916493,0.0027005789662893614,,,-0.09960109475697668,14.182355515255296,-0.007621540893876389,-9.832449575651584,-9.830897566526128,-9.831673571088857,2.138503313064575,state,,
0.5,,,0.19181693914875747,0.19181693914875747,,,,,,,2.138507604598999,control,0.2500000000000089,0.24999999999999112
,-0.011750119959675672,0.0074967864287135335,,,-0.09918120827123049,20.6418708089477,-0.007894258250097609,-9.628069234259558,-9.62324644203491,-9.625657838147234,2.1435000896453857,state,,
0.5,,,0.21798060036578232,0.21798060036578232,,,,,,,2.143503427505493,control,0.25,0.25
,0.005873681582810966,0.0029428644943968554,,,-0.10073978346594711,25.513654400656556,-0.008153674605219133,-9.42528594693659,-9.415819497292421,-9.420552722114506,2.148591995239258,state,,
0.5,,,0.24362098835846666,0.24362098835846666,,,,,,,2.1485953330993652,control,0.25,0.25
,0.010447020839877868,0.0030593253712704067,,,-0.10090743922230785,31.40357869577376,-0.008350897184057694,-9.186125689356668,-9.153461854713616,-9.169793772035142,2.15358567237854,state,,
0.5,,,0.2687485685912973,0.2687485685912973,,,,,,,2.15358829498291,control,0.25,0.25
,-0.0058474909072318395,-0.004740236140258368,,,-0.09870177328838856,37.19483625860394,-0.008762217228168848,-8.89409994478563,-8.889197783130065,-8.891648863957847,2.158679962158203,state,,
0.5,,,0.2933735972194713,0.2933735972194713,,,,,,,2.1586828231811523,control,0.25,0.25
,-0.003297462460671306,-0.0038692485263754355,,,-0.09143840391495445,42.27619072596048,-0.009015719458424358,-8.612314044158426,-8.586477240281289,-8.599395642219857,2.1638145446777344,state,,
0.5,,,0.31750612527508193,0.31750612527508193,,,,,,,2.163818120956421,control,0.25,0.25
,0.0006259031024699343,0.0011347691584893546,,,-0.08757200625395087,46.564884923732635,-0.009176125186389274,-8.297720695200582,-8.298908363804815,-8.298314529502697,2.168801784515381,state,,
0.5,,,0.34115600276958025,0.34115600276958025,,,,,,,2.168804407119751,control,0.24999999999999112,0.2500000000000089
,0.0002633127283931172,0.007777875135406179,,,-0.08115809085137723,52.12647152863589,-0.009141494382878536,-7.949095937037605,-7.949237606760627,-7.949166771899115,2.17413067817688,state,,
0.5,,,0.3643328827141886,0.3643328827141886,,,,,,,2.174133777618408,control,0.24999999999999556,0.25000000000000444
,0.001235280924022248,-0.0021595778368351973,,,-0.07970451150577278,57.09843885114239,-0.009355115203443686,-7.593644527856455,-7.575441992176694,-7.5845432600165745,2.1790270805358887,state,,
0.5,,,0.3870462250599048,0.3870462250599048,,,,,,,2.179030418395996,control,0.25,0.25
,0.01032030274914283,-0.010594911589700757,,,-0.07635856799363629,61.58575855616509,-0.009607711298868178,-7.20290986325637,-7.207483248757523,-7.205196556006946,2.183990955352783,state,,
0.5,,,0.40930530055870673,0.40930530055870673,,,,,,,2.1839938163757324,control,0.24999999999999556,0.25000000000000444
,-0.009370315245575274,-0.0012785853184556259,,,-0.0742598575917928,66.99528165101015,-0.009837683519201978,-6.789815203477911,-6.778434623963007,-6.78412491372046,2.1891427040100098,state,,
0.5,,,0.43111919454753256,0.43111919454753256,,,,,,,2.189145565032959,control,0.25000000000000444,0.24999999999999556
,-0.006903770226326556,0.004796527880011781,,,-0.0696322878575685,71.73164221167333,-0.009869805061599958,-6.3521832782401155,-6.347987087985062,-6.350085183112588,2.194213628768921,state,,
0.5,,,0.45249681065658187,0.45249681065658187,,,,,,,2.1942169666290283,control,0.24999999999999556,0.25000000000000444
,0.006230944688042689,0.0012653520372012054,,,-0.06628352357346079,75.79443200569737,-0.009872831068718481,-5.906927518516269,-5.905975911959487,-5.906451715237878,2.1992461681365967,state,,
0.5,,,0.47344687444345024,0.47344687444345024,,,,,,,2.199256658554077,control,0.25000000000000444,0.24999999999999556
,0.0012512733198476124,0.007658985263875058,,,-0.0626700641941451,80.2464616393992,-0.00977222338844854,-5.433053381180124,-5.4356729283025915,-5.434363154741358,2.2043139934539795,state,,
0.5,,,0.49397793695458125,0.49397793695458125,,,,,,,2.2043166160583496,control,0.25,0.25
,-0.001891422672994799,0.0029507415041426844,,,-0.057991993672377416,84.8474709032225,-0.009744873631425219,-4.935339846842344,-4.938457080098329,-4.936898463470337,2.2095894813537598,state,,
0.5,,,0.5140983782154896,0.5140983782154896,,,,,,,2.209592342376709,control,0.25000000000000444,0.24999999999999556
,-0.0008299600654882652,-0.0085809617412403,,,-0.05415292003970417,89.48987364203758,-0.00991859940502815,-4.415401873985109,-4.415724047794035,-4.415562960889572,2.214578866958618,state,,
0.5,,,0.5338164106511799,0.5338164106511799,,,,,,,2.2145822048187256,control,0.24999999999999556,0.25000000000000444
,-0.004151499096432011,-0.006443719743906852,,,-0.04953395744292328,93.26454599555606,-0.010039037859430815,-3.8893487319150593,-3.888980177185567,-3.889164454550313,2.219529390335083,state,,
0.5,,,0.5531400824381564,0.5531400824381564,,,,,,,2.219531774520874,control,0.24999999999999778,0.2500000000000022
,0.007693865710409931,-0.00037532400431328867,,,-0.047830187588275355,96.84772198333839,-0.009993515430434224,-3.3372376798933034,-3.3585579752891896,-3.3478978275912468,2.2246665954589844,state,,
0.5,,,0.5720772807893932,0.5720772807893932,,,,,,,2.2246694564819336,control,0.2500000000000022,0.24999999999999778
,0.004524416555913272,-0.004703301609127351,,,-0.03804388400251998,102.05003826644861,-0.009878796397036151,-2.765002841707434,-2.7446975604136834,-2.7548502010605587,2.229771852493286,state,,
0.5,,,0.5906357351736053,0.5906357351736053,,,,,,,2.2297751903533936,control,0.25,0.25
,-0.004946475634372179,0.002932200435055151,,,-0.03752902473805175,105.61549831530945,-0.009837017668556824,-2.1718549095074087,-2.1681983912260394,-2.170026650366724,2.2347476482391357,state,,
0.5,,,0.6088230204701333,0.6088230204701333,,,,,,,2.2347500324249268,control,0.25,0.25
,0.0031699741288112836,0.004956816550748847,,,-0.031244026010904667,108.87077331391166,-0.009577396438767096,-1.5686060097050547,-1.5791209364590757,-1.5738634730820653,2.2397782802581787,state,,
0.5,,,0.6266465600607306,0.6266465600607306,,,,,,,2.2397806644439697,control,0.2500000000000011,0.2499999999999989
,-0.007567513754225498,0.00458572492591994,,,-0.025145047250500364,113.02453349109652,-0.009382631081596057,-0.9591925245563195,-0.9260707937733978,-0.9426316591648587,2.245192289352417,state,,
0.5,,,0.6441136288595161,0.6441136288595161,,,,,,,2.2451953887939453,control,0.25,0.25
,0.005843517501147679,-0.002049553465523076,,,-0.021490587792603263,116.83480004680882,-0.009235581185720553,-0.2932582415083026,-0.3023725249854575,-0.29781538324688006,2.2500288486480713,state,,
0.5,,,0.6612313562823258,0.6612313562823258,,,,,,,2.2500314712524414,control,0.25,0.25
,0.002505717204429498,-0.009624265831663172,,,-0.015793828459186317,120.50737541893415,-0.009197155474860342,0.35922797858385874,0.36711671398198387,0.3631723462829213,2.255143404006958,state,,
0.5,,,0.6780067291566793,0.6780067291566793,,,,,,,2.25514554977417,control,0.2500000000000003,0.24999999999999972
,-0.004667386390567094,0.008697648151695018,,,-0.007552309299041575,124.31760873153502,-0.00879247482059792,1.0429266827346109,1.047877590353349,1.0454021365439798,2.2602992057800293,state,,
0.5,,,0.6944465945735457,0.6944465945735457,,,,,,,2.260307550430298,control,0.2500000000000011,0.2499999999999989
,0.0022063348541442986,-0.0005755687259843804,,,-0.0016606744727781196,127.62557481144279,-0.008524812942866455,1.740302210469611,1.732053641372305,1.7361779259209582,2.2654621601104736,state,,
0.5,,,0.7105576626820749,0.7105576626820749,,,,,,,2.2654755115509033,control,0.2499999999999989,0.2500000000000011
,-0.005425612974037717,-0.0023270789297020014,,,0.004692032219837323,131.0129330934546,-0.008313398030240197,2.4403208962775103,2.449987249420043,2.4451540728487764,2.2704906463623047,state,,
0.5,,,0.7263465094284334,0.7263465094284334,,,,,,,2.270493268966675,control,0.2500000000000022,0.24999999999999778
,-0.0013710547261561825,0.01419038859576939,,,0.010979176724662058,135.42653180049723,-0.007739588818929927,3.202935546913811,3.18212712699868,3.192531336956246,2.2755634784698486,state,,
0.5,,,0.7418195792398647,0.7418195792398647,,,,,,,2.275566339492798,control,0.24999999999999778,0.2500000000000022
,0.003946616022732378,-0.007211200030825788,,,0.019110017480820113,138.02661077315162,-0.007466577058721648,3.9121354550893144,3.9359564107401415,3.924045932914728,2.28070068359375,state,,
0.5,,,0.7569831876550674,0.7569831876550674,,,,,,,2.2807040214538574,control,0.24999999999999778,0.2500000000000022
,-0.00415008507360612,0.0022652525887690645,,,0.02415111186134787,141.08966917405616,-0.007106682993830643,4.676456353209806,4.680032381456834,4.6782443673333205,2.2857401371002197,state,,
0.5,,,0.7718435239019661,0.7718435239019661,,,,,,,2.285743236541748,control,0.24999999999999556,0.25000000000000444
,0.000790097397202894,0.0015929488963548832,,,0.028955041403057987,143.97181693901948,-0.006709936271181894,5.441718205247232,5.446230311512637,5.443974258379935,2.2908551692962646,state,,
-0.49999366440373555,,,0.7264066534239267,0.7264066534239267,,,,,,,2.290858745574951,control,-0.24999683220187222,-0.24999683220186333
,-0.006433245250649095,0.008283058561329429,,,0.03762571400368661,144.5197488587943,-0.006147749307199274,6.1714339151154505,6.179153304934362,6.175293610024906,2.2959818840026855,state,,
-0.49999366440373555,,,0.6818785203554482,0.6818785203554482,,,,,,,2.295984983444214,control,-0.24999683220186777,-0.24999683220186777
,-0.008044825894967342,0.005317926286317703,,,0.05059798123843429,142.27065655371922,-0.005533180852789326,6.85792131459389,6.843781639428587,6.850851477011238,2.3011696338653564,state,,
-0.49999366440373555,,,0.6382409499483391,0.6382409499483391,,,,,,,2.3011815547943115,control,-0.24999683220186333,-0.24999683220187222
,0.0015695959652926648,0.0070116059479799165,,,0.05652292140701812,138.75795279827537,-0.004908925046079404,7.497591528981184,7.479878119764776,7.48873482437298,2.306373119354248,state,,
-0.49999366440373555,,,0.5954761309493724,0.5954761309493724,,,,,,,2.3063764572143555,control,-0.24999683220186333,-0.24999683220187222
,0.004518337091404795,0.0008442435705588597,,,0.05972314916036554,134.66657996243643,-0.004416593426561539,8.082789723845439,8.11111328235375,8.096951503099595,2.3115274906158447,state,,
-0.49999366440373555,,,0.5535666083303848,0.5535666083303848,,,,,,,2.3115310668945312,control,-0.24999683220186777,-0.24999683220186777
,0.003684281792603674,0.0037719155957978423,,,0.06743742148954128,128.37316683939656,-0.0037777318218291506,8.637024805924407,8.640284307178511,8.638654556551458,2.3165974617004395,state,,
-0.49999366440373555,,,0.5124952761637771,0.5124952761637771,,,,,,,2.3166022300720215,control,-0.2499968322018589,-0.24999683220187666
,0.001923351793422046,0.007885992136091313,,,0.07014435421211129,122.38383327294945,-0.0031531672543882268,9.164538719086682,9.145962318160477,9.155250518623578,2.321554660797119,state,,
-0.49999366440373555,,,0.47224537064050154,0.47224537064050154,,,,,,,2.3215577602386475,control,-0.2499968322018589,-0.24999683220187666
,0.008651208483379793,-0.007454183445196996,,,0.07629901129956045,116.09707399899551,-0.0026920480101052416,9.641373489651306,9.629984524690089,9.635679007170697,2.326647996902466,state,,
-0.49999366440373555,,,0.4328004632276915,0.4328004632276915,,,,,,,2.3266513347625732,control,-0.24999683220186777,-0.24999683220186777
,0.006047024612731676,0.0064637638358853305,,,0.07904653228788643,108.61972777231405,-0.0020407236274297357,10.065951815144894,10.053592154282464,10.059771984713679,2.331749200820923,state,,
-0.49999366440373555,,,0.3941444539631377,0.3941444539631377,,,,,,,2.3317525386810303,control,-0.24999683220186777,-0.24999683220186777
,-0.005434954719198574,0.001289055759914946,,,0.0826011846671146,101.47488341206932,-0.001553796876604896,10.456654720492105,10.450210623544907,10.453432672018506,2.336808919906616,state,,
-0.49999366440373555,,,0.35626156488387495,0.35626156488387495,,,,,,,2.3368120193481445,control,-0.24999683220186777,-0.24999683220186777
,-0.003503000172074592,-0.0017822217299312349,,,0.08883238739135815,94.51987666727821,-0.001047011111191515,10.8127119054475,10.817967464728099,10.8153396850878,2.3419132232666016,state,,
-0.49999366440373555,,,0.3191363335861974,0.3191363335861974,,,,,,,2.34191632270813,control,-0.24999683220186777,-0.24999683220186777
,-0.0006749415906319606,0.0035341189838753485,,,0.09247540381655038,86.9406341547119,-0.0004531504391722655,11.12147325186354,11.137357677705747,11.129415464784643,2.3470120429992676,state,,
-0.49999366440373555,,,0.2827536069144735,0.2827536069144735,,,,,,,2.347015380859375,control,-0.2499968322018589,-0.24999683220187666
,0.0036874435176448353,-0.005918439394505954,,,0.0995881832413723,79.66857430058758,7.467755264398769e-05,11.40878982558179,11.41524999254457,11.41201990906318,2.3521173000335693,state,,
-0.49999366440373555,,,0.24709853477618401,0.24709853477618401,,,,,,,2.3521203994750977,control,-0.2499968322018589,-0.24999683220187666
,0.004777790459939626,0.006421578714520788,,,0.10303855662228245,72.55749255446503,0.0007889798690454096,11.674050356445818,11.6492116251,11.66163099077291,2.357239007949829,state,,
-0.49999366440373555,,,0.21215656408066033,0.21215656408066033,,,,,,,2.3572421073913574,control,-0.24999683220187666,-0.2499968322018589
,0.006119834644207919,0.018587535702167163,,,0.10712320705175496,64.99106400955974,0.0017547884659776215,11.857654755192685,11.874670965554074,11.866162860373379,2.3624725341796875,state,,
-0.49999366440373555,,,0.17791343279904712,0.17791343279904712,,,,,,,2.362476110458374,control,-0.2499968322018589,-0.24999683220187666
,-0.0033214838571143275,-0.004821516125242204,,,0.11193040163104534,58.40930415946417,0.0022312822659410815,12.05000001033694,12.056914829127164,12.053457419732052,2.367483377456665,state,,
-0.49999366440373555,,,0.14435516414306618,0.14435516414306618,,,,,,,2.367490530014038,control,-0.24999683220186777,-0.24999683220186777
,0.0012204474741927106,0.014920844620324962,,,0.1175228604968223,50.82488869847498,0.0031382402047326154,12.19370943189542,12.180034852337629,12.186872142116524,2.3724913597106934,state,,
-0.49999366440373555,,,0.11146806086020486,0.11146806086020486,,,,,,,2.3724944591522217,control,-0.24999683220186777,-0.24999683220186777
,-2.3231274461588732e-05,0.0027226272102535702,,,0.11946562754140294,45.1591222566194,0.0037439006022997896,12.319712514979633,12.32527604469451,12.322494279837072,2.3775877952575684,state,,
-0.49999366440373555,,,0.07923869964300076,0.07923869964300076,,,,,,,2.377591371536255,control,-0.24999683220186777,-0.24999683220186777
,-0.0035529387520349706,-0.009066001977902922,,,0.12083339945943339,36.94534244909282,0.0040900542119604155,12.369780400234323,12.383208852363499,12.37649462629891,2.3826537132263184,state,,
-0.49999366440373555,,,0.04765392565014075,0.04765392565014075,,,,,,,2.3826568126678467,control,-0.24999683220186777,-0.24999683220186777
,-0.00047417556153050386,-0.0032979396773750004,,,0.11803888516639627,31.108212887119038,0.004480650390561987,12.440375176439915,12.437894600377906,12.43913488840891,2.3877196311950684,state,,
-0.49999366440373555,,,0.01670084713713793,0.01670084713713793,,,,,,,2.387722969055176,control,-0.24999683220186777,-0.24999683220186777
,-0.0053860631363914216,0.000543471649991081,,,0.1231599732104243,23.975200900016247,0.005046837719056827,12.436196933451647,12.454774028990105,12.445485481220876,2.3928191661834717,state,,
-0.49999366440373555,,,-0.013633169805604826,-0.013633169805604826,,,,,,,2.3928232192993164,control,-0.24999683220186777,-0.24999683220186777
,0.0024069302998286322,0.00030986174117360283,,,0.12193672587848936,18.355781575292916,0.005550300495115076,12.442158105995166,12.453498999632348,12.447828552813757,2.397841453552246,state,,
-0.49999366440373555,,,-0.043360506409492724,-0.043360506409492724,,,,,,,2.3978445529937744,control,-0.24999683220186777,-0.24999683220186777
,-0.000900955800652253,0.004410510420680506,,,0.12675206603711275,11.461252386266306,0.00621305091837954,12.398366742892597,12.39244320645259,12.395404974672594,2.403027057647705,state,,
-0.49999366440373555,,,-0.07249329628130287,-0.07249329628130287,,,,,,,2.4030306339263916,control,-0.24999683220187666,-0.2499968322018589
,-0.0010030460966831394,-0.004343161737825217,,,0.12806186821268337,4.92124837795861,0.006650977922557167,12.313333369635973,12.318514270336204,12.31592381998609,2.408071994781494,state,,
-0.49999366440373555,,,-0.10104343035567681,-0.10104343035567681,,,,,,,2.4080770015716553,control,-0.24999683220187666,-0.2499968322018589
,-0.001968387863799728,-0.003566882276690394,,,0.12730906439306316,-1.1896987202194107,0.0070515315709056,12.210870541635886,12.214562623604476,12.212716582620182,2.4131619930267334,state,,
-0.49999366440373555,,,-0.12902256174856327,-0.12902256174856327,,,,,,,2.41316556930542,control,-0.24999683220187666,-0.2499968322018589
,-0.0064373083667393985,0.001291991797687019,,,0.12071813825553504,-6.805918205048506,0.0073777530560136355,12.08535365377989,12.093250510910075,12.089302082344982,2.4182252883911133,state,,
-0.49999366440373555,,,-0.156442110513592,-0.156442110513592,,,,,,,2.4182288646698,control,-0.24999683220186777,-0.24999683220186777
,-0.001421636485373023,-7.918857472453329e-05,,,0.11534825448299439,-13.038350083345785,0.007701975799041222,11.936875805617783,11.912960390055822,11.924918097836802,2.423309326171875,state,,
-0.49999366440373555,,,-0.18331326830332015,-0.18331326830332015,,,,,,,2.4233124256134033,control,-0.2499968322018589,-0.24999683220187666
,-0.002994636276148694,0.0007962541041657981,,,0.11371321868333935,-18.38413757831401,0.008074528137722027,11.746031694270329,11.749801424711528,11.747916559490928,2.42858624458313,state,,
-0.49999366440373555,,,-0.20964700293725375,-0.20964700293725375,,,,,,,2.4285900592803955,control,-0.24999683220186777,-0.24999683220186777
,0.0010683645031357714,-0.010547358814529813,,,0.11844121586339322,-23.524044436981676,0.008381575623125907,11.54589079878978,11.551093559104482,11.54849217894713,2.4335737228393555,state,,
-0.49999366440373555,,,-0.23545406287850867,-0.23545406287850867,,,,,,,2.433577060699463,control,-0.24999683220186777,-0.24999683220186777
,0.003553246047169726,-0.006497358921854796,,,0.11605046844984139,-29.343623969327275,0.008653398970923267,11.304167461116563,11.31413768722658,11.309152574171572,2.438742160797119,state,,
-0.49999366440373555,,,-0.2607449816209385,-0.2607449816209385,,,,,,,2.4387454986572266,control,-0.24999683220186777,-0.24999683220186777
,-0.0039951332930472086,-0.0002760207233656361,,,0.11273852262287765,-35.50209919117532,0.008948648611565805,11.034600583979048,11.032653217759126,11.033626900869088,2.4436862468719482,state,,
-0.49999366440373555,,,-0.2855300819885197,-0.2855300819885197,,,,,,,2.4436891078948975,control,-0.24999683220187666,-0.2499968322018589
,-0.00385348922709193,0.0016496892969360948,,,0.11385964950406074,-39.936299130187834,0.00934944187675707,10.772547733201826,10.754198109444149,10.763372921322986,2.4488000869750977,state,,
-0.49999366440373555,,,-0.3098194803487493,-0.3098194803487493,,,,,,,2.448803186416626,control,-0.2499968322018589,-0.24999683220187666
,-0.0033391663092254796,-0.007473763350862984,,,0.11614996764548038,-45.390705407100796,0.009606079959498222,10.45364936330622,10.445570281148312,10.449609822227266,2.453817129135132,state,,
-0.49999366440373555,,,-0.3336230907417743,-0.3336230907417743,,,,,,,2.453819751739502,control,-0.24999683220187666,-0.2499968322018589
,-0.0023293758027264225,-5.982059402599275e-05,,,0.11139425436059401,-50.571965495982425,0.009869558030211526,10.110975990520053,10.117599368056602,10.114287679288328,2.4589710235595703,state,,
-0.49999366440373555,,,-0.35695062892693885,-0.35695062892693885,,,,,,,2.4589738845825195,control,-0.24999683220186777,-0.24999683220186777
,-0.008621089059833708,0.008986667654971766,,,0.10497192641425336,-56.0481484989306,0.01019155803296828,9.751244908936659,9.742536645811686,9.746890777374173,2.4642927646636963,state,,
-0.49999366440373555,,,-0.3798116163484001,-0.3798116163484001,,,,,,,2.464296817779541,control,-0.24999683220186777,-0.24999683220186777
,-0.007136110166304036,0.009614990010144821,,,0.10626767377379298,-59.59024501570886,0.010656545241203701,9.401048767510611,9.384081903169879,9.392565335340244,2.469388008117676,state,,
-0.49999366440373555,,,-0.4022153840214321,-0.4022153840214321,,,,,,,2.4693973064422607,control,-0.2499968322018589,-0.24999683220187666
,-0.0012299280796464172,0.002632256997767862,,,0.10254701032087354,-64.86742218582111,0.010929963492154969,8.983481848504399,8.984996833878865,8.984239341191632,2.474470853805542,state,,
-0.49999366440373555,,,-0.4241710763410035,-0.4241710763410035,,,,,,,2.4744739532470703,control,-0.24999683220186777,-0.24999683220186777
,0.003804159408742527,0.004978065556633838,,,0.10028053437066882,-69.36559148182762,0.011290441711103176,8.57373443447938,8.557907157420884,8.565820795950131,2.4796197414398193,state,,
-0.49999366440373555,,,-0.4456876548141834,-0.4456876548141834,,,,,,,2.4796230792999268,control,-0.2499968322018589,-0.24999683220187666
,-0.0022502800247752425,-0.010442791450552347,,,0.0917440646619445,-74.79029762253576,0.011172758042300822,8.101013696676882,8.110051159575091,8.105532428125986,2.484699249267578,state,,
-0.49999366440373555,,,-0.4667739017178997,-0.4667739017178997,,,,,,,2.4847025871276855,control,-0.24999683220186777,-0.24999683220186777
,-0.003779004603811277,-0.0031577475943937424,,,0.08754164626482146,-79.50417126253282,0.011228359981477483,7.633803465737001,7.632172419706419,7.63298794272171,2.4897642135620117,state,,
-0.49999366440373555,,,-0.4874384236835416,-0.4874384236835416,,,,,,,2.489767074584961,control,-0.24999683220187222,-0.24999683220186333
,-0.0077151617950154084,-0.0009036280503387871,,,0.0830188351018212,-83.45312855205749,0.011268311789587657,7.150177556461497,7.155567828924023,7.15287269269276,2.494904041290283,state,,
-0.49999366440373555,,,-0.5076896552098707,-0.5076896552098707,,,,,,,2.4949071407318115,control,-0.24999683220187222,-0.24999683220186333
,0.00024731331000828026,-0.006545350854156353,,,0.07583429457676749,-87.61886512518163,0.011185124447117329,6.651613734533825,6.645343486153599,6.648478610343712,2.500047445297241,state,,
-0.49999366440373555,,,-0.5275358621056733,-0.5275358621056733,,,,,,,2.5000503063201904,control,-0.24999683220187222,-0.24999683220186333
,-0.0009028490277424776,-0.0055080387271699924,,,0.07391170395120222,-92.44145793258369,0.011186970971688978,6.10610509761435,6.112929646983746,6.109517372299048,2.505174160003662,state,,
-0.49999366440373555,,,-0.5469851448635599,-0.5469851448635599,,,,,,,2.505182981491089,control,-0.24999683220186777,-0.24999683220186777
,-0.004829327214915544,0.005173902614956954,,,0.06827839028153562,-95.73840376571911,0.011272494020325173,5.588085132056267,5.568620529594692,5.578352830825479,2.5103261470794678,state,,
-0.49999366440373555,,,-0.5660454419662887,-0.5660454419662887,,,,,,,2.5103297233581543,control,-0.24999683220186777,-0.24999683220186777
,-0.004389293061593931,0.007318321014354566,,,0.06467281909142422,-100.64082477316286,0.011413355724196429,5.004665598857026,4.98958290777186,4.997124253314443,2.5155205726623535,state,,
-0.49999366440373555,,,-0.5847245331269629,-0.5847245331269629,,,,,,,2.5155248641967773,control,-0.24999683220186333,-0.24999683220187222
,-0.00017071164970963889,-0.002322400182277382,,,0.05842619096557018,-104.48437985623865,0.011331909801863502,4.405007011626193,4.422053538336808,4.4135302749815,2.5205228328704834,state,,
-0.49999366440373555,,,-0.6030300424644237,-0.6030300424644237,,,,,,,2.520526170730591,control,-0.24999683220186777,-0.24999683220186777
,0.00016785654088837071,-0.004527323643282676,,,0.05559255947320803,-107.95307767215618,0.011253011562203707,3.815559797011153,3.8215578955312184,3.818558846271186,2.525585174560547,state,,
-0.49999366440373555,,,-0.6209694416151352,-0.6209694416151352,,,,,,,2.525588035583496,control,-0.24999683220187,-0.24999683220186555
,0.0032663776203111124,-0.004905479780344826,,,0.05266635733221337,-111.34849621387384,0.011175902108979492,3.194045864384797,3.2215073370627882,3.2077766007237924,2.530679702758789,state,,
-0.49999366440373555,,,-0.6385500527828325,-0.6385500527828325,,,,,,,2.5306828022003174,control,-0.24999683220186555,-0.24999683220187
,-0.0009011532614968527,-0.004360393016382701,,,0.04715430880574909,-115.1658497514603,0.011012160248914906,2.5707728040592905,2.5716117628664477,2.571192283462869,2.5357327461242676,state,,
-0.49999366440373555,,,-0.6557790517271759,-0.6557790517271759,,,,,,,2.5357398986816406,control,-0.24999683220186777,-0.24999683220186777
,0.004091097419354279,-0.008164341713444177,,,0.03872451455036401,-119.8697499505915,0.010731322569133723,1.8845871642072964,1.9093701095119904,1.8969786368596435,2.540839910507202,state,,
-0.49999366440373555,,,-0.6726634706926323,-0.6726634706926323,,,,,,,2.5408427715301514,control,-0.24999683220186888,-0.24999683220186666
,-0.005096935768584617,-0.012286741709486897,,,0.03335637702169148,-123.4922037807774,0.010332752950326865,1.229286037141617,1.214442912130645,1.221864474636131,2.5459485054016113,state,,
-0.49999366440373555,,,-0.6892102012787797,-0.6892102012787797,,,,,,,2.5459516048431396,control,-0.24999683220186666,-0.24999683220186888
,-0.0030743935362209252,-0.006028208060569525,,,0.028481514527219115,-126.95625991236875,0.010057202718148375,0.5258809581939059,0.5380210606565575,0.5319510094252318,2.5510611534118652,state,,
-0.49999366440373555,,,-0.7054259972532042,-0.7054259972532042,,,,,,,2.5510644912719727,control,-0.24999683220186833,-0.24999683220186722
,0.0017981253048329083,-0.0025772638165203242,,,0.024207090556410737,-130.22695651317753,0.009875858550746188,-0.18576769329691967,-0.1567093592589075,-0.17123852627791358,2.5562472343444824,state,,
-0.49999366440373555,,,-0.7213174773081401,-0.7213174773081401,,,,,,,2.5562503337860107,control,-0.24999683220186777,-0.24999683220186777
,0.006207896163016852,-0.004613377536868224,,,0.01079965832142467,-133.97657906179165,0.009484940907552456,-0.895391034800127,-0.906206001041771,-0.900798517920949,2.561466932296753,state,,
-0.49999366440373555,,,-0.7368911277619773,-0.7368911277619773,,,,,,,2.5614705085754395,control,-0.24999683220186777,-0.24999683220186777
,0.007558545321208349,-0.005377994716344952,,,0.0038900183664700456,-136.3266893575304,0.00916516543149302,-1.618573079376217,-1.6210971841165802,-1.6198351317463986,2.566565752029419,state,,
-0.49999366440373555,,,-0.7521533052067377,-0.7521533052067377,,,,,,,2.5665690898895264,control,-0.24999683220186777,-0.24999683220186777
,0.00035537920985168124,-0.003746747482209997,,,-0.009249567116199422,-139.75860975211745,0.008667019612748194,-2.371642759769576,-2.37485502026368,-2.3732488900166278,2.5715503692626953,state,,
-0.49999366440373555,,,-0.767110239102603,-0.767110239102603,,,,,,,2.571561098098755,control,-0.24999683220187,-0.24999683220186555
,-0.004267806979538323,0.0007099237408688304,,,-0.011429679287502341,-142.90291806117776,0.008387509229230861,-3.1396265128871303,-3.1359868897562766,-3.1378067013217033,2.576695680618286,state,,
-0.49999366440373555,,,-0.781768034320551,-0.781768034320551,,,,,,,2.5766994953155518,control,-0.24999683220187,-0.24999683220186555
,-0.00033816634806658634,-0.006573999216761731,,,-0.016955433419521736,-145.96642361886495,0.007928259847614076,-3.9166981212779577,-3.916093928093181,-3.9163960246855694,2.581835985183716,state,,
-0.49999366440373555,,,-0.79613267363414,-0.79613267363414,,,,,,,2.5818393230438232,control,-0.24999683220186777,-0.24999683220186777
,0.00414222961525552,-0.0032961699898325474,,,-0.02604078687341515,-149.23876441867105,0.007472304801031446,-4.707338898950005,-4.72200263736193,-4.714670768155967,2.5868654251098633,state,,
-0.49999366440373555,,,-0.8102100201614572,-0.8102100201614572,,,,,,,2.5868685245513916,control,-0.24999683220187222,-0.24999683220186333
,0.001101550116923936,-0.0027283556354178997,,,-0.03431160642052475,-152.6559328439302,0.006985604722709782,-5.5270172547926935,-5.537655459210051,-5.532336357001372,2.592057943344116,state,,
-0.49999366440373555,,,-0.8240058197582281,-0.8240058197582281,,,,,,,2.5920610427856445,control,-0.24999683220186777,-0.24999683220186777
,-0.0007367231552082517,0.004328631131318889,,,-0.039825080405124884,-156.0181996352442,0.006642020054025227,-6.356871660360994,-6.375007325960462,-6.365939493160728,2.597245931625366,state,,
0.5,,,-0.7775257033630635,-0.7775257033630635,,,,,,,2.597249746322632,control,0.25,0.25
,-0.0049090572199920884,-0.005382193708706482,,,-0.04366647904366382,-155.3614555470443,0.006101247083256631,-7.136451531657311,-7.128137196537909,-7.132294364097611,2.602288246154785,state,,
0.5,,,-0.7319751892958022,-0.7319751892958022,,,,,,,2.6022918224334717,control,0.25000000000000444,0.24999999999999556
,0.006278671854429746,-0.0028918471244266716,,,-0.052017103511542664,-152.74816349505295,0.0055893852256165165,-7.853827822538294,-7.855058871044019,-7.8544433467911565,2.6073460578918457,state,,
0.5,,,-0.6873356855098861,-0.6873356855098861,,,,,,,2.607348918914795,control,0.25,0.25
,-0.006908340393220429,-0.004563350490134318,,,-0.06065124387227067,-149.33800664689872,0.004912041561463206,-8.545272543395606,-8.548445552835211,-8.546859048115408,2.612492561340332,state,,
0.5,,,-0.6435889717996883,-0.6435889717996883,,,,,,,2.6124961376190186,control,0.24999999999999112,0.2500000000000089
,-0.0003431454266180617,0.007608264411147266,,,-0.06798116177204866,-144.63951325541393,0.004507456629642406,-9.196352912198531,-9.194202626918543,-9.195277769558537,2.6176257133483887,state,,
0.5,,,-0.6007171923636945,-0.6007171923636945,,,,,,,2.61763072013855,control,0.25,0.25
,0.0029450639996970547,-0.002064183290410768,,,-0.07431477664016292,-138.994072661333,0.003940279567492916,-9.79443775608038,-9.806358554354098,-9.80039815521724,2.622617244720459,state,,
0.5,,,-0.5587028485164206,-0.5587028485164206,,,,,,,2.6226282119750977,control,0.25,0.25
,0.00041413634818964314,0.0007622654185559974,,,-0.0816519384124055,-132.34883311725923,0.0033665280240008366,-10.356247015293988,-10.356513082019271,-10.356380048656629,2.6278083324432373,state,,
0.5,,,-0.5175287915460921,-0.5175287915460921,,,,,,,2.627812623977661,control,0.24999999999999112,0.2500000000000089
,0.0005016618312231214,-0.0006946186997634386,,,-0.08760487748009436,-124.98752650583552,0.0027702685508155895,-10.875570728171352,-10.852746967235632,-10.864158847703493,2.6329219341278076,state,,
0.5,,,-0.4771782157151703,-0.4771782157151703,,,,,,,2.6329257488250732,control,0.2500000000000089,0.24999999999999112
,-0.0026049329685123024,-0.0018832609264295014,,,-0.09597748338271422,-118.10483786589802,0.002062020769402695,-11.335577712895233,-11.354705577409035,-11.345141645152134,2.6379547119140625,state,,
0.5,,,-0.4376346514008669,-0.4376346514008669,,,,,,,2.6379683017730713,control,0.25,0.25
,0.01021029978531709,-0.011399514825979222,,,-0.10648037445451196,-111.43137888431487,0.0012017240873050303,-11.799654491402084,-11.792519790857341,-11.796087141129712,2.6429781913757324,state,,
0.5,,,-0.39888195837284957,-0.39888195837284957,,,,,,,2.6429810523986816,control,0.25,0.25
,-0.0056096913326559306,-0.000816158312673235,,,-0.10761980776779821,-103.06405154549867,0.0005781137457650116,-12.178189378530396,-12.178285117895904,-12.17823724821315,2.6481339931488037,state,,
0.5,,,-0.36090431920539257,-0.36090431920539257,,,,,,,2.6481378078460693,control,0.2500000000000089,0.24999999999999112
,0.002295546687525114,0.011884638158078283,,,-0.1142755674910266,-95.98796809400207,0.00014288973153512462,-12.532835374781376,-12.558280070777656,-12.545557722779517,2.6531848907470703,state,,
0.5,,,-0.3236862328212847,-0.3236862328212847,,,,,,,2.6531879901885986,control,0.2500000000000089,0.24999999999999112
,-0.0008196374984214618,0.003281639778702652,,,-0.11662145899833024,-88.91902584038819,-0.00041079553796852806,-12.880875998646957,-12.874418284897196,-12.877647141772076,2.658301830291748,state,,
0.5,,,-0.287212508164859,-0.287212508164859,,,,,,,2.6583049297332764,control,0.25,0.25
,0.004060082822976401,0.0029275298298120853,,,-0.11690433974084155,-81.43658829799925,-0.0008929460624147541,-13.167043858316834,-13.164442923957795,-13.165743391137315,2.6634929180145264,state,,
0.5,,,-0.2514682580015618,-0.2514682580015618,,,,,,,2.663496255874634,control,0.2500000000000089,0.24999999999999112
,0.004889147982881642,-0.007921768445385495,,,-0.12060969407526065,-73.56191145374797,-0.0016322990342166372,-13.422544389703743,-13.393902758105593,-13.408223573904667,2.668605089187622,state,,
0.5,,,-0.21643889284153056,-0.21643889284153056,,,,,,,2.6686086654663086,control,0.24999999999999112,0.2500000000000089
,0.0012832874153028068,-9.022562794556021e-05,,,-0.12678405852507438,-66.5427259844224,-0.0023069844992060235,-13.625804413785337,-13.632642381083828,-13.629223397434583,2.6735928058624268,state,,
0.5,,,-0.18211011498469995,-0.18211011498469995,,,,,,,2.673595666885376,control,0.25,0.25
,0.004241233808940778,-0.0023145066170013368,,,-0.12530815211044316,-59.34259047659827,-0.0028609544147165356,-13.81221672522755,-13.810468543007262,-13.811342634117405,2.678706169128418,state,,
0.5,,,-0.14846791268500595,-0.14846791268500595,,,,,,,2.6787097454071045,control,0.24999999999999112,0.2500000000000089
,0.0058919097084679725,0.0014345257805704343,,,-0.12741021240455339,-52.096234693652946,-0.0033880725373078755,-13.951863418328037,-13.961125528391646,-13.956494473359841,2.6838533878326416,state,,
0.5,,,-0.11549855443130583,-0.11549855443130583,,,,,,,2.683856964111328,control,0.25,0.25
,0.0063012393258373494,0.0049180196681047365,,,-0.1289597036277877,-44.82116428711701,-0.0038358950011190664,-14.059235670894244,-14.070392235388258,-14.06481395314125,2.6889004707336426,state,,
0.5,,,-0.08318858334267971,-0.08318858334267971,,,,,,,2.688903570175171,control,0.24999999999999112,0.2500000000000089
,0.004025011350452583,-0.006203531095515336,,,-0.13096386297747162,-38.48000947939186,-0.004515102349043635,-14.163895257271015,-14.148687517293324,-14.15629138728217,2.694030284881592,state,,
0.5,,,-0.05152481167582612,-0.05152481167582612,,,,,,,2.69403338432312,control,0.2500000000000089,0.24999999999999112
,0.0033307664674495268,-0.001151782774709042,,,-0.12919880669711503,-31.419825507200336,-0.005024635733175477,-14.212176830940374,-14.18987156303348,-14.201024196986927,2.6991939544677734,state,,
0.5,,,-0.020494315442309598,-0.020494315442309598,,,,,,,2.6991970539093018,control,0.25,0.25
,0.0009492642055372315,-0.002164495639655318,,,-0.13363470808342448,-25.29192533748505,-0.0056789268072528955,-14.23244921338608,-14.227461313405854,-14.229955263395967,2.7043261528015137,state,,
0.5,,,0.009915570866536595,0.009915570866536595,,,,,,,2.704329490661621,control,0.25,0.25
,0.009370768199251603,-0.0027774353923479345,,,-0.13497111957271568,-19.1976072363042,-0.006227165804788209,-14.23544252761456,-14.222455901424945,-14.228949214519753,2.7094407081604004,state,,
0.5,,,0.03971725944920586,0.03971725944920586,,,,,,,2.7094478607177734,control,0.25,0.25
,0.002571443165006625,0.000754790817714446,,,-0.13525630450776627,-11.85791190389719,-0.006734353578522567,-14.162630829478704,-14.180216960011556,-14.17142389474513,2.7146198749542236,state,,
0.5,,,0.06892291426022173,0.06892291426022173,,,,,,,2.714623212814331,control,0.25,0.25
,0.0017438579076482442,-0.0013790668754030749,,,-0.1351911468239299,-6.046018303482965,-0.007271385857257357,-14.113552149361718,-14.104757504117359,-14.109154826739537,2.71960711479187,state,,
0.5,,,0.09754445597501729,0.09754445597501729,,,,,,,2.7196099758148193,control,0.24999999999999112,0.2500000000000089
,0.006667936080789766,0.0012548979795237484,,,-0.13515895399840544,0.19493409776426152,-0.007712547270635871,-14.018600236928036,-13.999104390721453,-14.008852313824743,2.7246673107147217,state,,
0.5,,,0.12559356685551692,0.12559356685551692,,,,,,,2.72467041015625,control,0.24999999999999112,0.2500000000000089
,-0.009795721322380465,-0.008508447863858001,,,-0.1347810181471448,5.75570601976966,-0.008441230710317401,-13.896171385698263,-13.88697131399477,-13.891571349846517,2.729794979095459,state,,
0.5,,,0.15308169551840659,0.15308169551840659,,,,,,,2.7297983169555664,control,0.25,0.25
,-0.0028226940959203113,0.00843014484768067,,,-0.1302942990232837,12.044210483969616,-0.008702933990902809,-13.731634659404518,-13.730896621422245,-13.731265640413381,2.734872579574585,state,,
0.5,,,0.18002006160803846,0.18002006160803846,,,,,,,2.734875440597534,control,0.25,0.25
,-0.0003599342389010701,-0.0015369579096884745,,,-0.13440522383848258,17.415969285310297,-0.009280437306329426,-13.560226560211087,-13.55715663449642,-13.558691597353754,2.740008592605591,state,,
0.5,,,0.2064196603758777,0.2064196603758777,,,,,,,2.7400195598602295,control,0.25,0.25
,0.0034410593821430236,0.008920348536894685,,,-0.1319698979196595,23.701497004923958,-0.009509934000930823,-13.332553282703417,-13.347740380651322,-13.34014683167737,2.7450618743896484,state,,
0.5,,,0.23229126716836013,0.23229126716836013,,,,,,,2.745065212249756,control,0.25,0.25
,0.005860077124618689,0.012659995134395063,,,-0.13147243817615287,28.831915953731432,-0.009675216958352162,-13.115009457341177,-13.113658739309242,-13.114334098325209,2.75014591217041,state,,
0.5,,,0.25764544182499294,0.25764544182499294,,,,,,,2.7501490116119385,control,0.24999999999999112,0.2500000000000089
,-0.0051774484758204025,0.0014125688776212035,,,-0.12745984301122026,34.36537316918021,-0.01005355046907485,-12.852045159994846,-12.856833891318532,-12.854439525656689,2.755370855331421,state,,
0.5,,,0.2824925329884931,0.2824925329884931,,,,,,,2.755373954772949,control,0.25,0.25
,0.0024566159868126738,0.00021054087224520944,,,-0.1258576310289872,39.619366414648056,-0.010419678354314312,-12.57642830087983,-12.569017287089538,-12.572722793984685,2.7605059146881104,state,,
0.5,,,0.30684268232872325,0.30684268232872325,,,,,,,2.760509490966797,control,0.2500000000000089,0.24999999999999112
,-0.008354073921531242,-0.004683148034548889,,,-0.1226745432746717,44.631616682218194,-0.010909402651272137,-12.268576113787908,-12.271008426139785,-12.269792269963848,2.7655975818634033,state,,
0.5,,,0.3307058286821488,0.3307058286821488,,,,,,,2.765601634979248,control,0.2500000000000089,0.24999999999999112
,0.003524809193513004,0.010887202465729566,,,-0.11792205972314654,49.63401340728489,-0.010964198858349566,-11.95576672356554,-11.928246449069091,-11.942006586317316,2.7705585956573486,state,,
0.5,,,0.3540917121085059,0.3540917121085059,,,,,,,2.770561933517456,control,0.25,0.25
,-0.010813654031646771,0.006980410176361571,,,-0.11410467425587732,54.95315046482193,-0.011192829592407146,-11.584105828431806,-11.581062448416546,-11.582584138424176,2.7756359577178955,state,,
0.5,,,0.3770098778663358,0.3770098778663358,,,,,,,2.775639057159424,control,0.25,0.25
,0.0025082190435436824,0.0021236556079480395,,,-0.11381116470214712,59.926125520497095,-0.01146164733664603,-11.20895912285941,-11.198653186387292,-11.20380615462335,2.780776262283325,state,,
0.5,,,0.3994696803090091,0.3994696803090091,,,,,,,2.7807798385620117,control,0.25,0.25
,-0.00130323785573789,0.006718105924173801,,,-0.11144297319530494,64.61186145634393,-0.011624119381168295,-10.807229478582364,-10.805112608858227,-10.806171043720296,2.7858734130859375,state,,
0.5,,,0.4214802867028289,0.4214802867028289,,,,,,,2.785876750946045,control,0.25,0.25
,-0.004833649679632473,0.002388383405632135,,,-0.11040595919300827,68.73197415882362,-0.01190564740665805,-10.387026717800055,-10.40684836751323,-10.396937542656643,2.790940046310425,state,,
0.5,,,0.4430506809687723,0.4430506809687723,,,,,,,2.790943145751953,control,0.25,0.25
,0.001307710515116308,0.0013657141086734906,,,-0.10885778902117615,73.82970638677122,-0.012139359854515792,-9.948569913352213,-9.944742251566018,-9.946656082459114,2.796175956726074,state,,
0.5,,,0.4641896673493968,0.4641896673493968,,,,,,,2.7961795330047607,control,0.24999999999999112,0.2500000000000089
,0.0023036190682090988,0.002815380912121589,,,-0.10453539282637857,78.73521065442606,-0.012269631137397145,-9.47724822530306,-9.472564782559775,-9.474906503931418,2.8012571334838867,state,,
0.5,,,0.4849058740024089,0.4849058740024089,,,,,,,2.801260232925415,control,0.2500000000000089,0.24999999999999112
,0.003606518062855449,-0.009773778957376425,,,-0.10499994495177664,82.64006361320276,-0.012698333354965095,-8.997201143852626,-9.001915897790916,-8.999558520821772,2.806368589401245,state,,
0.5,,,0.5052077565223607,0.5052077565223607,,,,,,,2.806378126144409,control,0.2500000000000089,0.24999999999999112
,0.007713795766059329,0.005257169376587117,,,-0.10041816933151791,87.2734631294183,-0.012707676526851421,-8.495154632324846,-8.483742090759455,-8.48944836154215,2.8115060329437256,state,,
0.5,,,0.5251036013919135,0.5251036013919135,,,,,,,2.811509370803833,control,0.25,0.25
,-0.0010248760160708643,-0.003925282546855909,,,-0.09393321211115997,91.48359869501873,-0.012890795346506915,-7.968881116522515,-7.9611668423411395,-7.965023979431827,2.816605806350708,state,,
0.5,,,0.5446015293640752,0.5446015293640752,,,,,,,2.81661057472229,control,0.24999999999999556,0.25000000000000444
,0.0040544000410013045,-0.003974833369153728,,,-0.08975987359680747,95.55500482348887,-0.013049049394588058,-7.419697281176449,-7.425203747316184,-7.422450514246316,2.8216168880462646,state,,
0.5,,,0.5637094987767938,0.5637094987767938,,,,,,,2.821619987487793,control,0.24999999999999556,0.25000000000000444
,-0.0015503602588117311,-0.0019884142688103568,,,-0.08599287162507586,99.93721364127315,-0.013196761995750199,-6.8485279255794005,-6.857510927498248,-6.8530194265388245,2.826714038848877,state,,
0.5,,,0.5824353088012579,0.5824353088012579,,,,,,,2.8267173767089844,control,0.25,0.25
,-0.00013019542112899306,0.002747406922082652,,,-0.07978545277645874,103.77553525046802,-0.013174549649082155,-6.268835715860445,-6.277270213256564,-6.273052964558504,2.831799030303955,state,,
0.5,,,0.6007866026252328,0.6007866026252328,,,,,,,2.8318021297454834,control,0.24999999999999556,0.25000000000000444
,-0.005587109825934896,-0.011028162293604808,,,-0.0744458652136791,107.18284519216687,-0.013436492135944106,-5.684122164796397,-5.681697268425437,-5.682909716610917,2.83695650100708,state,,
0.5,,,0.6187708705727282,0.6187708705727282,,,,,,,2.8369596004486084,control,0.24999999999999556,0.25000000000000444
,-0.000640650640519883,-0.004148794537901926,,,-0.06595273817188897,112.04402910403043,-0.013437905085092152,-5.041695499679813,-5.048947352731339,-5.045321426205576,2.8421030044555664,state,,
0.5,,,0.6363954531612737,0.6363954531612737,,,,,,,2.8421103954315186,control,0.25,0.25
,-0.0011821786638912314,0.005026377780352716,,,-0.06289304583768796,114.96037641399957,-0.013342687262534469,-4.419441852742051,-4.428767017498238,-4.424104435120144,2.847262144088745,state,,
0.5,,,0.6536675440980482,0.6536675440980482,,,,,,,2.8472652435302734,control,0.24999999999999556,0.25000000000000444
,0.005177013613312727,-0.0061624258824278634,,,-0.053426886704189075,118.65780879169675,-0.013263602746083018,-3.7809514928574792,-3.7629863615341352,-3.7719689271958075,2.852466106414795,state,,
0.5,,,0.6705941932160873,0.6705941932160873,,,,,,,2.852468967437744,control,0.2500000000000022,0.24999999999999778
,0.000704101550236749,-0.0009529270689783623,,,-0.047974020583221234,122.78060267719265,-0.01315846293956578,-3.100880679998155,-3.0840185423763904,-3.0924496111872726,2.85752010345459,state,,
0.5,,,0.6871823093517655,0.6871823093517655,,,,,,,2.857523202896118,control,0.24999999999999778,0.2500000000000022
,-0.0010392308180314463,0.00254265360073077,,,-0.043381365069351696,126.20012964200777,-0.012994376624931006,-2.4016438671106,-2.412407134946597,-2.4070255010285986,2.862668037414551,state,,
0.5,,,0.7034386631647302,0.7034386631647302,,,,,,,2.8626716136932373,control,0.25,0.25
,0.0026773982336865928,0.0011724481801467022,,,-0.040618849148951953,129.52543431035886,-0.012846418381687402,-1.6976100657456448,-1.7153388581570372,-1.706474461951341,2.86769962310791,state,,
0.5,,,0.7193698899014357,0.7193698899014357,,,,,,,2.8677031993865967,control,0.25,0.25
,-0.003353480534757704,-0.0003937905277658671,,,-0.03167183405484394,133.80075555005772,-0.012634998720720911,-0.9669281941421737,-0.9719254725391627,-0.9694268333406681,2.8727755546569824,state,,
0.5,,,0.7349824921034069,0.7349824921034069,,,,,,,2.8727786540985107,control,0.24999999999999944,0.25000000000000056
,-0.008458667029550936,0.006645639517323232,,,-0.026700016458158102,135.9634096111809,-0.012372648874259803,-0.2539972508583729,-0.2563829029060505,-0.2551900768822117,2.877927541732788,state,,
0.5,,,0.7502828422613388,0.7502828422613388,,,,,,,2.8779308795928955,control,0.25,0.25
,-0.0038981459433577205,-0.0017313930303031052,,,-0.02047544570097062,139.75594335397977,-0.012187189094907448,0.49936104546502297,0.5085383327122001,0.5039496890886115,2.883131980895996,state,,
0.5,,,0.765277185416112,0.765277185416112,,,,,,,2.883145570755005,control,0.2500000000000003,0.24999999999999972
,-0.005765005952173582,7.129062351988658e-05,,,-0.012252764218233611,143.12261178746573,-0.011914374163347107,1.2672883577615486,1.2790015228784795,1.2731449403200141,2.8882486820220947,state,,
0.5,,,0.7799716417077898,0.7799716417077898,,,,,,,2.888251781463623,control,0.2499999999999989,0.2500000000000011
,-0.001142293580917556,0.005609874574094724,,,-0.003572784592303672,145.8979406069899,-0.011460165499319813,2.036038210868349,2.0575725359081116,2.0468053733882305,2.8933889865875244,state,,
0.5,,,0.794372208873634,0.794372208873634,,,,,,,2.8933932781219482,control,0.24999999999999778,0.2500000000000022
,0.0029077418369143843,-0.00164165161357152,,,0.00462780594332526,148.59385925829466,-0.011086909787910394,2.8304585311789165,2.834904564086249,2.832681547632583,2.898559331893921,state,,
0.5,,,0.8084847646961614,0.8084847646961614,,,,,,,2.8985626697540283,control,0.25,0.25
,0.0045792382549320965,0.0017055223402122242,,,0.011894020766765797,152.3590802219012,-0.010625517344764935,3.6518141761996916,3.6569904269227287,3.65440230156121,2.903628349304199,state,,
0.5,,,0.8223150694022382,0.8223150694022382,,,,,,,2.9036314487457275,control,0.2500000000000022,0.24999999999999778
,-0.002074808873548096,0.001312568276531042,,,0.019768931940584974,155.45652920828917,-0.010181993731541304,4.474541676649469,4.487423081987569,4.480982379318519,2.9086930751800537,state,,
0.5,,,0.8358687680141934,0.8358687680141934,,,,,,,2.9087021350860596,control,0.25000000000000444,0.24999999999999556
,0.007707814821366819,0.01248540384460784,,,0.026565557199522333,157.5108857535226,-0.009450717498555989,5.296114251115882,5.306351564865798,5.3012329079908405,2.913881540298462,state,,
0.5,,,0.8491513926539096,0.8491513926539096,,,,,,,2.9138848781585693,control,0.24999999999999556,0.25000000000000444
,-0.0019231048696833441,-0.0035577298939610084,,,0.036263778732347055,160.65432465516162,-0.009010738962574358,6.16368755077974,6.145380279654198,6.15453391521697,2.9189658164978027,state,,
-0.49999366440373555,,,0.8021683648008313,0.8021683648008313,,,,,,,2.918968915939331,control,-0.24999683220187222,-0.24999683220186333
,-0.010506421122414678,0.0010062171078369364,,,0.04245407203028423,160.84665005816507,-0.008582946268151837,6.954880396803275,6.968775841926344,6.961828119364809,2.924152135848999,state,,
-0.49999366440373555,,,0.7561249975048147,0.7561249975048147,,,,,,,2.9241552352905273,control,-0.24999683220186777,-0.24999683220186777
,0.0007309292801416556,0.0010782727797839756,,,0.052273811562094985,158.24358480143147,-0.007974176578083136,7.724355321341121,7.698878624842828,7.711616973091974,2.929335594177246,state,,
-0.49999366440373555,,,0.7110024975547183,0.7110024975547183,,,,,,,2.9293389320373535,control,-0.24999683220186777,-0.24999683220186777
,0.000803980033433342,-0.003689387102689518,,,0.060124505111019896,155.2516680319832,-0.007457816070803971,8.435922214848901,8.444592743019436,8.440257478934168,2.9343791007995605,state,,
-0.49999366440373555,,,0.6667824476036239,0.6667824476036239,,,,,,,2.934382915496826,control,-0.2499968322018589,-0.24999683220187666
,0.0013002361199955551,0.0006390812350032401,,,0.06349648558551979,149.2336117870444,-0.00692105164629656,9.096229782394301,9.085060613507066,9.090645197950684,2.939640760421753,state,,
-0.49999366440373555,,,0.6234467986515514,0.6234467986515514,,,,,,,2.9396443367004395,control,-0.24999683220186777,-0.24999683220186777
,-0.00021137808981419137,0.002514086659006518,,,0.07213050785315331,143.71486342521408,-0.006247052776724767,9.716542978993646,9.726228834866742,9.721385906930195,2.9446585178375244,state,,
-0.49999366440373555,,,0.5809778626785204,0.5809778626785204,,,,,,,2.944662094116211,control,-0.24999683220187666,-0.2499968322018589
,-0.0020293403202345877,0.002218471453964444,,,0.08034938423163987,137.51726208910773,-0.005571729418279202,10.308608697398167,10.312059959762447,10.310334328580307,2.949766159057617,state,,
-0.49999366440373555,,,0.5393583054249499,0.5393583054249499,,,,,,,2.9497692584991455,control,-0.24999683220186777,-0.24999683220186777
,-0.004934339334341292,0.00017998024577884784,,,0.08655355981038881,129.4240823031198,-0.004970367348998002,10.828967301957467,10.828328264580069,10.828647783268767,2.9548251628875732,state,,
-0.49999366440373555,,,0.4985711393164508,0.4985711393164508,,,,,,,2.9548282623291016,control,-0.2499968322018589,-0.24999683220187666
,0.009412216827578779,-0.0006144112208775194,,,0.09464443204183283,122.95360808695568,-0.004220148026804017,11.339177911233772,11.341692145043083,11.340435028138428,2.959935426712036,state,,
-0.49999366440373555,,,0.45859971653012177,0.45859971653012177,,,,,,,2.9599382877349854,control,-0.24999683220186777,-0.24999683220186777
,-0.005755325025276274,0.00010334938536847527,,,0.09738217050952665,115.49451604897146,-0.0036543451798129616,11.80102811993667,11.797356823065382,11.799192471501026,2.9651503562927246,state,,
-0.49999366440373555,,,0.4194277221995193,0.4194277221995193,,,,,,,2.9651541709899902,control,-0.24999683220187666,-0.2499968322018589
,-0.0005153438187361875,0.005787732603147858,,,0.10597436928714499,107.49743110826586,-0.002821965568917393,12.21213449393409,12.20666964042281,12.20940206717845,2.97019624710083,state,,
-0.49999366440373555,,,0.38103916775552893,0.38103916775552893,,,,,,,2.9701998233795166,control,-0.24999683220186777,-0.24999683220186777
,0.0024969537598449197,0.0012590975226060759,,,0.10820256968880891,100.01659978405921,-0.0021562956821834373,12.597781572283706,12.583066303176953,12.590423937730328,2.9752912521362305,state,,
-0.49999366440373555,,,0.3434183844004184,0.3434183844004184,,,,,,,2.975294589996338,control,-0.2499968322018589,-0.24999683220187666
,0.0025019728682697494,0.0014392836840698019,,,0.1145508987468302,92.88044701064226,-0.0014051867202799053,12.933467388405473,12.949034159451955,12.941250773928715,2.9805116653442383,state,,
-0.49999366440373555,,,0.30655001671241,0.30655001671241,,,,,,,2.9805150032043457,control,-0.24999683220187666,-0.2499968322018589
,-0.005241830618753463,-0.0050074287827310705,,,0.12040802262632552,85.14941324656097,-0.0008252934218211784,13.241808492909726,13.246100739660537,13.243954616285132,2.985518455505371,state,,
-0.49999366440373555,,,0.2704190163781618,0.2704190163781618,,,,,,,2.9855215549468994,control,-0.24999683220186777,-0.24999683220186777
,0.0006326522583445046,0.0005967721220758038,,,0.12468834615113583,78.17537127023988,-0.00011291608838819337,13.528458072897552,13.519214221602736,13.523836147250144,2.9905905723571777,state,,
-0.49999366440373555,,,0.23501063605059855,0.23501063605059855,,,,,,,2.990593671798706,control,-0.24999683220186777,-0.24999683220186777
,-0.002527696922317229,0.005500350466989679,,,0.12449936749622109,69.94689772160746,0.0005821618521369598,13.754855917624361,13.730364906218849,13.742610411921605,2.9956653118133545,state,,
-0.49999366440373555,,,0.20031042332958657,0.20031042332958657,,,,,,,2.995668411254883,control,-0.24999683220186777,-0.24999683220186777
,0.0033758136217162528,0.005264419937844227,,,0.12610371898378728,63.443712573572654,0.0013386395126409427,13.953932340872056,13.958722796276573,13.956327568574315,3.0007271766662598,state,,
-0.49999366440373555,,,0.16630421486299482,0.16630421486299482,,,,,,,3.000730276107788,control,-0.24999683220186777,-0.24999683220186777
,0.0009057627180458277,-0.005099591470697973,,,0.12514369835048111,56.22444067530496,0.0018244845960803137,14.122367788487358,14.12273519378758,14.122551491137468,3.005835771560669,state,,
-0.49999366440373555,,,0.13297813056573493,0.13297813056573493,,,,,,,3.005838394165039,control,-0.2499968322018589,-0.24999683220187666
,0.0015887439239616866,-0.008261254810169752,,,0.12672042465165914,49.20613684145486,0.002294267289235839,14.247720360415407,14.266044440818469,14.256882400616938,3.0109896659851074,state,,
-0.49999366440373555,,,0.10031856795442023,0.10031856795442023,,,,,,,3.011003017425537,control,-0.24999683220186777,-0.24999683220186777
,0.00017898652148188717,-0.004306905473868042,,,0.1298872803445215,42.13586425137435,0.0028579324714252522,14.355734033835592,14.354335643568339,14.355034838701965,3.016213893890381,state,,
-0.49999366440373555,,,0.06831219659533183,0.06831219659533183,,,,,,,3.0162177085876465,control,-0.2499968322018589,-0.24999683220187666
,0.0006706425606696478,-0.005766418090595947,,,0.13034372917107717,35.183921456940155,0.0033468356939506884,14.420781665502002,14.419840014506072,14.420310840004037,3.0212996006011963,state,,
-0.49999366440373555,,,0.036945952663425194,0.036945952663425194,,,,,,,3.021303176879883,control,-0.24999683220186777,-0.24999683220186777
,-0.010455584211119707,-0.004644816194718162,,,0.13961862502845457,27.708124393859144,0.003947134873005623,14.429479394099381,14.45026151861904,14.43987045635921,3.026341438293457,state,,
-0.49999366440373555,,,0.00620703361015669,0.00620703361015669,,,,,,,3.0263447761535645,control,-0.24999683220186777,-0.24999683220186777
,-0.002005112963524181,-0.0021073061337963336,,,0.1410734873088842,21.922126867684206,0.004530475291291977,14.455652424882382,14.459135735111236,14.45739407999681,3.0314676761627197,state,,
-0.49999366440373555,,,-0.023917107062046444,-0.023917107062046444,,,,,,,3.031470775604248,control,-0.24999683220187666,-0.2499968322018589
,-0.006390038537286615,-0.0003820361173276893,,,0.14004693293278003,15.960830667408857,0.005057882721970863,14.448047808383121,14.436594706782834,14.442321257582979,3.036590814590454,state,,
-0.49999366440373555,,,-0.053438764920805515,-0.053438764920805515,,,,,,,3.0365939140319824,control,-0.24999683220187666,-0.2499968322018589
,0.007195464454324495,0.0006465445945137825,,,0.1377140426743562,8.839740871777288,0.005662946527301048,14.376691666753759,14.369676928894766,14.373184297824263,3.0416557788848877,state,,
-0.49999366440373555,,,-0.0823699896223894,-0.0823699896223894,,,,,,,3.041658639907837,control,-0.24999683220187666,-0.2499968322018589
,0.007574325280978285,-0.0027451725885982575,,,0.14306944690294154,3.9401518455416134,0.006341897784898168,14.319801057105476,14.310010294469624,14.31490567578755,3.0468316078186035,state,,
-0.49999366440373555,,,-0.1107225898299416,-0.1107225898299416,,,,,,,3.0468342304229736,control,-0.24999683220186777,-0.24999683220186777
,-0.005896921750154098,0.00044761530922825395,,,0.14507960643965387,-2.6336243101374595,0.00692417007259095,14.204357689097524,14.189867625385011,14.197112657241266,3.0519397258758545,state,,
-0.49999366440373555,,,-0.13850813803334278,-0.13850813803334278,,,,,,,3.051942825317383,control,-0.2499968322018589,-0.24999683220187666
,-0.006538635545064913,0.004310699801867405,,,0.14405895975265576,-8.535028593153518,0.007509492849862343,14.057751003847285,14.063276492138575,14.06051374799293,3.0570685863494873,state,,
-0.49999366440373555,,,-0.16573797527267592,-0.16573797527267592,,,,,,,3.0570716857910156,control,-0.24999683220186777,-0.24999683220186777
,-0.007713168085167158,-0.0020163844993531027,,,0.14291552478758884,-14.612471926401582,0.007949375974253102,13.89003165324573,13.89142009390665,13.89072587357619,3.062256097793579,state,,
-0.49999366440373555,,,-0.1924232157672224,-0.1924232157672224,,,,,,,3.0622591972351074,control,-0.24999683220187666,-0.2499968322018589
,0.006825309620319639,0.002077510962512868,,,0.14222758264436583,-20.95290167621107,0.008568205756789174,13.675464334024694,13.694636249163757,13.685050291594226,3.067427396774292,state,,
-0.49999366440373555,,,-0.21857475145187796,-0.21857475145187796,,,,,,,3.0674309730529785,control,-0.24999683220187666,-0.2499968322018589
,-0.004361344402423329,0.005270306868331393,,,0.14606937052755214,-26.135773963863112,0.00924033109038368,13.470521855498331,13.473245039252726,13.471883447375529,3.0725834369659424,state,,
-0.49999366440373555,,,-0.2442032564228404,-0.2442032564228404,,,,,,,3.0725862979888916,control,-0.24999683220186777,-0.24999683220186777
,-0.0038240400241079664,-0.005711551234829637,,,0.14395105662539093,-31.464851154329665,0.009595736383761279,13.22477873246212,13.234709855349436,13.229744293905778,3.0776920318603516,state,,
-0.49999366440373555,,,-0.2693191912943836,-0.2693191912943836,,,,,,,3.0777060985565186,control,-0.24999683220186777,-0.24999683220186777
,0.00537758223902472,0.003680337363838583,,,0.14293061495424492,-36.81398542759715,0.010198908050005036,12.964587237925542,12.956493263439485,12.960540250682513,3.082775115966797,state,,
-0.49999366440373555,,,-0.2939328074684959,-0.2939328074684959,,,,,,,3.0827789306640625,control,-0.2499968322018589,-0.24999683220187666
,0.01049856249160913,0.003081344775312841,,,0.14060180197716135,-41.985512235661744,0.010785112864046617,12.665187205638874,12.671423362402388,12.668305284020631,3.0878376960754395,state,,
-0.49999366440373555,,,-0.31805415131912596,-0.31805415131912596,,,,,,,3.0878405570983887,control,-0.24999683220186777,-0.24999683220186777
,0.0007044630683560266,0.00103367517626916,,,0.1328474809002297,-47.58787670946713,0.011126201744060003,12.339059348126323,12.343343653018557,12.34120150057244,3.092904567718506,state,,
-0.49999366440373555,,,-0.3416930682927434,-0.3416930682927434,,,,,,,3.092907667160034,control,-0.24999683220186777,-0.24999683220186777
,0.005194137165505482,0.0015615692815238076,,,0.12814543353927002,-51.99028196519525,0.011528186899892616,12.023787185828459,11.998580084075895,12.011183634952177,3.098031997680664,state,,
-0.49999366440373555,,,-0.36485920692688845,-0.36485920692688845,,,,,,,3.0980350971221924,control,-0.24999683220186777,-0.24999683220186777
,-0.002236848503905423,-0.004222603947189339,,,0.12445185369111711,-56.560988892347545,0.011757157688881628,11.646701714125419,11.664565546679329,11.655633630402374,3.103222370147705,state,,
-0.49999366440373555,,,-0.3875620227883507,-0.3875620227883507,,,,,,,3.1032254695892334,control,-0.24999683220186777,-0.24999683220186777
,-0.0013968776100940605,-0.003830249647665211,,,0.12309089153377065,-62.14556347270135,0.01202478759943268,11.252448631813168,11.259600464358835,11.256024548086002,3.108306884765625,state,,
-0.49999366440373555,,,-0.4098107823325837,-0.4098107823325837,,,,,,,3.1083099842071533,control,-0.24999683220186777,-0.24999683220186777
,-0.0009155886363590021,-0.0032562269544278437,,,0.11581268680729132,-67.20739125867578,0.012173343643550279,10.85179283629309,10.82705936464861,10.839426100470849,3.1134755611419678,state,,
-0.49999366440373555,,,-0.431614566685932,-0.431614566685932,,,,,,,3.1134893894195557,control,-0.2499968322018589,-0.24999683220187666
,0.0018830117902527577,-0.011156844786013491,,,0.11237563161325123,-71.56091477972527,0.012236074806089818,10.417636376351963,10.407029719144111,10.412333047748037,3.11865234375,state,,
-0.49999366440373555,,,-0.45298227535221336,-0.45298227535221336,,,,,,,3.118664026260376,control,-0.24999683220186777,-0.24999683220186777
,-0.005516932548846323,-0.008821257511757847,,,0.10935353414672297,-76.01716747084852,0.012277620600208209,9.950866438153806,9.971781053942017,9.961323746047912,3.1236774921417236,state,,
-0.49999366440373555,,,-0.4739226298451691,-0.4739226298451691,,,,,,,3.123680591583252,control,-0.24999683220186777,-0.24999683220186777
,0.001147850846731586,-0.006854556065483903,,,0.10282687177993619,-80.05917214127797,0.012317718985051912,9.488225683466638,9.505169082556531,9.496697383011584,3.128851890563965,state,,
-0.49999366440373555,,,-0.4944441772482657,-0.4944441772482657,,,,,,,3.1288554668426514,control,-0.24999683220186777,-0.24999683220186777
,-0.010675718430635615,-0.0016567260479776382,,,0.10277881236138206,-84.89645754629875,0.012466525888506786,9.006502088857813,8.983952525031299,8.995227306944557,3.1338891983032227,state,,
-0.49999366440373555,,,-0.5145552937033004,-0.5145552937033004,,,,,,,3.13389253616333,control,-0.24999683220187666,-0.2499968322018589
,-0.0038051739972776895,0.0017636842074890114,,,0.0963184155326996,-89.48739604586633,0.012595234847053535,8.47091579596301,8.478530746340024,8.474723271151518,3.13900089263916,state,,
-0.49999366440373555,,,-0.5342641878292345,-0.5342641878292345,,,,,,,3.1390044689178467,control,-0.24999683220187666,-0.2499968322018589
,-0.001081992462097852,-0.00023864378612097477,,,0.09064587621442027,-92.9352961096638,0.01268890752991082,7.955455999354898,7.954887514163455,7.955171756759176,3.144115924835205,state,,
-0.49999366440373555,,,-0.5535789040726498,-0.5535789040726498,,,,,,,3.1441192626953125,control,-0.24999683220186333,-0.24999683220187222
,-0.007434564871302003,0.006389061940726953,,,0.08485505922385672,-97.46205252281442,0.012826374639545099,7.382158896956603,7.409472959468434,7.395815928212518,3.14921236038208,state,,
-0.49999366440373555,,,-0.5725073259911968,-0.5725073259911968,,,,,,,3.1492156982421875,control,-0.24999683220186777,-0.24999683220186777
,-0.0025109860047266455,0.003952150929322982,,,0.08225623088861982,-101.17751157939055,0.012989463308147106,6.836364755843897,6.825225249845306,6.830795002844601,3.1542928218841553,state,,
-0.49999366440373555,,,-0.5910571794713729,-0.5910571794713729,,,,,,,3.154296398162842,control,-0.24999683220186333,-0.24999683220187222
,0.005391638412367629,0.004452702753483045,,,0.0738833125458707,-105.92222736160484,0.013086197591346396,6.224027447570724,6.227311290441325,6.225669369006024,3.159391403198242,state,,
-0.49999366440373555,,,-0.6092360358819455,-0.6092360358819455,,,,,,,3.159395217895508,control,-0.24999683220186333,-0.24999683220187222
,0.001947466497852469,-0.007437536487152193,,,0.0672116958346668,-109.41989837566453,0.012928462915887359,5.621639292241765,5.624166135774269,5.622902714008017,3.1645348072052,state,,
-0.49999366440373555,,,-0.6270513151643067,-0.6270513151643067,,,,,,,3.1645383834838867,control,-0.24999683220186777,-0.24999683220186777
,0.00242521117466691,0.0011633208105886136,,,0.06564128067402669,-113.57886953093069,0.01300901478983802,5.004878969303505,4.972753599895779,4.9888162845996415,3.1696133613586426,state,,
-0.49999366440373555,,,-0.6445102888610206,-0.6445102888610206,,,,,,,3.1696181297302246,control,-0.24999683220186333,-0.24999683220187222
,-0.006003986517602469,-0.010304012239568066,,,0.060957298164495285,-117.3092724250711,0.012740887690343998,4.343721334805314,4.342076098077907,4.34289871644161,3.174614667892456,state,,
-0.49999366440373555,,,-0.6616200830838002,-0.6616200830838002,,,,,,,3.1746177673339844,control,-0.24999683220186333,-0.24999683220187222
,-0.003763536710064225,-0.002493207113742309,,,0.05910656644987084,-120.24652789899676,0.012674929935917695,3.6913935406814438,3.6984428676520094,3.6949182041667266,3.179734230041504,state,,
-0.49999366440373555,,,-0.6783876814221241,-0.6783876814221241,,,,,,,3.1797451972961426,control,-0.24999683220186777,-0.24999683220186777
,0.0020023595181010772,-0.004391407321704333,,,0.047852096380335794,-123.91105683563003,0.012416051900896756,3.0110817460824126,3.022998515021046,3.017040130551729,3.1848042011260986,state,,
-0.49999366440373555,,,-0.6948199277936816,-0.6948199277936816,,,,,,,3.184807777404785,control,-0.24999683220186555,-0.24999683220187
,-0.002601211791211861,0.007502236764290663,,,0.043586580007450415,-128.12243183258732,0.01243712335290602,2.303312031048571,2.3154916821331404,2.3094018565908554,3.1899874210357666,state,,
-0.49999366440373555,,,-0.710923529237808,-0.710923529237808,,,,,,,3.1899914741516113,control,-0.24999683220186555,-0.24999683220187
,0.000918113315783165,-0.0010013276135797506,,,0.03331572809204428,-131.23146620965815,0.012182013539860922,1.6046127300628097,1.6029126831516296,1.6037627066072195,3.194999933242798,state,,
-0.49999366440373555,,,-0.7267050586530518,-0.7267050586530518,,,,,,,3.1950032711029053,control,-0.24999683220186666,-0.24999683220186888
,0.003728581126531619,0.006646682530324899,,,0.024411604755932088,-134.96264689606676,0.012072588450264711,0.8656969761029208,0.8734347981886627,0.8695658871457917,3.200150966644287,state,,
-0.49999366440373555,,,-0.7421709574799907,-0.7421709574799907,,,,,,,3.2001543045043945,control,-0.24999683220186777,-0.24999683220186777
,0.0009836483672919988,0.0004965357008254792,,,0.020839812321462304,-137.77746465023387,0.011896425219794681,0.141490664038627,0.13026803185491234,0.13587934794676967,3.2051761150360107,state,,
-0.49999366440373555,,,-0.7573275383303909,-0.7573275383303909,,,,,,,3.205179214477539,control,-0.24999683220186777,-0.24999683220186777
,-0.0019024397751973862,-0.0010732485435963536,,,0.014213507807876972,-141.151582570571,0.011593087087438793,-0.6192286943469598,-0.6279299445845312,-0.6235793194657455,3.2103235721588135,state,,
-0.49999366440373555,,,-0.7721809875637831,-0.7721809875637831,,,,,,,3.2103271484375,control,-0.24999683220186777,-0.24999683220186777
,-0.0008634417975619341,-0.0030193042467086036,,,0.004724217421332353,-144.1169087719673,0.011176243812217757,-1.3905315833876444,-1.392185407829946,-1.3913584956087952,3.2155208587646484,state,,
-0.49999366440373555,,,-0.7867373678125074,-0.7867373678125074,,,,,,,3.215524435043335,control,-0.24999683220186777,-0.24999683220186777
,-0.004802551685445142,0.00193013538909837,,,-0.004295508847843186,-147.47289621882135,0.01079351443490514,-2.1774478078520674,-2.1868225437779705,-2.182135175815019,3.2205841541290283,state,,
-0.49999366440373555,,,-0.8010026204562573,-0.8010026204562573,,,,,,,3.220587968826294,control,-0.24999683220186555,-0.24999683220187
,0.004076172681363871,-0.0011366082920897039,,,-0.012499417781166134,-149.95157753819242,0.010399966453265234,-2.97187139124826,-2.9708136126291915,-2.971342501938726,3.2259104251861572,state,,
-0.49999366440373555,,,-0.8149825680471321,-0.8149825680471321,,,,,,,3.2259161472320557,control,-0.24999683220186555,-0.24999683220187
,0.002194114999961261,0.0030862832459204502,,,-0.018403745931978348,-153.75537552092544,0.010085662762598474,-3.804360292749456,-3.7969571166322376,-3.800658704690847,3.2309863567352295,state,,
-0.49999366440373555,,,-0.8286829166861894,-0.8286829166861894,,,,,,,3.2309913635253906,control,-0.24999683220186777,-0.24999683220186777
,0.0006989696844335636,-0.003896766952098884,,,-0.026803947569090464,-156.36210876223248,0.009556777911258406,-4.632399397146435,-4.61551399599278,-4.623956696569607,3.2361412048339844,state,,
-0.49999366440373555,,,-0.8421092583524656,-0.8421092583524656,,,,,,,3.236147403717041,control,-0.24999683220187222,-0.24999683220186333
,0.003197256914375644,-0.00012262237373611122,,,-0.03479338561904674,-159.34233199040875,0.009094370182985397,-5.46329795147382,-5.47290221322579,-5.468100082349805,3.24137806892395,state,,
-0.49999366440373555,,,-0.8552670731854164,-0.8552670731854164,,,,,,,3.2413854598999023,control,-0.24999683220186777,-0.24999683220186777
,0.0014734859658538336,0.0025494442134247545,,,-0.04208232461819144,-162.48154361028475,0.008653235802750108,-6.332873717511475,-6.328066092633939,-6.330469905072707,3.246657133102417,state,,
0.5,,,-0.808161731721708,-0.808161731721708,,,,,,,3.2466654777526855,control,0.25,0.25
,-0.008777309688258395,0.006084483102586219,,,-0.04959173870246755,-162.07147454714132,0.008170192216119318,-7.127185506597695,-7.141416145337464,-7.13430082596758,3.251840591430664,state,,
0.5,,,-0.7619984970872739,-0.7619984970872739,,,,,,,3.2518486976623535,control,0.25000000000000444,0.24999999999999556
,-0.0017687163627394503,-0.004711753721935476,,,-0.05303644740652829,-159.0759109654633,0.007594905827503847,-7.886716353462581,-7.8772926578531886,-7.882004505657885,3.2571544647216797,state,,
0.5,,,-0.7167585271455283,-0.7167585271455283,,,,,,,3.25716495513916,control,0.25,0.25
,0.006849581087103549,-0.0005939228757954948,,,-0.06029975926746255,-155.13986813081362,0.007076456786397426,-8.589200170477124,-8.600919387475598,-8.59505977897636,3.2622294425964355,state,,
0.5,,,-0.6724233566026178,-0.6724233566026178,,,,,,,3.2622389793395996,control,0.24999999999999112,0.2500000000000089
,-0.003988739552114093,0.004211277345598126,,,-0.06998476952918144,-151.30630988189523,0.006491873802613955,-9.291364762579036,-9.289791945203422,-9.29057835389123,3.2673470973968506,state,,
0.5,,,-0.6289748894705653,-0.6289748894705653,,,,,,,3.267361640930176,control,0.25,0.25
,0.004628681800350427,-0.002166438253175514,,,-0.0773808564183902,-144.95662977892704,0.005864019806119468,-9.91922009525657,-9.909386315227229,-9.9143032052419,3.272505283355713,state,,
0.5,,,-0.586395391681154,-0.586395391681154,,,,,,,3.272515296936035,control,0.2500000000000089,0.24999999999999112
,-0.0007010765655694126,0.0012025190748430566,,,-0.08019326707802675,-138.1068782888411,0.005329406036557224,-10.48481736230646,-10.5068234693461,-10.49582041582628,3.277890205383301,state,,
0.5,,,-0.5446674838475308,-0.5446674838475308,,,,,,,3.277899980545044,control,0.25,0.25
,0.006743689835945908,-0.008654019047981838,,,-0.08901326864937126,-130.84969576366657,0.0045408320498846,-11.036082713114265,-11.033051781814633,-11.034567247464448,3.2829055786132812,state,,
0.5,,,-0.5037741341705801,-0.5037741341705801,,,,,,,3.2829413414001465,control,0.24999999999999112,0.2500000000000089
,0.0065908101157927945,0.0026995731030392284,,,-0.09149430724268567,-124.0138495739843,0.0040644377798045766,-11.543777467999082,-11.547903780408893,-11.545840624203986,3.2880136966705322,state,,
0.5,,,-0.4636986514871685,-0.4636986514871685,,,,,,,3.288022994995117,control,0.24999999999999112,0.2500000000000089
,0.009445894387209696,0.01047718676901404,,,-0.0967333031607505,-116.70628286630503,0.00369451763966628,-12.009275380354808,-12.01686162401603,-12.013068502185419,3.2932016849517822,state,,
0.5,,,-0.42442467845742515,-0.42442467845742515,,,,,,,3.293210744857788,control,0.25,0.25
,-0.003299658643693519,-0.0025660798989729306,,,-0.10439811939093635,-108.52482550271142,0.0029197233633199973,-12.416637725606446,-12.434323657569205,-12.425480691587826,3.2983946800231934,state,,
0.5,,,-0.38593618488827663,-0.38593618488827663,,,,,,,3.2984063625335693,control,0.25,0.25
,-0.002823615995824666,-0.0009479073746244958,,,-0.11011386745991211,-101.29327008321219,0.002196402447959139,-12.813674785966683,-12.820031739789831,-12.816853262878258,3.3035736083984375,state,,
0.5,,,-0.3482174611905111,-0.3482174611905111,,,,,,,3.303584098815918,control,0.2500000000000089,0.24999999999999112
,0.0035416129782715124,-0.0008262977200193221,,,-0.11568748708260641,-94.01744957504431,0.0015119919868132204,-13.174470438222638,-13.16781402349946,-13.171142230861049,3.308866500854492,state,,
0.5,,,-0.3112531119667009,-0.3112531119667009,,,,,,,3.3088784217834473,control,0.25,0.25
,-0.005778214476849788,0.009603113968903208,,,-0.12283414646363933,-86.75574821333137,0.0009061594853226269,-13.499373886268417,-13.479320924192244,-13.48934740523033,3.3139636516571045,state,,
0.5,,,-0.27502804972736694,-0.27502804972736694,,,,,,,3.3139734268188477,control,0.24999999999999112,0.2500000000000089
,0.007055763934008035,-5.3429758770605774e-05,,,-0.12700737258508943,-78.61854888834884,0.00025438289591921294,-13.748805091469022,-13.757060108776127,-13.752932600122573,3.31915020942688,state,,
0.5,,,-0.23952748873281962,-0.23952748873281962,,,,,,,3.319159746170044,control,0.24999999999999112,0.2500000000000089
,-0.004422175217775005,-0.0012298755310977013,,,-0.1268227441574598,-71.27650198593977,-0.00042258526255868005,-13.998995034193342,-13.985930574525016,-13.992462804359178,3.3242392539978027,state,,
0.5,,,-0.20473693895816322,-0.20473693895816322,,,,,,,3.324251651763916,control,0.24999999999999112,0.2500000000000089
,0.0006640028335074857,-0.004404223222104818,,,-0.12843018679258322,-64.5203608690867,-0.0011430087643108577,-14.199840049623145,-14.215234516791368,-14.207537283207255,3.329425096511841,state,,
0.5,,,-0.17064220017899995,-0.17064220017899995,,,,,,,3.3294355869293213,control,0.24999999999999112,0.2500000000000089
,-0.008902948518505956,0.0031682708562427433,,,-0.13060983571029633,-57.40014213532684,-0.0017990727284355145,-14.392474265288284,-14.369958121004816,-14.38121619314655,3.334469795227051,state,,
0.5,,,-0.13722935617541995,-0.13722935617541995,,,,,,,3.334479331970215,control,0.25,0.25
,-0.0009552679813872745,-0.0009700935259340622,,,-0.137207407264093,-49.68612726869175,-0.0025610642763551307,-14.505985878952536,-14.50776306060561,-14.506874469779074,3.3396735191345215,state,,
0.5,,,-0.10448476905191156,-0.10448476905191156,,,,,,,3.339686870574951,control,0.2500000000000089,0.24999999999999112
,-0.0077838903287371225,-0.0021863577942603067,,,-0.1353146172218991,-42.71858292623129,-0.0032394227803838648,-14.603000480892904,-14.616150463264647,-14.609575472078776,3.344902276992798,state,,
0.5,,,-0.07239507367087333,-0.07239507367087333,,,,,,,3.3449137210845947,control,0.25,0.25
,0.004651178309751743,-0.0023595135163284793,,,-0.13757293094360284,-36.03703712937542,-0.0038908754325264303,-14.685690904870306,-14.681150202368102,-14.683420553619204,3.350187063217163,state,,
0.5,,,-0.04094717219745586,-0.04094717219745586,,,,,,,3.350217580795288,control,0.25,0.25
,-6.552122556410046e-05,-0.006250713917235837,,,-0.13297455905140615,-29.92710436789122,-0.004507114561351522,-14.724001023393862,-14.747625927333594,-14.735813475363727,3.35532546043396,state,,
0.5,,,-0.010128228753506746,-0.010128228753506746,,,,,,,3.3553566932678223,control,0.24999999999999112,0.2500000000000089
,0.0027957399433045644,-0.010011516353667777,,,-0.13396145940430715,-23.41583505423529,-0.0052515626741992056,-14.739159352546325,-14.759365809309298,-14.749262580927812,3.360685110092163,state,,
0.5,,,0.020074335821563385,0.020074335821563385,,,,,,,3.3606998920440674,control,0.2500000000000089,0.24999999999999112
,-0.005010284859151757,-0.006486644910217657,,,-0.14310743498875017,-16.37679061837153,-0.006145722183409457,-14.720981473572227,-14.717251851144868,-14.719116662358548,3.3656511306762695,state,,
0.5,,,0.049672849105132116,0.049672849105132116,,,,,,,3.3656609058380127,control,0.2500000000000089,0.24999999999999112
,0.003596270284192245,0.0012927682115825834,,,-0.14510559870657905,-10.14195737495776,-0.006711915802985859,-14.666016005044918,-14.67517598741316,-14.67059599622904,3.370823621749878,state,,
0.5,,,0.07867939212302946,0.07867939212302946,,,,,,,3.370833396911621,control,0.25,0.25
,-0.006231661861937712,-0.003934973719118811,,,-0.1480088009540765,-3.2481297579169404,-0.0074652040719512995,-14.576777997006701,-14.577457944615453,-14.577117970811077,3.375899076461792,state,,
0.5,,,0.10710580428056887,0.10710580428056887,,,,,,,3.375908374786377,control,0.25,0.25
,0.0002501859972568583,-0.00208576665955821,,,-0.14778724768490406,2.3174945628654062,-0.008071118706210719,-14.485179629015237,-14.468722042569265,-14.476950835792252,3.3814775943756104,state,,
0.5,,,0.1349636881949575,0.1349636881949575,,,,,,,3.3814921379089355,control,0.2500000000000089,0.24999999999999112
,0.004153861902156867,0.008111899598933228,,,-0.14594724560727865,8.33999119178385,-0.008412294107919462,-14.334916533406659,-14.343883204610677,-14.339399869008668,3.3865013122558594,state,,
0.5,,,0.16226441443105835,0.16226441443105835,,,,,,,3.3865303993225098,control,0.25,0.25
,0.0023787323493769555,0.008718102182328663,,,-0.14484079772994998,13.760238190050089,-0.008754594219073137,-14.1936298348845,-14.17503570072172,-14.18433276780311,3.3916268348693848,state,,
0.5,,,0.18901912614243718,0.18901912614243718,,,,,,,3.3916401863098145,control,0.24999999999999112,0.2500000000000089
,0.003283530205276646,-0.0057636592901253525,,,-0.14353800874152745,19.736598281742616,-0.00934280118309027,-13.985073339056575,-13.995992763674217,-13.990533051365396,3.3967702388763428,state,,
0.5,,,0.21523874361958845,0.21523874361958845,,,,,,,3.396784782409668,control,0.2500000000000089,0.24999999999999112
,-0.011493597961694113,0.0046556120469118676,,,-0.1423445146621578,24.812763727104823,-0.009831381320732234,-13.795710518328494,-13.775648582614918,-13.785679550471706,3.401801824569702,state,,
0.5,,,0.24093396874719666,0.24093396874719666,,,,,,,3.4018120765686035,control,0.24999999999999112,0.2500000000000089
,-0.0032415255047935927,0.0039432269790575705,,,-0.1411878699155344,31.29862146929181,-0.010257030845388534,-13.523087550366242,-13.528834071912273,-13.525960811139257,3.406949281692505,state,,
0.5,,,0.2661152893722527,0.2661152893722527,,,,,,,3.406963348388672,control,0.24999999999999112,0.2500000000000089
,0.0007770649517690012,0.0016145381978883305,,,-0.13674096017269324,35.51349367475009,-0.010614451976384992,-13.28077318591772,-13.281849950413426,-13.281311568165574,3.4120912551879883,state,,
0.5,,,0.29079298358480765,0.29079298358480765,,,,,,,3.4121007919311523,control,0.2500000000000089,0.24999999999999112
,0.001874446270481603,-0.00337426011742233,,,-0.13418964447824958,41.539925170950085,-0.011066277683045127,-12.974794525629965,-12.9806020866267,-12.977698306128332,3.417121410369873,state,,
0.5,,,0.3149771239131115,0.3149771239131115,,,,,,,3.417130708694458,control,0.24999999999999112,0.2500000000000089
,0.00488391033492107,0.0007501872562101307,,,-0.1309200058276586,45.715284528065396,-0.01138289902769073,-12.689238819666691,-12.676099131135338,-12.682668975401015,3.4221994876861572,state,,
0.5,,,0.3386775814348493,0.3386775814348493,,,,,,,3.422208309173584,control,0.25,0.25
,0.005828473683463904,0.007634811764254246,,,-0.12502244160006787,51.873082909295775,-0.011488441332812007,-12.329660443394516,-12.320937868127336,-12.325299155760927,3.4275550842285156,state,,
0.5,,,0.3619040298061523,0.3619040298061523,,,,,,,3.42756986618042,control,0.2500000000000089,0.24999999999999112
,-0.0019966422985567877,-0.0062719455325212625,,,-0.12683608458442175,57.020634121420315,-0.012037398265722234,-11.955561579794688,-11.960978746467303,-11.958270163130996,3.432687282562256,state,,
0.5,,,0.3846659492100293,0.3846659492100293,,,,,,,3.4327008724212646,control,0.25,0.25
,-0.005492420249136521,-0.006392630220840082,,,-0.11940781777678365,61.034491037609435,-0.012423036826320354,-11.586206310614442,-11.592224071456437,-11.58921519103544,3.437786817550659,state,,
0.5,,,0.40697263022582864,0.40697263022582864,,,,,,,3.437800168991089,control,0.25,0.25
,0.0078098089237488375,0.004145788341910435,,,-0.11737718664393046,66.6399459525554,-0.012580700444546518,-11.169560797755842,-11.164042953191,-11.166801875473421,3.44285249710083,state,,
0.5,,,0.428833177621312,0.428833177621312,,,,,,,3.4428653717041016,control,0.25,0.25
,-0.007415528014505456,0.0022162035647834174,,,-0.11435686184964278,71.23047887925586,-0.012853897217793812,-10.742258323643359,-10.732919437168828,-10.737588880406093,3.4483232498168945,state,,
0.5,,,0.4502565140688858,0.4502565140688858,,,,,,,3.448338747024536,control,0.25,0.25
,0.0031727968342756176,0.0018338481932186168,,,-0.11233300325748832,74.9867546915134,-0.013055707274062306,-10.320473626848097,-10.285270614421494,-10.302872120634795,3.4532053470611572,state,,
0.5,,,0.4712513837875081,0.4712513837875081,,,,,,,3.453237771987915,control,0.25,0.25
,-0.008347588264390629,0.007948976447202626,,,-0.10762994703819649,80.11542785128353,-0.013160664405595865,-9.8239915553916,-9.817347670389127,-9.820669612890363,3.4584391117095947,state,,
0.5,,,0.49182635611175796,0.49182635611175796,,,,,,,3.4584548473358154,control,0.24999999999999112,0.2500000000000089
,0.0060936793086764,-0.007224494456966954,,,-0.10746993330326175,84.40791508323395,-0.013508094237127146,-9.34219080735158,-9.318435155372054,-9.330312981361818,3.463508129119873,state,,
0.5,,,0.5119898289895228,0.5119898289895228,,,,,,,3.463521957397461,control,0.2500000000000089,0.24999999999999112
,-0.0009036627002915673,0.0020629614167141028,,,-0.10454608685579672,89.05759128799045,-0.013670651841604617,-8.806676819342476,-8.815369440148503,-8.81102312974549,3.4685349464416504,state,,
0.5,,,0.5317500324097324,0.5317500324097324,,,,,,,3.4685487747192383,control,0.25,0.25
,0.0005932920884264604,-0.002857828713085036,,,-0.09774168053867383,92.12360810424263,-0.013816348572783134,-8.296174927532787,-8.307040904533883,-8.301607916033335,3.473634958267212,state,,
0.5,,,0.5511150317615378,0.5511150317615378,,,,,,,3.4736487865448,control,0.25,0.25
,0.00435502233518409,-0.0012710956360034568,,,-0.08817307172442791,97.20726115579349,-0.013811725085671474,-7.750240681533091,-7.719084836551942,-7.734662759042516,3.4788262844085693,state,,
0.5,,,0.570092731126307,0.570092731126307,,,,,,,3.4788410663604736,control,0.24999999999999556,0.25000000000000444
,-0.0007128915250580358,0.005086114897053572,,,-0.08574789914451802,101.21014258458516,-0.01382632129816673,-7.1682635003770745,-7.161544918661518,-7.164904209519296,3.4839961528778076,state,,
0.5,,,0.5886908765037808,0.5886908765037808,,,,,,,3.4840097427368164,control,0.25,0.25
,0.000800437077833785,0.007372278941842773,,,-0.08346323673143832,104.44868527614707,-0.013777928580363332,-6.594834663078716,-6.587400887643163,-6.59111777536094,3.4890871047973633,state,,
0.5,,,0.6069170589737052,0.6069170589737052,,,,,,,3.489100694656372,control,0.25,0.25
,0.002008636702255716,-0.005883263537589857,,,-0.07981102826245907,109.53659509518855,-0.013928452990207342,-5.96287543952953,-5.962040960699216,-5.962458200114373,3.4941606521606445,state,,
0.5,,,0.6247787177942311,0.6247787177942311,,,,,,,3.4941749572753906,control,0.25,0.25
,0.007772777456950085,-0.004850162547903722,,,-0.07460102721700665,112.49611018635325,-0.013964141562188908,-5.355216782140595,-5.350534225041832,-5.352875503591214,3.4994139671325684,state,,
0.5,,,0.6422831434383465,0.6422831434383465,,,,,,,3.4994285106658936,control,0.25000000000000444,0.24999999999999556
,-0.007610717215609522,0.0012487188094669117,,,-0.06989665444450842,116.34919870459886,-0.01398496365977512,-4.711544421717835,-4.708066981648722,-4.709805701683278,3.5043208599090576,state,,
0.5,,,0.6594374805695795,0.6594374805695795,,,,,,,3.504333972930908,control,0.24999999999999556,0.25000000000000444
,0.0006788065837215983,0.005395569270468536,,,-0.06513901685940515,120.98424166912521,-0.013842647993254869,-4.029438508414586,-4.032792478411182,-4.031115493412884,3.509502410888672,state,,
0.5,,,0.6762487309581879,0.6762487309581879,,,,,,,3.509516716003418,control,0.24999999999999556,0.25000000000000444
,-0.0014306412268935377,0.001980726933075502,,,-0.05800555222123835,124.28944937236689,-0.013710249065882918,-3.361552303519206,-3.352576160799628,-3.357064232159417,3.5146970748901367,state,,
0.5,,,0.6927237563390242,0.6927237563390242,,,,,,,3.514711618423462,control,0.25,0.25
,0.0056011241616607775,0.005747169388612654,,,-0.047893563587115544,127.55456088365955,-0.013362321062055022,-2.665181209940612,-2.669469918187931,-2.6673255640642717,3.519757032394409,state,,
0.5,,,0.7088692812122437,0.7088692812122437,,,,,,,3.5197715759277344,control,0.2500000000000022,0.24999999999999778
,0.004772388582782476,-0.01063597697292969,,,-0.03728164840819728,131.08559684855015,-0.013271938871154094,-1.9576332845157576,-1.9537655095177646,-1.955699397016761,3.524880886077881,state,,
0.5,,,0.7246918955879988,0.7246918955879988,,,,,,,3.5248944759368896,control,0.25,0.25
,-0.002186789054895943,-0.0029951116056317756,,,-0.030735962116455996,134.09812687725636,-0.01312451634906105,-1.2463289703004266,-1.2281967459042589,-1.2372628581023428,3.529921531677246,state,,
0.5,,,0.7401980576762389,0.7401980576762389,,,,,,,3.5299322605133057,control,0.2500000000000011,0.2499999999999989
,-0.0035533596990769307,0.0064104977018918765,,,-0.019986204292300715,136.71598166881398,-0.012697289636857312,-0.5179804644249585,-0.5060565290169479,-0.5120184967209531,3.5351147651672363,state,,
0.5,,,0.7553940965227142,0.7553940965227142,,,,,,,3.535130023956299,control,0.24999999999999944,0.25000000000000056
,0.005155324383827733,0.0038000576118580767,,,-0.01369615943862491,139.89810675224106,-0.01230113337888577,0.2305567251634879,0.24567753622984267,0.2381171306966653,3.5400874614715576,state,,
0.5,,,0.7702862145922599,0.7702862145922599,,,,,,,3.5400967597961426,control,0.25,0.25
,-0.0017548249635209602,-0.0026483572116937416,,,-0.007689985852577179,144.10528234924507,-0.012058968945948545,1.0203309851224573,1.030874658307081,1.0256028217147692,3.545170307159424,state,,
0.5,,,0.7848804903004147,0.7848804903004147,,,,,,,3.545179843902588,control,0.2499999999999989,0.2500000000000011
,-0.003192249255366112,0.005313509545579793,,,0.001332522226529645,146.69450602653802,-0.011593219952310595,1.804701597306709,1.7958666557905592,1.8002841265486342,3.550262928009033,state,,
0.5,,,0.7991828804944064,0.7991828804944064,,,,,,,3.5503177642822266,control,0.2499999999999989,0.2500000000000011
,-0.001486472421734344,0.0006962935485475482,,,0.007417107564327418,150.37201947680302,-0.01122586414956844,2.616386752017502,2.604960584627117,2.6106736683223097,3.555422306060791,state,,
0.5,,,0.8131992228845183,0.8131992228845183,,,,,,,3.555455207824707,control,0.24999999999999778,0.2500000000000022
,0.003803543662154234,0.001103093541667286,,,0.010030503332814482,152.83790225890343,-0.010860343268239626,3.423566578662762,3.4046512673421874,3.4141089230024746,3.5605766773223877,state,,
0.5,,,0.8269352384268279,0.8269352384268279,,,,,,,3.560586452484131,control,0.25,0.25
,-0.005187054459529402,-0.004528525070952236,,,0.01987753925897253,156.4621666913494,-0.010512414927530616,4.255591806639053,4.252611626178575,4.2541017164088135,3.5657379627227783,state,,
0.5,,,0.8403965336582914,0.8403965336582914,,,,,,,3.565746545791626,control,0.25000000000000444,0.24999999999999556
,0.001373586004216505,0.003315829480152809,,,0.028731982577763243,159.06216428671834,-0.009949142810229985,5.087863572839114,5.093721996711697,5.090792784775406,3.5708537101745605,state,,
0.5,,,0.8535886029851255,0.8535886029851255,,,,,,,3.5708627700805664,control,0.24999999999999556,0.25000000000000444
,0.009873154007519673,-0.001928773406813194,,,0.03791442973432904,161.3908677275516,-0.009381282832339622,5.938392265975733,5.93122691357134,5.934809589773536,3.5758631229400635,state,,
-0.49999366440373555,,,0.8065168309254229,0.8065168309254229,,,,,,,3.575871229171753,control,-0.24999683220186333,-0.24999683220187222
,-0.0024738798732042884,0.003990639200794787,,,0.04917710437917451,161.88856854976513,-0.008718937989151472,6.748110306011981,6.756236868239979,6.75217358712598,3.581131935119629,state,,
-0.49999366440373555,,,0.7603864943069144,0.7603864943069144,,,,,,,3.581143617630005,control,-0.24999683220186777,-0.24999683220186777
,-0.002255106390966559,-0.0035253614532370537,,,0.05863022186412137,159.82961932404083,-0.008189687383585963,7.513831803714658,7.5232731744078585,7.518552489061259,3.5861494541168213,state,,
-0.49999366440373555,,,0.7151787644207761,0.7151787644207761,,,,,,,3.586158037185669,control,-0.24999683220187222,-0.24999683220186333
,0.0010052484595729412,0.0022408081705056495,,,0.06499002433368262,155.66414624707113,-0.007556813373115696,8.232814975353064,8.22834033913698,8.230577657245021,3.5914082527160645,state,,
-0.49999366440373555,,,0.6708751891323605,0.6708751891323605,,,,,,,3.591416835784912,control,-0.24999683220186777,-0.24999683220186777
,0.002938604223582667,-0.002617532206863572,,,0.06975922455034812,150.10324626495034,-0.007013893188314144,8.89848220072864,8.886696632372075,8.892589416550358,3.596580982208252,state,,
-0.49999366440373555,,,0.6274576853497132,0.6274576853497132,,,,,,,3.596590042114258,control,-0.24999683220186777,-0.24999683220186777
,-0.0058915348198322086,-0.002351044789862429,,,0.07364324290547734,143.58298798421472,-0.0065372461411414675,9.510376838368265,9.50308560745161,9.506731222909938,3.601547956466675,state,,
-0.49999366440373555,,,0.5849085316427189,0.5849085316427189,,,,,,,3.6015560626983643,control,-0.24999683220187666,-0.2499968322018589
,0.00932195891698132,0.007106898705278887,,,0.07683583292944854,137.90135654958604,-0.005776640082839695,10.102371252360097,10.109252813426147,10.105812032893123,3.606651544570923,state,,
-0.49999366440373555,,,0.5432103610098645,0.5432103610098645,,,,,,,3.606659412384033,control,-0.24999683220187666,-0.2499968322018589
,0.006390021674715195,0.0033203853326857647,,,0.08282910198634597,131.05245378779773,-0.005050288091171186,10.651181802581563,10.652959455223792,10.652070628902678,3.6118111610412598,state,,
-0.49999366440373555,,,0.5023461537896672,0.5023461537896672,,,,,,,3.611819267272949,control,-0.24999683220186777,-0.24999683220186777
,0.003543007457363689,-0.003798428924281225,,,0.09106058479659922,123.63186937218575,-0.004416559193678757,11.148375298624835,11.155880114827314,11.152127706726073,3.6168763637542725,state,,
-0.49999366440373555,,,0.4622992307138738,0.4622992307138738,,,,,,,3.61688494682312,control,-0.2499968322018589,-0.24999683220187666
,-0.0023498204952253515,0.0008479681243191,,,0.09650707747114781,115.5888905618441,-0.0037697444648482643,11.589185471501539,11.614942880599202,11.60206417605037,3.6223597526550293,state,,
-0.49999366440373555,,,0.42305324609959627,0.42305324609959627,,,,,,,3.622391700744629,control,-0.2499968322018589,-0.24999683220187666
,0.0012441558042608077,-0.0003581480620721321,,,0.10387213913217724,109.08619787747219,-0.003065554583682874,12.05620679181466,12.031796402235742,12.0440015970252,3.6275339126586914,state,,
-0.49999366440373555,,,0.3845921811776043,0.3845921811776043,,,,,,,3.627546548843384,control,-0.24999683220186777,-0.24999683220186777
,-0.012041011742248892,-0.002144541118820501,,,0.11011647579604672,101.16439593091997,-0.002494183638446527,12.413899593550282,12.433588772211563,12.423744182880922,3.6325459480285645,state,,
-0.49999366440373555,,,0.34690033755405225,0.34690033755405225,,,,,,,3.632559061050415,control,-0.24999683220186777,-0.24999683220186777
,0.0016090772133163151,-0.0013825171613837503,,,0.11195533321066765,93.57904631693926,-0.0018784020380679745,12.768942089738506,12.772887561963685,12.770914825851095,3.6373181343078613,state,,
-0.49999366440373555,,,0.3099623308029712,0.3099623308029712,,,,,,,3.637326717376709,control,-0.24999683220186777,-0.24999683220186777
,-0.0011061255746378255,-0.0013253954244015886,,,0.11585947781595445,85.94992590071016,-0.0012427003919023214,13.088262666818737,13.070223798753325,13.07924323278603,3.642334222793579,state,,
-0.49999366440373555,,,0.27376308418691175,0.27376308418691175,,,,,,,3.6423394680023193,control,-0.2499968322018589,-0.24999683220187666
,0.007280146739669748,-0.001301914415174733,,,0.122652392555299,78.26191327125136,-0.00047864311756770335,13.350477662665906,13.34591089311241,13.348194277889158,3.647437810897827,state,,
-0.49999366440373555,,,0.2382878225031735,0.2382878225031735,,,,,,,3.647442579269409,control,-0.24999683220186777,-0.24999683220186777
,0.0018622556229333908,0.0046282602764862735,,,0.12676999848336973,71.61381678902852,0.0003184594899663854,13.596576853104803,13.604334387104277,13.60045562010454,3.652498960494995,state,,
-0.49999366440373555,,,0.20352206605311005,0.20352206605311005,,,,,,,3.652503252029419,control,-0.24999683220186777,-0.24999683220186777
,0.0014478284940580574,-0.008739174386489293,,,0.12574028883515487,63.24966954531463,0.0007629855202828633,13.80267431274856,13.764494547196565,13.783584429972562,3.6575851440429688,state,,
-0.49999366440373555,,,0.16945162473204783,0.16945162473204783,,,,,,,3.657597303390503,control,-0.24999683220186777,-0.24999683220186777
,-0.0036728318234687217,0.008229124936890769,,,0.12810396123977713,56.64421497818642,0.0015401883286118117,13.959576778143216,13.963776082438295,13.961676430290755,3.662666082382202,state,,
-0.49999366440373555,,,0.13606259223740688,0.13606259223740688,,,,,,,3.662670612335205,control,-0.2499968322018589,-0.24999683220187666
,0.003998344408249945,0.007045669196055553,,,0.12821634027797224,49.27140539542529,0.002302287745416277,14.088164014494156,14.09321908212726,14.090691548310708,3.667734384536743,state,,
-0.49999366440373555,,,0.10334134039265874,0.10334134039265874,,,,,,,3.6677379608154297,control,-0.24999683220187666,-0.2499968322018589
,0.00033685711425010957,-0.0008702506063240417,,,0.12965346154181046,42.82456682378783,0.0029026575315636172,14.202387776765674,14.202031742895302,14.202209759830488,3.672839403152466,state,,
-0.49999366440373555,,,0.07127451358480556,0.07127451358480556,,,,,,,3.6728429794311523,control,-0.24999683220186777,-0.24999683220186777
,-0.004277272151681201,0.0010190370771397588,,,0.13514315661176685,35.61385853946966,0.00358193846862493,14.27112313179685,14.259910999930241,14.265517065863545,3.6779377460479736,state,,
-0.49999366440373555,,,0.03984902331310945,0.03984902331310945,,,,,,,3.67794132232666,control,-0.2499968322018589,-0.24999683220187666
,0.008927051653405373,-0.007082620008346851,,,0.13957692371462588,29.32729613506427,0.004200525002255798,14.311224248083647,14.312975348650728,14.312099798367187,3.683143377304077,state,,
-0.49999366440373555,,,0.009052042846847262,0.009052042846847262,,,,,,,3.6831488609313965,control,-0.24999683220186777,-0.24999683220186777
,-0.014763700909277554,0.004084377742521744,,,0.1429730913149826,22.384009269043627,0.004838592845683191,14.318366531512387,14.308661472705978,14.313514002109184,3.6881930828094482,state,,
-0.49999366440373555,,,-0.021128998010089682,-0.021128998010089682,,,,,,,3.688197135925293,control,-0.24999683220187666,-0.2499968322018589
,0.0014472803778855185,0.016238829812667548,,,0.14501235236733934,16.692579369175515,0.005798842444568958,14.299165549485041,14.313624408060075,14.306394978772559,3.693229913711548,state,,
-0.49999366440373555,,,-0.05070641804988789,-0.05070641804988789,,,,,,,3.6932334899902344,control,-0.24999683220187666,-0.2499968322018589
,0.001072714023366081,-0.009824055086988253,,,0.14144083294379145,10.022054473485717,0.006148116396895935,14.244972238271318,14.25570886197534,14.25034055012333,3.6983633041381836,state,,
-0.49999366440373555,,,-0.07969228968889014,-0.07969228968889014,,,,,,,3.698367118835449,control,-0.24999683220187666,-0.2499968322018589
,0.001049980298091914,-0.00847481158332961,,,0.14613663154365594,4.197310917474635,0.0066672471282079055,14.179920460181876,14.177326403403164,14.17862343179252,3.703557014465332,state,,
-0.49999366440373555,,,-0.10809844389511233,-0.10809844389511233,,,,,,,3.703561305999756,control,-0.24999683220186777,-0.24999683220186777
,0.004645778493693128,0.002633789778272713,,,0.14363952071956396,-2.811501342358943,0.007284560734161786,14.065039525291086,14.040994901599246,14.053017213445166,3.708524465560913,state,,
-0.49999366440373555,,,-0.13593647501721007,-0.13593647501721007,,,,,,,3.708528757095337,control,-0.24999683220186777,-0.24999683220186777
,-0.006897854423926005,0.01524052373621927,,,0.14477581910212425,-7.865037265695331,0.008100124103377277,13.933946990248277,13.932578019526812,13.933262504887544,3.7136714458465576,state,,
-0.49999366440373555,,,-0.16321774551686585,-0.16321774551686585,,,,,,,3.713676691055298,control,-0.24999683220186777,-0.24999683220186777
,-0.0015063977561350387,-0.0017239080627987546,,,0.14487890785177202,-14.277287201465569,0.008608791323667245,13.754917865302614,13.764726017734114,13.759821941518364,3.7187159061431885,state,,
-0.49999366440373555,,,-0.18995339060652852,-0.18995339060652852,,,,,,,3.7187201976776123,control,-0.24999683220186777,-0.24999683220186777
,-0.002512723997190064,-0.002723142960899435,,,0.14229935990318707,-19.919626962669174,0.00902677370538301,13.570598612680437,13.5702477480097,13.570423180345069,3.7237439155578613,state,,
-0.49999366440373555,,,-0.21615432279439795,-0.21615432279439795,,,,,,,3.7237558364868164,control,-0.24999683220186777,-0.24999683220186777
,0.004015952026321812,-0.0056987095898702825,,,0.13904282170323778,-25.26381129174435,0.00940311916341947,13.352138998725932,13.365958578493451,13.359048788609691,3.7288589477539062,state,,
-0.49999366440373555,,,-0.24183123633850998,-0.24183123633850998,,,,,,,3.728862762451172,control,-0.2499968322018589,-0.24999683220187666
,-0.000992370128526951,0.0004338354146080727,,,0.13831709081447668,-30.228374651076134,0.009884532718111455,13.122403836716638,13.13538303420587,13.128893435461254,3.733921527862549,state,,
-0.49999366440373555,,,-0.26699461161173976,-0.26699461161173976,,,,,,,3.7339251041412354,control,-0.24999683220187666,-0.2499968322018589
,-0.0047865476490513235,-0.006651399814651285,,,0.1348559755420682,-35.43246895214085,0.01013694228386801,12.860090802997926,12.87771991193701,12.868905357467469,3.7396743297576904,state,,
-0.49999366440373555,,,-0.29165471937950493,-0.29165471937950493,,,,,,,3.7396793365478516,control,-0.24999683220187666,-0.2499968322018589
,-0.005111927896635869,-0.0087097735695138,,,0.12874361640863746,-41.84570299459436,0.010272361254250047,12.565958464212548,12.549255640964107,12.557607052588327,3.7449405193328857,state,,
-0.49999366440373555,,,-0.3158216249919148,-0.3158216249919148,,,,,,,3.7449452877044678,control,-0.24999683220186777,-0.24999683220186777
,0.002733289254811239,-0.00017520173261031247,,,0.12658463808962364,-47.094813450403365,0.010672910291543538,12.246843660203302,12.230337935293848,12.238590797748575,3.7506911754608154,state,,
-0.49999366440373555,,,-0.33950519249207645,-0.33950519249207645,,,,,,,3.7506964206695557,control,-0.24999683220186777,-0.24999683220186777
,0.000810934231320796,-0.005094476396061255,,,0.12304393677821232,-51.96656245784732,0.010920920391462445,11.897764037880682,11.904679345830445,11.901221691855564,3.7557716369628906,state,,
-0.49999366440373555,,,-0.3627150886422349,-0.3627150886422349,,,,,,,3.7557764053344727,control,-0.24999683220187666,-0.2499968322018589
,-0.00023837228333171298,-0.0002982922257020216,,,0.12328037370924966,-56.60447973592461,0.011305310403127553,11.545283417394018,11.543485676866402,11.54438454713021,3.7608540058135986,state,,
-0.49999366440373555,,,-0.3854607868693902,-0.3854607868693902,,,,,,,3.7608590126037598,control,-0.24999683220187666,-0.2499968322018589
,-0.007529922391395505,0.001621613620267917,,,0.11777798333265135,-61.483626961428875,0.011547032835832529,11.14988765610118,11.168737088742532,11.159312372421855,3.7666518688201904,state,,
-0.49999366440373555,,,-0.40775157113200244,-0.40775157113200244,,,,,,,3.766658306121826,control,-0.2499968322018589,-0.24999683220187666
,-0.0012702233372780464,0.006392989060757435,,,0.11768358332360625,-66.541486461758,0.012002905777868422,10.748789538929225,10.743423673108568,10.746106606018897,3.771134614944458,state,,
-0.49999366440373555,,,-0.4295965397093624,-0.4295965397093624,,,,,,,3.7711403369903564,control,-0.24999683220186777,-0.24999683220186777
,0.0006975689590845128,0.0076841502224012015,,,0.11454518945402949,-70.97283717173374,0.012425398052570123,10.308023731580473,10.333406834726697,10.320715283153586,3.77618145942688,state,,
-0.49999366440373555,,,-0.45100460891517513,-0.45100460891517513,,,,,,,3.776186466217041,control,-0.24999683220187666,-0.2499968322018589
,-0.002277406984067199,-1.1821238707931689e-05,,,0.11132716440845966,-75.49537779970102,0.012657421968056267,9.872201867223895,9.870317981831281,9.871259924527589,3.781684160232544,state,,
-0.49999366440373555,,,-0.4719845167368716,-0.4719845167368716,,,,,,,3.781689167022705,control,-0.24999683220187666,-0.2499968322018589
,0.0077674052502920005,-0.0037384075921306345,,,0.11371379303506499,-80.58473712442088,0.012989326723331938,9.387257770031772,9.387415369039196,9.387336569535485,3.786846399307251,state,,
-0.49999366440373555,,,-0.49254482640213415,-0.49254482640213415,,,,,,,3.7868518829345703,control,-0.24999683220187666,-0.2499968322018589
,-0.0056963181593774025,0.009634640055775356,,,0.11080662531402626,-84.63348814677309,0.013366105177413308,8.90786575067847,8.891596759213625,8.899731254946047,3.791839361190796,state,,
-0.49999366440373555,,,-0.5126939298740915,-0.5126939298740915,,,,,,,3.7918450832366943,control,-0.24999683220186777,-0.24999683220186777
,0.003099465347873482,0.003333330274657818,,,0.10600113404138818,-88.53229229193835,0.013630513707288438,8.406984837705842,8.383051958896825,8.395018398301334,3.797708749771118,state,,
-0.49999366440373555,,,-0.5324400512766096,-0.5324400512766096,,,,,,,3.7977142333984375,control,-0.24999683220186777,-0.24999683220186777
,6.757969660296838e-05,-0.00048330523337373473,,,0.0998817230941115,-93.0257022931652,0.013745762082052738,7.871068430783787,7.845681660280465,7.858375045532126,3.8037571907043457,state,,
-0.49999366440373555,,,-0.5517912502510774,-0.5517912502510774,,,,,,,3.803762912750244,control,-0.24999683220187222,-0.24999683220186333
,0.002203013429717231,0.0013752836072792743,,,0.09116972800996397,-97.98240545368773,0.013825954432393222,7.2817681829655045,7.297381091674595,7.289574637320049,3.8087546825408936,state,,
-0.49999366440373555,,,-0.5707554252460559,-0.5707554252460559,,,,,,,3.808760404586792,control,-0.24999683220186333,-0.24999683220187222
,0.0024313703727008003,0.0038490339435804685,,,0.08635975961430437,-101.2823132171906,0.013989467303788602,6.731111572058887,6.730175243947546,6.730643408003216,3.8139214515686035,state,,
-0.49999366440373555,,,-0.5893403167411349,-0.5893403167411349,,,,,,,3.8139278888702393,control,-0.24999683220186333,-0.24999683220187222
,-0.009459632526644649,-0.004202564421096029,,,0.08048953879920484,-105.41831996366486,0.013866570302935375,6.1368985304580175,6.138551902239204,6.137725216348611,3.819901704788208,state,,
-0.49999366440373555,,,-0.6075535104063122,-0.6075535104063122,,,,,,,3.8199071884155273,control,-0.24999683220186777,-0.24999683220186777
,-0.005495212559895482,0.004994756743409179,,,0.07673457884598958,-109.06123793541234,0.013960960990746661,5.527346346482957,5.541534026363759,5.534440186423358,3.824962615966797,state,,
-0.49999366440373555,,,-0.625402440198186,-0.625402440198186,,,,,,,3.824968099594116,control,-0.24999683220186777,-0.24999683220186777
,0.0016766556236710451,0.0033753971811957863,,,0.06836667489011432,-111.63523551924831,0.013963712744430245,4.933157891742034,4.93743723811738,4.935297564929707,3.8300364017486572,state,,
-0.49999366440373555,,,-0.6428943913942223,-0.6428943913942223,,,,,,,3.830049514770508,control,-0.24999683220186777,-0.24999683220186777
,0.0019546375103276876,0.0025773418541851084,,,0.0614341040835357,-116.77065702130835,0.013942072304160622,4.2706997863622185,4.268723229901459,4.269711508131839,3.835683822631836,state,,
-0.49999366440373555,,,-0.6600365035663379,-0.6600365035663379,,,,,,,3.835689067840576,control,-0.24999683220186777,-0.24999683220186777
,0.0013608655207430972,0.004940975105397328,,,0.05480090412721103,-120.26352236327976,0.013932512475247485,3.6154238757839914,3.610182559901065,3.6128032178425284,3.8408257961273193,state,,
-0.49999366440373555,,,-0.6768357734950112,-0.6768357734950112,,,,,,,3.8408308029174805,control,-0.24999683220187,-0.24999683220186555
,-0.0029770295944355008,-0.0009383537147514578,,,0.04925965660752219,-123.77810946058307,0.013771625642234745,2.940755482529542,2.9351970766571207,2.9379762795933315,3.845918655395508,state,,
-0.49999366440373555,,,-0.693299058025111,-0.693299058025111,,,,,,,3.845923900604248,control,-0.24999683220187,-0.24999683220186555
,-0.004302400053995961,-0.000377461797744165,,,0.044483294333052495,-127.52917214983673,0.013603053323762503,2.2434586950157653,2.2378021089040714,2.240630401959918,3.851654052734375,state,,
-0.49999366440373555,,,-0.7094330768646089,-0.7094330768646089,,,,,,,3.851659059524536,control,-0.24999683220186555,-0.24999683220187
,3.9369310803946174e-05,-0.005545786829519173,,,0.038430374471024355,-131.2661739889587,0.013324558906976926,1.519104169417225,1.5305424316050706,1.5248233005111478,3.8566994667053223,state,,
-0.49999366440373555,,,-0.7252444153273168,-0.7252444153273168,,,,,,,3.8567047119140625,control,-0.24999683220186777,-0.24999683220186777
,0.009468022682149317,-0.008466418398095157,,,0.031688927694904535,-133.57690259580033,0.0130236617204369,0.8165617077092353,0.8237630913705182,0.8201623995398768,3.861804723739624,state,,
-0.49999366440373555,,,-0.7407395270207704,-0.7407395270207704,,,,,,,3.861809492111206,control,-0.24999683220186833,-0.24999683220186722
,0.002641381587013938,-0.000813846166791518,,,0.02887909748079632,-137.94449254719746,0.012867734139947426,0.05375624667486778,0.06809892090024292,0.06092758378755535,3.8669378757476807,state,,
-0.49999366440373555,,,-0.755924736480355,-0.755924736480355,,,,,,,3.866943597793579,control,-0.24999683220186777,-0.24999683220186777
,0.002894712725530223,-0.004340270431926062,,,0.01982565757182927,-141.4247015726238,0.012509578165448334,-0.7104040794720915,-0.6927662625569615,-0.7015851710145264,3.8719871044158936,state,,
-0.49999366440373555,,,-0.7708062417507479,-0.7708062417507479,,,,,,,3.8719921112060547,control,-0.24999683220186833,-0.24999683220186722
,-0.002110014359778913,-0.0014550442618405815,,,0.007927003702068816,-144.42346324458225,0.012072307705001508,-1.4742064985415635,-1.4686520245826529,-1.471429261562108,3.877070188522339,state,,
-0.49999366440373555,,,-0.7853901169157329,-0.7853901169157329,,,,,,,3.877075672149658,control,-0.24999683220186888,-0.24999683220186666
,0.002845751428957042,0.003672818959798566,,,0.002479768380603121,-146.19679823466916,0.011849747699245608,-2.214500914945839,-2.2467725964110987,-2.2306367556784688,3.8822121620178223,state,,
-0.49999366440373555,,,-0.7996823145774182,-0.7996823145774182,,,,,,,3.882218360900879,control,-0.24999683220186777,-0.24999683220186777
,0.0003255414778412456,-0.0011179134017396343,,,-0.005754131942958801,-149.83607398082464,0.0114401473378914,-3.025395598088368,-3.050080397931834,-3.037737998010101,3.8878142833709717,state,,
-0.49999366440373555,,,-0.8136886682858698,-0.8136886682858698,,,,,,,3.8878211975097656,control,-0.24999683220186777,-0.24999683220186777
,-0.0036077089559967703,-0.004289176525428328,,,-0.015123814948573136,-154.05885876352562,0.010887008196482298,-3.866658493032745,-3.8838215049787337,-3.875239999005739,3.8935585021972656,state,,
-0.49999366440373555,,,-0.8274148949201524,-0.8274148949201524,,,,,,,3.893564462661743,control,-0.24999683220187,-0.24999683220186555
,0.006594824426402582,0.0025210078439540256,,,-0.026823248775621346,-156.51715458706866,0.010453511523347631,-4.692711087719625,-4.701190442542347,-4.696950765130986,3.898643970489502,state,,
-0.49999366440373555,,,-0.8408665970217494,-0.8408665970217494,,,,,,,3.8986594676971436,control,-0.24999683220186777,-0.24999683220186777
,0.0031426876817379048,0.0032235593823411665,,,-0.03297927265268974,-158.94129978996858,0.010072386080541588,-5.5394664767557735,-5.52101098976869,-5.530238733262232,3.9049172401428223,state,,
-0.49999366440373555,,,-0.8540492650813144,-0.8540492650813144,,,,,,,3.9049229621887207,control,-0.24999683220186333,-0.24999683220187222
,0.0019556019479904565,0.006127711190824296,,,-0.03992045448330936,-162.4814605662691,0.009697736395967342,-6.393614167360165,-6.404364722204645,-6.398989444782405,3.909980058670044,state,,
0.5,,,-0.8069682797796881,-0.8069682797796881,,,,,,,3.9099860191345215,control,0.25,0.25
,0.0032819972970155953,-0.004043806160731701,,,-0.047776044545263824,-161.3731294110984,0.009098797001837614,-7.18959707857417,-7.186833828715991,-7.18821545364508,3.9151451587677,state,,
0.5,,,-0.7608289141840943,-0.7608289141840943,,,,,,,3.915151596069336,control,0.24999999999999556,0.25000000000000444
,0.0027199742527501854,0.005726477919802382,,,-0.05315907421970842,-159.35748177786454,0.00870127954881805,-7.960576426436051,-7.945269241760625,-7.952922834098338,3.920186758041382,state,,
0.5,,,-0.7156123359004123,-0.7156123359004123,,,,,,,3.9201924800872803,control,0.25,0.25
,-0.004330216809025767,0.012385903542026488,,,-0.06473342859492953,-155.4187069960325,0.008229725800000781,-8.674441323262936,-8.660216319643212,-8.667328821453074,3.9251649379730225,state,,
0.5,,,-0.671300089182404,-0.671300089182404,,,,,,,3.925168752670288,control,0.25,0.25
,-0.0009194077408471365,0.0006466874986005739,,,-0.07305626177061779,-150.50317538520994,0.0075848789038265784,-9.333915951135214,-9.349307214865657,-9.341611583000436,3.9303669929504395,state,,
0.5,,,-0.6278740873987559,-0.6278740873987559,,,,,,,3.930371046066284,control,0.25,0.25
,-0.000638558964540887,0.002494508567580017,,,-0.07979852190636388,-144.35743287304047,0.006980943628277906,-9.965209906468033,-9.965962528306887,-9.965586217387461,3.9355978965759277,state,,
0.5,,,-0.5853166056507808,-0.5853166056507808,,,,,,,3.935608148574829,control,0.2500000000000089,0.24999999999999112
,0.014470900768242046,-0.0007267463669665066,,,-0.09142238991173021,-137.46166291975933,0.006308403813738206,-10.542322176790258,-10.543967712284406,-10.543144944537332,3.940575361251831,state,,
0.5,,,-0.5436102735377651,-0.5436102735377651,,,,,,,3.9405808448791504,control,0.25,0.25
,0.00039015874357174653,0.005323979459544476,,,-0.09909786971169583,-131.29945961205428,0.0056810587152575824,-11.109345177436685,-11.093790284406824,-11.101567730921754,3.945608615875244,state,,
0.5,,,-0.5027380680670098,-0.5027380680670098,,,,,,,3.945612668991089,control,0.25,0.25
,-0.0018305730409519652,0.004254120357580555,,,-0.1024410757263712,-123.82504354775114,0.005081088116111582,-11.586420212910559,-11.617047631738599,-11.601733922324579,3.9506959915161133,state,,
0.5,,,-0.4626833067056696,-0.4626833067056696,,,,,,,3.950700283050537,control,0.25,0.25
,0.0003804412273046338,-0.001038488636379377,,,-0.10858731439495928,-116.51428999299314,0.004337422662218735,-12.071211484578825,-12.064690746806987,-12.067951115692907,3.9556775093078613,state,,
0.5,,,-0.4234296405715562,-0.4234296405715562,,,,,,,3.9556808471679688,control,0.2500000000000089,0.24999999999999112
,-0.0012535839143245076,-0.0023288129105335413,,,-0.11631620440903301,-108.52632338562618,0.003509976097126629,-12.480041605296561,-12.486858985782424,-12.483450295539493,3.9607584476470947,state,,
0.5,,,-0.3849610477601251,-0.3849610477601251,,,,,,,3.960761785507202,control,0.25,0.25
,0.0036445704100212064,0.004083146905226838,,,-0.11536037408815022,-101.49238509423488,0.002994668898219875,-12.879019746691066,-12.878907485634613,-12.878963616162839,3.965914249420166,state,,
0.5,,,-0.34726182680492257,-0.34726182680492257,,,,,,,3.9659183025360107,control,0.24999999999999112,0.2500000000000089
,-0.007982276387247715,0.00993269797073328,,,-0.1224962054122728,-93.34556216210748,0.002350756517248595,-13.221456919348743,-13.210604506569512,-13.216030712959128,3.971054792404175,state,,
0.5,,,-0.3103165902688241,-0.3103165902688241,,,,,,,3.9710581302642822,control,0.2500000000000089,0.24999999999999112
,0.0035418714422865358,-0.00011682574430084256,,,-0.12626223039391027,-85.5591708512006,0.0016528126031384236,-13.531305906243313,-13.508498694991227,-13.51990230061727,3.9761006832122803,state,,
0.5,,,-0.2741102584634476,-0.2741102584634476,,,,,,,3.9761037826538086,control,0.25,0.25
,-0.0037154501265409617,5.4794073396974903e-05,,,-0.12687212775718854,-78.44176568759795,0.0009643466434456895,-13.79400968502931,-13.80365853032618,-13.798834107677745,3.9813613891601562,state,,
0.5,,,-0.23862805329417866,-0.23862805329417866,,,,,,,3.9813647270202637,control,0.25,0.25
,0.0064355280584981025,-0.001330885692993675,,,-0.13545812014589442,-71.15037944320518,0.00017284216094858485,-14.03736498984158,-14.039714987388493,-14.038539988615035,3.9863972663879395,state,,
0.5,,,-0.20385549222829508,-0.20385549222829508,,,,,,,3.986400604248047,control,0.24999999999999112,0.2500000000000089
,-0.001351370529491471,0.004874937213005103,,,-0.13642603152430136,-64.23927576153557,-0.00043135477553199236,-14.245219597682091,-14.254265874531672,-14.249742736106882,3.9915525913238525,state,,
0.5,,,-0.16977838238372917,-0.16977838238372917,,,,,,,3.991555690765381,control,0.25,0.25
,0.0011327346547014767,0.001597332469732955,,,-0.13814822573311766,-57.07295708191019,-0.0010860833353505796,-14.423443713053397,-14.418660321652634,-14.421052017353016,3.9967129230499268,state,,
0.5,,,-0.13638281473605457,-0.13638281473605457,,,,,,,3.996716260910034,control,0.2500000000000089,0.24999999999999112
,-0.00012169659841840696,-0.003027550973443353,,,-0.1354403174405549,-49.658234657674235,-0.0017405510585441345,-14.542957812690853,-14.559710623497626,-14.55133421809424,4.00173807144165,state,,
0.5,,,-0.10365515844133347,-0.10365515844133347,,,,,,,4.001748561859131,control,0.2500000000000089,0.24999999999999112
,-0.0044529087321690955,0.0019319640747930658,,,-0.1377794201481808,-42.28467605551017,-0.0024121857455641576,-14.635338849703722,-14.655468687097427,-14.645403768400573,4.0068957805633545,state,,
0.5,,,-0.0715820552725068,-0.0715820552725068,,,,,,,4.006898880004883,control,0.24999999999999112,0.2500000000000089
,-0.005171963553034565,-0.0009671459471450099,,,-0.1434499341213687,-36.7532607452645,-0.0032093100199290163,-14.747089275653368,-14.735180450816467,-14.741134863234917,4.012120723724365,state,,
0.5,,,-0.04015041416705667,-0.04015041416705667,,,,,,,4.012126445770264,control,0.25,0.25
,0.007610726548359408,0.007418987863162674,,,-0.14217661116100433,-29.13543277758064,-0.003625274187206957,-14.76360055539321,-14.767540503516313,-14.765570529454763,4.017174005508423,state,,
0.5,,,-0.009347405883715534,-0.009347405883715534,,,,,,,4.017179250717163,control,0.2500000000000089,0.24999999999999112
,0.004353985897105431,0.0036953795341821373,,,-0.1439795507625353,-22.730624337481352,-0.004183070642750785,-14.779477098726987,-14.775098818997655,-14.77728795886232,4.022287845611572,state,,
0.5,,,0.020839542233958775,0.020839542233958775,,,,,,,4.022291660308838,control,0.24999999999999112,0.2500000000000089
,-0.005756568343020977,-0.00040641987614935894,,,-0.14599263896774456,-16.61175237237367,-0.004894120842331773,-14.756228556030173,-14.769695141539545,-14.762961848784858,4.027426242828369,state,,
0.5,,,0.050422751389279596,0.050422751389279596,,,,,,,4.027430772781372,control,0.24999999999999112,0.2500000000000089
,0.008712471733403188,-0.0032697939681131717,,,-0.15027646214392415,-10.032230762363147,-0.005593056034032319,-14.709863071984447,-14.706950255726277,-14.708406663855362,4.032530307769775,state,,
0.5,,,0.079414296361494,0.079414296361494,,,,,,,4.032534122467041,control,0.25,0.25
,-0.0013465404521027515,0.00103124951204502,,,-0.149225016647468,-3.9369019785361505,-0.006184493363957202,-14.638408760604252,-14.623753245748556,-14.631081003176405,4.037508487701416,state,,
0.5,,,0.10782601043426411,0.10782601043426411,,,,,,,4.037511587142944,control,0.2500000000000089,0.24999999999999112
,0.0005194268042399991,0.0020433247856833986,,,-0.14676566684890546,2.446448518436602,-0.0066974379673730875,-14.508406302643841,-14.526102861508338,-14.51725458207609,4.042625665664673,state,,
0.5,,,0.13566949022557884,0.13566949022557884,,,,,,,4.04262900352478,control,0.25,0.25
,-0.0017879606283978855,0.004009817407757804,,,-0.14450683301149228,8.378559627855347,-0.007172804869679622,-14.380227131208018,-14.38167147545874,-14.380949303333379,4.047783136367798,state,,
0.5,,,0.16295610042106726,0.16295610042106726,,,,,,,4.0477869510650635,control,0.25,0.25
,0.004149605622286804,0.003525727829351241,,,-0.14485863271808522,14.04529881700184,-0.007645992968231317,-14.217917569522191,-14.223150138341502,-14.220533853931848,4.052824974060059,state,,
0.5,,,0.1896969784126459,0.1896969784126459,,,,,,,4.052828311920166,control,0.2500000000000089,0.24999999999999112
,-0.0073357535214966935,0.0006359701410536519,,,-0.14120227742438798,19.801804250552827,-0.00816825779026675,-14.036624808174908,-14.023189598246258,-14.029907203210584,4.057912826538086,state,,
0.5,,,0.215903038844393,0.215903038844393,,,,,,,4.057915925979614,control,0.2500000000000089,0.24999999999999112
,0.0006670836867707768,-0.0054204743673473155,,,-0.14226480746168818,25.367091614945004,-0.008811906806466029,-13.814039127095628,-13.814955764422114,-13.814497445758871,4.063170433044434,state,,
0.5,,,0.24158497806750512,0.24158497806750512,,,,,,,4.06317400932312,control,0.25,0.25
,0.003459047047413238,-0.014964858101598344,,,-0.1426802008612924,31.177703421383512,-0.009591121333819388,-13.554723076521917,-13.577537262505427,-13.566130169513672,4.068246841430664,state,,
0.5,,,0.26675327850615504,0.26675327850615504,,,,,,,4.0682501792907715,control,0.25,0.25
,0.0017192729039880498,-0.0054068408023028435,,,-0.14218106239169448,36.47431805864669,-0.010173476462347111,-13.307028683428946,-13.291891994777266,-13.299460339103106,4.073375225067139,state,,
0.5,,,0.291418212936032,0.291418212936032,,,,,,,4.073378324508667,control,0.25,0.25
,0.002752128859925288,-0.0014398661483027626,,,-0.14066537099753632,41.36671599682493,-0.01063956550560032,-13.016736390949324,-13.012787264201904,-13.014761827575615,4.0784993171691895,state,,
0.5,,,0.3155898486773113,0.3155898486773113,,,,,,,4.078502655029297,control,0.2500000000000089,0.24999999999999112
,-0.004230288653056954,-0.0011388907969638493,,,-0.13623612585745415,46.704109546784416,-0.01107546135499023,-12.695644795163377,-12.69694325117944,-12.696294023171408,4.083555698394775,state,,
0.5,,,0.3392780517037651,0.3392780517037651,,,,,,,4.083558797836304,control,0.25,0.25
,0.003939180112126714,-0.00043265723894196444,,,-0.13573738114756495,52.179272273129826,-0.011487704459856314,-12.337725553292362,-12.358789927893081,-12.348257740592722,4.088621616363525,state,,
0.5,,,0.3624924906696898,0.3624924906696898,,,,,,,4.088624715805054,control,0.25,0.25
,-0.0032829993061761695,-0.0007031247234743503,,,-0.12935261245254223,57.44464754577699,-0.011827279391484001,-11.976192442248275,-11.978274463104272,-11.977233452676273,4.093724489212036,state,,
0.5,,,0.385242640856296,0.385242640856296,,,,,,,4.09372878074646,control,0.25,0.25
,-0.008483896973568009,0.0015354820239490926,,,-0.12423590785836465,61.306236425944945,-0.012151830615954737,-11.62038122620835,-11.598105123191264,-11.609243174699806,4.098917722702026,state,,
0.5,,,0.40753778803917007,0.40753778803917007,,,,,,,4.098921298980713,control,0.24999999999999112,0.2500000000000089
,0.0005030656789619484,-0.0020671243660417694,,,-0.12183853657057256,65.92426191439785,-0.012500702878146168,-11.206742278556458,-11.205505134936844,-11.206123706746652,4.104078531265259,state,,
0.5,,,0.4293870322783867,0.4293870322783867,,,,,,,4.1040849685668945,control,0.2500000000000089,0.24999999999999112
,0.007252904571144504,-0.000952788191131919,,,-0.11629720748911743,70.50666498207062,-0.012695579045155472,-10.776262741531033,-10.785055602249647,-10.78065917189034,4.109417676925659,state,,
0.5,,,0.45079929163281895,0.45079929163281895,,,,,,,4.109421730041504,control,0.25,0.25
,-0.0019094451086729839,0.0027230522414456904,,,-0.10873710025073846,75.60067009791204,-0.012817823489804224,-10.321397435450297,-10.32176698848695,-10.321582211968623,4.114543437957764,state,,
0.5,,,0.4717833058001626,0.4717833058001626,,,,,,,4.1145477294921875,control,0.25,0.25
,0.0034426543541036915,-0.0035034892749613035,,,-0.10746326811790619,79.85929247844432,-0.013105299036732448,-9.852189879587552,-9.856825459040554,-9.854507669314053,4.119686841964722,state,,
0.5,,,0.4923476396841593,0.4923476396841593,,,,,,,4.119691371917725,control,0.25,0.25
,-0.0011590977220339808,0.004104997005614645,,,-0.10109202865272669,84.1700295182354,-0.013169195710131637,-9.365836608696878,-9.364263413098458,-9.365050010897669,4.124777793884277,state,,
0.5,,,0.5125006868904761,0.5125006868904761,,,,,,,4.1247828006744385,control,0.2500000000000089,0.24999999999999112
,0.0055421893748854,-0.0061899116757026685,,,-0.0968003990924833,89.29934509141836,-0.013384617268393401,-8.840113181867327,-8.833722203383765,-8.836917692625546,4.129918098449707,state,,
0.5,,,0.5322506731526666,0.5322506731526666,,,,,,,4.129923582077026,control,0.25,0.25
,-0.00076763354316564,-0.00438076328554518,,,-0.095313830424609,92.51722822249594,-0.0136454704068853,-8.316800722593028,-8.3294339791125,-8.323117350852764,4.135045289993286,state,,
0.5,,,0.5516056596896133,0.5516056596896133,,,,,,,4.135051012039185,control,0.25,0.25
,-0.010512108379001146,-0.005818991727321271,,,-0.09543345722884003,96.86719178883878,-0.014025832154632992,-7.7712826308366685,-7.767816512209849,-7.7695495715232585,4.140377759933472,state,,
0.5,,,0.570573546495821,0.570573546495821,,,,,,,4.140385866165161,control,0.25,0.25
,-0.003365702689621755,-0.004230429181171009,,,-0.08837728508987627,101.62996209390603,-0.014169508129673524,-7.197814207552866,-7.173381627182041,-7.185597917367454,4.145644187927246,state,,
0.5,,,0.5891620755659046,0.5891620755659046,,,,,,,4.145654201507568,control,0.25,0.25
,-0.0016450059197631079,-0.0027487899364703463,,,-0.08612499766461681,104.98453691559882,-0.01433390708785271,-6.609612298044845,-6.60495873456527,-6.6072855163050574,4.1508095264434814,state,,
0.5,,,0.6073788340545865,0.6073788340545865,,,,,,,4.150820016860962,control,0.25,0.25
,0.003463597785434654,-0.005369758133270017,,,-0.08183989600085026,109.07567861568452,-0.01445303929199978,-5.991786138524312,-6.001803023037352,-5.996794580780833,4.155930042266846,state,,
0.5,,,0.6252312573734947,0.6252312573734947,,,,,,,4.155939817428589,control,0.25000000000000444,0.24999999999999556
,-0.001961359028655663,-0.0013875656563448514,,,-0.07334179506368309,112.6747267565915,-0.014428785340569232,-5.372750947099941,-5.379529686485602,-5.376140316792771,4.1611809730529785,state,,
0.5,,,0.6427266322260249,0.6427266322260249,,,,,,,4.161191701889038,control,0.24999999999999556,0.25000000000000444
,0.0026760604137932155,-0.0010364321412857007,,,-0.06546149460060849,116.50713444764027,-0.014335072671281477,-4.723430134757337,-4.74178982875704,-4.7326099817571885,4.166529178619385,state,,
0.5,,,0.6598720995815044,0.6598720995815044,,,,,,,4.166539430618286,control,0.25,0.25
,-0.0035560119038432324,-0.0028822940833318554,,,-0.06182160702889381,120.10310447480802,-0.014372104774992641,-4.0803212669987445,-4.0694043707607435,-4.074862818879744,4.171338796615601,state,,
0.5,,,0.6766746575898743,0.6766746575898743,,,,,,,4.17137885093689,control,0.25,0.25
,0.00659685926516,-0.002509144797346421,,,-0.05524079737002868,124.21309065605104,-0.014247937323041165,-3.401204932339522,-3.375564875502614,-3.388384903921068,4.1768639087677,state,,
0.5,,,0.6931411644380768,0.6931411644380768,,,,,,,4.176881790161133,control,0.25,0.25
,0.004992569257836624,-0.0016986512656569832,,,-0.04696636273048207,127.39348540479074,-0.014056158589199862,-2.6967927968904912,-2.7048070478546515,-2.700799922372571,4.1817309856414795,state,,
0.5,,,0.7092783411493153,0.7092783411493153,,,,,,,4.1817405223846436,control,0.24999999999999778,0.2500000000000022
,-0.0010637284724701027,0.007770105055290447,,,-0.04015937939365413,131.25352359103056,-0.013726903979776975,-1.992875530857012,-1.9733202464051165,-1.9830978886310642,4.186903953552246,state,,
0.5,,,0.725092774326329,0.725092774326329,,,,,,,4.186913013458252,control,0.2499999999999989,0.2500000000000011
,-0.002633585621815813,0.004184713277400232,,,-0.037693274167985055,134.87624933994897,-0.013538095683433053,-1.2560968280455735,-1.2460215137357344,-1.251059170890654,4.191945552825928,state,,
0.5,,,0.7405909188398024,0.7405909188398024,,,,,,,4.191954851150513,control,0.25,0.25
,-4.172384385098619e-05,-0.003967994899798009,,,-0.028215477943412046,136.88473224509534,-0.013329399838116237,-0.5409501013851028,-0.5283889214513285,-0.5346695114182156,4.197121620178223,state,,
0.5,,,0.7557791004630064,0.7557791004630064,,,,,,,4.197131395339966,control,0.24999999999999944,0.25000000000000056
,0.0011837089854085997,-0.0021598588416381777,,,-0.017647747275086674,140.9229973625391,-0.013013417590678054,0.23895767543911636,0.2294752463411929,0.23421646089015463,4.2024900913238525,state,,
0.5,,,0.7706635184537464,0.7706635184537464,,,,,,,4.202502965927124,control,0.25,0.25
,0.003667368558441274,-0.003595231251296838,,,-0.010604214337464396,143.78084774527989,-0.012732415275072122,0.9933954436625816,1.0038141585765794,0.9986048011195805,4.207463026046753,state,,
0.5,,,0.7852502480846715,0.7852502480846715,,,,,,,4.207499980926514,control,0.25,0.25
,0.0011695437070657502,0.010800436358839524,,,-0.0018884660136292818,147.22783618152192,-0.012139476527922223,1.7814861086623508,1.7977229050737342,1.7896045068680424,4.212914705276489,state,,
0.5,,,0.799545243122978,0.799545243122978,,,,,,,4.212934970855713,control,0.2500000000000011,0.2499999999999989
,-0.003244605729161515,-0.0014237172327661125,,,0.0026891062650650378,150.5352321764331,-0.01186029465890576,2.5987044504406516,2.5911345693302548,2.594919509885453,4.2177557945251465,state,,
0.5,,,0.8135543382605185,0.8135543382605185,,,,,,,4.21776556968689,control,0.2500000000000022,0.24999999999999778
,0.0032111547881176197,-0.006256003844212582,,,0.006933761641393433,154.3063025464264,-0.011612871306599607,3.442414329174984,3.4105246140865484,3.4264694716307664,4.222900629043579,state,,
0.5,,,0.8272832514953081,0.8272832514953081,,,,,,,4.222909927368164,control,0.24999999999999778,0.2500000000000022
,0.0015329204563255799,-0.004007614840729171,,,0.01493673941487189,155.81360966999404,-0.011243276658735825,4.230164388447427,4.228889727408729,4.229527057928078,4.2283782958984375,state,,
0.5,,,0.840737586465402,0.840737586465402,,,,,,,4.228394031524658,control,0.25,0.25
,-0.0013765736417427857,0.00605170488010792,,,0.022927109070549158,159.76269166380277,-0.010676932045534476,5.091932180749985,5.090452035742173,5.091192108246078,4.23320460319519,state,,
0.5,,,0.853922834736094,0.853922834736094,,,,,,,4.233214378356934,control,0.25000000000000444,0.24999999999999556
,-0.007332854522078022,-0.004767065141434503,,,0.031087139436988723,161.70722521429832,-0.010324425605881565,5.93575890142096,5.92559399252806,5.93067644697451,4.238214731216431,state,,
-0.49999366440373555,,,0.8068443780413721,0.8068443780413721,,,,,,,4.238223314285278,control,-0.24999683220186777,-0.24999683220186777
,-0.0036619461862327945,-0.005500464879705784,,,0.04034064470579218,161.93259096345685,-0.009902924058138534,6.7380405306251445,6.749811887554881,6.743926209090013,4.243772029876709,state,,
-0.49999366440373555,,,0.7607074904805446,0.7607074904805446,,,,,,,4.243787527084351,control,-0.24999683220186777,-0.24999683220186777
,0.007197458539763578,-0.003132771716187049,,,0.05123191033916273,158.4194713415272,-0.00928631229771028,7.487669371620849,7.472551689273803,7.480110530447326,4.248694658279419,state,,
-0.49999366440373555,,,0.7154933406709337,0.7154933406709337,,,,,,,4.248705148696899,control,-0.24999683220186777,-0.24999683220186777
,0.008788362262398972,-0.003813652066753798,,,0.05619311196057786,155.44002760205422,-0.008751041881084737,8.210816429928562,8.208966267226367,8.209891348577464,4.253685712814331,state,,
-0.49999366440373555,,,0.671183473857515,0.671183473857515,,,,,,,4.2536938190460205,control,-0.24999683220186777,-0.24999683220186777
,0.009585925950293126,-0.004722369009015073,,,0.06291412369068415,149.9206262590744,-0.008177046128139853,8.86764366004914,8.875657298367877,8.871650479208508,4.259056091308594,state,,
-0.49999366440373555,,,0.6277598043803646,0.6277598043803646,,,,,,,4.2590651512146,control,-0.24999683220186777,-0.24999683220186777
,-0.0038064147063746785,0.001939798588020876,,,0.07211731656700487,143.9370785221819,-0.007506482070647589,9.500256315184782,9.491953188543501,9.496104751864141,4.264145135879517,state,,
-0.49999366440373555,,,0.5852046082927572,0.5852046082927572,,,,,,,4.264154434204102,control,-0.24999683220186777,-0.24999683220186777
,-0.0025157941333514323,-0.0030425053774936913,,,0.08092023219637597,137.8587775727661,-0.006895370778789336,10.096017821347171,10.081301129768836,10.088659475558003,4.269186973571777,state,,
-0.49999366440373555,,,0.5435005161269021,0.5435005161269021,,,,,,,4.2691967487335205,control,-0.24999683220186777,-0.24999683220186777
,0.014790446702126378,0.005817512418543679,,,0.0857697161632882,130.59149383863195,-0.006041307714203811,10.626083767144536,10.625825296530035,10.625954531837285,4.274484157562256,state,,
-0.49999366440373555,,,0.502630505804364,0.502630505804364,,,,,,,4.274529457092285,control,-0.24999683220186777,-0.24999683220186777
,0.004696437694107495,-0.010785653206070658,,,0.08585638636786108,123.815133296763,-0.005661477173730713,11.132452187538743,11.141909953821195,11.137181070679969,4.279707908630371,state,,
-0.49999366440373555,,,0.4625778956882767,0.4625778956882767,,,,,,,4.279722690582275,control,-0.24999683220186777,-0.24999683220186777
,0.0033607280565743657,-0.0017509888239815089,,,0.09427058851874327,116.22761433399118,-0.004960279498311797,11.604406878253466,11.590713176700657,11.597560027477062,4.284722328186035,state,,
-0.49999366440373555,,,0.4233263377745111,0.4233263377745111,,,,,,,4.284732103347778,control,-0.24999683220187666,-0.2499968322018589
,-0.0020663390315793697,0.0033154320198352833,,,0.10549444538130565,109.36514276388415,-0.004120516344207449,12.031478410379279,12.038853817771658,12.03516611407547,4.289744853973389,state,,
-0.49999366440373555,,,0.3848598110190209,0.3848598110190209,,,,,,,4.289754390716553,control,-0.24999683220187666,-0.2499968322018589
,-0.0011344166836498165,-0.0033643504597320266,,,0.1100067542799691,101.16253052253427,-0.0034972376921656163,12.406238207323947,12.41462206915695,12.410430138240448,4.295031785964966,state,,
-0.49999366440373555,,,0.3471626147986405,0.3471626147986405,,,,,,,4.2950439453125,control,-0.24999683220186777,-0.24999683220186777
,0.008192624536631225,-0.0007542798690964353,,,0.11250068309411759,93.16229143348139,-0.002787938091346133,12.757426226148088,12.740401445279671,12.748913835713878,4.300095319747925,state,,
-0.49999366440373555,,,0.3102193625026677,0.3102193625026677,,,,,,,4.300105810165405,control,-0.2499968322018589,-0.24999683220187666
,-0.0037052444072273845,-0.004753236993865389,,,0.11459264237013347,85.79678842577742,-0.00225147739655784,13.069169812410218,13.052174500868452,13.060672156639335,4.305146932601929,state,,
-0.49999366440373555,,,0.2740149752526143,0.2740149752526143,,,,,,,4.305156707763672,control,-0.24999683220186777,-0.24999683220186777
,0.009557417735036362,0.0005840927432218195,,,0.1175525388598503,78.50857620588398,-0.001500080739761506,13.335188990722436,13.339250084395314,13.337219537558875,4.310370445251465,state,,
-0.49999366440373555,,,0.238534675747562,0.238534675747562,,,,,,,4.310380935668945,control,-0.24999683220186777,-0.24999683220186777
,-0.004533080368619301,0.0021292457592524184,,,0.11480803879975694,71.00434911111556,-0.0009421014126378518,13.581173522203898,13.564442076781704,13.5728077994928,4.315513610839844,state,,
-0.49999366440373555,,,0.20376398223261077,0.20376398223261077,,,,,,,4.315523386001587,control,-0.2499968322018589,-0.24999683220187666
,-0.0024117468537495873,0.0013086213508981023,,,0.11904159006168263,63.93503502678523,-0.0002651810604158728,13.781084743041932,13.778857950053457,13.779971346547693,4.320676565170288,state,,
-0.49999366440373555,,,0.16968870258795857,0.16968870258795857,,,,,,,4.32068657875061,control,-0.2499968322018589,-0.24999683220187666
,-0.0015661413504325253,0.007314402046590636,,,0.1230946222104293,57.1818297968276,0.0005330507001168918,13.959040868590588,13.957758923660718,13.958399896125652,4.325853586196899,state,,
-0.49999366440373555,,,0.1362949285361994,0.1362949285361994,,,,,,,4.325863838195801,control,-0.2499968322018589,-0.24999683220187666
,-0.0027907548362920602,0.0025544381568243656,,,0.13267743783252825,50.21243261209299,0.001351036163602666,14.100273522207184,14.0968077937008,14.098540657953992,4.331080913543701,state,,
-0.49999366440373555,,,0.1035690299654754,0.1035690299654754,,,,,,,4.3310911655426025,control,-0.24999683220186777,-0.24999683220186777
,0.008997102804320097,-0.0031108389624839106,,,0.13519629824741985,43.25635172481864,0.002037182975113619,14.201970498924368,14.20625540268045,14.204112950802408,4.336061716079712,state,,
-0.49999366440373555,,,0.07149764936616589,0.07149764936616589,,,,,,,4.336071252822876,control,-0.2499968322018589,-0.24999683220187666
,-0.003910666605616166,-0.002376042524133104,,,0.1365547918684154,36.3115242982012,0.0026159333373380065,14.270450033362538,14.279830388451023,14.27514021090678,4.341508865356445,state,,
-0.49999366440373555,,,0.04006769637884257,0.04006769637884257,,,,,,,4.341524124145508,control,-0.24999683220186777,-0.24999683220186777
,0.013991907621281692,-0.0018146081804631794,,,0.14325125433690059,28.368745903564857,0.0034425812000153815,14.295231800063137,14.285909592108096,14.290570696085616,4.346331357955933,state,,
-0.49999366440373555,,,0.009266342451265716,0.009266342451265716,,,,,,,4.346340656280518,control,-0.24999683220186777,-0.24999683220186777
,-0.005709856992540491,0.0022739000711830912,,,0.14155198646970982,22.6565276532501,0.0040430005970155895,14.300369397461134,14.325511717131134,14.312940557296134,4.35180401802063,state,,
-0.49999366440373555,,,-0.020918984397759598,-0.020918984397759598,,,,,,,4.351813554763794,control,-0.24999683220186777,-0.24999683220186777
,-0.0007740698156226158,-0.00803895644564784,,,0.1405743508261589,16.5833341330289,0.0044830337912131635,14.302154844624953,14.296243857478228,14.299199351051591,4.356688976287842,state,,
-0.49999366440373555,,,-0.0505006047098044,-0.0505006047098044,,,,,,,4.3566977977752686,control,-0.24999683220187666,-0.2499968322018589
,0.008193186190181443,0.0007900845714140192,,,0.13621910442614668,9.229412182300125,0.005070802677494027,14.235605090529663,14.221005127482423,14.228305109006044,4.3621299266815186,state,,
-0.49999366440373555,,,-0.07949059261560831,-0.07949059261560831,,,,,,,4.362142562866211,control,-0.24999683220187666,-0.2499968322018589
,0.0026918046352393276,-0.0012561472953446539,,,0.1337752105968522,4.125345458109168,0.005585792016648521,14.166427466058842,14.168968716729166,14.167698091394005,4.366990089416504,state,,
-0.49999366440373555,,,-0.10790078076329615,-0.10790078076329615,,,,,,,4.36699914932251,control,-0.24999683220187666,-0.2499968322018589
,0.007571566650283428,-0.002824707683667105,,,0.13746079820093476,-2.638234925693441,0.00621126212774192,14.043823892113178,14.049898491201585,14.046861191657381,4.3719940185546875,state,,
-0.49999366440373555,,,-0.13574276514803024,-0.13574276514803024,,,,,,,4.372002124786377,control,-0.24999683220186777,-0.24999683220186777
,0.0001372551321726,0.0013183394183204377,,,0.13784710427868269,-8.356472114648803,0.006796370007574696,13.91414254223247,13.913997977056974,13.914070259644722,4.377452850341797,state,,
-0.49999366440373555,,,-0.16302790984506962,-0.16302790984506962,,,,,,,4.377490282058716,control,-0.24999683220186777,-0.24999683220186777
,0.00727576640775805,0.003685337390753291,,,0.13598020991344345,-13.535128381076735,0.007422461944081428,13.772808430819284,13.75513905598423,13.763973743401756,4.382413148880005,state,,
-0.49999366440373555,,,-0.18976735164816821,-0.18976735164816821,,,,,,,4.382422208786011,control,-0.2499968322018589,-0.24999683220187666
,0.00752919311864117,-0.007275794504314795,,,0.1348335805533069,-19.716407131675652,0.007839986961056807,13.568269852260105,13.565757349669306,13.567013600964707,4.387536287307739,state,,
-0.49999366440373555,,,-0.21597200461520485,-0.21597200461520485,,,,,,,4.387545824050903,control,-0.24999683220187666,-0.2499968322018589
,0.009628758384055271,0.007119694982607466,,,0.12925892420510746,-25.48505470201574,0.008435693616152895,13.355376267470687,13.340178632283632,13.34777744987716,4.3926780223846436,state,,
-0.49999366440373555,,,-0.24165256452290076,-0.24165256452290076,,,,,,,4.392690896987915,control,-0.24999683220187666,-0.2499968322018589
,2.7819893291454417e-05,0.0035400116860794723,,,0.1304187663690265,-30.87275492854599,0.008992421549214308,13.106792196078484,13.108539329800456,13.107665762939469,4.398137092590332,state,,
-0.49999366440373555,,,-0.26681951323244274,-0.26681951323244274,,,,,,,4.398149490356445,control,-0.2499968322018589,-0.24999683220187666
,0.004051763063873065,-0.0018637679516610524,,,0.13005705297983708,-36.59222378855486,0.009442053976223988,12.84505664753861,12.82229629226866,12.833676469903637,4.403036117553711,state,,
-0.49999366440373555,,,-0.2914831229677939,-0.2914831229677939,,,,,,,4.4030444622039795,control,-0.24999683220187666,-0.2499968322018589
,0.0031327513021972113,-0.0021300633729002577,,,0.12587686783707694,-41.1530347049151,0.009790882209514344,12.547095476982498,12.563551995406382,12.55532373619444,4.40802788734436,state,,
-0.49999366440373555,,,-0.315653460508438,-0.315653460508438,,,,,,,4.40803599357605,control,-0.24999683220186777,-0.24999683220186777
,0.0012179141804983303,-0.0020061500386179703,,,0.12379764299479878,-46.64849659648695,0.010143392701460467,12.219118336671846,12.250118184828805,12.234618260750326,4.413824558258057,state,,
-0.49999366440373555,,,-0.3393403912982692,-0.3393403912982692,,,,,,,4.413835287094116,control,-0.24999683220186777,-0.24999683220186777
,-0.0020626057394385502,-0.010532430151435186,,,0.12465441548734177,-52.57821577270843,0.01035614832354643,11.884750538840363,11.869955001324712,11.877352770082538,4.418467998504639,state,,
-0.49999366440373555,,,-0.3625535834723038,-0.3625535834723038,,,,,,,4.4184770584106445,control,-0.24999683220187666,-0.2499968322018589
,0.001003603296323665,0.004178412855989734,,,0.1254737135093546,-56.681897413432495,0.010864027622936548,11.530550534200085,11.52671178823133,11.528631161215706,4.423468112945557,state,,
-0.49999366440373555,,,-0.3853025118028577,-0.3853025118028577,,,,,,,4.423477649688721,control,-0.2499968322018589,-0.24999683220187666
,-0.00662031187365585,-0.0058822351824877415,,,0.12076441683172826,-61.36366304133112,0.011008992707280733,11.141529968443532,11.15307049515901,11.147300231801271,4.4287309646606445,state,,
-0.49999366440373555,,,-0.4075964615668005,-0.4075964615668005,,,,,,,4.428765296936035,control,-0.24999683220186777,-0.24999683220186777
,-0.010713540729582634,-0.00606414260814464,,,0.11930861902266746,-66.36795998636167,0.011160888825788771,10.728867096552445,10.742762048086226,10.735814572319335,4.434129238128662,state,,
-0.49999366440373555,,,-0.42944453233546453,-0.42944453233546453,,,,,,,4.434143304824829,control,-0.2499968322018589,-0.24999683220187666
,0.008126299025277138,0.003096262603597571,,,0.11900159149945877,-70.99825236782374,0.011636203440013567,10.319160961116735,10.295098875749611,10.307129918433173,4.439083576202393,state,,
-0.49999366440373555,,,-0.45085564168875525,-0.45085564168875525,,,,,,,4.439093828201294,control,-0.24999683220186777,-0.24999683220186777
,-0.011273309191851799,0.0010958313928327854,,,0.12165000136148135,-75.0090421753782,0.0119798417248723,9.880427931106306,9.85607407929128,9.868251005198793,4.444455862045288,state,,
-0.49999366440373555,,,-0.4718385288549801,-0.4718385288549801,,,,,,,4.444488525390625,control,-0.24999683220186777,-0.24999683220186777
,-0.006662495761264871,0.0060884393999925835,,,0.11477018884628068,-79.59760182027551,0.012261241386666483,9.397134646200866,9.397332956162485,9.397233801181676,4.449542760848999,state,,
-0.49999366440373555,,,-0.49240175827788046,-0.49240175827788046,,,,,,,4.44955587387085,control,-0.24999683220186777,-0.24999683220186777
,-0.011920683939675164,-0.0022498465363792425,,,0.10747678189370821,-84.99483020981562,0.012300929528484467,8.881253795812272,8.891466389014678,8.886360092413476,4.454654216766357,state,,
-0.49999366440373555,,,-0.5125537231123228,-0.5125537231123228,,,,,,,4.454666614532471,control,-0.24999683220187666,-0.2499968322018589
,-0.0016883662479362117,-0.008893139353936643,,,0.10216477528997973,-88.47339437172546,0.012297340238892097,8.380266566094493,8.396993538769152,8.388630052431822,4.459802865982056,state,,
-0.49999366440373555,,,-0.5323026486500764,-0.5323026486500764,,,,,,,4.459815740585327,control,-0.2499968322018589,-0.24999683220187666
,-0.011709299551006552,0.005589105356137585,,,0.09071914288371659,-93.33621926732684,0.01233656675243452,7.842449756403324,7.846659631881993,7.8445546941426585,4.464726448059082,state,,
-0.49999366440373555,,,-0.5516565956770748,-0.5516565956770748,,,,,,,4.464734792709351,control,-0.24999683220186777,-0.24999683220186777
,0.0016813513598428094,-0.0023382150844844123,,,0.08892080974823408,-97.23389126455251,0.012468924222218649,7.30997509080284,7.282728631855087,7.296351861328963,4.469774007797241,state,,
-0.49999366440373555,,,-0.5706234637635333,-0.5706234637635333,,,,,,,4.469782114028931,control,-0.24999683220186777,-0.24999683220186777
,0.002928989064559901,-0.00193283537713292,,,0.08674890038238382,-100.94357955960166,0.012598960381758003,6.743955011428067,6.7212298697363995,6.732592440582233,4.475654125213623,state,,
-0.49999366440373555,,,-0.5892109944882626,-0.5892109944882626,,,,,,,4.4756669998168945,control,-0.24999683220186777,-0.24999683220186777
,-0.0021235432438500125,0.004396857087170465,,,0.08269333667195294,-105.3397566309753,0.012757154022168966,6.135745325020566,6.1361073275108735,6.13592632626572,4.480103015899658,state,,
-0.49999366440373555,,,-0.6074267745984974,-0.6074267745984974,,,,,,,4.48013162612915,control,-0.24999683220186777,-0.24999683220186777
,-0.0032542746174084405,-0.002875721698580273,,,0.07807020185217046,-109.11517829539726,0.012737230658393113,5.527779109580934,5.532746355966736,5.530262732773835,4.485267162322998,state,,
-0.49999366440373555,,,-0.6252782391065275,-0.6252782391065275,,,,,,,4.485322952270508,control,-0.24999683220186777,-0.24999683220186777
,-0.007649836594729698,0.0042009129988015885,,,0.06722191398854346,-112.45272948284459,0.01266621468388903,4.905097974520039,4.92466264233829,4.914880308429165,4.490159273147583,state,,
-0.49999366440373555,,,-0.6427726743243969,-0.6427726743243969,,,,,,,4.4901673793792725,control,-0.24999683220187222,-0.24999683220186333
,0.004478878519354877,-0.0009454569787086417,,,0.06293683017554785,-116.54341076731272,0.012672513765029588,4.266430147467906,4.267685932309976,4.267058039888941,4.4957115650177,state,,
-0.49999366440373555,,,-0.6599172208379089,-0.6599172208379089,,,,,,,4.4957239627838135,control,-0.24999683220186333,-0.24999683220187222
,0.005038561845457486,-0.01560543036039509,,,0.052672721918671124,-120.54288111612749,0.012267065139070391,3.6052615788938174,3.596118594570121,3.6006900867319693,4.500791788101196,state,,
-0.49999366440373555,,,-0.6767188764211508,-0.6767188764211508,,,,,,,4.500803232192993,control,-0.24999683220187,-0.24999683220186555
,-0.0023113423624194314,0.005567944791790002,,,0.04883782843614874,-123.32890517414246,0.01228979814412217,2.940007857199734,2.939401364441575,2.9397046108206544,4.505840539932251,state,,
-0.49999366440373555,,,-0.6931844988927278,-0.6931844988927278,,,,,,,4.50585150718689,control,-0.24999683220186777,-0.24999683220186777
,0.006760181395569196,0.0020730365911833045,,,0.03615134636952057,-128.1122155089808,0.012114335638223459,2.215083827599665,2.2309457421254204,2.223014784862543,4.510942459106445,state,,
-0.49999366440373555,,,-0.7093208089148733,-0.7093208089148733,,,,,,,4.510954141616821,control,-0.24999683220187,-0.24999683220186555
,-0.011714519858889137,-0.003367909676074962,,,0.030258509390871605,-130.83902500391142,0.011781206744992164,1.520310443906068,1.5305318337822784,1.5254211388441732,4.516232490539551,state,,
-0.49999366440373555,,,-0.7251343927365758,-0.7251343927365758,,,,,,,4.516245603561401,control,-0.24999683220186777,-0.24999683220186777
,0.004341269662204039,0.00023038602850431042,,,0.02330247490275168,-134.204119027831,0.011590151057365458,0.8036531488227995,0.7980336690120768,0.8008434089174381,4.5210559368133545,state,,
-0.49999366440373555,,,-0.7406317048818443,-0.7406317048818443,,,,,,,4.521064043045044,control,-0.24999683220186722,-0.24999683220186833
,-0.0036087820518676855,-0.005673526806249794,,,0.017483134414795345,-137.2748900609712,0.011223446530348838,0.05106742705872182,0.08012481236090942,0.06559611970981562,4.526033639907837,state,,
-0.49999366440373555,,,-0.7558190707842074,-0.7558190707842074,,,,,,,4.526042461395264,control,-0.24999683220186777,-0.24999683220186777
,-0.00026828348814628025,0.004239499361706331,,,0.007904993787454365,-140.61235698551704,0.010967409380895845,-0.6928527419733721,-0.6883134601516033,-0.6905831010624877,4.531379461288452,state,,
-0.49999366440373555,,,-0.7707026893685233,-0.7707026893685233,,,,,,,4.531388282775879,control,-0.24999683220186833,-0.24999683220186722
,0.0013116628710234837,-0.007834877568730718,,,0.0036429596182577808,-144.19909517766428,0.010566045296044092,-1.478421449420814,-1.458905127052148,-1.4686632882364812,4.536500692367554,state,,
-0.49999366440373555,,,-0.7852886355811528,-0.7852886355811528,,,,,,,4.53650975227356,control,-0.24999683220186666,-0.24999683220186888
,-0.007602597626133193,0.0028436410672637662,,,-0.003298655531234657,-147.18716630797337,0.01022898230816019,-2.2537543470029657,-2.250557150689507,-2.2521557488462363,4.541763067245483,state,,
-0.49999366440373555,,,-0.7995828628695297,-0.7995828628695297,,,,,,,4.541772365570068,control,-0.24999683220186777,-0.24999683220186777
,0.00435887174087801,0.00682077568991819,,,-0.008446034336766512,-150.44655239673006,0.010064124558883085,-3.0580874862117757,-3.0544390169421147,-3.0562632515769454,4.546971321105957,state,,
-0.49999366440373555,,,-0.8135912056121392,-0.8135912056121392,,,,,,,4.546996355056763,control,-0.24999683220186555,-0.24999683220187
,0.0016927487015868383,0.0011262941547453852,,,-0.015522206746007329,-152.7951921264654,0.009712259638017477,-3.860392529709667,-3.854845419214757,-3.857618974462212,4.551984548568726,state,,
-0.49999366440373555,,,-0.8273193814998964,-0.8273193814998964,,,,,,,4.5519938468933105,control,-0.24999683220187,-0.24999683220186555
,-0.0016978045061383327,-0.0035198306785365315,,,-0.023361588067508696,-156.3274978260673,0.009205654367742476,-4.69628491232502,-4.69466479738074,-4.69547485485288,4.557124137878418,state,,
-0.49999366440373555,,,-0.8407729938698985,-0.8407729938698985,,,,,,,4.557132720947266,control,-0.24999683220186777,-0.24999683220186777
,-0.0044705157522547554,-0.0047875921877369035,,,-0.03115947703601913,-158.96342602570274,0.008627481788490538,-5.535877489524803,-5.528610680959445,-5.532244085242124,4.562450408935547,state,,
-0.49999366440373555,,,-0.8539575339925005,-0.8539575339925005,,,,,,,4.562459945678711,control,-0.24999683220186777,-0.24999683220186777
,-0.0028365657910627818,-0.006599122609833097,,,-0.03822991053756525,-161.98371866561146,0.00801607119393323,-6.379770905849151,-6.400693351936321,-6.390232128892736,4.567366361618042,state,,
0.5,,,-0.8068783833126505,-0.8068783833126505,,,,,,,4.567375421524048,control,0.24999999999999556,0.25000000000000444
,0.0024979878011615465,0.006708878219675601,,,-0.047401257726964824,-161.0210359742756,0.007625928312575621,-7.174956963942845,-7.185074511794361,-7.180015737868603,4.57256007194519,state,,
0.5,,,-0.7607408156463974,-0.7607408156463974,,,,,,,4.572568893432617,control,0.24999999999999556,0.25000000000000444
,-0.0031225541697181263,0.00022543609659292585,,,-0.05159202412959147,-159.72000355051222,0.00713859373509672,-7.970656817185795,-7.945161545783578,-7.957909181484687,4.577859163284302,state,,
0.5,,,-0.7155259993334694,-0.7155259993334694,,,,,,,4.577871799468994,control,0.25,0.25
,-0.0007654352568041937,-0.008062151017233404,,,-0.05746982318538878,-155.9554613281237,0.006469503284943762,-8.687877696437338,-8.667666179179017,-8.677771937808178,4.582847356796265,state,,
0.5,,,-0.6712154793467999,-0.6712154793467999,,,,,,,4.58285665512085,control,0.25,0.25
,-0.0003060469876306133,-0.003964668746427607,,,-0.06769549172240424,-150.95463593334586,0.005775374931811896,-9.365909943528704,-9.339999075197433,-9.35295450936307,4.5881736278533936,state,,
0.5,,,-0.6277911697598639,-0.6277911697598639,,,,,,,4.588186264038086,control,0.2500000000000089,0.24999999999999112
,0.00244085160009753,0.004792417630721687,,,-0.07672864838530159,-144.25679216589666,0.005252484967834203,-9.962893422829408,-9.97238452882634,-9.967638975827875,4.593059778213501,state,,
0.5,,,-0.5852353463646666,-0.5852353463646666,,,,,,,4.593068361282349,control,0.25,0.25
,0.000840934218642254,0.0017844566620291685,,,-0.08673542496966664,-137.636228278172,0.004608093547500971,-10.545310852731458,-10.555590287948597,-10.550450570340027,4.598512172698975,state,,
0.5,,,-0.5435306394373732,-0.5435306394373732,,,,,,,4.598524332046509,control,0.25,0.25
,-0.0021051410578193626,0.008075988920054263,,,-0.09342691126170605,-130.5563778107009,0.004090458790088891,-11.092204392849958,-11.088901886287207,-11.090553139568582,4.603546619415283,state,,
0.5,,,-0.5026600266486257,-0.5026600266486257,,,,,,,4.603559255599976,control,0.25,0.25
,0.011647197695266714,0.0016866005314547165,,,-0.09619591280472917,-123.99728813073482,0.0036142901823537094,-11.608840475386248,-11.603456376108335,-11.606148425747293,4.608335494995117,state,,
0.5,,,-0.4626068261156532,-0.4626068261156532,,,,,,,4.60834527015686,control,0.2500000000000089,0.24999999999999112
,0.0032738981023877553,-0.004654069781613693,,,-0.10185959533985776,-116.4183354338005,0.0028948054292837226,-12.078140085080381,-12.05709456371686,-12.06761732439862,4.613761901855469,state,,
0.5,,,-0.4233546895933401,-0.4233546895933401,,,,,,,4.613771438598633,control,0.25,0.25
,-0.008246073447410525,-0.007668464657349493,,,-0.10858202787515914,-109.02757462077787,0.001998712824747521,-12.500521374808697,-12.489733796875838,-12.495127585842267,4.618891477584839,state,,
0.5,,,-0.38488759580147325,-0.38488759580147325,,,,,,,4.618901014328003,control,0.25,0.25
,0.0020133050078270298,-0.00667142709101929,,,-0.11455848992648349,-100.61169427872592,0.0011976117203380218,-12.872083784797983,-12.856402538292315,-12.864243161545149,4.623308181762695,state,,
0.5,,,-0.3471898438854438,-0.3471898438854438,,,,,,,4.623312950134277,control,0.25,0.25
,-0.006328833755340319,0.001087865785752968,,,-0.12469693677288232,-93.02341800535442,0.00038006160438168685,-13.207146910375224,-13.210031257077816,-13.208589083726519,4.628555774688721,state,,
0.5,,,-0.31024604700773495,-0.31024604700773495,,,,,,,4.628561019897461,control,0.24999999999999112,0.2500000000000089
,-0.004316426778710668,0.0017571533180257776,,,-0.129095836971518,-86.6238850684609,-0.0003257952114319174,-13.537122578319831,-13.542590979740615,-13.539856779030224,4.633623361587524,state,,
0.5,,,-0.27404112606758024,-0.27404112606758024,,,,,,,4.633628606796265,control,0.2500000000000089,0.24999999999999112
,0.0002772119666652521,-0.003951438381968069,,,-0.13279942941845552,-78.46628311963529,-0.0010967228452983372,-13.798212337819821,-13.806499516650643,-13.802355927235233,4.638611555099487,state,,
0.5,,,-0.23856030354622862,-0.23856030354622862,,,,,,,4.63861608505249,control,0.2500000000000089,0.24999999999999112
,0.007744927677007772,0.0012768462114447446,,,-0.13117743368317142,-71.05194486421223,-0.0016086643590097938,-14.03762876910339,-14.041596817388013,-14.039612793245702,4.643690347671509,state,,
0.5,,,-0.20378909747530405,-0.20378909747530405,,,,,,,4.643694639205933,control,0.25,0.25
,0.0029851967637726847,-0.0011321765778798572,,,-0.13152267247799543,-64.22874142838832,-0.002222830856127644,-14.253181821721029,-14.251141868147661,-14.252161844934346,4.648719072341919,state,,
0.5,,,-0.16971331552579796,-0.16971331552579796,,,,,,,4.648734092712402,control,0.2500000000000089,0.24999999999999112
,-0.0010377280659439154,-0.002233690804975288,,,-0.13458856722033152,-57.34559357066962,-0.0029325076212648126,-14.419908319252572,-14.43877390520515,-14.429341112228862,4.653850793838501,state,,
0.5,,,-0.136319049215282,-0.136319049215282,,,,,,,4.653855323791504,control,0.2500000000000089,0.24999999999999112
,0.004654514520656621,-0.0068031025915869245,,,-0.13747878313086107,-49.282647417884405,-0.003681983744136249,-14.54164562065986,-14.553211530756798,-14.547428575708329,4.658994913101196,state,,
0.5,,,-0.10359266823097638,-0.10359266823097638,,,,,,,4.658998966217041,control,0.25,0.25
,0.006339424846520212,-0.0004019097548234432,,,-0.13961924551482158,-42.40285017379826,-0.004283882199639666,-14.645095026892024,-14.654799878489355,-14.64994745269069,4.66417384147644,state,,
0.5,,,-0.07152081486635685,-0.07152081486635685,,,,,,,4.664179086685181,control,0.25,0.25
,0.011092954406394174,-0.004746580898887949,,,-0.14300362983215478,-35.86848691531376,-0.004955098035560881,-14.724879508575746,-14.725705023449596,-14.725292266012671,4.66939902305603,state,,
0.5,,,-0.04009039856902971,-0.04009039856902971,,,,,,,4.669404983520508,control,0.25,0.25
,-0.007578323776961601,0.0009526807337167247,,,-0.14696465595971486,-29.58352259989922,-0.005674146712484482,-14.76414022688043,-14.782222903553027,-14.773181565216728,4.6746461391448975,state,,
0.5,,,-0.009288590597649117,-0.009288590597649117,,,,,,,4.674653768539429,control,0.24999999999999112,0.2500000000000089
,0.0005414992889406862,-0.003084645925225492,,,-0.14539829837595156,-22.99010284760072,-0.006299586382906867,-14.797802735521278,-14.768586354296575,-14.783194544908927,4.68017840385437,state,,
0.5,,,0.020897181214303864,0.020897181214303864,,,,,,,4.680187702178955,control,0.25,0.25
,0.0050765458940526895,0.0015354125584684727,,,-0.14465568848920973,-15.816507467696347,-0.006802248803452112,-14.750467297714087,-14.74574423389014,-14.748105765802112,4.685040712356567,state,,
0.5,,,0.05047923759001778,0.05047923759001778,,,,,,,4.685049295425415,control,0.24999999999999112,0.2500000000000089
,-0.0014324397489376942,0.005711002397229432,,,-0.14481187852867888,-10.41452562962981,-0.007280450829875195,-14.719914517520133,-14.708491847976202,-14.714203182748168,4.69018292427063,state,,
0.5,,,0.07946965283821741,0.07946965283821741,,,,,,,4.690191745758057,control,0.2500000000000089,0.24999999999999112
,0.001533899212595028,-0.005355917043760759,,,-0.14275362817756446,-3.6423916956048448,-0.007887938476036575,-14.632611519871283,-14.616655044405015,-14.624633282138149,4.695524215698242,state,,
0.5,,,0.10788025978145306,0.10788025978145306,,,,,,,4.6955342292785645,control,0.25,0.25
,-0.006681952273946607,0.004311929162774921,,,-0.14087904696800863,2.0282859122693147,-0.008358454058553203,-14.52640533421985,-14.522075096539012,-14.524240215379432,4.700566291809082,state,,
0.5,,,0.135722654585824,0.135722654585824,,,,,,,4.700574636459351,control,0.2500000000000089,0.24999999999999112
,0.00033936466917182655,0.0021722916647481318,,,-0.14278776287871178,8.462537639883015,-0.008875499858202863,-14.38526962492042,-14.373776835930155,-14.379523230425288,4.705776214599609,state,,
0.5,,,0.16300820149410752,0.16300820149410752,,,,,,,4.705785036087036,control,0.2500000000000089,0.24999999999999112
,0.005604671229544758,0.002011914946810366,,,-0.141423487207183,14.336385455994897,-0.009288338743339968,-14.204149258261857,-14.224562965048023,-14.21435611165494,4.711360931396484,state,,
0.5,,,0.18974803746422536,0.18974803746422536,,,,,,,4.711373805999756,control,0.25,0.25
,0.014326985177571706,0.003990978288173956,,,-0.13737559760802384,18.999612700862833,-0.00952969136521361,-14.04556670223325,-14.044714260711695,-14.045140481472473,4.71614146232605,state,,
0.5,,,0.21595307671494085,0.21595307671494085,,,,,,,4.716182470321655,control,0.25,0.25
,-0.00035500397379884164,0.003126255620688017,,,-0.13520031373332567,24.98797134544826,-0.009909877994939588,-13.83504222034829,-13.814743653283603,-13.824892936815946,4.721176624298096,state,,
0.5,,,0.24163401518064204,0.24163401518064204,,,,,,,4.721185684204102,control,0.24999999999999112,0.2500000000000089
,-0.0010638505137856643,-0.0029057635743129327,,,-0.13589224041830575,31.486561127924283,-0.0104478487090553,-13.562348699255931,-13.565715025695207,-13.56403186247557,4.726327657699585,state,,
0.5,,,0.2668013348770292,0.2668013348770292,,,,,,,4.726337194442749,control,0.2500000000000089,0.24999999999999112
,0.0026989082302852087,0.013450707497142713,,,-0.1389289583546095,36.72063679518582,-0.01069483095535886,-13.29462533651897,-13.299626217487974,-13.297125777003473,4.7315309047698975,state,,
0.5,,,0.29146530817948857,0.29146530817948857,,,,,,,4.731539249420166,control,0.25,0.25
,0.004195869098980825,0.0007840586865434706,,,-0.13283211136604722,41.52129636654058,-0.010988635727175174,-13.030028973544123,-12.99619987662091,-13.013114425082517,4.736691951751709,state,,
0.5,,,0.3156360020158988,0.3156360020158988,,,,,,,4.736700773239136,control,0.25,0.25
,0.0020244470512133074,-0.004896436537520691,,,-0.13269381269063457,46.17991806147032,-0.011490436383203207,-12.707022756250042,-12.709118379151645,-12.708070567700844,4.741883277893066,state,,
0.5,,,0.3393232819755808,0.3393232819755808,,,,,,,4.741891384124756,control,0.25,0.25
,0.001835684325163409,-0.0015002120251625744,,,-0.12955428178920808,51.71051579318181,-0.011858342340563491,-12.349361701155408,-12.37362988286352,-12.361495792009464,4.7473249435424805,state,,
0.5,,,0.36253681633606916,0.36253681633606916,,,,,,,4.747337102890015,control,0.25,0.25
,0.0030950125458411577,0.0011150257565132045,,,-0.1309503460436742,56.533488379385,-0.012238555606117247,-12.003888372317629,-12.000248342409261,-12.002068357363445,4.752007246017456,state,,
0.5,,,0.3852860800093477,0.3852860800093477,,,,,,,4.752038478851318,control,0.25,0.25
,0.0038575681218537827,-0.0032818539754788786,,,-0.1294114341540719,61.38990767221783,-0.012633830460157671,-11.614216364987866,-11.621436645780609,-11.617826505384237,4.757133722305298,state,,
0.5,,,0.40758035840916074,0.40758035840916074,,,,,,,4.757142543792725,control,0.24999999999999112,0.2500000000000089
,-0.0021529968945216277,-0.0003399142008934709,,,-0.12395344666345136,67.05034919702446,-0.012923344039496687,-11.195744390358767,-11.18922767868834,-11.192486034523554,4.7625086307525635,state,,
0.5,,,0.42942875124097757,0.42942875124097757,,,,,,,4.762520790100098,control,0.2500000000000089,0.24999999999999112
,-0.003422245700105799,0.004594579634269167,,,-0.12472872129353116,71.75086191958624,-0.013225884025091852,-10.75886409475937,-10.758977388119469,-10.758920741439418,4.767531394958496,state,,
0.5,,,0.450840176216158,0.450840176216158,,,,,,,4.767540454864502,control,0.24999999999999112,0.2500000000000089
,-0.009366473697657883,0.0006355624816212802,,,-0.1218632760974782,75.65874720660261,-0.013569217270983017,-10.329877954371176,-10.306984204348685,-10.31843107935993,4.772669315338135,state,,
0.5,,,0.47182337269183483,0.47182337269183483,,,,,,,4.772678852081299,control,0.25,0.25
,0.004829122996937516,0.010221792643825086,,,-0.11804345439225315,79.58621120296588,-0.013588627068843749,-9.863078776869223,-9.852906208053646,-9.857992492461435,4.77791953086853,state,,
0.5,,,0.4923869052379981,0.4923869052379981,,,,,,,4.7779319286346436,control,0.25,0.25
,0.004526950294612939,-0.007552971275059364,,,-0.11599301903884224,84.26567340033635,-0.013957512544939637,-9.355670132811799,-9.36870621016307,-9.362188171487436,4.783010244369507,state,,
0.5,,,0.5125391671332381,0.5125391671332381,,,,,,,4.783019781112671,control,0.2500000000000089,0.24999999999999112
,-0.0025304205828738094,-0.0011053582070221697,,,-0.10978119207847338,89.25630762961816,-0.014156368033016765,-8.8399180256952,-8.833038419632727,-8.836478222663963,4.788004159927368,state,,
0.5,,,0.5322883837905733,0.5322883837905733,,,,,,,4.788012266159058,control,0.25,0.25
,-0.006660699925967509,-0.0021952724761646718,,,-0.10357312378949665,93.1444431742712,-0.014371803646061755,-8.302545527420142,-8.315203287896507,-8.308874407658324,4.793443918228149,state,,
0.5,,,0.5516426161147618,0.5516426161147618,,,,,,,4.793457508087158,control,0.25,0.25
,-0.00434885653879899,0.005558532846445629,,,-0.09601707999105086,97.10030009076151,-0.014363724817876755,-7.7622365160628615,-7.758590461861432,-7.760413488962147,4.79837965965271,state,,
0.5,,,0.5706097637924666,0.5706097637924666,,,,,,,4.7983903884887695,control,0.25000000000000444,0.24999999999999556
,0.009287636027565185,0.0052834999751150405,,,-0.09284771318510006,101.04579978301972,-0.014312515387221158,-7.18526233138394,-7.199517492912069,-7.192389912148004,4.803593635559082,state,,
0.5,,,0.5891975685166173,0.5891975685166173,,,,,,,4.803602695465088,control,0.24999999999999556,0.25000000000000444
,0.004824297913205282,0.001018378583417637,,,-0.08728360603364901,104.78880904678662,-0.014310068972464106,-6.615869410819405,-6.601878637735285,-6.608874024277345,4.808181524276733,state,,
0.5,,,0.607413617146285,0.607413617146285,,,,,,,4.808184623718262,control,0.24999999999999556,0.25000000000000444
,-0.0005865936049457632,-0.003574854629482984,,,-0.07959339185707559,108.80580864875267,-0.014362313445854764,-6.006686401602571,-5.9951384918543775,-6.000912446728474,4.813379764556885,state,,
0.5,,,0.6252653448033593,0.6252653448033593,,,,,,,4.81338357925415,control,0.25,0.25
,0.0044571945158100815,0.002743819068138884,,,-0.07107019407678282,113.18422319300632,-0.014203958019223507,-5.3632562844718015,-5.3673571135303995,-5.365306699001101,4.818472862243652,state,,
0.5,,,0.6427600379072921,0.6427600379072921,,,,,,,4.818487882614136,control,0.25000000000000444,0.24999999999999556
,-0.0014444419140854658,-0.011920596466136425,,,-0.0633722200298643,115.87845416392976,-0.01434006841014116,-4.745286566933515,-4.740782254058639,-4.743034410496078,4.823573112487793,state,,
0.5,,,0.6599048371491463,0.6599048371491463,,,,,,,4.8235766887664795,control,0.25000000000000444,0.24999999999999556
,0.004858693122406329,0.003332124070823822,,,-0.055088382955553246,121.06448256614749,-0.014093673556381303,-4.062959860037753,-4.047387724247344,-4.055173792142549,4.828794479370117,state,,
0.5,,,0.6767067404061634,0.6767067404061634,,,,,,,4.828799486160278,control,0.25,0.25
,-0.00010794612828631,0.0036586759628572697,,,-0.05239888897526428,123.83758124753751,-0.01395711143396434,-3.392532425755468,-3.3911688734892866,-3.391850649622377,4.833809852600098,state,,
0.5,,,0.6931726055980402,0.6931726055980402,,,,,,,4.833813428878784,control,0.24999999999999778,0.2500000000000022
,0.00204980052816242,-0.001130612907682806,,,-0.04937685413605044,127.2092427657414,-0.0138761934040202,-2.693116684577923,-2.7111688675984427,-2.702142776088183,4.838849782943726,state,,
0.5,,,0.7093091534860794,0.7093091534860794,,,,,,,4.838852882385254,control,0.25,0.25
,-0.006784865430538232,-0.0067189556477385195,,,-0.03947160291122557,130.97423536625377,-0.013810394379095151,-1.9833739833933923,-1.9913257785052447,-1.9873498809493184,4.843939781188965,state,,
0.5,,,0.7251229704163578,0.7251229704163578,,,,,,,4.843943119049072,control,0.2499999999999989,0.2500000000000011
,0.0010324915826585678,0.008838729355407809,,,-0.03242505023898436,133.95134969640733,-0.013409006047149263,-1.2743967810397718,-1.2660249915360604,-1.270210886287916,4.849107027053833,state,,
0.5,,,0.7406205110080306,0.7406205110080306,,,,,,,4.84911036491394,control,0.2499999999999989,0.2500000000000011
,-0.0014945501123427747,0.0034420916082068217,,,-0.028953072669816535,137.35913784482352,-0.013173369540504076,-0.5321942520373003,-0.5261628763242138,-0.529178564180757,4.854156494140625,state,,
0.5,,,0.75580810078787,0.75580810078787,,,,,,,4.854159355163574,control,0.25,0.25
,-0.0023111065479157183,0.0010954118997813379,,,-0.0173797944381036,140.6161368648139,-0.01280902119729917,0.22978415002552813,0.22169358899648284,0.22573886951100547,4.859350681304932,state,,
0.5,,,0.7706919387721126,0.7706919387721126,,,,,,,4.859354019165039,control,0.2500000000000001,0.24999999999999986
,0.0011174993266578788,-0.0010059059183543213,,,-0.010097307174470955,143.94077270418802,-0.012496753338607702,1.007407718234667,0.9893041933925958,0.9983559558136315,4.8645265102386475,state,,
0.5,,,0.7852780999966704,0.7852780999966704,,,,,,,4.864529848098755,control,0.24999999999999944,0.25000000000000056
,0.0036127936305545717,0.006064926966857283,,,-0.005162904747726601,147.40910872060013,-0.012053339126275011,1.8013176889789775,1.7798858741174148,1.790601781548196,4.869574785232544,state,,
0.5,,,0.799572537996737,0.799572537996737,,,,,,,4.869578123092651,control,0.2500000000000011,0.2499999999999989
,-0.0058130766159508645,-0.0013462362851070215,,,0.0029193988473900515,150.40147638889465,-0.011737726968661806,2.5828277495035303,2.5976405986732973,2.5902341740884136,4.874873399734497,state,,
0.5,,,0.8135810872368022,0.8135810872368022,,,,,,,4.874876499176025,control,0.2500000000000022,0.24999999999999778
,-0.006961873345593568,-0.002357885308075035,,,0.010303413256536286,152.78046781362778,-0.01143045562744218,3.3869795836460206,3.397019091630986,3.391999337638503,4.88012433052063,state,,
0.5,,,0.8273094654920662,0.8273094654920662,,,,,,,4.8801281452178955,control,0.2500000000000022,0.24999999999999778
,-0.0018607961982649848,-0.007648691722471365,,,0.014141754849076765,156.44752907914875,-0.011226182310865184,4.226501961122593,4.238698190351598,4.232600075737095,4.885049104690552,state,,
0.5,,,0.8407632761822249,0.8407632761822249,,,,,,,4.88505220413208,control,0.25,0.25
,0.0033807656079694395,0.005550651676013345,,,0.025458174947309946,159.48623659615018,-0.01056986803525833,5.089703937701776,5.067083644122174,5.078393790911974,4.890192031860352,state,,
0.5,,,0.8539480106585804,0.8539480106585804,,,,,,,4.890195608139038,control,0.25000000000000444,0.24999999999999556
,-0.006779919129860543,-0.0003738786860914032,,,0.03256295771875334,161.80473529380487,-0.010143043732145491,5.915300733720546,5.9333343066982245,5.924317520209385,4.895225524902344,state,,
-0.49999366440373555,,,0.8068690504454088,0.8068690504454088,,,,,,,4.895230293273926,control,-0.24999683220186777,-0.24999683220186777
,0.009200892191590647,-0.008403276220869522,,,0.04029849435052184,161.79290758633235,-0.009707413483864868,6.732427037169263,6.733760591490892,6.733093814330077,4.900335311889648,state,,
-0.49999366440373555,,,0.7607316694365006,0.7607316694365006,,,,,,,4.900338888168335,control,-0.24999683220186777,-0.24999683220186777
,0.00044355903046349197,-0.01049449900816843,,,0.04590104571529226,158.97527455380077,-0.009390192773427893,7.494588490910326,7.471663838298556,7.483126164604441,4.905429363250732,state,,
-0.49999366440373555,,,0.7155170360477705,0.7155170360477705,,,,,,,4.905432939529419,control,-0.24999683220186333,-0.24999683220187222
,-0.00617375851896155,-0.0037241458807324955,,,0.052317608141717535,155.85755899673242,-0.008958608940108066,8.208286874205998,8.21730107655782,8.21279397538191,4.910508632659912,state,,
-0.49999366440373555,,,0.6712066953268151,0.6712066953268151,,,,,,,4.910513162612915,control,-0.24999683220187666,-0.2499968322018589
,0.003779206447933537,0.002268506324820318,,,0.059941300248871024,150.99167420690648,-0.008294263342272346,8.887652316795347,8.892966452674244,8.890309384734795,4.915688514709473,state,,
-0.49999366440373555,,,0.6277825614202788,0.6277825614202788,,,,,,,4.915693759918213,control,-0.24999683220186777,-0.24999683220186777
,0.0011661090286049624,0.0012056372712534822,,,0.06487181536120647,144.4153410206529,-0.007700197693807743,9.514823994539858,9.500616998333957,9.507720496436907,4.920693874359131,state,,
-0.49999366440373555,,,0.5852269101918731,0.5852269101918731,,,,,,,4.920710802078247,control,-0.2499968322018589,-0.24999683220187666
,-0.006942909255361803,0.00737607711605161,,,0.07209874600996266,137.5441336201531,-0.006992433865833027,10.085425938140489,10.086739066375024,10.086082502257756,4.925725936889648,state,,
-0.49999366440373555,,,0.5435223719880357,0.5435223719880357,,,,,,,4.9257471561431885,control,-0.24999683220186777,-0.24999683220186777
,0.0050788190290513915,0.003502012134347482,,,0.07696700058310867,130.80820064748983,-0.006294403997474686,10.633999330351651,10.631836274851752,10.632917802601701,4.930934906005859,state,,
-0.49999366440373555,,,0.5026519245482749,0.5026519245482749,,,,,,,4.9309399127960205,control,-0.24999683220186777,-0.24999683220186777
,-0.0032174973754404484,0.0011189146562649928,,,0.08679764520937597,122.98715918600446,-0.005590641755401759,11.126149813862702,11.120605901456335,11.123377857659518,4.9360191822052,state,,
-0.49999366440373555,,,0.46259888605730937,0.46259888605730937,,,,,,,4.936024188995361,control,-0.24999683220186777,-0.24999683220186777
,0.007259069448063639,-0.008251864951899383,,,0.093960040014813,116.68191877814854,-0.005003669232228857,11.608859167705752,11.604013699736164,11.606436433720958,4.94096302986145,state,,
-0.49999366440373555,,,0.4233469083361632,0.4233469083361632,,,,,,,4.940966367721558,control,-0.24999683220186777,-0.24999683220186777
,-0.01042799344106703,-0.004398480541185216,,,0.10068380191847902,108.54116329993931,-0.004462151817309233,12.011375934036558,12.027780271432867,12.019578102734712,4.946202993392944,state,,
-0.49999366440373555,,,0.38487997016943987,0.38487997016943987,,,,,,,4.946208238601685,control,-0.24999683220186777,-0.24999683220186777
,0.001788414915951265,0.002873166674986157,,,0.10803520477882145,100.80563024711371,-0.003659881142781874,12.402446305702261,12.398536537676712,12.400491421689487,4.951286792755127,state,,
-0.49999366440373555,,,0.3471823707660511,0.3471823707660511,,,,,,,4.951291799545288,control,-0.24999683220187666,-0.2499968322018589
,0.005426927668096215,-0.00019803472952466147,,,0.11248389235431738,94.13755989036213,-0.0029271360823535644,12.750357711681929,12.779749458968357,12.765053585325143,4.956263780593872,state,,
-0.49999366440373555,,,0.31023872335073,0.31023872335073,,,,,,,4.956278324127197,control,-0.24999683220186777,-0.24999683220186777
,-0.00818143006545989,0.0005892730086257602,,,0.11968472780493222,85.50932323628913,-0.0022172964774443507,13.055747212653554,13.054807887627147,13.05527755014035,4.961470127105713,state,,
-0.49999366440373555,,,0.27403394888371535,0.27403394888371535,,,,,,,4.961475133895874,control,-0.2499968322018589,-0.24999683220187666
,-0.0019409846112794858,0.004317211231235586,,,0.1214168350844483,77.74613980725077,-0.0014828841607529592,13.325516135203847,13.315390559777253,13.320453347490549,4.9665443897247314,state,,
-0.49999366440373555,,,0.23855326990604106,0.23855326990604106,,,,,,,4.966549634933472,control,-0.2499968322018589,-0.24999683220187666
,-0.0005540462427308421,-0.009466813428935511,,,0.12852277946795881,71.6435127374453,-0.000890185227041996,13.583369863461872,13.579719306092487,13.58154458477718,4.971483945846558,state,,
-0.49999366440373555,,,0.20378220450792023,0.20378220450792023,,,,,,,4.971487045288086,control,-0.24999683220187666,-0.2499968322018589
,0.0017536940422152618,0.0004005281647169326,,,0.1284746936738422,64.29692236921686,-0.00022078522252492934,13.792235239796598,13.779973919054958,13.786104579425778,4.976508617401123,state,,
-0.49999366440373555,,,0.16970656041776183,0.16970656041776183,,,,,,,4.9765119552612305,control,-0.24999683220186777,-0.24999683220186777
,0.0043892325412679106,0.00039831350008946053,,,0.1257062882129394,56.6792749491218,0.00039876743083569184,13.941573257524524,13.954951402490382,13.948262330007452,4.981783390045166,state,,
-0.49999366440373555,,,0.1363124292094066,0.1363124292094066,,,,,,,4.981788635253906,control,-0.2499968322018589,-0.24999683220187666
,0.005581757396398434,0.008115737799680377,,,0.12917591493138836,50.68523625311063,0.001272392764154649,14.098946086933568,14.11363475810159,14.106290422517578,4.986769199371338,state,,
-0.49999366440373555,,,0.10358618062521846,0.10358618062521846,,,,,,,4.986781358718872,control,-0.2499968322018589,-0.24999683220187666
,0.0025952604391665615,0.001175022679009013,,,0.13303032914677845,42.406498266758476,0.002002364835366215,14.185808610825134,14.187316802259486,14.186562706542311,4.991797208786011,state,,
-0.49999366440373555,,,0.0715144570127141,0.0715144570127141,,,,,,,4.991800785064697,control,-0.24999683220187666,-0.2499968322018589
,0.001937503384611401,0.0018832091770985132,,,0.133254374116082,36.451804732504726,0.0026704767432264736,14.27331594725091,14.274783731043991,14.274049839147452,4.997006177902222,state,,
-0.49999366440373555,,,0.04008416787245982,0.04008416787245982,,,,,,,4.997010946273804,control,-0.24999683220187666,-0.2499968322018589
,0.010019017535438877,-0.003559639598806609,,,0.13397733536063477,28.7848785783569,0.003295507427904533,14.297154918198201,14.29474770672964,14.29595131246392,5.002113580703735,state,,
-0.49999366440373555,,,0.009282484515010618,0.009282484515010618,,,,,,,5.002119064331055,control,-0.24999683220186777,-0.24999683220186777
,0.003991893394920931,0.0012000012298249052,,,0.13522849296852865,22.61745684610634,0.003966022504365363,14.307956832346282,14.313805230078609,14.310881031212446,5.007028818130493,state,,
-0.49999366440373555,,,-0.020903165175289593,-0.020903165175289593,,,,,,,5.007032155990601,control,-0.24999683220187666,-0.2499968322018589
,0.0010799371183254727,0.009282266102920543,,,0.1415448213921009,16.48387805371767,0.004861534114581676,14.291916710313163,14.299446255918452,14.295681483115807,5.012302398681641,state,,
-0.49999366440373555,,,-0.0504851018717838,-0.0504851018717838,,,,,,,5.01230788230896,control,-0.2499968322018589,-0.24999683220187666
,0.006298898039993569,-0.007355730884028712,,,0.14308195020485256,10.225408049347573,0.005401930986875069,14.243851917765397,14.250551841482123,14.24720187962376,5.0173845291137695,state,,
-0.49999366440373555,,,-0.07947539983434812,-0.07947539983434812,,,,,,,5.017389535903931,control,-0.2499968322018589,-0.24999683220187666
,-0.0066560399684565345,-0.0020965455929230436,,,0.14149902182727844,3.6965558613023113,0.005876533220599732,14.166588448852806,14.156961049318987,14.161774749085897,5.0223610401153564,state,,
-0.49999366440373555,,,-0.10788589183766116,-0.10788589183766116,,,,,,,5.022369861602783,control,-0.24999683220186777,-0.24999683220186777
,-0.002228093082657926,0.002795528855801934,,,0.14030992138547554,-1.8001434786637471,0.00646569293012009,14.07186548073348,14.058717208522562,14.065291344628022,5.027441024780273,state,,
-0.49999366440373555,,,-0.13572817400090792,-0.13572817400090792,,,,,,,5.027444839477539,control,-0.24999683220187666,-0.2499968322018589
,0.0007698956481534138,-0.0012793600996690532,,,0.13887620711073562,-8.227363699335053,0.006978828671425825,13.923354824998544,13.920369453572144,13.921862139285345,5.032520532608032,state,,
-0.49999366440373555,,,-0.16301361052088975,-0.16301361052088975,,,,,,,5.032524108886719,control,-0.24999683220187666,-0.2499968322018589
,0.001817115178964947,0.00709709281436726,,,0.14299247228520423,-14.315537029394036,0.007751760827329938,13.751295240217255,13.755481092083668,13.753388166150462,5.037641525268555,state,,
-0.49999366440373555,,,-0.18975333831047195,-0.18975333831047195,,,,,,,5.037645578384399,control,-0.24999683220186777,-0.24999683220186777
,0.0017123354707080723,0.0016835808145984365,,,0.1385252171291184,-20.62449352483948,0.008252161361970257,13.539738548651313,13.559972526000845,13.549855537326078,5.042618989944458,state,,
-0.49999366440373555,,,-0.2159582715442625,-0.2159582715442625,,,,,,,5.042622089385986,control,-0.2499968322018589,-0.24999683220187666
,0.011354198936251492,-0.001797115873162328,,,0.13430370516688991,-24.86958502193806,0.008732684428241237,13.347079113025037,13.368810652279617,13.357944882652326,5.04781174659729,state,,
-0.49999366440373555,,,-0.24163910611337724,-0.24163910611337724,,,,,,,5.047816038131714,control,-0.2499968322018589,-0.24999683220187666
,0.00300292488887368,0.007347271811958059,,,0.13259247736958618,-30.76730122066885,0.009342140692078059,13.101246666537678,13.119239949364054,13.110243307950867,5.05289101600647,state,,
-0.49999366440373555,,,-0.2668063239911097,-0.2668063239911097,,,,,,,5.052894592285156,control,-0.24999683220187666,-0.2499968322018589
,0.0036685116244829373,0.006189542742708549,,,0.13120444562093841,-36.34833895237752,0.009921092788500478,12.835985055207747,12.843368222653448,12.839676638930598,5.057897090911865,state,,
-0.49999366440373555,,,-0.29147019751128755,-0.29147019751128755,,,,,,,5.0579001903533936,control,-0.24999683220187666,-0.2499968322018589
,-0.0022083342930017224,-0.0015918271138661067,,,0.12936930912758773,-41.22690648574693,0.010284351572715294,12.562279981429638,12.549514603945415,12.555897292687526,5.0632102489471436,state,,
-0.49999366440373555,,,-0.3156407935610618,-0.3156407935610618,,,,,,,5.063214302062988,control,-0.2499968322018589,-0.24999683220187666
,-0.0018513762157568595,-0.0004900251251376489,,,0.12541339918573938,-46.42047977485643,0.010610994495259995,12.245906398097562,12.236366817274565,12.241136607686062,5.068211317062378,state,,
-0.49999366440373555,,,-0.3393279776898406,-0.3393279776898406,,,,,,,5.0682148933410645,control,-0.2499968322018589,-0.24999683220187666
,-0.0007996423090274833,0.0005633869079503723,,,0.1278540174325595,-52.31667139243618,0.011070204872300538,11.886671529961268,11.88475336321553,11.8857124465884,5.073204755783081,state,,
-0.49999366440373555,,,-0.3625414181360438,-0.3625414181360438,,,,,,,5.073207855224609,control,-0.24999683220187666,-0.2499968322018589
,0.0007916790306332071,0.001932227669869107,,,0.1195220337210634,-57.71739022892551,0.011348620835146617,11.523683023316313,11.498657747755875,11.511170385536094,5.078453063964844,state,,
-0.49999366440373555,,,-0.38529058977332287,-0.38529058977332287,,,,,,,5.078457355499268,control,-0.24999683220186777,-0.24999683220186777
,0.0030299586088329473,-0.002243595686419773,,,0.11570061519629321,-61.24692856405333,0.011612178075330727,11.135279788356847,11.16224300250122,11.148761395429034,5.083479404449463,state,,
-0.49999366440373555,,,-0.4075847779778564,-0.4075847779778564,,,,,,,5.0834832191467285,control,-0.24999683220186777,-0.24999683220186777
,-0.0012495020336698607,0.0001773876599756238,,,0.11520111566766943,-65.51207511936556,0.011932998702716073,10.763071623611758,10.743566584594792,10.753319104103275,5.0886499881744385,state,,
-0.49999366440373555,,,-0.42943308241829925,-0.42943308241829925,,,,,,,5.088660717010498,control,-0.24999683220186777,-0.24999683220186777
,0.0016450321353810075,0.0015143341070403783,,,0.11255739436638892,-71.91686049898419,0.012247331393062194,10.300776468566474,10.282822484128431,10.291799476347453,5.093538761138916,state,,
-0.49999366440373555,,,-0.45084442076993325,-0.45084442076993325,,,,,,,5.0935423374176025,control,-0.24999683220187666,-0.2499968322018589
,-0.003273939855137205,-0.006080075637041397,,,0.10922369608609407,-75.00897200205503,0.012350718754579887,9.859277070377336,9.875807196236012,9.867542133306674,5.0986597537994385,state,,
-0.49999366440373555,,,-0.47182753235453456,-0.47182753235453456,,,,,,,5.098663330078125,control,-0.24999683220186777,-0.24999683220186777
,-0.008189497126973273,0.011861410315482164,,,0.10001863470441144,-80.27907372340599,0.012612010022328583,9.391456442106353,9.373084539362916,9.382270490734633,5.103835344314575,state,,
-0.49999366440373555,,,-0.4923909817074439,-0.4923909817074439,,,,,,,5.103840112686157,control,-0.2499968322018589,-0.24999683220187666
,0.005339200439927959,-0.0037737359566435698,,,0.10067233383333965,-84.57434543060535,0.012835198761666522,8.90325218344708,8.878822598891427,8.891037391169252,5.108821392059326,state,,
-0.49999366440373555,,,-0.512543162073295,-0.512543162073295,,,,,,,5.108825206756592,control,-0.2499968322018589,-0.24999683220187666
,0.000626056373378232,-0.001649792477390086,,,0.0947431880719217,-89.7088398163804,0.012926629351216272,8.349411685276577,8.372138666543389,8.360775175909982,5.113943099975586,state,,
-0.49999366440373555,,,-0.532292298831829,-0.532292298831829,,,,,,,5.11394739151001,control,-0.2499968322018589,-0.24999683220187666
,0.006487358139237874,0.000877462187036376,,,0.0869628274068601,-92.3398539725819,0.013039700418957259,7.860640851903649,7.853763178529652,7.85720201521665,5.119035005569458,state,,
-0.49999366440373555,,,-0.5516464528551925,-0.5516464528551925,,,,,,,5.1190385818481445,control,-0.24999683220186333,-0.24999683220187222
,-0.00047321248439361163,0.008560924246582067,,,0.08285402101431728,-96.9042878786486,0.013278619311044886,7.303854227099183,7.296216480834278,7.300035353966731,5.124030590057373,state,,
-0.49999366440373555,,,-0.5706135237980887,-0.5706135237980887,,,,,,,5.124033689498901,control,-0.24999683220186777,-0.24999683220186777
,0.012307835245129493,0.003993496477336066,,,0.07770268593905791,-100.94421805041952,0.013481378006086083,6.741425018389537,6.720608537723044,6.73101677805629,5.129163980484009,state,,
-0.49999366440373555,,,-0.5892012533221269,-0.5892012533221269,,,,,,,5.129167318344116,control,-0.24999683220186333,-0.24999683220187222
,-0.0014755101694906036,-0.010619796140379117,,,0.07645043879204029,-105.20372201400022,0.013361018158732526,6.156276267340136,6.118135846447764,6.13720605689395,5.134362697601318,state,,
-0.49999366440373555,,,-0.6074172282556844,-0.6074172282556844,,,,,,,5.134366273880005,control,-0.24999683220186777,-0.24999683220186777
,-0.0025547984217479413,0.005524486400012476,,,0.06813078555664837,-109.45383837876436,0.013383842620036624,5.5317865118365885,5.512801812530074,5.522294162183331,5.139492511749268,state,,
-0.49999366440373555,,,-0.6252688836905708,-0.6252688836905708,,,,,,,5.139495849609375,control,-0.24999683220186777,-0.24999683220186777
,0.0024524250772460757,0.003565155537592507,,,0.06211390849427465,-112.39812650457237,0.013413453580893646,4.931737516273839,4.895149941225277,4.913443728749558,5.144790172576904,state,,
-0.49999366440373555,,,-0.6427635060167594,-0.6427635060167594,,,,,,,5.1447978019714355,control,-0.24999683220186333,-0.24999683220187222
,0.0008470908676425211,0.002329127256711675,,,0.057930363069774546,-116.24305370209046,0.013415691169498886,4.258914729484896,4.28315435713062,4.271034543307758,5.149665117263794,state,,
-0.49999366440373555,,,-0.6599082358964242,-0.6599082358964242,,,,,,,5.149668455123901,control,-0.24999683220186777,-0.24999683220186777
,-0.0029897871438579254,-0.002140885653053209,,,0.05204014306723696,-120.34261367869442,0.013250896939886835,3.5970166829984977,3.611133219874431,3.6040749514364645,5.154707670211792,state,,
-0.49999366440373555,,,-0.6767100711784958,-0.6767100711784958,,,,,,,5.154711008071899,control,-0.24999683220187,-0.24999683220186555
,0.00437119546917201,0.000963638115443338,,,0.048617166783936586,-123.41598101425353,0.013223433631716948,2.9317008194537326,2.944460952598381,2.9380808860260568,5.159771919250488,state,,
-0.49999366440373555,,,-0.6931758697549258,-0.6931758697549258,,,,,,,5.1597747802734375,control,-0.24999683220186777,-0.24999683220186777
,-0.015572975514439782,0.0010128813601822158,,,0.04436711756346428,-127.63088890760122,0.013015567180477756,2.2409423336377228,2.224745864157712,2.2328440988977176,5.165318727493286,state,,
-0.49999366440373555,,,-0.7093123523598274,-0.7093123523598274,,,,,,,5.165322542190552,control,-0.24999683220187,-0.24999683220186555
,-0.002684245469817301,-0.0023639746655480477,,,0.042551800935190204,-130.549094619559,0.012873966421251062,1.530967440212674,1.5363404385837534,1.5336539393982136,5.170104742050171,state,,
-0.49999366440373555,,,-0.7251261053126309,-0.7251261053126309,,,,,,,5.170108079910278,control,-0.24999683220186666,-0.24999683220186888
,-0.005194688170557111,0.00011688736165426664,,,0.03285169909005953,-134.49955273953267,0.012592108080064335,0.792962730983967,0.8036026329628689,0.7982826819734179,5.17526388168335,state,,
-0.49999366440373555,,,-0.7406235832063783,-0.7406235832063783,,,,,,,5.175266742706299,control,-0.24999683220186722,-0.24999683220186833
,-0.0011590152262775076,0.0008757191683556933,,,0.02492839565424206,-137.3871063156321,0.012348843150321288,0.07602435901907158,0.054756256755661675,0.06539030788736663,5.180476427078247,state,,
-0.49999366440373555,,,-0.7558111115422508,-0.7558111115422508,,,,,,,5.180480003356934,control,-0.24999683220186786,-0.2499968322018677
,0.001747530377558992,-0.0016738167551120786,,,0.017665854509327963,-141.29131284752577,0.012059408684076981,-0.7024206725150718,-0.7039865938659615,-0.7032036331905167,5.185658693313599,state,,
-0.49999366440373555,,,-0.7706948893114057,-0.7706948893114057,,,,,,,5.185662269592285,control,-0.24999683220186722,-0.24999683220186833
,-0.0015565943446091538,-4.291993946714406e-05,,,0.006435357630227716,-143.90589083343505,0.011664587106346363,-1.4692839292602706,-1.4594068475664566,-1.4643453884133635,5.190667152404785,state,,
-0.49999366440373555,,,-0.7852809915251776,-0.7852809915251776,,,,,,,5.190679550170898,control,-0.24999683220186888,-0.24999683220186666
,0.0023912082596994496,-0.006345658275166586,,,0.0003737987547568558,-146.95407941494705,0.011240865829911855,-2.2503104934424822,-2.2449479335784965,-2.247629213510489,5.195817470550537,state,,
-0.49999366440373555,,,-0.7995753716946741,-0.7995753716946741,,,,,,,5.195820331573486,control,-0.24999683220187,-0.24999683220186555
,0.0068656288254048126,-0.004230613075109619,,,-0.0051995905044578536,-150.31132110833124,0.010878434008142576,-3.04375564564394,-3.06148031459161,-3.052617980117775,5.20093035697937,state,,
-0.49999366440373555,,,-0.8135838642607806,-0.8135838642607806,,,,,,,5.200933456420898,control,-0.24999683220186777,-0.24999683220186777
,-0.004218755956869825,-0.007171395113439833,,,-0.010137867219839704,-153.64678374589948,0.010372017539642401,-3.8616117287404155,-3.8862631422075933,-3.873937435474004,5.206047534942627,state,,
-0.49999366440373555,,,-0.827312186975565,-0.827312186975565,,,,,,,5.206052780151367,control,-0.24999683220187,-0.24999683220186555
,0.005885420095073095,-0.017576136499073493,,,-0.015213451548845135,-156.07793037958865,0.009730558163661373,-4.696814663563936,-4.6892253120065295,-4.693019987785233,5.211114168167114,state,,
-0.49999366440373555,,,-0.8407659432360537,-0.8407659432360537,,,,,,,5.211117744445801,control,-0.24999683220186777,-0.24999683220186777
,-0.003728736778642551,0.008911344467687135,,,-0.021735132731106978,-158.5824913001388,0.009467864707173123,-5.542112526588106,-5.5094750121398155,-5.525793769363961,5.216222047805786,state,,
-0.49999366440373555,,,-0.8539506243713326,-0.8539506243713326,,,,,,,5.216225624084473,control,-0.24999683220186333,-0.24999683220187222
,-0.0017723280772465706,0.0011451730047340573,,,-0.029763188576533407,-161.42615481577593,0.009017910098141855,-6.37660138591411,-6.379764321972317,-6.378182853943214,5.22133731842041,state,,
0.5,,,-0.8068716118839059,-0.8068716118839059,,,,,,,5.2213404178619385,control,0.25,0.25
,0.004565443989975332,0.00042424749249549116,,,-0.03870813477568086,-162.08587308888994,0.008552511975385637,-7.194741687482622,-7.2034822361355335,-7.199111961809078,5.226516485214233,state,,
0.5,,,-0.7607341796462277,-0.7607341796462277,,,,,,,5.226519346237183,control,0.25,0.25
,0.015650661896434707,-0.0038017844627712266,,,-0.04835061347300126,-159.50486823646864,0.008042157614660856,-7.950438737788421,-7.960677932113018,-7.9555583349507195,5.231660604476929,state,,
0.5,,,-0.7155194960533031,-0.7155194960533031,,,,,,,5.231663465499878,control,0.25,0.25
,0.00158166696918502,-0.0017422026501616988,,,-0.05664053090900883,-155.90885387432076,0.007456229496436752,-8.6822829857067,-8.67345753070489,-8.677870258205795,5.236798524856567,state,,
0.5,,,-0.671209106132237,-0.671209106132237,,,,,,,5.236802101135254,control,0.25,0.25
,0.0014314602590289086,-0.007960288675063354,,,-0.06562087027462368,-150.80724116992786,0.006710664973365477,-9.352734151070134,-9.348689401111827,-9.35071177609098,5.2418718338012695,state,,
0.5,,,-0.6277849240095923,-0.6277849240095923,,,,,,,5.241874694824219,control,0.25,0.25
,0.004762179134397527,-0.0010734447332756674,,,-0.07123611519858408,-144.07597698596285,0.0061576084794271934,-9.950115654683882,-9.977804873730616,-9.963960264207248,5.2470481395721436,state,,
0.5,,,-0.5852292255294004,-0.5852292255294004,,,,,,,5.247051000595093,control,0.24999999999999112,0.2500000000000089
,-0.012023856058776834,-0.003021858908636791,,,-0.07972871396547548,-137.0862567956681,0.005368256080677267,-10.536575962315835,-10.539717430232418,-10.538146696274126,5.2521445751190186,state,,
0.5,,,-0.5435246410188124,-0.5435246410188124,,,,,,,5.252147674560547,control,0.24999999999999112,0.2500000000000089
,-0.009829887094185311,0.005191092880033494,,,-0.09278938515696761,-131.673536541631,0.004628251451335969,-11.108683030682323,-11.112053490481513,-11.110368260581918,5.257605075836182,state,,
0.5,,,-0.5026541481984361,-0.5026541481984361,,,,,,,5.257617712020874,control,0.25,0.25
,-0.0001853686136002944,-0.007286370458852009,,,-0.09583269497340005,-123.14260951648369,0.00388431433668135,-11.586335390299094,-11.594279384987892,-11.590307387643493,5.262427091598511,state,,
0.5,,,-0.4626010652344674,-0.4626010652344674,,,,,,,5.262430191040039,control,0.25,0.25
,0.008295468967640272,0.0052891993449610784,,,-0.09780046888402452,-116.73320592248925,0.00345890575288996,-12.078765384759844,-12.065163796901002,-12.071964590830422,5.267655611038208,state,,
0.5,,,-0.423349043929778,-0.423349043929778,,,,,,,5.267658710479736,control,0.24999999999999112,0.2500000000000089
,0.003485883900986531,0.0021289277107293674,,,-0.10557681751237528,-109.27818350881763,0.00281889434938555,-12.498067640742347,-12.501342642407332,-12.49970514157484,5.272653102874756,state,,
0.5,,,-0.38488206305118244,-0.38488206305118244,,,,,,,5.272656202316284,control,0.25,0.25
,-0.0009680566778996854,0.005347132711236284,,,-0.11367894567963052,-101.35670278273994,0.0021735790288906934,-12.888414095373669,-12.872414652770923,-12.880414374072295,5.277747392654419,state,,
0.5,,,-0.34718442179015874,-0.34718442179015874,,,,,,,5.277750492095947,control,0.24999999999999112,0.2500000000000089
,-0.0030746394522772136,-0.003058221683147179,,,-0.11825981687869414,-93.33859285891396,0.0014019146235602605,-13.228222776019562,-13.21076753498795,-13.219495155503756,5.282937288284302,state,,
0.5,,,-0.31024073335435554,-0.31024073335435554,,,,,,,5.28294038772583,control,0.25,0.25
,0.005368788969048878,0.007236361917874597,,,-0.12161407295549621,-85.63042474177153,0.0009022612239993096,-13.527463152445366,-13.52247279437455,-13.524967973409957,5.2879486083984375,state,,
0.5,,,-0.2740359186872684,-0.2740359186872684,,,,,,,5.287951707839966,control,0.24999999999999112,0.2500000000000089
,-0.00017896632724742745,0.003442318475300627,,,-0.12523110379298946,-78.41442771673603,0.00027911758507415856,-13.800807520666243,-13.80358038414687,-13.802193952406556,5.293296575546265,state,,
0.5,,,-0.23855520031352304,-0.23855520031352304,,,,,,,5.293305397033691,control,0.25,0.25
,-0.003965860584060108,-0.0011355365286652382,,,-0.13339186267000175,-71.28927265354724,-0.0005555572414652881,-14.045286260916566,-14.04519364071147,-14.045239950814018,5.298511505126953,state,,
0.5,,,-0.20378409630725258,-0.20378409630725258,,,,,,,5.298514127731323,control,0.25,0.25
,0.002926435146283573,-0.00586510020485336,,,-0.1359354367360327,-64.82735509838984,-0.0013350209221319835,-14.26622904363702,-14.266835184823798,-14.266532114230408,5.303515195846558,state,,
0.5,,,-0.16970841438110754,-0.16970841438110754,,,,,,,5.303518056869507,control,0.24999999999999112,0.2500000000000089
,0.000681316629250276,0.002668326441857567,,,-0.13518192076350666,-56.790230153005155,-0.0019019923465230556,-14.426639657327323,-14.418497240002514,-14.422568448664919,5.308581829071045,state,,
0.5,,,-0.1363142460934854,-0.1363142460934854,,,,,,,5.308584690093994,control,0.25,0.25
,0.0006831169931048263,0.002329812712011861,,,-0.13674564144034845,-49.0507806737961,-0.0025077016105019044,-14.53220977556163,-14.557080600220944,-14.544645187891287,5.3136677742004395,state,,
0.5,,,-0.10358796117161567,-0.10358796117161567,,,,,,,5.313670873641968,control,0.25,0.25
,-0.0008198145547273357,-0.008070386800097785,,,-0.13546624713243716,-42.97900434340993,-0.003254973420171673,-14.65845408348889,-14.667355692461918,-14.662904887975404,5.3187172412872314,state,,
0.5,,,-0.07151620194818335,-0.07151620194818335,,,,,,,5.318720102310181,control,0.2500000000000089,0.24999999999999112
,0.005919383887316597,0.003053779916549267,,,-0.14106032508273814,-35.53056160424164,-0.0038652894906542,-14.730412489477928,-14.713611606460185,-14.722012047969056,5.323835849761963,state,,
0.5,,,-0.04008587790921969,-0.04008587790921969,,,,,,,5.323838710784912,control,0.24999999999999112,0.2500000000000089
,-0.004419689691736818,0.0007631411539793129,,,-0.1432380483134143,-28.54143198605191,-0.004540117373494674,-14.746267386624588,-14.76070012384507,-14.753483755234829,5.328923225402832,state,,
0.5,,,-0.009284160351035298,-0.009284160351035298,,,,,,,5.32892632484436,control,0.25,0.25
,0.0038412960929353106,0.002453726673053959,,,-0.14524604521211906,-22.49091561123061,-0.0051158861836541935,-14.775689358621564,-14.763593390098146,-14.769641374359855,5.334099531173706,state,,
0.5,,,0.020901522855985406,0.020901522855985406,,,,,,,5.334102392196655,control,0.25,0.25
,-0.0013458115015133642,-0.0070216013404620185,,,-0.14443080351620136,-16.386341794502727,-0.005846591652207362,-14.75887617345633,-14.749955373528087,-14.754415773492209,5.339226961135864,state,,
0.5,,,0.050483492398865695,0.050483492398865695,,,,,,,5.3392298221588135,control,0.2500000000000089,0.24999999999999112
,0.0021807203635788052,0.00808205616208139,,,-0.1451529353244433,-9.955593820829645,-0.0062835378554655374,-14.693397095315843,-14.710293324319217,-14.701845209817531,5.3443193435668945,state,,
0.5,,,0.07947382255088838,0.07947382255088838,,,,,,,5.344323396682739,control,0.2500000000000089,0.24999999999999112
,-0.003262795489776624,-0.003955529390925845,,,-0.14625724498392667,-4.234275951498255,-0.006987082923118748,-14.635375810195654,-14.628542164973576,-14.631958987584614,5.349815607070923,state,,
0.5,,,0.1078843460998706,0.1078843460998706,,,,,,,5.349818468093872,control,0.24999999999999112,0.2500000000000089
,-0.0002023680169411952,0.005394518937990249,,,-0.14459029110897625,2.24575145535173,-0.007428806783777955,-14.52121737194056,-14.513977410040924,-14.517597390990742,5.354557037353516,state,,
0.5,,,0.1357266591778732,0.1357266591778732,,,,,,,5.354559898376465,control,0.25,0.25
,0.005520995697106865,-0.005268644668924972,,,-0.14741901933366658,8.373419355659504,-0.008101174817126982,-14.372242234726812,-14.384168626506176,-14.378205430616493,5.359624624252319,state,,
0.5,,,0.16301212599431572,0.16301212599431572,,,,,,,5.3596343994140625,control,0.24999999999999112,0.2500000000000089
,0.007929202895284336,-0.010229423718791578,,,-0.14558396247762334,14.69993585882597,-0.008752593435526973,-14.202886137248637,-14.205146090589809,-14.204016113919224,5.364713907241821,state,,
0.5,,,0.1897518834744294,0.1897518834744294,,,,,,,5.36471700668335,control,0.2500000000000089,0.24999999999999112
,-0.003302212870709341,-0.0031836211346585336,,,-0.1473303591585789,19.654021744605558,-0.009407989209210642,-14.021689197948477,-14.03210936099919,-14.026899279473835,5.369848012924194,state,,
0.5,,,0.2159568458049408,0.2159568458049408,,,,,,,5.3698508739471436,control,0.2500000000000089,0.24999999999999112
,0.0008164481439874359,-0.0021662663286767378,,,-0.14296020040228846,25.32809489435538,-0.009883977795853835,-13.823710599106432,-13.796195653048144,-13.80995312607729,5.374983787536621,state,,
0.5,,,0.24163770888884198,0.24163770888884198,,,,,,,5.374986886978149,control,0.2500000000000089,0.24999999999999112
,-0.0005934025347072738,0.004984499273216215,,,-0.13983957257248586,30.58942683447542,-0.010232330422976353,-13.579431956984736,-13.56710662972161,-13.573269293353174,5.380119562149048,state,,
0.5,,,0.26680495471106513,0.26680495471106513,,,,,,,5.380122184753418,control,0.2500000000000089,0.24999999999999112
,-0.0028320783051322246,0.007059631783812538,,,-0.13951520259945685,35.49779225813103,-0.010593834557013529,-13.314375425643675,-13.320947114546138,-13.317661270094906,5.385556221008301,state,,
0.5,,,0.2914688556168439,0.2914688556168439,,,,,,,5.38555908203125,control,0.24999999999999112,0.2500000000000089
,0.000493813224401927,-0.00565123961408505,,,-0.14047697302308043,41.53141712359356,-0.011184212306589265,-13.02549780003199,-13.002454324501777,-13.013976062266885,5.390687465667725,state,,
0.5,,,0.315639478504507,0.315639478504507,,,,,,,5.390690803527832,control,0.2500000000000089,0.24999999999999112
,-0.0027562775134696254,0.010384079836426646,,,-0.14025973308526918,46.48463459023574,-0.011469701444567302,-12.699575143909156,-12.70586482591721,-12.702719984913184,5.3964526653289795,state,,
0.5,,,0.33932668893441686,0.33932668893441686,,,,,,,5.396456003189087,control,0.2500000000000089,0.24999999999999112
,0.0023165946070805355,0.005108771395635172,,,-0.13887147130064537,51.84420522171756,-0.01178469334366494,-12.36262990216094,-12.353767583678156,-12.358198742919548,5.400813817977905,state,,
0.5,,,0.36254015515572857,0.36254015515572857,,,,,,,5.400815963745117,control,0.25,0.25
,0.008226828363643756,-0.0015819608727812233,,,-0.1324442285070248,56.672266837303354,-0.01206364166386889,-11.998933365072444,-11.997059478059075,-11.997996421565759,5.405763626098633,state,,
0.5,,,0.38528935205261394,0.38528935205261394,,,,,,,5.405766010284424,control,0.24999999999999112,0.2500000000000089
,-0.0015337481259810372,-0.002767827467064411,,,-0.12809539462671996,61.953975341015756,-0.012442639790690255,-11.609835537966346,-11.59849554848775,-11.604165543227047,5.410843133926392,state,,
0.5,,,0.4075835650115617,0.4075835650115617,,,,,,,5.410845518112183,control,0.25,0.25
,-0.0029736087696932228,-0.0029708628998372207,,,-0.12493703227039407,65.924736393637,-0.012831615273040577,-11.211568517035262,-11.211121955610174,-11.211345236322718,5.416033029556274,state,,
0.5,,,0.4294318937113304,0.4294318937113304,,,,,,,5.416035175323486,control,0.24999999999999112,0.2500000000000089
,0.00045445358469445595,0.00346932028581105,,,-0.12198419776518801,71.35071579395986,-0.01305649380508065,-10.760971443688907,-10.775497582481695,-10.7682345130853,5.421217679977417,state,,
0.5,,,0.45084325583710383,0.45084325583710383,,,,,,,5.421221494674683,control,0.24999999999999112,0.2500000000000089
,-0.008051422077155033,0.00043970370661573955,,,-0.11382116587206975,75.3275063499941,-0.013275050126486925,-10.328125779215894,-10.328483008527963,-10.328304393871928,5.426133155822754,state,,
0.5,,,0.4718263907203617,0.4718263907203617,,,,,,,5.426136016845703,control,0.25,0.25
,0.003175584940971403,0.008057708052315257,,,-0.10975214186647085,79.92012184722448,-0.01330829719596974,-9.850233596165593,-9.860986481485085,-9.85561003882534,5.431334495544434,state,,
0.5,,,0.49238986290595443,0.49238986290595443,,,,,,,5.43133807182312,control,0.2500000000000089,0.24999999999999112
,0.0026316356657586815,0.005414964245070526,,,-0.10980431204654459,85.04910119503273,-0.01345852885798685,-9.355219443044488,-9.34224913941188,-9.348734291228183,5.43648099899292,state,,
0.5,,,0.5125420656478353,0.5125420656478353,,,,,,,5.436484336853027,control,0.24999999999999112,0.2500000000000089
,0.0028968495773657767,0.0045941711374390985,,,-0.10401217803875745,88.77206508149615,-0.013499491525772546,-8.835522165931518,-8.855720144613233,-8.845621155272376,5.441478729248047,state,,
0.5,,,0.5322912243348786,0.5322912243348786,,,,,,,5.44148325920105,control,0.25,0.25
,0.010159905342228359,-0.0077601139620753195,,,-0.10018481334346796,93.02888006555708,-0.013726990413602104,-8.310510254291483,-8.31494462628951,-8.312727440290496,5.4465272426605225,state,,
0.5,,,0.5516453998481811,0.5516453998481811,,,,,,,5.446530103683472,control,0.25,0.25
,-0.0033407318555285295,-3.304261547667848e-05,,,-0.09114269009178155,96.28878944965041,-0.013781089471735479,-7.761445761154521,-7.797355086427945,-7.779400423791233,5.451556205749512,state,,
0.5,,,0.5706124918512174,0.5706124918512174,,,,,,,5.451559066772461,control,0.25,0.25
,-0.0026438491078920974,0.0008065006241562162,,,-0.08997209588503627,100.9533274913704,-0.013930378085618655,-7.203668170030098,-7.19712254532268,-7.200395357676388,5.456621170043945,state,,
0.5,,,0.5892002420141931,0.5892002420141931,,,,,,,5.4566240310668945,control,0.24999999999999556,0.25000000000000444
,-0.0038054430859877694,-0.003236026236889826,,,-0.08806955270715082,105.6496273836566,-0.01413963806528008,-6.593090154717308,-6.601716418379046,-6.597403286548177,5.461791038513184,state,,
0.5,,,0.6074162371739092,0.6074162371739092,,,,,,,5.461798667907715,control,0.25,0.25
,0.005771902900205154,-0.007287004637656941,,,-0.08521871265024462,109.15645678060852,-0.014320039008097637,-5.997597101938249,-5.994019056731046,-5.9958080793346475,5.466931581497192,state,,
0.5,,,0.6252679124304311,0.6252679124304311,,,,,,,5.466934680938721,control,0.25,0.25
,-0.0025192273398300384,-0.0020662555411788373,,,-0.07864821407290351,112.68809000590277,-0.014371258381546972,-5.373311658516507,-5.379008223095131,-5.3761599408058185,5.471986770629883,state,,
0.5,,,0.6427625541818225,0.6427625541818225,,,,,,,5.471989631652832,control,0.24999999999999556,0.25000000000000444
,-0.009099279823358588,0.004229406006392346,,,-0.06784973477498163,116.52698546863473,-0.014234564126765308,-4.732191644394309,-4.732662544749613,-4.73242709457196,5.477122783660889,state,,
0.5,,,0.659907303098186,0.659907303098186,,,,,,,5.477125644683838,control,0.24999999999999556,0.25000000000000444
,-0.008902606334799753,0.00023816349228331782,,,-0.05773997642374455,119.48445889787862,-0.014134462707621318,-4.074362386229058,-4.101507910870655,-4.087935148549857,5.482253074645996,state,,
0.5,,,0.6767091570362224,0.6767091570362224,,,,,,,5.482255935668945,control,0.25,0.25
,-0.0010708801493505493,0.0011308702525613284,,,-0.054685444708574504,123.79355429517466,-0.014056688032369756,-3.3949602465451956,-3.405811741055932,-3.4003859938005636,5.487465143203735,state,,
0.5,,,0.693174973895498,0.693174973895498,,,,,,,5.487468242645264,control,0.24999999999999778,0.2500000000000022
,0.005047348240613188,-0.003811603087009614,,,-0.046447857672133545,128.44792579539512,-0.013905597970649679,-2.6877249296093715,-2.680414553788578,-2.6840697416989747,5.492526054382324,state,,
0.5,,,0.709311474417588,0.709311474417588,,,,,,,5.492528915405273,control,0.25,0.25
,-0.007969251485496024,0.0002324970152363806,,,-0.04059998057158225,131.20880916158094,-0.013787735680870227,-1.9901559318426205,-1.9780138129337859,-1.9840848723882032,5.497603416442871,state,,
0.5,,,0.7251252449292362,0.7251252449292362,,,,,,,5.497606515884399,control,0.25,0.25
,0.00859270626028853,-0.005130589796808016,,,-0.028259523188196852,134.96829559700382,-0.013487067311799689,-1.2486893851583922,-1.250129233711079,-1.2494093094347356,5.502670526504517,state,,
0.5,,,0.7406227400306515,0.7406227400306515,,,,,,,5.502673625946045,control,0.25,0.25
,-0.0030857602621728315,0.003944732690077867,,,-0.021566204558063087,137.10245991699412,-0.01316591547720398,-0.5305570559903434,-0.5293044035298239,-0.5299307297600837,5.5077691078186035,state,,
0.5,,,0.7558102852300386,0.7558102852300386,,,,,,,5.507772207260132,control,0.25000000000000056,0.24999999999999944
,-0.0027241758996195526,0.0024189023831177182,,,-0.018370391761237618,140.85035404458094,-0.01291572661636421,0.2300181126304765,0.23792314361327083,0.23397062812187366,5.513289451599121,state,,
0.5,,,0.7706940795254378,0.7706940795254378,,,,,,,5.513292551040649,control,0.25,0.25
,0.005439608836881366,-0.00899137199901184,,,-0.011357751181524477,144.12815691272505,-0.012727892232370372,1.0190830624763056,0.9944754686838778,1.0067792655800918,5.518106937408447,state,,
0.5,,,0.7852801979349291,0.7852801979349291,,,,,,,5.518110990524292,control,0.24999999999999944,0.25000000000000056
,0.0029996263301627054,-3.576486671515465e-05,,,-0.0036744118715677544,147.16103393938545,-0.012347527447217722,1.7956495699684938,1.7860587747021146,1.7908541723353042,5.523169755935669,state,,
0.5,,,0.7995745939762305,0.7995745939762305,,,,,,,5.523172855377197,control,0.25,0.25
,-0.00693300427015193,0.003770206672669852,,,0.0028969330206497232,150.1000773866621,-0.011963016960529784,2.5804884969067383,2.595773280149676,2.588130888528207,5.528330087661743,state,,
0.5,,,0.8135831020967059,0.8135831020967059,,,,,,,5.528341054916382,control,0.25,0.25
,0.002428802598192945,0.0020278439027387237,,,0.00982382309264834,153.45662591138694,-0.011509526527167378,3.405615687898678,3.412054606159159,3.4088351470289187,5.5334789752960205,state,,
0.5,,,0.8273114400547719,0.8273114400547719,,,,,,,5.53348183631897,control,0.24999999999999778,0.2500000000000022
,-0.0015837930762064726,-0.0063255535541713506,,,0.02026555473624517,155.47807023904616,-0.011144043294206572,4.215160333027547,4.221635234807161,4.218397783917354,5.538599014282227,state,,
0.5,,,0.8407652112536764,0.8407652112536764,,,,,,,5.538601636886597,control,0.25000000000000444,0.24999999999999556
,-0.008540382987353226,0.0006490877905146006,,,0.02627877057768475,158.72507665140313,-0.010747633760296235,5.066356243038512,5.061045515465766,5.0637008792521385,5.543666124343872,state,,
0.5,,,0.853949907028603,0.853949907028603,,,,,,,5.543668746948242,control,0.25000000000000444,0.24999999999999556
,0.003032890140408719,0.0014694264462939153,,,0.03531583047527035,161.6229337518799,-0.010166509949054348,5.9136290990793885,5.922243653326653,5.917936376203021,5.548965215682983,state,,
-0.49999366440373555,,,0.8068709088880308,0.8068709088880308,,,,,,,5.548968076705933,control,-0.24999683220186777,-0.24999683220186777
,0.004982199295927718,0.0033099208831384964,,,0.04114202172518408,161.56647837908386,-0.009569884558768393,6.71677876137788,6.7329617444900824,6.724870252933981,5.5540502071380615,state,,
-0.49999366440373555,,,0.7607334907102702,0.7607334907102702,,,,,,,5.554052829742432,control,-0.24999683220186777,-0.24999683220186777
,-0.0038327230083879853,-0.0011104195678248248,,,0.05088527710921863,159.0027028009854,-0.009023913813831873,7.485844842767381,7.472315179863905,7.479080011315643,5.55924391746521,state,,
-0.49999366440373555,,,0.7155188208960648,0.7155188208960648,,,,,,,5.559246778488159,control,-0.24999683220186777,-0.24999683220186777
,-0.0008294563985083229,0.0010809408315662684,,,0.05462195686469558,156.17946316834062,-0.00850123817542802,8.219289145921854,8.210798999779167,8.21504407285051,5.564358472824097,state,,
-0.49999366440373555,,,0.6712084444781434,0.6712084444781434,,,,,,,5.564366817474365,control,-0.24999683220186777,-0.24999683220186777
,-0.007749479329453699,-0.001030686036544174,,,0.05964575865130719,150.8777939201952,-0.008034936507815272,8.883927913940585,8.88618079746626,8.885054355703423,5.569555282592773,state,,
-0.49999366440373555,,,0.6277842755885805,0.6277842755885805,,,,,,,5.5695579051971436,control,-0.24999683220186777,-0.24999683220186777
,0.004085933843805738,0.0018025875781690626,,,0.06750584131814026,144.14964947392187,-0.007354684660252866,9.508857949974994,9.488583766878934,9.498720858426964,5.574622392654419,state,,
-0.49999366440373555,,,0.5852285900768088,0.5852285900768088,,,,,,,5.574625015258789,control,-0.24999683220186777,-0.24999683220186777
,0.007280525593073632,0.0020034204657724468,,,0.07686681329366973,137.6900769770897,-0.0065913012347085815,10.081860490308785,10.08686741768978,10.084363953999283,5.5796849727630615,state,,
-0.49999366440373555,,,0.5435240182752726,0.5435240182752726,,,,,,,5.579687833786011,control,-0.24999683220187666,-0.2499968322018589
,0.0031703597386197975,0.0036639976453095202,,,0.08339204777079141,131.16005750847717,-0.005855134750915127,10.641529041394742,10.630942466305399,10.63623575385007,5.584864377975464,state,,
-0.49999366440373555,,,0.5026535379097672,0.5026535379097672,,,,,,,5.584867477416992,control,-0.2499968322018589,-0.24999683220187666
,-0.0019550954229388125,0.002542076104448668,,,0.08814567986625681,123.60364089616017,-0.005196935293775995,11.146909364653123,11.121070340826224,11.133989852739674,5.589985370635986,state,,
-0.49999366440373555,,,0.4626004671515719,0.4626004671515719,,,,,,,5.5899882316589355,control,-0.24999683220187666,-0.2499968322018589
,0.0062989535291689885,-0.004724127050390615,,,0.09248940328384589,116.61756276765576,-0.004610629471029326,11.611361999151772,11.600419560608605,11.605890779880188,5.595112085342407,state,,
-0.49999366440373555,,,0.42334845780854047,0.42334845780854047,,,,,,,5.5951151847839355,control,-0.2499968322018589,-0.24999683220187666
,7.1161280607397e-05,-0.0031424902184737863,,,0.10251088880685191,108.54438228138014,-0.003915276003876836,12.025380814681832,12.014867251719586,12.020124033200709,5.600215435028076,state,,
-0.49999366440373555,,,0.3848814886523697,0.3848814886523697,,,,,,,5.600218296051025,control,-0.24999683220186777,-0.24999683220186777
,-0.0019494486103796608,-0.0031628091248849656,,,0.10700284743203389,100.96190345663021,-0.003313450085702307,12.409348413972793,12.399160889825211,12.404254651899002,5.6056928634643555,state,,
-0.49999366440373555,,,0.34718385887932235,0.34718385887932235,,,,,,,5.605695724487305,control,-0.24999683220186777,-0.24999683220186777
