base_torque,imu_pitch,imu_roll,offset_front,offset_rear,omega_body,omega_rel,theta_body,theta_front,theta_rear,theta_rel,timestamp,type,u_front,u_rear
,-0.002667637632146018,-0.0036115812538753955,,,-0.002394818799428652,0.04999649967415243,-0.0001380865321800451,0.005518266249694159,-0.0034268632408658963,0.0010457015044141316,1.6098699569702148,state,,
-0.10321430216077733,,,-0.01720238369346289,-0.01720238369346289,,,,,,,1.609879493713379,control,-0.051607151080388665,-0.051607151080388665
,0.00606139418944033,5.0673097976010674e-05,,,0.0002572114025572096,-1.0024417927142295,-4.885577441818227e-05,-0.012820711693576509,-0.02861245453129841,-0.02071658311243746,1.6148960590362549,state,,
-0.31184293928697027,,,-0.04685833601959363,-0.04685833601959363,,,,,,,1.6149046421051025,control,-0.15592146964348513,-0.15592146964348513
,-0.002723580277835238,-0.0017685130681652447,,,-0.0023378638392237477,-2.165406566472551,-0.00015500016300563354,-0.04908541247895862,-0.05102013788771874,-0.05005277518333868,1.620173454284668,state,,
-0.5,,,-0.07592116929920176,-0.07592116929920176,,,,,,,1.6201837062835693,control,-0.25,-0.25
,-0.0036910448079379887,-0.004431384292591403,,,0.001051531483828531,-6.045845578584205,-0.00020570715904247124,-0.13144405856391486,-0.15263815761744473,-0.1420411080906798,1.625333309173584,state,,
-0.5,,,-0.10440274591321771,-0.10440274591321771,,,,,,,1.625364065170288,control,-0.25,-0.25
,-0.003491222658618429,3.813521554829817e-05,,,0.0007336022985184093,-9.842084634468662,-0.00023030055692042947,-0.25491060559839485,-0.24843049910815562,-0.25167055235327523,1.6305618286132812,state,,
-0.5,,,-0.13231469099495335,-0.13231469099495335,,,,,,,1.6305716037750244,control,-0.25,-0.25
,-0.002038184140004735,0.003176683676213428,,,0.00042482298878576864,-13.178780994435572,-0.0001866981122189311,-0.38068875130165203,-0.3606505072063477,-0.3706696292539999,1.6356899738311768,state,,
-0.5,,,-0.1596683971750543,-0.1596683971750543,,,,,,,1.6356995105743408,control,-0.25,-0.25
,-0.0008086203783588685,0.007197535676689002,,,0.00259307894686341,-17.796020988894323,-1.0910168782574006e-05,-0.5259199797727724,-0.5403508023361119,-0.5331353910544421,1.6407411098480225,state,,
-0.5,,,-0.1864750292315532,-0.1864750292315532,,,,,,,1.6407501697540283,control,-0.25000000000000056,-0.24999999999999944
,-0.007547964823478429,-0.0047290706909292385,,,0.00025788542219480864,-22.80401229274117,-0.00019185167871497286,-0.7360243913553142,-0.717695827874672,-0.7268601096149931,1.6457397937774658,state,,
-0.5,,,-0.21274552864692214,-0.21274552864692214,,,,,,,1.6457479000091553,control,-0.24999999999999944,-0.25000000000000056
,-0.009921380244671783,-0.009380661430784367,,,-0.0030961326258483347,-26.680165611157527,-0.0005055069995906782,-0.9161996823114213,-0.9277039851917435,-0.9219518337515824,1.6512384414672852,state,,
-0.5,,,-0.2384906180739837,-0.2384906180739837,,,,,,,1.6512515544891357,control,-0.25,-0.25
,0.010344628315524919,-0.0053427776797554515,,,-0.008137721460175627,-32.11620717750181,-0.0006384006007275398,-1.1639534534027502,-1.1741468631027732,-1.1690501582527617,1.6563053131103516,state,,
-0.5,,,-0.263720805712504,-0.263720805712504,,,,,,,1.6563143730163574,control,-0.25,-0.25
,-0.008814473907326016,0.006791082076730982,,,-0.00793654421582025,-36.96092740828428,-0.0006028682914987041,-1.4447230350451563,-1.4171987900684773,-1.4309609125568168,1.6614387035369873,state,,
0.4999995326442335,,,-0.22844638959825395,-0.22844638959825395,,,,,,,1.6614482402801514,control,0.24999976632211676,0.24999976632211676
,-0.0038754049667624915,-0.003687174978159832,,,-0.010593046354873124,-39.63972016557629,-0.0007835251069441383,-1.669937131298978,-1.673650517238777,-1.6717938242688775,1.6664490699768066,state,,
0.4999995326442335,,,-0.19387746180628887,-0.19387746180628887,,,,,,,1.6664581298828125,control,0.24999976632211676,0.24999976632211676
,-0.0026999499758954483,-0.0011000908112127111,,,-0.008977168641014036,-38.711388945261476,-0.0008292418813827397,-1.8519823862424023,-1.8491694512400405,-1.8505759187412214,1.6714832782745361,state,,
0.4999995326442335,,,-0.15999991257016308,-0.15999991257016308,,,,,,,1.6714918613433838,control,0.24999976632211676,0.24999976632211676
,0.005260164062817053,0.003079216298605087,,,-0.014247582832859946,-37.31562694200946,-0.0008705420872723444,-2.00592094969401,-2.023958672769046,-2.014939811231528,1.6766328811645508,state,,
0.4999995326442335,,,-0.1267999143187598,-0.1267999143187598,,,,,,,1.6766424179077148,control,0.24999976632211898,0.24999976632211454
,-0.009360219887664894,0.0011072213392344342,,,-0.02213692750987009,-34.635634499854255,-0.0011357385324945464,-2.1394429514027835,-2.151486207135232,-2.1454645792690075,1.6819372177124023,state,,
0.4999995326442335,,,-0.09426391603238461,-0.09426391603238461,,,,,,,1.681950330734253,control,0.24999976632211454,0.24999976632211898
,-0.009286835023353774,0.002653618504729739,,,-0.024982559197734615,-30.761349045901724,-0.0013016459588663448,-2.2418127347294963,-2.2334075780784213,-2.2376101564039588,1.6869325637817383,state,,
0.4999995326442335,,,-0.06237863771173692,-0.06237863771173692,,,,,,,1.6869423389434814,control,0.24999976632211676,0.24999976632211676
,0.0023212793446205264,-0.0008039938404611416,,,-0.021171279817251917,-26.27180793833565,-0.001319714238571964,-2.277693254069535,-2.317338606225059,-2.2975159301472967,1.6919779777526855,state,,
0.4999995326442335,,,-0.03113106495750218,-0.03113106495750218,,,,,,,1.6919872760772705,control,0.24999976632211454,0.24999976632211898
,-0.0032306449625938423,0.004986351968459598,,,-0.022220498131484027,-21.502476911863493,-0.0013520870375107708,-2.328190037673996,-2.330054070118315,-2.3291220538961555,1.6970078945159912,state,,
0.4999995326442335,,,-0.0005084436583521375,-0.0005084436583521375,,,,,,,1.6970312595367432,control,0.24999976632211676,0.24999976632211676
,0.00011975102047607685,-0.0020449515680886154,,,-0.021819942083101625,-16.67064911455084,-0.0014649191699286374,-2.3452510947034546,-2.3258976486121377,-2.3355743716577964,1.7027792930603027,state,,
0.4999995326442335,,,0.029501725214814905,0.029501725214814905,,,,,,,1.7027878761291504,control,0.24999976632211898,0.24999976632211454
,0.009987323255296878,0.003912661815713356,,,-0.0211496365339846,-11.511468561312013,-0.0013840782400679165,-2.3145579497203923,-2.3074836617380132,-2.3110208057292025,1.7074763774871826,state,,
0.4999995326442335,,,0.058911690710518605,0.058911690710518605,,,,,,,1.707484483718872,control,0.24999976632211454,0.24999976632211898
,-0.0018719081928884806,2.1480283823973795e-05,,,-0.023419449869279182,-5.331283987069933,-0.0015221793774319611,-2.2428484243211093,-2.235784642165814,-2.2393165332434615,1.7125959396362305,state,,
0.4999995326442335,,,0.08773345689630824,0.08773345689630824,,,,,,,1.7126052379608154,control,0.24999976632211454,0.24999976632211898
,-0.005296663128459145,-0.0013446481229118167,,,-0.02207518825929195,-0.18955462374739973,-0.0016453690254052437,-2.1576285520573752,-2.1592337318243167,-2.158431141940846,1.7178990840911865,state,,
0.4999995326442335,,,0.11597878775838207,0.11597878775838207,,,,,,,1.7179086208343506,control,0.24999976632211676,0.24999976632211676
,0.006954386288407951,-0.002832779201613011,,,-0.023617469480830718,5.29493057184948,-0.00175530938910438,-2.047414143797847,-2.0419222485266375,-2.044668196162242,1.722928524017334,state,,
0.4999995326442335,,,0.1436592120032144,0.1436592120032144,,,,,,,1.7229368686676025,control,0.24999976632211676,0.24999976632211676
,-0.003112066271341607,-0.0021523619439007013,,,-0.020762154096609742,10.856553104956461,-0.001842606476084631,-1.893380682277513,-1.9103582354463577,-1.9018694588619354,1.7280213832855225,state,,
0.4999995326442335,,,0.1707860277631501,0.1707860277631501,,,,,,,1.7280302047729492,control,0.24999976632211676,0.24999976632211676
,-0.006423822629023649,-0.0026744137714705928,,,-0.019235662829125793,16.839174952075997,-0.0019756970966677352,-1.7237176818267956,-1.7211967184525871,-1.7224572001396914,1.7330949306488037,state,,
0.4999995326442335,,,0.1973703072078871,0.1973703072078871,,,,,,,1.7331035137176514,control,0.24999976632211676,0.24999976632211676
,0.0034184531027415268,-0.004411250741266193,,,-0.02132313107968704,21.749337748670598,-0.002131867756395938,-1.5388911020862595,-1.5322345846136265,-1.5355628433499429,1.738349199295044,state,,
0.4999995326442335,,,0.22342290106372933,0.22342290106372933,,,,,,,1.7383575439453125,control,0.24999976632211565,0.24999976632211787
,-0.0020695670784019564,0.0017831331356269347,,,-0.018565878307445344,27.570865238878618,-0.0021215776267315047,-1.30661688424525,-1.3034951747834573,-1.3050560295143536,1.743497371673584,state,,
0.4999995326442335,,,0.24895444304245473,0.24895444304245473,,,,,,,1.7435076236724854,control,0.24999976632211676,0.24999976632211676
,0.001041169156704703,-0.0015607315274471084,,,-0.01839863951235076,32.85909081973789,-0.002190058794480596,-1.064739327586931,-1.0484523749686447,-1.056595851277788,1.7485873699188232,state,,
0.4999995326442335,,,0.2739753541816056,0.2739753541816056,,,,,,,1.7485954761505127,control,0.24999976632211787,0.24999976632211565
,-0.00023367474001177783,-0.004447468569292709,,,-0.01592925886812468,37.34751364886796,-0.002272238106591497,-0.7967098003427484,-0.800135829735636,-0.7984228150391922,1.753723382949829,state,,
0.4999995326442335,,,0.2984958470979735,0.2984958470979735,,,,,,,1.7537322044372559,control,0.24999976632211676,0.24999976632211676
,-0.001033537830629139,-0.0014154951459499137,,,-0.011426100256611775,43.70940677453152,-0.0022486260460977026,-0.48656282234281456,-0.47068339231591355,-0.4786231073293641,1.7591540813446045,state,,
0.4999995326442335,,,0.32252593015601405,0.32252593015601405,,,,,,,1.7591626644134521,control,0.24999976632211704,0.24999976632211648
,0.0014800371938700344,-0.002336912873252148,,,-0.00604436926037759,47.886256867253365,-0.0021838524204978397,-0.17118258637144237,-0.17424779185264752,-0.17271518911204495,1.764491319656372,state,,
0.4999995326442335,,,0.3460754115528938,0.3460754115528938,,,,,,,1.7644999027252197,control,0.24999976632211676,0.24999976632211676
,-0.004810276602351081,0.0008154807410537592,,,-0.005435799100303613,53.43675575533868,-0.0021800249415454614,0.19065537536850385,0.17495967089376246,0.18280752313113316,1.7693912982940674,state,,
0.4999995326442335,,,0.36915390332183595,0.36915390332183595,,,,,,,1.769399642944336,control,0.24999976632211676,0.24999976632211676
,0.004932733729841083,0.0005851862691385489,,,-0.003979800918901425,58.42741779851325,-0.002087829326993684,0.5612419001676279,0.5475050307742372,0.5543734654709325,1.7746524810791016,state,,
0.4999995326442335,,,0.3917708252553992,0.3917708252553992,,,,,,,1.7746634483337402,control,0.24999976632211732,0.2499997663221162
,-0.0054236751867500045,-1.526948227409268e-05,,,-0.0016020507156584045,62.67428882968545,-0.002059525570084662,0.9386343944064472,0.9320375282892385,0.9353359613478429,1.7796993255615234,state,,
0.4999995326442335,,,0.4139354087502912,0.4139354087502912,,,,,,,1.779707670211792,control,0.2499997663221162,0.24999976632211732
,0.008170314541912228,0.0029132727628943277,,,0.0008099424200701971,67.55231121664099,-0.0018640797435637833,1.3436608223343292,1.3578064876071465,1.3507336549707378,1.7847638130187988,state,,
0.4999995326442335,,,0.4356567005752854,0.4356567005752854,,,,,,,1.7847716808319092,control,0.24999976632211676,0.24999976632211676
,-0.0014331577312002117,0.0035993895983905577,,,0.009857016205652559,72.88425084331554,-0.0015833155269442205,1.7952479338484395,1.8047827940967538,1.8000153639725966,1.7901451587677002,state,,
0.4999995326442335,,,0.45694356656377966,0.45694356656377966,,,,,,,1.7901546955108643,control,0.24999976632211676,0.24999976632211676
,-0.00631020926894544,-0.002384355372501638,,,0.014943041633655972,76.51438033454414,-0.001492367455779282,2.257450703731409,2.2232744380777656,2.2403625709045873,1.7954621315002441,state,,
0.4999995326442335,,,0.477804695232504,0.477804695232504,,,,,,,1.795475721359253,control,0.24999976632211676,0.24999976632211676
,-0.008999598339542591,0.001445806350250974,,,0.01677773970907652,81.27352903236618,-0.001393811840686113,2.7277908547217367,2.717157985444647,2.722474420083192,1.8004226684570312,state,,
0.4999995326442335,,,0.498248601327854,0.498248601327854,,,,,,,1.800431728363037,control,0.24999976632211676,0.24999976632211676
,-0.001093029257220338,0.002467542046071611,,,0.023082699861365734,84.8382393881705,-0.001118907854777721,3.1981043718830735,3.208695116928441,3.203399744405757,1.8055410385131836,state,,
-0.5,,,0.45828362930129685,0.45828362930129685,,,,,,,1.8055505752563477,control,-0.25,-0.25
,-0.0017082608845124868,0.0053591202888537805,,,0.029866815022493835,87.4603405340066,-0.0007596608810955072,3.6753931907932476,3.6894737750876807,3.682433482940464,1.8106598854064941,state,,
-0.5,,,0.41911795671527086,0.41911795671527086,,,,,,,1.8106689453125,control,-0.25,-0.25
,-0.0033348980243273897,0.0009142743869724375,,,0.03324350653167842,87.48430493813643,-0.0005388203472388531,4.1169613519515735,4.123511473985823,4.120236412968698,1.815718412399292,state,,
-0.5,,,0.3807355975809654,0.3807355975809654,,,,,,,1.8157269954681396,control,-0.24999999999999556,-0.25000000000000444
,-0.006177351064001072,0.002245607218684845,,,0.03509121568248665,83.26518648981474,-0.000333581650140569,4.465584271073747,4.473241708453675,4.469412989763711,1.8210036754608154,state,,
-0.5,,,0.34312088562934606,0.34312088562934606,,,,,,,1.8210134506225586,control,-0.25,-0.25
,0.0076294779527636405,-0.0058163564060964975,,,0.03701741595505899,80.36598311391485,-0.00016893745997757485,4.821367605945429,4.8288336950605055,4.825100650502968,1.8261327743530273,state,,
-0.5,,,0.30625846791675915,0.30625846791675915,,,,,,,1.8261423110961914,control,-0.25000000000000444,-0.24999999999999556
,-0.0027146677315127567,0.0010761912249930387,,,0.04211348533953646,75.68780388844206,0.00011798263058715795,5.137824711547038,5.120343558662556,5.129084135104797,1.8313255310058594,state,,
-0.5,,,0.27013329855842394,0.27013329855842394,,,,,,,1.8313345909118652,control,-0.25,-0.25
,-0.006435919667032747,0.00045351221516898196,,,0.04800708712841881,71.1031787677397,0.00040127860370610684,5.3998668197187465,5.4234000881316335,5.41163345392519,1.8366329669952393,state,,
-0.5,,,0.23473063258725543,0.23473063258725543,,,,,,,1.8366448879241943,control,-0.25,-0.25
,-0.001084824427421004,0.002743981669039104,,,0.050840875775723944,64.68198205117929,0.0007273496394529102,5.641119807074863,5.624573881686103,5.632846844380483,1.8416118621826172,state,,
-0.5,,,0.20003601993551032,0.20003601993551032,,,,,,,1.841620683670044,control,-0.25,-0.25
,-0.0006813347007159462,0.004435817315420484,,,0.04935445128065194,58.96511886264265,0.0010066462590301117,5.84131042282594,5.832061047474312,5.836685735150126,1.8467555046081543,state,,
-0.5,,,0.1660352995368001,0.1660352995368001,,,,,,,1.846766471862793,control,-0.25,-0.25
,-0.0033313342192352146,-0.0015730083139722081,,,0.053680018447024566,52.60470104670386,0.0012609381381393989,5.985571840868416,6.011388252791592,5.998480046830004,1.8518664836883545,state,,
-0.5,,,0.1327145935460641,0.1327145935460641,,,,,,,1.8518760204315186,control,-0.24999999999999556,-0.25000000000000444
,-0.00444126349071108,-0.006439564334320672,,,0.05697720406725057,46.631256567366975,0.0014116465083207526,6.137449262808691,6.135682753290694,6.136566008049693,1.856956958770752,state,,
-0.5,,,0.10006030167514282,0.10006030167514282,,,,,,,1.8569655418395996,control,-0.25,-0.25
,0.007123526415829008,-0.0116013194520098,,,0.06065872581467888,40.10623340173222,0.0015734244458062957,6.219965639065105,6.246530772931623,6.233248205998364,1.862149953842163,state,,
-0.5,,,0.06805909564163996,0.06805909564163996,,,,,,,1.862159013748169,control,-0.25,-0.25
,0.002470285128290194,-0.00036917855601226976,,,0.06410485354808765,34.371988113057355,0.0019191935782201946,6.307126511142852,6.320563085465647,6.313844798304249,1.8674447536468506,state,,
-0.5,,,0.036697913728807166,0.036697913728807166,,,,,,,1.867455244064331,control,-0.24999999999999556,-0.25000000000000444
,0.008920590543008497,0.0033030444230829066,,,0.06309408662730195,27.673792928172187,0.0022996826968083037,6.343715093802356,6.347502257394103,6.345608675598229,1.8725159168243408,state,,
-0.5,,,0.005963955454231021,0.005963955454231021,,,,,,,1.8725247383117676,control,-0.25,-0.25
,1.5612379997816825e-05,-0.0016589537907631489,,,0.06437931554059223,21.47221578623199,0.0025563842142653204,6.364091579320172,6.344445598317508,6.35426858881884,1.8776984214782715,state,,
-0.5,,,-0.024155323654853598,-0.024155323654853598,,,,,,,1.8777081966400146,control,-0.25,-0.25
,-0.0007887864866271388,0.0034619793605316466,,,0.06158988062438285,14.581242100991732,0.002819848603621804,6.3150579363769195,6.319945157326247,6.317501546851583,1.8828346729278564,state,,
-0.5,,,-0.05367221718175652,-0.05367221718175652,,,,,,,1.8828437328338623,control,-0.24999999999999556,-0.25000000000000444
,-0.009925949587185496,-0.0044872942997914176,,,0.06568705458628998,9.361157349441381,0.002990048116586549,6.277654003209116,6.284800205674889,6.281227104442003,1.887892484664917,state,,
-0.5,,,-0.08259877283812139,-0.08259877283812139,,,,,,,1.8879024982452393,control,-0.25000000000000444,-0.24999999999999556
,0.0066351827531663165,0.0027305506756676165,,,0.06807340400578696,3.193702017424265,0.003398897724728361,6.201361507059689,6.1967135215207625,6.199037514290225,1.8931334018707275,state,,
-0.5,,,-0.11094679738135896,-0.11094679738135896,,,,,,,1.8931434154510498,control,-0.24999999999999556,-0.25000000000000444
,-0.000590499386262394,-0.0016126354730016273,,,0.06695336166322047,-3.0417584843429277,0.0036050703326546032,6.090519639721668,6.07865693175325,6.084588285737459,1.8983535766601562,state,,
-0.5,,,-0.13872786143373178,-0.13872786143373178,,,,,,,1.8983631134033203,control,-0.24999999999999556,-0.25000000000000444
,0.006529858626230452,0.003069895713905067,,,0.06659799958632015,-9.673011476259914,0.003957146186164322,5.9284458476314965,5.932921270569521,5.930683559100508,1.9034101963043213,state,,
-0.5,,,-0.16595330420505713,-0.16595330420505713,,,,,,,1.903419017791748,control,-0.24999999999999556,-0.25000000000000444
,0.0032676723185919294,-0.0028858464780839007,,,0.0672974448140756,-14.840881734663725,0.004187233560653886,5.776316398763714,5.772143482714155,5.774229940738934,1.908660650253296,state,,
-0.5,,,-0.19263423812095598,-0.19263423812095598,,,,,,,1.9086699485778809,control,-0.24999999999999556,-0.25000000000000444
,0.002312142061462063,0.006917201172477812,,,0.06442403843562897,-20.03763036739467,0.0045178535952755386,5.599969922161156,5.582696009061729,5.591332965611443,1.9138436317443848,state,,
-0.5,,,-0.21878155335853686,-0.21878155335853686,,,,,,,1.9138531684875488,control,-0.25000000000000444,-0.24999999999999556
,-0.0009816386271930442,0.004510258127680842,,,0.06693015769061902,-25.967867590718,0.004868885267945127,5.3675784897256085,5.366643452030203,5.367110970877906,1.9190125465393066,state,,
-0.5,,,-0.24440592229136612,-0.24440592229136612,,,,,,,1.9190220832824707,control,-0.25000000000000444,-0.24999999999999556
,-0.005307986201900284,0.012222294125647029,,,0.0613451918320148,-32.014016413189,0.00517040543798452,5.115825674757481,5.105801208513341,5.110813441635411,1.923990249633789,state,,
-0.5,,,-0.2695178038455388,-0.2695178038455388,,,,,,,1.9239988327026367,control,-0.25,-0.25
,-0.005696930281729532,-0.00024970615829777147,,,0.05837454501771686,-36.796740820406114,0.0052576268163631095,4.851122157135373,4.850298471760416,4.850710314447895,1.9293110370635986,state,,
-0.5,,,-0.294127447768628,-0.294127447768628,,,,,,,1.9293198585510254,control,-0.25,-0.25
,0.000358152135538527,-0.001866916105226558,,,0.05787123989527178,-42.46261139211764,0.0053940663437633055,4.546032834309199,4.550411418984056,4.548222126646627,1.9345061779022217,state,,
-0.5,,,-0.31824489881325546,-0.31824489881325546,,,,,,,1.9345157146453857,control,-0.25,-0.25
,0.005198265564662466,-0.0008272846795754658,,,0.050326152174123735,-47.23510919258521,0.0054362310998412235,4.22602105508874,4.246158783110739,4.23608991909974,1.9397556781768799,state,,
-0.5,,,-0.3418800008369903,-0.3418800008369903,,,,,,,1.9397673606872559,control,-0.25000000000000444,-0.24999999999999556
,0.003728070546791315,-0.00844096068290346,,,0.0466656986869666,-52.27001212111798,0.00536790294681195,3.889581547395906,3.8996322317796244,3.8946068895877652,1.9447085857391357,state,,
-0.5,,,-0.3650424008202505,-0.3650424008202505,,,,,,,1.9447171688079834,control,-0.25,-0.25
,-0.0012072531169595724,-0.002648412778840173,,,0.04413399545975323,-57.381533667638465,0.0053770475873268185,3.516381669180861,3.536311989148392,3.5263468291646265,1.9498741626739502,state,,
-0.5,,,-0.3877415528038455,-0.3877415528038455,,,,,,,1.949883222579956,control,-0.25,-0.25
,0.002403315361898544,-0.001281156235452334,,,0.04199788171218453,-62.49989283909779,0.005433920405745759,3.133360160999316,3.131412136407462,3.1323861487033886,1.9550395011901855,state,,
-0.5,,,-0.4099867217477685,-0.4099867217477685,,,,,,,1.955094575881958,control,-0.24999999999999778,-0.2500000000000022
,-0.010522744001023184,0.00136294319409829,,,0.03979016726248172,-66.56489410602973,0.005430808532823414,2.734123603289892,2.735606743995181,2.7348651736425365,1.960284948348999,state,,
-0.5,,,-0.4317869873128132,-0.4317869873128132,,,,,,,1.960294246673584,control,-0.25,-0.25
,-0.0019036872431466734,0.004502084855266885,,,0.031062549921949012,-71.75007258830706,0.005405614588195025,2.2908373710176306,2.2963428931307375,2.293590132074184,1.965479850769043,state,,
-0.5,,,-0.4531512475665569,-0.4531512475665569,,,,,,,1.965489149093628,control,-0.25,-0.25
,-0.0007698725473356409,-0.0066917632090701396,,,0.028029598032510615,-75.68977680886418,0.005255441029422782,1.8382739913820503,1.8666038244733425,1.8524389079276964,1.9706268310546875,state,,
-0.5,,,-0.47408822261522576,-0.47408822261522576,,,,,,,1.9706361293792725,control,-0.25,-0.25
,-0.005770550878761476,0.0009666473155258525,,,0.02725802226194239,-80.37581204128102,0.005244830327997603,1.3749694641280303,1.3769890971661682,1.3759792806470994,1.9757797718048096,state,,
-0.5,,,-0.49460645816292126,-0.49460645816292126,,,,,,,1.9757888317108154,control,-0.2500000000000011,-0.2499999999999989
,-0.0002809621435915828,0.007556117862152016,,,0.01488548969991585,-85.03722924154134,0.005156003206108859,0.8811743605935695,0.8720343904382131,0.8766043755158912,1.9808943271636963,state,,
-0.5,,,-0.5147143289996629,-0.5147143289996629,,,,,,,1.9809038639068604,control,-0.24999999999999944,-0.25000000000000056
,-0.005388376978501085,-0.011916338349777343,,,0.011019956477420722,-89.10250633041028,0.004783165392312357,0.3674308728154377,0.3653510261658975,0.3663909494906676,1.9860873222351074,state,,
-0.5,,,-0.5344200424196696,-0.5344200424196696,,,,,,,1.9861023426055908,control,-0.25,-0.25
,0.0019393044728215983,-0.005784091000941808,,,0.007025656791068979,-93.48321000042228,0.004564505497973409,-0.15561257988760857,-0.1858797497959224,-0.17074616484176547,1.9912230968475342,state,,
-0.5,,,-0.5537316415712762,-0.5537316415712762,,,,,,,1.9912374019622803,control,-0.2500000000000001,-0.24999999999999986
,0.00210168447170467,0.0007937970908448871,,,0.008111215132035898,-97.97394882955676,0.0045581239636084975,-0.7324876740106023,-0.7316888005267891,-0.7320882372686957,1.9963667392730713,state,,
-0.5,,,-0.5726570087398507,-0.5726570087398507,,,,,,,1.9963760375976562,control,-0.25000000000000056,-0.24999999999999944
,-0.0029442186963510564,0.0031441141270307713,,,0.005024053059570245,-101.55851453904147,0.004477824539819607,-1.2964118510064107,-1.2974500392218355,-1.296930945114123,2.0013654232025146,state,,
-0.5,,,-0.5912038685650537,-0.5912038685650537,,,,,,,2.001373767852783,control,-0.25,-0.25
,0.001581084556925233,-0.009233225048256563,,,0.0034848560603760303,-105.928784014911,0.004219504626268756,-1.8932657058471913,-1.8989940224758177,-1.8961298641615045,2.0066230297088623,state,,
-0.5,,,-0.6093797911937526,-0.6093797911937526,,,,,,,2.00663161277771,control,-0.25,-0.25
,-0.006553502582114863,0.00046381435503188107,,,-0.002498750589068362,-109.58989419775585,0.0039873584661827026,-2.51179216451936,-2.492903262341973,-2.502347713430667,2.0118021965026855,state,,
-0.5,,,-0.6271921953698776,-0.6271921953698776,,,,,,,2.0118114948272705,control,-0.24999999999999778,-0.2500000000000022
,-0.0038885996320193773,0.00742432330244452,,,-0.009557566713735215,-113.24456989129513,0.0038575445982775925,-3.128073109008761,-3.1253999571704396,-3.1267365330896,2.0169317722320557,state,,
-0.5,,,-0.64464835146248,-0.64464835146248,,,,,,,2.0169410705566406,control,-0.25,-0.25
,0.006579874563968207,-0.002988453802917273,,,-0.01543751867138548,-116.81150674386605,0.003604299662607353,-3.761366631633252,-3.7737606283412712,-3.7675636299872615,2.0221219062805176,state,,
-0.5,,,-0.6617553844332305,-0.6617553844332305,,,,,,,2.0221309661865234,control,-0.2500000000000022,-0.24999999999999778
,0.003352501439109695,0.009068692867865264,,,-0.019145015989853603,-120.32582483132462,0.003571760331542326,-4.432485402871092,-4.417764324459935,-4.425124863665514,2.0273237228393555,state,,
0.0052473574815250805,,,-0.6476457171643116,-0.6476457171643116,,,,,,,2.0273327827453613,control,0.0026236787407625402,0.0026236787407625402
,0.003512581277479633,0.0042941759334735674,,,-0.02828401311249807,-122.95551526612395,0.003322903086570848,-5.070652504063948,-5.092858022228277,-5.081755263146112,2.032510280609131,state,,
0.5,,,-0.6046928028210253,-0.6046928028210253,,,,,,,2.032519817352295,control,0.25,0.25
,-0.004097226257808214,0.00028912411615556095,,,-0.030175551816222206,-122.07647381415961,0.003051898215896067,-5.677323471345433,-5.678971034635826,-5.67814725299063,2.037754535675049,state,,
0.5,,,-0.5625989467646048,-0.5625989467646048,,,,,,,2.037766933441162,control,0.25000000000000444,0.24999999999999556
,-0.004385690052465737,-0.008738606972195756,,,-0.040351408855440085,-120.3822666274974,0.002437456289226711,-6.247860859789553,-6.258328022790862,-6.253094441290207,2.0427818298339844,state,,
0.5,,,-0.5213469678293127,-0.5213469678293127,,,,,,,2.042790651321411,control,0.24999999999999556,0.25000000000000444
,0.005214515564749028,-5.022181981234697e-05,,,-0.04692013176238369,-116.25422677639332,0.0020920253942010676,-6.760263668974733,-6.777067891852907,-6.768665780413819,2.0478827953338623,state,,
0.5,,,-0.4809200284727264,-0.4809200284727264,,,,,,,2.04789137840271,control,0.24999999999999556,0.25000000000000444
,-0.008904578828414007,0.004544960162540058,,,-0.05186378703565871,-111.39610680898272,0.0017350820727151932,-7.254051360588287,-7.242602506939812,-7.24832693376405,2.0529913902282715,state,,
0.5,,,-0.4413016279032719,-0.4413016279032719,,,,,,,2.053001642227173,control,0.25000000000000444,0.24999999999999556
,-0.0032968081144492123,-0.009044042325145938,,,-0.06001480390269614,-105.22234504586382,0.0010846238586433724,-7.665663015819589,-7.686697361752727,-7.676180188786158,2.0583417415618896,state,,
0.5,,,-0.4024755953452064,-0.4024755953452064,,,,,,,2.0583510398864746,control,0.25,0.25
,0.005817862420830237,-0.00016479733096220168,,,-0.06607962214398352,-100.06759496265204,0.000682581537471554,-8.105004227218679,-8.083951308750855,-8.094477767984767,2.063455104827881,state,,
0.5,,,-0.3644260834383023,-0.3644260834383023,,,,,,,2.063465118408203,control,0.25,0.25
,0.006797142454541762,-0.0063911392338670435,,,-0.07153749894486072,-93.21732895158686,0.00016295668693353337,-8.453658444299919,-8.4494196417544,-8.451539043027159,2.0688235759735107,state,,
0.5,,,-0.32713756176953623,-0.32713756176953623,,,,,,,2.0688650608062744,control,0.25,0.25
,0.010209792766550554,0.010518200352184877,,,-0.0756181698100383,-87.05091229980461,-5.4433354365395425e-06,-8.790764857992965,-8.786539212800335,-8.78865203539665,2.0737383365631104,state,,
0.5,,,-0.2905948105341455,-0.2905948105341455,,,,,,,2.073746919631958,control,0.25,0.25
,0.007132197583563983,0.001031168660563264,,,-0.08128457376125743,-79.9429919584964,-0.00042200326706711566,-9.087885308151478,-9.06259655074226,-9.075240929446869,2.078997850418091,state,,
0.5,,,-0.25478291432346256,-0.25478291432346256,,,,,,,2.079007148742676,control,0.25,0.25
,0.003980112806312547,0.0018216352673050265,,,-0.08339507817703476,-73.04371806670603,-0.0007938459524197427,-9.336903261400547,-9.324405069435592,-9.33065416541807,2.084146499633789,state,,
0.5,,,-0.2196872560369933,-0.2196872560369933,,,,,,,2.084155559539795,control,0.25,0.25
,0.0027060137956696323,-0.007786975948855466,,,-0.08629413698212182,-65.56340634279722,-0.0013726476012336476,-9.55678779952252,-9.522048877395925,-9.539418338459221,2.0893747806549072,state,,
0.5,,,-0.18529351091625343,-0.18529351091625343,,,,,,,2.089383840560913,control,0.24999999999999112,0.2500000000000089
,0.00228456535471694,-0.0029880183746736734,,,-0.08714773025288854,-58.72890150305447,-0.0018261683563955092,-9.724625604269521,-9.723951041913356,-9.72428832309144,2.094391345977783,state,,
0.5,,,-0.15158764069792835,-0.15158764069792835,,,,,,,2.0943996906280518,control,0.2500000000000089,0.24999999999999112
,-0.0016224086233367215,-0.007132978532244394,,,-0.09247694406482107,-51.983589144443684,-0.002472529175103754,-9.875158678217007,-9.878543898495957,-9.876851288356482,2.0997347831726074,state,,
0.5,,,-0.11855588788396978,-0.11855588788396978,,,,,,,2.0997443199157715,control,0.25,0.25
,0.004019661680714721,0.003872266910568256,,,-0.09198595416624253,-45.56489058448946,-0.002766507612734859,-10.013414208069639,-9.991623753681509,-10.002518980875575,2.104759931564331,state,,
0.5,,,-0.08618477012629039,-0.08618477012629039,,,,,,,2.1047685146331787,control,0.2500000000000089,0.24999999999999112
,0.006755842775478725,-0.007305095322904757,,,-0.09346026682469549,-39.26515477660726,-0.0032797183631077705,-10.091595965527587,-10.105566725190142,-10.098581345358864,2.109937906265259,state,,
0.5,,,-0.054461074723764574,-0.054461074723764574,,,,,,,2.1099469661712646,control,0.25,0.25
,-0.007244012647486093,0.0017836215707614745,,,-0.09546521921397828,-32.968627076703605,-0.0037359807306960435,-10.156626604347982,-10.16979765558584,-10.163212129966912,2.1151540279388428,state,,
0.5,,,-0.02337185322928928,-0.02337185322928928,,,,,,,2.1151628494262695,control,0.25,0.25
,-0.0026314818024909133,0.007833437043464248,,,-0.09621510727898319,-24.778786643011397,-0.004020613560706809,-10.165786314697613,-10.147735094035125,-10.15676070436637,2.1202845573425293,state,,
0.5,,,0.007095583835296505,0.007095583835296505,,,,,,,2.120293617248535,control,0.2500000000000089,0.24999999999999112
,0.0041850926433853524,-0.0009544356199204801,,,-0.09889785594449586,-18.99248752795567,-0.004455400840559421,-10.163166216908833,-10.156096445829588,-10.15963133136921,2.1253600120544434,state,,
0.5,,,0.03695367215859057,0.03695367215859057,,,,,,,2.125370502471924,control,0.25,0.25
,-0.000513692280596703,-0.005396381052352682,,,-0.10271428121970945,-13.182360253501038,-0.005035261575964233,-10.12537657458781,-10.140767595541123,-10.133072085064466,2.1304757595062256,state,,
0.5,,,0.06621459871541877,0.06621459871541877,,,,,,,2.1304843425750732,control,0.25,0.25
,0.0005198809847501665,0.00022944931920012538,,,-0.10221625384762935,-6.250934225005789,-0.005421645212094797,-10.057972273566417,-10.050047095790404,-10.05400968467841,2.1357336044311523,state,,
0.5,,,0.09489030674111039,0.09489030674111039,,,,,,,2.1357576847076416,control,0.25,0.25
,0.00048740589305993134,0.011606742669014701,,,-0.10210853566802829,-0.15045676798486074,-0.005594831266191809,-9.95140257214234,-9.963937136393218,-9.95766985426778,2.140721559524536,state,,
0.5,,,0.12299250060628818,0.12299250060628818,,,,,,,2.1407291889190674,control,0.25,0.25
,0.004275200817469331,-0.0010752810016459431,,,-0.10365013920085604,5.168848607535744,-0.006005196464491286,-9.854870662077637,-9.839461811516683,-9.847166236797161,2.14583420753479,state,,
0.5,,,0.1505326505941624,0.1505326505941624,,,,,,,2.1458425521850586,control,0.2500000000000089,0.24999999999999112
,-0.0009841054250060964,-0.0008105283204862775,,,-0.10356151706432193,11.334189061668022,-0.006415641992124406,-9.690946936588482,-9.693794764565244,-9.692370850576863,2.1509790420532227,state,,
0.5,,,0.17752199758227916,0.17752199758227916,,,,,,,2.1509876251220703,control,0.25,0.25
,-0.0068579042283965184,0.0007560325874461256,,,-0.09973408532217382,17.265160809842676,-0.006755348467176906,-9.51289225196958,-9.510409146873645,-9.511650699421612,2.156418800354004,state,,
0.5,,,0.20397155763063357,0.20397155763063357,,,,,,,2.156430959701538,control,0.24999999999999112,0.2500000000000089
,0.0011376011778655147,0.004445848306385854,,,-0.09492895903211587,22.23643958701225,-0.0069215591307475125,-9.308120991610092,-9.334575293188133,-9.321348142399113,2.1616930961608887,state,,
0.5,,,0.2298921264780209,0.2298921264780209,,,,,,,2.161705732345581,control,0.2500000000000089,0.24999999999999112
,-0.00013805832348663438,0.004884248122504194,,,-0.09894953484131927,28.773951089741672,-0.0072431369865055,-9.07203770706519,-9.074823612599719,-9.073430659832454,2.1665637493133545,state,,
0.5,,,0.2552942839484605,0.2552942839484605,,,,,,,2.1665725708007812,control,0.24999999999999112,0.2500000000000089
,0.0043779684261992715,0.0025097512038078263,,,-0.09875719359885413,33.37608983044011,-0.007502180265098338,-8.847435460997074,-8.819174334488059,-8.833304897742567,2.1716973781585693,state,,
0.5,,,0.28018839826949127,0.28018839826949127,,,,,,,2.1717324256896973,control,0.25,0.25
,0.009333221019746235,0.004660054842493895,,,-0.09187537671337648,39.73904954033962,-0.007541247961701836,-8.531451499439369,-8.53522850253735,-8.53334000098836,2.176966905593872,state,,
0.5,,,0.30458463030410143,0.30458463030410143,,,,,,,2.1769771575927734,control,0.2500000000000089,0.24999999999999112
,-0.006253943926847476,-0.004863686024803845,,,-0.0875104445117677,44.25753439057069,-0.007890032433916637,-8.236439759724977,-8.243837058506015,-8.240138409115495,2.182014226913452,state,,
0.5,,,0.32849293769801935,0.32849293769801935,,,,,,,2.182023763656616,control,0.24999999999999112,0.2500000000000089
,-0.002926773785477329,0.00206181604831162,,,-0.08254178111133713,48.964441882505376,-0.008044761314840805,-7.918770772764119,-7.922036107838283,-7.9204034403012,2.187177896499634,state,,
0.5,,,0.35192307894405894,0.35192307894405894,,,,,,,2.1871864795684814,control,0.24999999999999556,0.25000000000000444
,-0.004652683936687621,-0.0040859412070414595,,,-0.08110295832393763,54.84235504286532,-0.008371381686537506,-7.548319124993836,-7.556964418272673,-7.552641771633255,2.192539930343628,state,,
0.5,,,0.37488461736517775,0.37488461736517775,,,,,,,2.192549467086792,control,0.25,0.25
,-0.0034608282612800124,-0.00026902584952616127,,,-0.07841505729254539,59.03225516095475,-0.00857908561149731,-7.201920042739945,-7.179672285945967,-7.190796164342956,2.1974294185638428,state,,
0.5,,,0.3973869250178742,0.3973869250178742,,,,,,,2.1974380016326904,control,0.24999999999999556,0.25000000000000444
,-0.0008493532991524717,0.009685652135319904,,,-0.0768838582010444,64.37419258520826,-0.008588922597355204,-6.783782303932649,-6.784028949549674,-6.783905626741161,2.2027461528778076,state,,
0.5,,,0.41943918651751666,0.41943918651751666,,,,,,,2.20275616645813,control,0.24999999999999556,0.25000000000000444
,0.004860751750962416,5.582539227753576e-06,,,-0.07540641334839979,68.54710642251047,-0.008729502562685013,-6.377251199150848,-6.372261017245726,-6.374756108198287,2.207885503768921,state,,
0.5,,,0.44105040278716634,0.44105040278716634,,,,,,,2.2078959941864014,control,0.25000000000000444,0.24999999999999556
,0.00643616281827351,-0.003994637942461444,,,-0.07112166016521786,73.09969607341122,-0.008865069902223521,-5.941386359421441,-5.932215466879049,-5.936800913150245,2.2127716541290283,state,,
0.5,,,0.462229394731423,0.462229394731423,,,,,,,2.212780475616455,control,0.25,0.25
,-0.0029225372169826612,-0.009392999955421087,,,-0.06617043054885147,77.86331377548085,-0.009133029458686746,-5.470658298348979,-5.4726797293398155,-5.471669013844397,2.218010663986206,state,,
0.5,,,0.48298480683679457,0.48298480683679457,,,,,,,2.218019723892212,control,0.25,0.25
,-0.0020009899050651443,0.00020012476060444237,,,-0.06125127443420772,82.24751704112576,-0.009187041279959406,-4.985897535662138,-4.995411797365994,-4.990654666514066,2.223261594772339,state,,
0.5,,,0.5033251107000587,0.5033251107000587,,,,,,,2.223270893096924,control,0.25,0.25
,0.0019417154024178823,-0.002760293505089555,,,-0.058116937371499006,87.67607595578986,-0.009278140672397201,-4.475959730362704,-4.4557924460806575,-4.46587608822168,2.2282116413116455,state,,
0.5,,,0.5232586084860575,0.5232586084860575,,,,,,,2.2282209396362305,control,0.24999999999999556,0.25000000000000444
,0.00239256345100252,-0.003968606770848929,,,-0.04799152795754938,91.16507515579768,-0.009227851524897971,-3.945118234421627,-3.9639248966387743,-3.9545215655302006,2.233450174331665,state,,
0.5,,,0.5427934363163364,0.5427934363163364,,,,,,,2.233458995819092,control,0.25,0.25
,0.0009708103058510626,0.0009302145464860124,,,-0.046688584606009206,95.40643857050718,-0.009229381057291867,-3.4249558368935134,-3.395016117881789,-3.409985977387651,2.2386932373046875,state,,
0.5,,,0.5619375675900097,0.5619375675900097,,,,,,,2.2387216091156006,control,0.25,0.25
,-0.008790807385634971,0.0010438024581969883,,,-0.04267507299719668,99.13488696000319,-0.009239334760522109,-2.8466213670080256,-2.8633215199169832,-2.8549714434625044,2.243668794631958,state,,
0.5,,,0.5806988162382095,0.5806988162382095,,,,,,,2.2436769008636475,control,0.25,0.25
,0.0036430212327352722,-0.004200964100304614,,,-0.03664409713865242,103.68419930572396,-0.009193107555580103,-2.264366001949566,-2.263925782420114,-2.26414589218484,2.2490122318267822,state,,
0.5,,,0.5990848399134453,0.5990848399134453,,,,,,,2.249021053314209,control,0.24999999999999778,0.2500000000000022
,0.005467077081231892,-0.0031956142672635735,,,-0.03147346448698302,106.77805117852267,-0.009103670101979572,-1.6758618883520102,-1.6861690204824356,-1.6810154544172229,2.2539455890655518,state,,
0.5,,,0.6171031431151764,0.6171031431151764,,,,,,,2.2539546489715576,control,0.25,0.25
,-0.006445197423871658,0.0025740547003963877,,,-0.021891445867307537,111.59513724704587,-0.008881606396405986,-1.0528411596077265,-1.0399057649353463,-1.0463734622715364,2.259212017059326,state,,
0.5,,,0.6347610802528729,0.6347610802528729,,,,,,,2.259220600128174,control,0.25,0.25
,-0.000294929768749859,-0.0044695765597638866,,,-0.01674783594714017,114.57327859424667,-0.008793120862967055,-0.41673780483388645,-0.4354791504400468,-0.42610847763696663,2.2643489837646484,state,,
0.5,,,0.6520658586478155,0.6520658586478155,,,,,,,2.2643582820892334,control,0.25,0.25
,0.004841110547188703,0.0003285627565702534,,,-0.011845664966658186,118.28908800650586,-0.008558901410030616,0.21820595437495016,0.23074585752586352,0.22447590595040684,2.2693333625793457,state,,
0.5,,,0.6690245414748592,0.6690245414748592,,,,,,,2.2693421840667725,control,0.25,0.25
,-0.005125624014184934,0.002363400216850007,,,-0.006775477192037001,122.12312057309217,-0.008338146899896518,0.8901544327710014,0.902069631850237,0.8961120323106192,2.2746634483337402,state,,
0.5,,,0.685644050645362,0.685644050645362,,,,,,,2.2746729850769043,control,0.25,0.25
,0.0012990415767647843,-0.0005851002799783092,,,0.00126943689453348,125.41145326172008,-0.008043021107749406,1.571704856965984,1.5793046206576142,1.575504738811799,2.279797315597534,state,,
0.5,,,0.7019311696324548,0.7019311696324548,,,,,,,2.2798073291778564,control,0.25,0.25
,0.010896702973482815,-0.0001963710064009306,,,0.008274443387524606,129.76517767942346,-0.007657184769606997,2.302507396418916,2.2847372103863925,2.293622303402654,2.284924268722534,state,,
0.5,,,0.7178925462398057,0.7178925462398057,,,,,,,2.2849338054656982,control,0.2500000000000022,0.24999999999999778
,0.0009954612109722197,0.0018194948423706254,,,0.01346087273975849,133.13262625248913,-0.007318127225901109,3.009716797219022,3.016043289313408,3.012880043266215,2.290037155151367,state,,
0.5,,,0.7335346953150096,0.7335346953150096,,,,,,,2.290045738220215,control,0.25,0.25
,-0.0003240992175450819,0.010677251514994008,,,0.013049039988343582,136.06910594596786,-0.006920502976749666,3.7413177667799045,3.738604430913428,3.739961098846666,2.2951200008392334,state,,
0.5,,,0.7488640014087095,0.7488640014087095,,,,,,,2.295130491256714,control,0.2500000000000022,0.24999999999999778
,2.9103021050770616e-05,0.0016097190256432032,,,0.023752348088218612,139.30691490786478,-0.006470776431985113,4.496636728446147,4.47941727854046,4.488027003493303,2.300515651702881,state,,
0.5,,,0.7638867213805353,0.7638867213805353,,,,,,,2.300530195236206,control,0.25,0.25
,0.003626120469900045,0.0025021529686698263,,,0.033936373651232615,142.7670982306394,-0.005944951981203335,5.261338352863494,5.25252769239425,5.256933022628872,2.305457592010498,state,,
-0.1901518798446006,,,0.7186089869529245,0.7186089869529245,,,,,,,2.305467128753662,control,-0.0950759399223003,-0.0950759399223003
,0.00791765168245139,0.006611329625822358,,,0.03865917374604825,142.76600823286216,-0.005383499851285301,5.96093938218122,5.980552049698305,5.9707457159397626,2.3107690811157227,state,,
-0.5,,,0.674236807213866,0.674236807213866,,,,,,,2.310779571533203,control,-0.25,-0.25
,0.00831161998746979,-0.005814735109242869,,,0.04534105297424516,141.12517943960856,-0.004997799343418382,6.657946554517021,6.642567469115827,6.650257011816423,2.315885066986084,state,,
-0.5,,,0.6307520710695886,0.6307520710695886,,,,,,,2.3158950805664062,control,-0.24999999999999556,-0.25000000000000444
,-0.00046102177742766905,-0.0007422032273889266,,,0.05040463384886133,137.55976933217923,-0.004591209192143504,7.279423480178668,7.283197708226535,7.281310594202601,2.32119083404541,state,,
-0.5,,,0.5881370296481968,0.5881370296481968,,,,,,,2.321202039718628,control,-0.25,-0.25
,0.0010898217935184221,-0.0029798799378260494,,,0.055356414491393585,132.72896619885123,-0.004200264124076955,7.878144078398599,7.857997532440522,7.868070805419561,2.3262693881988525,state,,
-0.5,,,0.5463742890552329,0.5463742890552329,,,,,,,2.326279401779175,control,-0.25,-0.25
,0.005291174503225349,0.011379803234922227,,,0.06106225489120651,127.1238301491954,-0.0034795586435352947,8.413300881487512,8.415662009042501,8.414481445265007,2.331291913986206,state,,
-0.5,,,0.5054468032741282,0.5054468032741282,,,,,,,2.331301212310791,control,-0.2500000000000089,-0.24999999999999112
,-0.007678261857463725,0.00048576307854630174,,,0.06779579599845681,120.37765679015769,-0.0030228754856472047,8.913305698488667,8.904696392533783,8.909001045511225,2.3367741107940674,state,,
-0.5,,,0.46533786720864556,0.46533786720864556,,,,,,,2.336784839630127,control,-0.25,-0.25
,-0.002520912035375682,0.006681360522174773,,,0.07002921928471088,114.18421646879342,-0.0024812141953708174,9.380660004089169,9.38204092324326,9.381350463666214,2.3418936729431152,state,,
-0.5,,,0.4260311098644727,0.4260311098644727,,,,,,,2.3419318199157715,control,-0.25,-0.25
,-0.005467025027573711,0.00017663437169846696,,,0.07737419932739374,107.16716775338392,-0.001977342745434073,9.80967673979527,9.801336267276184,9.805506503535728,2.346914529800415,state,,
-0.5,,,0.3875104876671832,0.3875104876671832,,,,,,,2.346924066543579,control,-0.2500000000000089,-0.24999999999999112
,0.004670768757374784,-0.0028668892165009696,,,0.0860751807245227,100.50538966987362,-0.0014009792848324338,10.205192290678236,10.198823630737573,10.202007960707904,2.3519771099090576,state,,
-0.5,,,0.34976027791383957,0.34976027791383957,,,,,,,2.3519864082336426,control,-0.25,-0.25
,-0.008978117421771042,0.0005132352518335116,,,0.09122955933749888,93.078557486652,-0.0009048177017070943,10.54390576877419,10.554492316813402,10.549199042793795,2.357126474380493,state,,
-0.5,,,0.3127650723555627,0.3127650723555627,,,,,,,2.3571364879608154,control,-0.24999999999999112,-0.2500000000000089
,-0.0021436980917528214,-0.004054755883609265,,,0.09607865958722761,86.15685044671274,-0.0004336409154718359,10.86729099162992,10.872350820416735,10.869820906023328,2.3623971939086914,state,,
-0.5,,,0.2765097709084514,0.2765097709084514,,,,,,,2.3624064922332764,control,-0.2500000000000089,-0.24999999999999112
,-0.0029141620667353547,-0.0002195340807262257,,,0.09934794264863193,77.9633094798568,8.498654023020056e-05,11.132668970416727,11.125797427168283,11.129233198792505,2.367713689804077,state,,
-0.5,,,0.2409795754902824,0.2409795754902824,,,,,,,2.367725372314453,control,-0.25,-0.25
,-0.0006917777989002405,-0.005793966508589051,,,0.10363278766927582,71.53765214710347,0.0005430699390338885,11.391170758279175,11.378137135352397,11.384653946815785,2.372769832611084,state,,
-0.5,,,0.20615998398047675,0.20615998398047675,,,,,,,2.372779369354248,control,-0.24999999999999112,-0.2500000000000089
,0.011489554352221132,0.0003290321794721546,,,0.10549895454579493,63.58508762391958,0.0011675932134163354,11.57799743470816,11.574023344338217,11.576010389523187,2.377916097640991,state,,
-0.5,,,0.17203678430086722,0.17203678430086722,,,,,,,2.3779261112213135,control,-0.24999999999999112,-0.2500000000000089
,0.006754765713252507,0.002421995892063268,,,0.10638768790576118,56.095571591270094,0.0017724318382958508,11.732859243720908,11.741718551645736,11.737288897683321,2.383002758026123,state,,
-0.5,,,0.13859604861484986,0.13859604861484986,,,,,,,2.383012294769287,control,-0.24999999999999112,-0.2500000000000089
,0.0005520851730387032,-0.002302354104102959,,,0.10943458959923524,50.19923804649563,0.0022799635270481576,11.8918637287001,11.897020321177617,11.894442024938858,2.388263463973999,state,,
-0.5,,,0.10582412764255286,0.10582412764255286,,,,,,,2.388273239135742,control,-0.24999999999999112,-0.2500000000000089
,0.0034247221561725526,-0.0010674353292237913,,,0.11194703820337769,43.347413678908616,0.002825588894579922,12.006911705050443,11.997346138156564,12.002128921603504,2.393420696258545,state,,
-0.5,,,0.0737076450897018,0.0737076450897018,,,,,,,2.393432140350342,control,-0.25,-0.25
,-0.00464022192584515,-0.006005461518126104,,,0.11470989854611979,36.535658234225814,0.003226143743454005,12.074295743127598,12.078493772390788,12.076394757759193,2.3984808921813965,state,,
-0.5,,,0.04223349218790777,0.04223349218790777,,,,,,,2.3984901905059814,control,-0.25,-0.25
,-0.0019522253880832788,0.0037367868716142423,,,0.11467499129307307,29.851807732216802,0.003775754100624154,12.112538240937527,12.126015782646629,12.119277011792079,2.403773546218872,state,,
-0.5,,,0.011388822344149618,0.011388822344149618,,,,,,,2.40378475189209,control,-0.2500000000000089,-0.24999999999999112
,0.0028525739090108034,-0.00328442347240781,,,0.11815803667178752,22.74470357857553,0.00429161787928491,12.112285542273106,12.127489365672616,12.119887453972861,2.408886194229126,state,,
-0.5,,,-0.018838954102733375,-0.018838954102733375,,,,,,,2.4089269638061523,control,-0.25,-0.25
,-0.0018547516977793733,-0.00028129858386900894,,,0.11888223030269172,17.17329386742963,0.004778484104015569,12.111663982261762,12.122500385254446,12.117082183758104,2.4140071868896484,state,,
-0.5,,,-0.048462175020678705,-0.048462175020678705,,,,,,,2.41401743888855,control,-0.25,-0.25
,-0.0011088236557547724,-0.0030816858204033007,,,0.11595180998508503,10.020036316949277,0.005137790985854816,12.052934323617757,12.053735147394269,12.053334735506013,2.4193129539489746,state,,
-0.5,,,-0.07749293152026512,-0.07749293152026512,,,,,,,2.419323682785034,control,-0.25,-0.25
,-0.004216946117904793,-0.002164829561464016,,,0.11520163513623782,3.975291548503397,0.005514180603199754,11.978947043583913,11.975065140987741,11.977006092285826,2.424344778060913,state,,
-0.5,,,-0.10594307288985982,-0.10594307288985982,,,,,,,2.424354076385498,control,-0.24999999999999112,-0.2500000000000089
,-0.0008629102705029459,-0.011519377057948189,,,0.11402617069383839,-1.8576072682965674,0.005721852898958572,11.875912903158431,11.87385627288054,11.874884588019485,2.4295969009399414,state,,
-0.5,,,-0.13382421143206263,-0.13382421143206263,,,,,,,2.4296069145202637,control,-0.25,-0.25
,0.0007477512276843018,0.0007591870277153508,,,0.1204615414657926,-8.342369723452757,0.0063155835703215465,11.72555338631828,11.734375692583193,11.729964539450737,2.4348971843719482,state,,
-0.5,,,-0.16114772720342138,-0.16114772720342138,,,,,,,2.434908866882324,control,-0.2500000000000089,-0.24999999999999112
,-0.006080286257571058,-0.01074679115894926,,,0.11983877635933284,-13.116009158790654,0.006519922992017901,11.587227996570213,11.589591328208869,11.588409662389541,2.4402761459350586,state,,
-0.5,,,-0.18792477265935295,-0.18792477265935295,,,,,,,2.4402875900268555,control,-0.25,-0.25
,-0.0027465545658656876,-0.0022328108351210288,,,0.12133876190924195,-18.716616715579317,0.006943497470848241,11.401565154595453,11.409815127631687,11.40569014111357,2.444986343383789,state,,
-0.5,,,-0.21416627720616588,-0.21416627720616588,,,,,,,2.445021629333496,control,-0.2500000000000089,-0.24999999999999112
,-0.009714748060947983,-0.0037963776237630665,,,0.11977288002516974,-24.816489835897013,0.007222315590825701,11.188863460960551,11.18018693104123,11.184525196000891,2.450237274169922,state,,
-0.5,,,-0.23988295166204254,-0.23988295166204254,,,,,,,2.450246810913086,control,-0.25,-0.25
,0.006413436422618514,-0.0032395944039365853,,,0.11611639686132588,-31.05752647280614,0.007575169438889215,10.939146344041433,10.920670417075947,10.92990838055869,2.455448865890503,state,,
-0.5,,,-0.26508529262880165,-0.26508529262880165,,,,,,,2.455458402633667,control,-0.25,-0.25
,-0.003970673277791704,0.0032737938128154878,,,0.11478802642984598,-35.867674636203944,0.007994588550780847,10.668175884674058,10.679852358639451,10.674014121656754,2.460458755493164,state,,
-0.5,,,-0.2897835867762256,-0.2897835867762256,,,,,,,2.4604692459106445,control,-0.24999999999999112,-0.2500000000000089
,0.005361188459221083,0.00025388608903483353,,,0.11456688794050014,-41.12394435232472,0.008435042452877305,10.379628835521387,10.389847702759903,10.384738269140644,2.4656429290771484,state,,
-0.5,,,-0.3139879150407011,-0.3139879150407011,,,,,,,2.46565318107605,control,-0.24999999999999112,-0.2500000000000089
,-0.0015663381099005522,-0.0009948506940943753,,,0.11246099036096865,-46.964688250012614,0.008752326608186497,10.064709787498611,10.049203215752382,10.056956501625496,2.470806360244751,state,,
-0.5,,,-0.3377081567398871,-0.3377081567398871,,,,,,,2.4708166122436523,control,-0.25,-0.25
,0.0004106285537889777,0.0017767696855454603,,,0.10595803708925698,-50.84466417727417,0.009028971158905663,9.73588477592327,9.746078115974735,9.740981445949002,2.4759011268615723,state,,
-0.5,,,-0.3609539936050893,-0.3609539936050893,,,,,,,2.475911855697632,control,-0.25,-0.25
,0.00541901509962909,0.009344979185431125,,,0.10418634338829108,-56.683644103794634,0.009542935331135398,9.375780278938535,9.353485668337504,9.36463297363802,2.481030225753784,state,,
-0.5,,,-0.3837349137329875,-0.3837349137329875,,,,,,,2.4810404777526855,control,-0.2500000000000089,-0.24999999999999112
,-0.00727581626350526,0.0050449707510903784,,,0.09904021112709904,-61.46461513771787,0.009794628439131722,8.98376160330379,8.978675158029462,8.981218380666625,2.486211061477661,state,,
-0.5,,,-0.4060602154583277,-0.4060602154583277,,,,,,,2.4862215518951416,control,-0.24999999999999112,-0.2500000000000089
,0.0018880439824813344,-0.005114625202682579,,,0.09845673983248998,-65.85087538151527,0.009989001824637602,8.575406936359052,8.588902071261483,8.582154503810267,2.4914398193359375,state,,
-0.5,,,-0.4279390111491611,-0.4279390111491611,,,,,,,2.4914498329162598,control,-0.25,-0.25
,0.003567170745777589,0.008621152468561237,,,0.09355857598608375,-70.42891775499388,0.010355728912591766,8.157954271109457,8.156341944276484,8.15714810769297,2.4964921474456787,state,,
-0.5,,,-0.44938023092617785,-0.44938023092617785,,,,,,,2.4965031147003174,control,-0.25,-0.25
,-0.011133093217430626,0.004873957289767389,,,0.0912108604773181,-75.42381367318089,0.010564622978765672,7.695265409872666,7.705800193659667,7.700532801766166,2.501657485961914,state,,
-0.5,,,-0.4703926263076543,-0.4703926263076543,,,,,,,2.5016672611236572,control,-0.25,-0.25
,0.005965034619425795,0.006342642655054947,,,0.08653597460534045,-79.71155617198134,0.010864409425297294,7.2421898398504885,7.225277119284174,7.233733479567331,2.5067832469940186,state,,
-0.5,,,-0.4909847737815012,-0.4909847737815012,,,,,,,2.5067930221557617,control,-0.24999999999999556,-0.25000000000000444
,-0.0024088797485049295,-0.005928695819133018,,,0.07494060007616149,-84.45981298896845,0.010703369760619936,6.72896314885118,6.7427639716951395,6.73586356027316,2.511850595474243,state,,
-0.5,,,-0.5111650783058711,-0.5111650783058711,,,,,,,2.5118789672851562,control,-0.25,-0.25
,0.002134001483910025,-0.008986185155549855,,,0.0733427130247504,-88.31423654971337,0.01067062142168184,6.24483739584784,6.221057246708861,6.232947321278351,2.516937017440796,state,,
-0.5,,,-0.5309417767397537,-0.5309417767397537,,,,,,,2.5169479846954346,control,-0.25,-0.25
,-0.013387526915429859,0.00030045795187555436,,,0.07109615588621485,-92.61662356916949,0.010674560107195806,5.705693569552646,5.697085605064191,5.701389587308419,2.522209644317627,state,,
-0.5,,,-0.5503229412049587,-0.5503229412049587,,,,,,,2.5222198963165283,control,-0.25,-0.25
,-0.0025759220826228565,0.0002558535972932655,,,0.06284827714755001,-96.99562670743383,0.010623879995956804,5.151827547861469,5.1416073606270905,5.14671745424428,2.527336359024048,state,,
-0.5,,,-0.5693164823808595,-0.5693164823808595,,,,,,,2.527345895767212,control,-0.25000000000000444,-0.24999999999999556
,0.002086069360755035,0.008150809385382292,,,0.06093877793294511,-101.21029907981753,0.010844951866773258,4.567622146018986,4.579552583355856,4.573587364687421,2.5324203968048096,state,,
-0.5,,,-0.5879301527332423,-0.5879301527332423,,,,,,,2.532432794570923,control,-0.25000000000000444,-0.24999999999999556
,0.005329623590104843,0.012511329646627874,,,0.05978221265878482,-105.46660107235454,0.011172744124292028,3.972863625334429,3.9841627930360395,3.978513209185234,2.537564277648926,state,,
-0.5,,,-0.6061715496785776,-0.6061715496785776,,,,,,,2.5375735759735107,control,-0.24999999999999778,-0.2500000000000022
,-0.0018358375381225193,0.006565444013764641,,,0.053036183369517445,-108.88237491896989,0.011210109058641945,3.3819237238579687,3.3775514868882297,3.379737605373099,2.542771339416504,state,,
-0.5,,,-0.624048118685006,-0.624048118685006,,,,,,,2.542781352996826,control,-0.25,-0.25
,0.0041394837126294045,0.008877203192724054,,,0.04429590304123624,-112.40785351506354,0.01126010648172209,2.761673671443568,2.7615035350853994,2.7615886032644834,2.5478620529174805,state,,
-0.5,,,-0.6415671563113059,-0.6415671563113059,,,,,,,2.547874689102173,control,-0.24999999999999778,-0.2500000000000022
,-0.0005291752355824317,-0.0052620970451636466,,,0.037992369998723415,-116.46341721411981,0.011018984899225703,2.1028018527276724,2.126648579714324,2.1147252162209984,2.5527777671813965,state,,
-0.5,,,-0.6587358131850798,-0.6587358131850798,,,,,,,2.5527870655059814,control,-0.2500000000000022,-0.24999999999999778
,-0.0018957702517309685,0.005875798822760078,,,0.03288234029305895,-120.0286492386201,0.01097293661550628,1.459003940951598,1.4566751391104489,1.4578395400310233,2.5580737590789795,state,,
-0.5,,,-0.6755610969213782,-0.6755610969213782,,,,,,,2.558088541030884,control,-0.2499999999999989,-0.2500000000000011
,-0.003899023380277687,-0.004545542832047513,,,0.027311578944314623,-123.19548735310666,0.01068492720347457,0.7960377637542999,0.7868828547982099,0.7914603092762549,2.563241720199585,state,,
-0.5,,,-0.6920498749829507,-0.6920498749829507,,,,,,,2.563251256942749,control,-0.25,-0.25
,-0.0070740683886155635,0.003090564397125066,,,0.017898948315847284,-127.00437387554666,0.010414849055084802,0.07798437723657617,0.11365187901598105,0.0958181281262786,2.5684518814086914,state,,
-0.5,,,-0.7082088774832916,-0.7082088774832916,,,,,,,2.5684618949890137,control,-0.24999999999999994,-0.25000000000000006
,-0.0036659908911646465,-0.0014885220857961301,,,0.010994914445906421,-130.48117658688756,0.010095752812823919,-0.6204788979773633,-0.6033666791719964,-0.6119227885746799,2.5736258029937744,state,,
-0.5,,,-0.7240446999336259,-0.7240446999336259,,,,,,,2.573634624481201,control,-0.25,-0.25
,-0.0009534547671786948,-0.005942037312126814,,,0.0035122037751599703,-134.44872534573256,0.009674795995249546,-1.3471875606359105,-1.3474362693564332,-1.3473119149961719,2.578813076019287,state,,
-0.5,,,-0.7395638059349533,-0.7395638059349533,,,,,,,2.5788228511810303,control,-0.25,-0.25
,-0.01049197912650714,-0.0012243343655544572,,,0.00039949844836523283,-136.75265996854387,0.009331921001348142,-2.058341462129582,-2.0771454843043973,-2.0677434732169897,2.58396315574646,state,,
-0.5,,,-0.7547725298162542,-0.7547725298162542,,,,,,,2.583972692489624,control,-0.25,-0.25
,0.00649342374601547,-0.005393196699535093,,,-0.007021926797044377,-141.16675226126398,0.008941085199551797,-2.855579446267352,-2.8320799443093163,-2.843829695288334,2.5894415378570557,state,,
-0.5,,,-0.7696770792199291,-0.7696770792199291,,,,,,,2.589460849761963,control,-0.2500000000000022,-0.24999999999999778
,0.000592721668955484,-0.0013974282237470951,,,-0.011495497876437388,-143.7926021311808,0.008612494083713436,-3.6160645821954525,-3.593104227015917,-3.604584404605685,2.5941855907440186,state,,
-0.5,,,-0.7842835376355305,-0.7842835376355305,,,,,,,2.5941944122314453,control,-0.24999999999999778,-0.2500000000000022
,0.00289783318425074,0.0012164247758190676,,,-0.01825870656566022,-146.89331628693026,0.008287283137716981,-4.398099861347308,-4.378700907733873,-4.38840038454059,2.5994174480438232,state,,
-0.5,,,-0.7985978668828199,-0.7985978668828199,,,,,,,2.5994274616241455,control,-0.25000000000000444,-0.24999999999999556
,-0.009430591945119242,-0.0017760155729654884,,,-0.02594186740360758,-149.6563193527773,0.007769438794012744,-5.170615024928526,-5.190698056821953,-5.180656540875239,2.604823589324951,state,,
-0.5,,,-0.8126259095451634,-0.8126259095451634,,,,,,,2.604842185974121,control,-0.25000000000000444,-0.24999999999999556
,-0.0013894459325039504,-0.007037172394556521,,,-0.03500781629447382,-152.31765809603894,0.007157991490945003,-5.985993614096762,-5.983209091860518,-5.98460135297864,2.6097347736358643,state,,
0.49999359966510937,,,-0.7663733913542602,-0.7663733913542602,,,,,,,2.6097447872161865,control,0.24999679983255468,0.24999679983255468
,-0.002668959683156081,-0.008123315978017435,,,-0.0415382681176856,-153.57448860228791,0.006536647365823934,-6.7648698446991125,-6.78008390482069,-6.772476874759901,2.614896059036255,state,,
0.49999359966510937,,,-0.7210459235271749,-0.7210459235271749,,,,,,,2.614920139312744,control,0.24999679983255468,0.24999679983255468
,0.00786961630548789,0.0019558539774495267,,,-0.05355664921306076,-151.43584367372196,0.006048687875506678,-7.487796470818948,-7.5034405330581375,-7.495618501938543,2.6202316284179688,state,,
0.49999359966510937,,,-0.6766250050566314,-0.6766250050566314,,,,,,,2.620242118835449,control,0.24999679983255468,0.24999679983255468
,-0.0006853466693723713,0.005802933721895747,,,-0.05937044634099854,-147.09479993182157,0.005646667817182567,-8.157519321728001,-8.166485967526985,-8.162002644627492,2.62501859664917,state,,
0.49999359966510937,,,-0.6330925049554987,-0.6330925049554987,,,,,,,2.625028371810913,control,0.2499967998325458,0.24999679983256357
,0.00158427158092069,0.0016921058461757124,,,-0.06461689786670759,-142.7103622382903,0.005176351685422398,-8.805593054277566,-8.805954871039535,-8.80577396265855,2.6301815509796143,state,,
0.49999359966510937,,,-0.5904306548563887,-0.5904306548563887,,,,,,,2.63019061088562,control,0.24999679983255468,0.24999679983255468
,0.0013317357680312089,0.004507486148873194,,,-0.07132090085455711,-135.9266389616056,0.004710263073509531,-9.36805728186008,-9.386824414662694,-9.377440848261386,2.63569974899292,state,,
0.49999359966510937,,,-0.5486220417592609,-0.5486220417592609,,,,,,,2.63571834564209,control,0.2499967998325458,0.24999679983256357
,0.0017360457724065865,-0.003569477944718055,,,-0.08158146263346014,-129.85174983077792,0.004000764859182273,-9.927682005957728,-9.932347462091537,-9.930014734024631,2.640531301498413,state,,
0.49999359966510937,,,-0.5076496009240756,-0.5076496009240756,,,,,,,2.640542507171631,control,0.2499967998325458,0.24999679983256357
,0.00079272696710532,-0.002611952306974249,,,-0.09144290626431147,-123.39212075647102,0.0032741346632411557,-10.441928681570367,-10.446405614500392,-10.44416714803538,2.6461009979248047,state,,
0.49999359966510937,,,-0.4674966089055941,-0.4674966089055941,,,,,,,2.646120309829712,control,0.24999679983255468,0.24999679983255468
,0.003480330578654136,0.00210685365733564,,,-0.09686329999648369,-115.85035373131622,0.0027123340616274244,-10.907682495152569,-10.899093437891182,-10.903387966521876,2.6508700847625732,state,,
0.49999359966510937,,,-0.4281466767274822,-0.4281466767274822,,,,,,,2.6508798599243164,control,0.24999679983256357,0.2499967998325458
,0.0020876929311350106,-0.002202716223549974,,,-0.1008670276480284,-109.40490879524694,0.002073876252279327,-11.340015352298373,-11.355644784297441,-11.347830068297906,2.6564371585845947,state,,
0.49999359966510937,,,-0.38958374319293254,-0.38958374319293254,,,,,,,2.6564478874206543,control,0.2499967998325458,0.24999679983256357
,-0.0013100332864210188,-0.0007871854651708082,,,-0.10349923638552698,-101.2354845018123,0.0014577296792741062,-11.716319892535767,-11.73165423737514,-11.723987064955454,2.661198854446411,state,,
0.49999359966510937,,,-0.35179206832907384,-0.35179206832907384,,,,,,,2.661208391189575,control,0.24999679983255468,0.24999679983255468
,0.004364953121069998,-0.000587778388999856,,,-0.10719760372633484,-94.21727991762859,0.0008650106026470574,-12.083635692291777,-12.08311484655481,-12.083375269423293,2.666349411010742,state,,
0.49999359966510937,,,-0.3147562269624924,-0.3147562269624924,,,,,,,2.6663596630096436,control,0.2499967998325458,0.24999679983256357
,0.0029353746614387095,0.0002683239759153569,,,-0.11218598882803386,-86.4784028233676,0.0002448609552248882,-12.388442352591884,-12.39675610578192,-12.392599229186903,2.671499252319336,state,,
0.49999359966510937,,,-0.2784611024232425,-0.2784611024232425,,,,,,,2.6715087890625,control,0.24999679983256357,0.2499967998325458
,-0.005824500487694364,-0.0038548910904418103,,,-0.12096024807773775,-79.29428246712337,-0.0006065614476017803,-12.668282158814202,-12.681181470938162,-12.674731814876182,2.6765713691711426,state,,
0.49999359966510937,,,-0.24289188037477769,-0.24289188037477769,,,,,,,2.6765799522399902,control,0.24999679983255468,0.24999679983255468
,0.006860121453400127,0.002492397803280271,,,-0.12375128132790042,-72.14905755381452,-0.0011492247837356442,-12.921876882637715,-12.921637749761501,-12.921757316199608,2.681654930114746,state,,
0.49999359966510937,,,-0.20803404276728213,-0.20803404276728213,,,,,,,2.6816840171813965,control,0.24999679983255468,0.24999679983255468
,-0.0055452435044427715,-0.006108718869425393,,,-0.12204202404906149,-64.28725240886757,-0.0018543310957086678,-13.119245688581753,-13.11689243781742,-13.118069063199586,2.6874783039093018,state,,
0.49999359966510937,,,-0.17387336191193647,-0.17387336191193647,,,,,,,2.6874921321868896,control,0.24999679983255468,0.24999679983255468
,0.011220838957885147,-0.0016020761079078758,,,-0.12474973230832198,-57.0535990027453,-0.002419273688726236,-13.297449580928808,-13.27897019625824,-13.288209888593524,2.692369222640991,state,,
0.49999359966510937,,,-0.14039589467369773,-0.14039589467369773,,,,,,,2.692382574081421,control,0.24999679983256357,0.2499967998325458
,0.0014024009904178602,0.001201211498965858,,,-0.12336030975199423,-50.67763978505635,-0.002923079336754511,-13.440541956894025,-13.43970113285408,-13.440121544874053,2.6972010135650635,state,,
0.49999359966510937,,,-0.10758797678022378,-0.10758797678022378,,,,,,,2.6972103118896484,control,0.24999679983256357,0.2499967998325458
,0.0008580564640231729,0.00822682876633312,,,-0.12518760088895758,-43.466382598554056,-0.0033495151273035275,-13.53539867949024,-13.549966790815649,-13.542682735152944,2.7024028301239014,state,,
0.49999359966510937,,,-0.0754362172446193,-0.0754362172446193,,,,,,,2.7024333477020264,control,0.2499967998325458,0.24999679983256357
,-0.003644337460119233,-0.001885733242218789,,,-0.12168510524667131,-37.25470271719933,-0.00388835881075855,-13.626280805945894,-13.633907779927569,-13.630094292936732,2.707435131072998,state,,
0.49999359966510937,,,-0.043927492899726917,-0.043927492899726917,,,,,,,2.7074437141418457,control,0.24999679983256357,0.2499967998325458
,-0.006788532867088211,-0.003620896303724701,,,-0.12497806984139272,-30.000925814101006,-0.004594126859939958,-13.666593220442438,-13.662709733529251,-13.664651476985846,2.7133543491363525,state,,
0.49999359966510937,,,-0.013048943041732382,-0.013048943041732382,,,,,,,2.7133688926696777,control,0.24999679983256357,0.2499967998325458
,0.0040608345040278335,-0.0021738752525871092,,,-0.13268997331563762,-23.741470965261666,-0.005285033295755967,-13.689421921296558,-13.678051106277085,-13.683736513786823,2.717792272567749,state,,
0.49999359966510937,,,0.017212035819102266,0.017212035819102266,,,,,,,2.717829704284668,control,0.24999679983256357,0.2499967998325458
,0.0016026201291990728,0.0023758751681704077,,,-0.1323145338789085,-16.502704770486954,-0.005767914584426579,-13.659533394532138,-13.642549596389397,-13.651041495460767,2.7228779792785645,state,,
0.49999359966510937,,,0.04686779510272022,0.04686779510272022,,,,,,,2.7228899002075195,control,0.2499967998325458,0.24999679983256357
,-0.005043084407664306,-0.008979329149322564,,,-0.13286111347106605,-11.138982400756712,-0.006518421292796958,-13.631024702180122,-13.61171552704595,-13.621370114613036,2.727933168411255,state,,
0.49999359966510937,,,0.0759304392006658,0.0759304392006658,,,,,,,2.72794246673584,control,0.24999679983255468,0.24999679983255468
,0.0033672488321044563,0.002052011660280129,,,-0.13744653910042692,-4.302280103848128,-0.007072063835858013,-13.536112390252164,-13.532031647012245,-13.534072018632205,2.733172655105591,state,,
0.49999359966510937,,,0.10441183041665249,0.10441183041665249,,,,,,,2.733182668685913,control,0.24999679983256357,0.2499967998325458
,0.006841536667724936,-0.0034200365193141086,,,-0.13331517190368142,2.2566511155463593,-0.007534239425048569,-13.427116532711128,-13.409683728404543,-13.418400130557835,2.7384729385375977,state,,
0.49999359966510937,,,0.13232359380831943,0.13232359380831943,,,,,,,2.738485097885132,control,0.2499967998325458,0.24999679983256357
,-0.0018532733732480689,-0.0006084155517832329,,,-0.13469896198475312,7.239449553391388,-0.008092345936035176,-13.309294019279804,-13.29650434593923,-13.302899182609517,2.7434918880462646,state,,
0.49999359966510937,,,0.15967712193215303,0.15967712193215303,,,,,,,2.7435014247894287,control,0.24999679983255468,0.24999679983255468
,-0.0013923868774665604,-0.0027535784298085013,,,-0.13401950699351795,13.898016717641227,-0.008640191469102531,-13.12580085963171,-13.12906856279096,-13.127434711211336,2.748595714569092,state,,
0.49999359966510937,,,0.18648357949350997,0.18648357949350997,,,,,,,2.7486040592193604,control,0.24999679983256357,0.2499967998325458
,0.0022758882286115652,0.0029493787077177294,,,-0.13386221119639852,18.518545078834066,-0.009051305036471245,-12.96679559475115,-12.955812391207154,-12.961303992979152,2.7539055347442627,state,,
0.49999359966510937,,,0.21275390790363977,0.21275390790363977,,,,,,,2.7539174556732178,control,0.24999679983255468,0.24999679983255468
,0.012370802514522397,-0.009637588962669816,,,-0.13339848730093776,24.85960412710643,-0.009605895650772606,-12.731168853896538,-12.741000912396673,-12.736084883146606,2.758791446685791,state,,
0.49999359966510937,,,0.23849882974556696,0.23849882974556696,,,,,,,2.758801221847534,control,0.24999679983256357,0.2499967998325458
,0.0028618946467583732,-0.0003059822011428829,,,-0.13144814394305626,30.378636717877654,-0.010013997499568366,-12.488935489251856,-12.503771646281278,-12.496353567766567,2.7638580799102783,state,,
0.49999359966510937,,,0.26372885315065564,0.26372885315065564,,,,,,,2.7638673782348633,control,0.24999679983255468,0.24999679983255468
,-0.009106349725226398,0.000769792275499078,,,-0.12769864434854472,35.34514950234933,-0.010436424248664011,-12.23079008018843,-12.250376548405658,-12.240583314297044,2.76897931098938,state,,
0.49999359966510937,,,0.2884542760876425,0.2884542760876425,,,,,,,2.7689878940582275,control,0.24999679983255468,0.24999679983255468
,-0.007415829783243205,0.0074338576598074035,,,-0.12611591474253755,40.97782332269781,-0.01074013714441107,-11.952021342196474,-11.940073476904082,-11.946047409550278,2.7743537425994873,state,,
0.49999359966510937,,,0.3126851905658896,0.3126851905658896,,,,,,,2.7743637561798096,control,0.24999679983255468,0.24999679983255468
,-0.0039135245274960866,0.00018370753494142758,,,-0.12320138767191247,46.09169144502843,-0.011111339746499915,-11.632340257292695,-11.636058169359778,-11.634199213326237,2.779508590698242,state,,
0.49999359966510937,,,0.3364314867545718,0.3364314867545718,,,,,,,2.7795186042785645,control,0.24999679983256357,0.2499967998325458
,-0.004495252570487574,-0.00037126302789207096,,,-0.1158772950871047,50.88124002507002,-0.011385079948392576,-11.305908720934015,-11.301221239129282,-11.303564980031648,2.7847061157226562,state,,
0.49999359966510937,,,0.35970285701948035,0.35970285701948035,,,,,,,2.7847461700439453,control,0.24999679983255468,0.24999679983255468
,-0.0007233751692536015,-0.0030193439777314764,,,-0.11510259703132743,56.38896267456253,-0.011772858266869071,-10.94003447107193,-10.927889605276556,-10.933962038174244,2.790165662765503,state,,
0.49999359966510937,,,0.3825087998790907,0.3825087998790907,,,,,,,2.7901766300201416,control,0.24999679983255468,0.24999679983255468
,0.0011204204859488012,-0.002378297336000421,,,-0.1121974286064705,60.590950580074775,-0.012079817046838715,-10.551255575932165,-10.577005565420647,-10.564130570676406,2.794832706451416,state,,
0.49999359966510937,,,0.40485862388150884,0.40485862388150884,,,,,,,2.79484224319458,control,0.24999679983255468,0.24999679983255468
,0.0020977106423966745,-0.003672373328853589,,,-0.10493267077359253,65.61587892592175,-0.012293813276690395,-10.14352145259325,-10.16863246251552,-10.156076957554385,2.8000166416168213,state,,
0.49999359966510937,,,0.42676145140387867,0.42676145140387867,,,,,,,2.8000261783599854,control,0.24999679983255468,0.24999679983255468
,-0.0006651088128763602,-0.0003226821290047808,,,-0.09906718012861127,70.19116171708063,-0.01245493280987962,-9.729111088740828,-9.735495434745891,-9.73230326174336,2.8052382469177246,state,,
0.49999359966510937,,,0.4482262223758011,0.4482262223758011,,,,,,,2.805248260498047,control,0.24999679983255468,0.24999679983255468
,-0.0023494973352251713,0.005994249858202271,,,-0.09566743044020731,74.99825583638957,-0.012529838637061556,-9.267323615144512,-9.29428579177911,-9.280804703461811,2.8104517459869385,state,,
0.49999359966510937,,,0.4692616979282851,0.4692616979282851,,,,,,,2.8104617595672607,control,0.24999679983255468,0.24999679983255468
,-0.005018766714080797,-0.0031873635387377514,,,-0.09577435414117912,79.56768536759662,-0.012848789621075218,-8.79982137964089,-8.820661714206427,-8.81024154692366,2.8156776428222656,state,,
0.49999359966510937,,,0.4898764639697194,0.4898764639697194,,,,,,,2.8156867027282715,control,0.24999679983256357,0.2499967998325458
,-0.005928042638444544,-8.874496524145799e-05,,,-0.08997091706708123,83.76857456193156,-0.012989953786352397,-8.32295261626721,-8.326126275828848,-8.324539446048028,2.820808172225952,state,,
0.49999359966510937,,,0.510078934690325,0.510078934690325,,,,,,,2.8208181858062744,control,0.2499967998325458,0.24999679983256357
,-0.00294111482811763,-0.00474422789961854,,,-0.0870035471838328,88.10849847741622,-0.01322225302390153,-7.824631967900497,-7.8052178706629745,-7.814924919281736,2.8261470794677734,state,,
0.49999359966510937,,,0.5298773559965184,0.5298773559965184,,,,,,,2.8261606693267822,control,0.24999679983255468,0.24999679983255468
,-0.00047301258366100703,-0.00462825586917474,,,-0.08187157314414553,93.01498945162336,-0.013370511723895601,-7.255535593170187,-7.287985892520883,-7.271760742845535,2.830930471420288,state,,
0.49999359966510937,,,0.5492798088765881,0.5492798088765881,,,,,,,2.8309407234191895,control,0.24999679983255468,0.24999679983255468
,0.005354871999220725,-0.002590003289029464,,,-0.07895581116674573,96.9421413094561,-0.013454946844301484,-6.723813132355728,-6.725281814151461,-6.724547473253594,2.836008071899414,state,,
0.49999359966510937,,,0.5682942126990563,0.5682942126990563,,,,,,,2.83601713180542,control,0.24999679983255024,0.24999679983255912
,0.0024525475294698233,0.010693359517798191,,,-0.07492237681150066,100.44216644165131,-0.013275388961858958,-6.159745664757637,-6.173518357186091,-6.166632010971864,2.841296434402466,state,,
0.49999359966510937,,,0.5869283284450753,0.5869283284450753,,,,,,,2.841306447982788,control,0.24999679983255468,0.24999679983255468
,0.0055428863438656,0.006961760206002119,,,-0.07116847935326116,105.16022566017847,-0.013131727727221227,-5.566118832362118,-5.565362443694048,-5.565740638028084,2.846313238143921,state,,
0.49999359966510937,,,0.6051897618761738,0.6051897618761738,,,,,,,2.846322774887085,control,0.24999679983255912,0.24999679983255024
,-0.002103198057065136,0.007445214446968072,,,-0.06782003085559644,108.859001689103,-0.01302867235111541,-4.964908594396465,-4.960246967090042,-4.962577780743254,2.8517000675201416,state,,
0.49999359966510937,,,0.6230859666386503,0.6230859666386503,,,,,,,2.851710081100464,control,0.24999679983255468,0.24999679983255468
,0.0037771218934224116,-0.015085246071313731,,,-0.06170903582910447,111.955794213383,-0.013229348487665549,-4.343382277716647,-4.363641374042192,-4.353511825879419,2.8568241596221924,state,,
0.49999359966510937,,,0.6406242473058773,0.6406242473058773,,,,,,,2.8568344116210938,control,0.24999679983255024,0.24999679983255912
,0.0048473814265497794,0.004957925161095475,,,-0.05355492452382264,116.23523826299052,-0.012974047060438943,-3.696862083426893,-3.7115902508659935,-3.704226167146443,2.8620364665985107,state,,
0.49999359966510937,,,0.6578117623597598,0.6578117623597598,,,,,,,2.8620455265045166,control,0.24999679983255468,0.24999679983255468
,0.003077405277599526,-0.008415318647198368,,,-0.04678446116376059,119.99187638110433,-0.012973739359402986,-3.0429380262208165,-3.0460180390799763,-3.0444780326503964,2.8671889305114746,state,,
0.49999359966510937,,,0.6746555271125646,0.6746555271125646,,,,,,,2.8671987056732178,control,0.24999679983255468,0.24999679983255468
,-0.0037988969903363402,0.007346282541856903,,,-0.04229826238904702,123.48025952440813,-0.012745473839101008,-2.3637351985547115,-2.3793795873709516,-2.3715573929628313,2.8723182678222656,state,,
0.49999359966510937,,,0.6911624165703133,0.6911624165703133,,,,,,,2.8723273277282715,control,0.24999679983255246,0.2499967998325569
,-0.0005211561833382133,0.000825764036993568,,,-0.03630346312137656,127.10891080643225,-0.012565605734064738,-1.6930508531907689,-1.6634712670123948,-1.678261060101582,2.8774592876434326,state,,
0.49999359966510937,,,0.7073391682389071,0.7073391682389071,,,,,,,2.877469062805176,control,0.2499967998325558,0.24999679983255357
,0.00029235335633646405,-0.00033251442504604205,,,-0.031158864218286203,129.99032219403165,-0.012392853282294874,-0.9877295841881558,-0.9771711409911475,-0.9824503625896517,2.882718563079834,state,,
0.49999359966510937,,,0.723192384874129,0.723192384874129,,,,,,,2.8827285766601562,control,0.24999679983255468,0.24999679983255468
,0.0029266093489986756,0.006458718816662861,,,-0.022984310443953722,133.81727460610256,-0.0119905650035041,-0.24643798442824758,-0.2584743160183233,-0.25245615022328544,2.8876843452453613,state,,
0.49999359966510937,,,0.7387285371766464,0.7387285371766464,,,,,,,2.8877198696136475,control,0.24999679983255454,0.24999679983255482
,0.007638641592234257,0.0017463676524932992,,,-0.016336821555178814,137.48727801021218,-0.011640073774847678,0.4842880211926152,0.5024922950485613,0.4933901581205883,2.892881155014038,state,,
0.49999359966510937,,,0.7539539664331135,0.7539539664331135,,,,,,,2.8928914070129395,control,0.2499967998325544,0.24999679983255496
,-0.0029908497477392566,0.0004059708479347835,,,-0.009203770902641498,140.17262900375133,-0.01135791144954124,1.2235253187555195,1.250458664434868,1.2369919915951937,2.897958278656006,state,,
0.49999359966510937,,,0.7688748871044513,0.7688748871044513,,,,,,,2.8979673385620117,control,0.2499967998325558,0.24999679983255357
,-0.0013562550968171602,0.00275835829429484,,,-0.0002396236334594095,143.45311047523563,-0.010953083894998845,2.023158400156412,1.989777656167952,2.006468028162182,2.9029860496520996,state,,
0.49999359966510937,,,0.7834973893623622,0.7834973893623622,,,,,,,2.9029955863952637,control,0.2499967998325569,0.24999679983255246
,-0.0008192042686163583,0.011133791839455572,,,0.007652917495467371,146.1841743783449,-0.010374876468752698,2.7781474548604534,2.7835628092632967,2.780855132061875,2.90834641456604,state,,
0.49999359966510937,,,0.797827441575115,0.797827441575115,,,,,,,2.9083569049835205,control,0.24999679983255468,0.24999679983255468
,-0.0024741079540559294,-0.006443351560038685,,,0.016235400760998473,150.1624101431076,-0.01009410954304084,3.590752247271206,3.5992132956330103,3.5949827714521083,2.9135091304779053,state,,
0.49999359966510937,,,0.8118708927436127,0.8118708927436127,,,,,,,2.9135191440582275,control,0.24999679983255246,0.2499967998325569
,0.000796382507711744,0.0019438721081994812,,,0.0206119702044688,152.5586758229279,-0.00968307375228405,4.398277742852223,4.3935500638622464,4.3959139033572345,2.9187731742858887,state,,
0.49999359966510937,,,0.8256334748887404,0.8256334748887404,,,,,,,2.918782949447632,control,0.24999679983255468,0.24999679983255468
,0.0021635110109180017,0.009937869851862055,,,0.02638468108124307,155.7426109907412,-0.009071596931601382,5.217914272725111,5.232687447985092,5.225300860355102,2.9240922927856445,state,,
0.49999359966510937,,,0.8391208053909656,0.8391208053909656,,,,,,,2.924102783203125,control,0.24999679983255468,0.24999679983255468
,-0.00028034517887794884,0.0037932544227792246,,,0.03709928318885446,158.28979076867947,-0.00847502366015123,6.047200786797593,6.067378092119924,6.057289439458758,2.9289917945861816,state,,
-0.5,,,0.7923383892831463,0.7923383892831463,,,,,,,2.929001569747925,control,-0.24999999999999556,-0.25000000000000444
,-0.00010353526513344695,-0.00629985884398454,,,0.04623986204776076,158.60775171248397,-0.008056254445681655,6.83875898614226,6.8720184210834265,6.855388703612843,2.9342041015625,state,,
-0.5,,,0.7464916214974833,0.7464916214974833,,,,,,,2.934213638305664,control,-0.25,-0.25
,0.0009332420769528249,0.008989932059634666,,,0.05352817402462186,156.4057212919471,-0.0073474127569582185,7.598318280717136,7.606423534174586,7.602370907445861,2.9394781589508057,state,,
-0.5,,,0.7015617890675335,0.7015617890675335,,,,,,,2.9394888877868652,control,-0.25000000000000444,-0.24999999999999556
,0.000919323020686197,-0.0009491104583856157,,,0.05850376940420728,152.20969688395974,-0.006849106126243546,8.29308287610699,8.300192302451244,8.296637589279117,2.9444634914398193,state,,
-0.5,,,0.6575305532861828,0.6575305532861828,,,,,,,2.9444732666015625,control,-0.25,-0.25
,-0.0013983333052346842,0.0029678545504867237,,,0.06409700306948253,147.82539012099272,-0.006268204269748484,8.975069678280216,8.95690258281646,8.965986130548337,2.949650526046753,state,,
-0.5,,,0.6143799422204591,0.6143799422204591,,,,,,,2.9496617317199707,control,-0.25,-0.25
,-0.00040391895963104565,-0.0006300672922122747,,,0.07579261826324185,141.7446321673975,-0.005605857372818253,9.583558974600885,9.572303070957757,9.577931022779321,2.954981565475464,state,,
-0.5,,,0.5720923433760499,0.5720923433760499,,,,,,,2.955016851425171,control,-0.25,-0.25
,0.006100109165595873,-0.0015623974277720238,,,0.08029356529412106,134.98514477564137,-0.005015921567466547,10.138797604362297,10.151754722719694,10.145276163540995,2.9599900245666504,state,,
-0.5,,,0.5306504965085288,0.5306504965085288,,,,,,,2.9599995613098145,control,-0.24999999999999112,-0.2500000000000089
,-0.005857731028372911,0.0007914396952921215,,,0.0872642296641124,128.97791603650444,-0.004410218535087429,10.692259811478577,10.696855646344991,10.694557728911784,2.9652528762817383,state,,
-0.5,,,0.4900374865783582,0.4900374865783582,,,,,,,2.965263605117798,control,-0.25,-0.25
,-0.0007296990294933847,-0.004805655106434817,,,0.09476162182240074,121.24706076739565,-0.0038375222470784735,11.17193509233765,11.183570207078535,11.177752649708093,2.9704701900482178,state,,
-0.5,,,0.450236736846791,0.450236736846791,,,,,,,2.9704854488372803,control,-0.2500000000000089,-0.24999999999999112
,0.006632510878858342,-0.004588655519156012,,,0.10015537726032694,113.1184659545922,-0.003223946589549479,11.624248476520991,11.603700273471356,11.613974374996173,2.9756298065185547,state,,
-0.5,,,0.4112320021098552,0.4112320021098552,,,,,,,2.9756412506103516,control,-0.25,-0.25
,0.00021350343229085245,0.010541378410681233,,,0.10151067624312743,105.78637979991063,-0.0024457115438891305,12.011682248479909,12.040742748572901,12.026212498526405,2.980842113494873,state,,
-0.5,,,0.37300736206765817,0.37300736206765817,,,,,,,2.98085355758667,control,-0.25,-0.25
,0.0037192834763842097,-0.009004371242730324,,,0.10318838696706883,98.72462755074146,-0.0020067068799548933,12.404453288404092,12.410435428687016,12.407444358545554,2.986096143722534,state,,
-0.5,,,0.335547214826305,0.335547214826305,,,,,,,2.9861092567443848,control,-0.25,-0.25
,0.006115942630324322,0.0039352543522029465,,,0.10825975101415292,91.0315427612778,-0.0012406164363628278,12.734648706394324,12.74567694393592,12.740162825165122,2.991278886795044,state,,
-0.5,,,0.2988362705297789,0.2988362705297789,,,,,,,2.991299867630005,control,-0.25,-0.25
,0.002271293826012728,0.0024671005637638475,,,0.11800602190182313,83.11418058561206,-0.0004249959559595839,13.021574766687959,13.037875224197204,13.029724995442582,2.9963085651397705,state,,
-0.5,,,0.2628595451191833,0.2628595451191833,,,,,,,2.9963200092315674,control,-0.25,-0.25
,-0.0003777218432701527,-0.0016943854283175876,,,0.12476159583760849,76.46441405324246,0.00026381472592545936,13.303188882088019,13.309236606522834,13.306212744305427,3.001629114151001,state,,
-0.5,,,0.2276023542167996,0.2276023542167996,,,,,,,3.001638174057007,control,-0.25,-0.25
,0.0051725422102257505,-0.00020742831433641885,,,0.12721837652042378,68.55875783661472,0.0009526767751846349,13.520761948362226,13.525606265562478,13.523184106962352,3.0066657066345215,state,,
-0.5,,,0.19305030713246363,0.19305030713246363,,,,,,,3.006676197052002,control,-0.25,-0.25
,0.003064642386404548,0.0016062768719372266,,,0.12953634006466724,62.16875214557996,0.0016549770212807837,13.739938190667864,13.724717346289935,13.7323277684789,3.012080430984497,state,,
-0.5,,,0.15918930098981435,0.15918930098981435,,,,,,,3.0120949745178223,control,-0.25,-0.25
,-0.0032210153063212343,0.0013175604322387528,,,0.13616506908265213,55.09168527557008,0.0023908978158140625,13.894686120130922,13.895616234591786,13.895151177361354,3.01719069480896,state,,
-0.5,,,0.12600551497001805,0.12600551497001805,,,,,,,3.017202377319336,control,-0.25,-0.25
,-0.005117703430135041,-0.004472307415099643,,,0.13574587226689053,47.13687573505977,0.0028785149385369183,14.005652703051407,14.00280895707654,14.004230830063975,3.0223379135131836,state,,
-0.5,,,0.0934854046706177,0.0934854046706177,,,,,,,3.022348642349243,control,-0.2500000000000089,-0.24999999999999112
,-0.0011839128106558396,-0.0026101507529992176,,,0.13344820784238054,40.49985178712197,0.0033796212016857416,14.092849063116962,14.109348081135488,14.101098572126226,3.0275588035583496,state,,
-0.5,,,0.06161569657720534,0.06161569657720534,,,,,,,3.027571439743042,control,-0.2500000000000089,-0.24999999999999112
,0.0034854270381219814,0.00042089411165843694,,,0.13299208229048592,34.39459157678439,0.003988161221594158,14.175322957725161,14.176483634027639,14.175903295876399,3.0327188968658447,state,,
-0.5,,,0.030383382645661233,0.030383382645661233,,,,,,,3.0327303409576416,control,-0.24999999999999112,-0.2500000000000089
,-0.004206299366239077,-0.011345267540635362,,,0.13760726078865765,27.47521172598618,0.004410618034139685,14.2045442493584,14.201763758377261,14.20315400386783,3.0379221439361572,state,,
-0.5,,,-0.00022428500725199182,-0.00022428500725199182,,,,,,,3.037935972213745,control,-0.24999999999999112,-0.2500000000000089
,-0.0068226558599779165,-0.006908996484580185,,,0.13478595768589186,20.23877927188932,0.004757758827486698,14.186348924700162,14.192004076670367,14.189176500685264,3.042931079864502,state,,
-0.5,,,-0.03021979930710695,-0.03021979930710695,,,,,,,3.0429420471191406,control,-0.24999999999999112,-0.2500000000000089
,0.005663692682914968,-0.0037624682424771106,,,0.13780435702173313,14.18311499115177,0.005355005708833684,14.173091750301124,14.15433462018404,14.163713185242582,3.048030376434326,state,,
-0.5,,,-0.05961540332096481,-0.05961540332096481,,,,,,,3.0480403900146484,control,-0.25,-0.25
,0.0010346715356014124,0.005025117719595431,,,0.1379283860367746,7.414711300671501,0.006024569235848977,14.098666386483123,14.087462116172484,14.093064251327803,3.0533015727996826,state,,
-0.5,,,-0.0884230952545455,-0.0884230952545455,,,,,,,3.0533125400543213,control,-0.25,-0.25
,0.0006767512153520802,0.0012918257223521338,,,0.13954289224896865,2.0983858932337087,0.006639915763095446,14.031861541468949,14.006026926583242,14.018944234026096,3.0583560466766357,state,,
-0.5,,,-0.11665463334945458,-0.11665463334945458,,,,,,,3.058391809463501,control,-0.25,-0.25
,-0.005558527979855349,0.005961368634668898,,,0.1379307111804966,-3.948102116252394,0.007225125179841753,13.902148823827662,13.903792932050886,13.902970877939275,3.0635411739349365,state,,
-0.5,,,-0.1443215406824655,-0.1443215406824655,,,,,,,3.0635509490966797,control,-0.2500000000000089,-0.24999999999999112
,0.003964750462048685,0.0022940950707205743,,,0.140249341985773,-9.992345956784767,0.007873938872894413,13.753991275009053,13.759632764406957,13.756812019708004,3.0687294006347656,state,,
-0.5,,,-0.1714351098688162,-0.1714351098688162,,,,,,,3.068739175796509,control,-0.24999999999999112,-0.2500000000000089
,-0.004038751560879831,0.0024601180962267512,,,0.13972513467556977,-15.711383947400678,0.008406501855490855,13.595547142113784,13.578920424640843,13.587233783377314,3.0738539695739746,state,,
-0.5,,,-0.19800640767143987,-0.19800640767143987,,,,,,,3.073864459991455,control,-0.2500000000000089,-0.24999999999999112
,-0.0007478372698233985,-1.963629712992933e-05,,,0.13793691916305656,-21.29985718498643,0.00887833276800097,13.379280892495485,13.40430147438957,13.391791183442528,3.0791683197021484,state,,
-0.5,,,-0.22404627951801107,-0.22404627951801107,,,,,,,3.0791804790496826,control,-0.2500000000000089,-0.24999999999999112
,0.0031049836345482433,-0.0020008960544031433,,,0.13374032302449324,-27.62400292366319,0.009274426749563199,13.145218667481796,13.160819859137838,13.153019263309817,3.084474802017212,state,,
-0.5,,,-0.24956535392765083,-0.24956535392765083,,,,,,,3.084487199783325,control,-0.25,-0.25
,-0.00025672117977553903,-0.0030045693608743637,,,0.13336601227975353,-32.59673951272984,0.009676773757149449,12.908047759330202,12.913736250393358,12.910892004861779,3.089974880218506,state,,
-0.5,,,-0.2745740468490978,-0.2745740468490978,,,,,,,3.089991569519043,control,-0.24999999999999112,-0.2500000000000089
,-0.00019778755091903738,0.007060594127164499,,,0.13079037213697825,-38.13495098808145,0.01021146178906492,12.624084084672216,12.640063668732436,12.632073876702325,3.0947158336639404,state,,
-0.5,,,-0.2990825659121158,-0.2990825659121158,,,,,,,3.094726324081421,control,-0.24999999999999112,-0.2500000000000089
,-0.008494662485503523,-0.003122530541421092,,,0.130135355697409,-42.69858459757636,0.01051147928411947,12.336389356887128,12.355507581059472,12.345948468973301,3.0998003482818604,state,,
-0.5,,,-0.32310091459387347,-0.32310091459387347,,,,,,,3.09981107711792,control,-0.2500000000000089,-0.24999999999999112
,-0.0009750426258999894,-0.001291490771674104,,,0.12506728931065944,-48.44395716514475,0.010801687639121305,12.010839968842477,12.01373650864606,12.012288238744269,3.10489559173584,state,,
-0.5,,,-0.34663889630199596,-0.34663889630199596,,,,,,,3.1049067974090576,control,-0.25,-0.25
,0.006391537925473014,0.0016072221609503537,,,0.12055841884638753,-53.53583214257712,0.011181265578177666,11.655462890315295,11.671675851294612,11.663569370804954,3.109980583190918,state,,
-0.5,,,-0.369706118375956,-0.369706118375956,,,,,,,3.109989881515503,control,-0.25,-0.25
,0.006203006016874112,0.006672753136738039,,,0.11891119068441813,-58.12634971942521,0.011682478272099483,11.303980014406127,11.295774517268406,11.299877265837267,3.1153481006622314,state,,
-0.5,,,-0.3923119960084369,-0.3923119960084369,,,,,,,3.1153597831726074,control,-0.2500000000000089,-0.24999999999999112
,-0.0020095023018513515,0.010193784707952111,,,0.12028633927765145,-63.05318533011447,0.012231928442350172,10.89485331811505,10.917543312009867,10.906198315062458,3.1206541061401367,state,,
-0.5,,,-0.4144657560882682,-0.4144657560882682,,,,,,,3.1206705570220947,control,-0.24999999999999112,-0.2500000000000089
,-0.0002998900548870161,0.0002971071918104413,,,0.11382345371736448,-67.89540513853792,0.01244539219889932,10.495819671551342,10.483490263578576,10.48965496756496,3.125715732574463,state,,
-0.5,,,-0.43617644096650277,-0.43617644096650277,,,,,,,3.1257264614105225,control,-0.2500000000000089,-0.24999999999999112
,0.0006363132686859736,0.01102674524628622,,,0.11054833728827024,-72.56528103794905,0.012894457153267359,10.062100677920574,10.042909680226456,10.052505179073515,3.1307077407836914,state,,
-0.5,,,-0.45745291214717265,-0.45745291214717265,,,,,,,3.130718469619751,control,-0.25,-0.25
,0.0023526631806256378,0.0020703994767695584,,,0.10596547908833148,-77.05936944630508,0.01313812127523382,9.584598571125902,9.606766815581706,9.595682693353805,3.1360363960266113,state,,
-0.5,,,-0.47830385390422914,-0.47830385390422914,,,,,,,3.1360933780670166,control,-0.2500000000000089,-0.24999999999999112
,-0.005095828639383305,0.004083474124158052,,,0.10196692682252231,-81.36982609321824,0.013348488585517784,9.130027432789127,9.110433596518389,9.120230514653759,3.1411259174346924,state,,
-0.5,,,-0.4987377768261445,-0.4987377768261445,,,,,,,3.1411375999450684,control,-0.2500000000000089,-0.24999999999999112
,0.0002598377525755079,-0.000352098032974807,,,0.09518160589274693,-85.75431204571962,0.013435349116344015,8.615733113595347,8.62762227280346,8.621677693199404,3.146299123764038,state,,
-0.5,,,-0.5187630212896216,-0.5187630212896216,,,,,,,3.146311044692993,control,-0.25,-0.25
,8.549872286938531e-05,-0.0005087931573807782,,,0.09282999807488043,-90.2462259581514,0.013573898286116442,8.094804600377854,8.103106465818085,8.09895553309797,3.1516056060791016,state,,
-0.5,,,-0.5383877608638292,-0.5383877608638292,,,,,,,3.1516194343566895,control,-0.25,-0.25
,-0.0016809853181742652,-0.010920703779286634,,,0.08736065167617593,-94.07317796593566,0.013427783291055876,7.559231037669726,7.576132583063993,7.567681810366859,3.1566226482391357,state,,
-0.5,,,-0.5576200056465527,-0.5576200056465527,,,,,,,3.1566333770751953,control,-0.25,-0.25
,0.0007644399741429063,-0.002276405515451613,,,0.07926447224522531,-98.44359374661313,0.013382632869438834,6.996957807381716,7.014855220913542,7.005906514147629,3.1617345809936523,state,,
-0.5,,,-0.5764676055336216,-0.5764676055336216,,,,,,,3.161770820617676,control,-0.24999999999999556,-0.25000000000000444
,-0.002926264490314941,-0.005076112347794723,,,0.07259359325244673,-101.70532299087668,0.01324852570773346,6.467601178377091,6.423334553559013,6.445467865968052,3.166810989379883,state,,
-0.5,,,-0.5949382534229493,-0.5949382534229493,,,,,,,3.166821002960205,control,-0.24999999999999556,-0.25000000000000444
,0.006258239876514505,-0.004377798491347102,,,0.06983119413942508,-106.95552974441057,0.01324571436365472,5.841160705273583,5.81310045780254,5.827130581538062,3.172109603881836,state,,
-0.5,,,-0.6130394883544903,-0.6130394883544903,,,,,,,3.1721200942993164,control,-0.25,-0.25
,-0.004455707710876237,0.005154197497457697,,,0.0688153240443197,-110.10438604153074,0.01336264593523038,5.222113154144954,5.230872939561318,5.226493046853136,3.1770875453948975,state,,
-0.5,,,-0.6307786985874005,-0.6307786985874005,,,,,,,3.1770975589752197,control,-0.25,-0.25
,0.0005780107252775646,-0.010271451097666182,,,0.06029149192114957,-113.78009770760353,0.013069311448222739,4.60259275085295,4.595590829570081,4.599091790211515,3.182147979736328,state,,
-0.5,,,-0.6481631246156525,-0.6481631246156525,,,,,,,3.182157039642334,control,-0.25,-0.25
,-0.0032383668772298564,-0.00037242388020618234,,,0.05443182421386952,-117.91780818269572,0.012950157722414077,3.935502913759684,3.951795169797581,3.9436490417786327,3.1873574256896973,state,,
-0.5,,,-0.6651998621233395,-0.6651998621233395,,,,,,,3.1873667240142822,control,-0.2500000000000022,-0.24999999999999778
,-0.0007114389553846663,-0.0008768270782946139,,,0.051051738193819356,-121.62193427137046,0.012864902159646155,3.280683246710217,3.2724894987636977,3.2765863727369573,3.192669630050659,state,,
-0.5,,,-0.6818958648808727,-0.6818958648808727,,,,,,,3.1926794052124023,control,-0.25,-0.25
,-0.0018395922923576209,-0.00525006861583955,,,0.04610803731849731,-124.50091775282142,0.012643150815338863,2.612814350636885,2.6037083268782477,2.6082613387575666,3.1977450847625732,state,,
-0.5,,,-0.6982579475832553,-0.6982579475832553,,,,,,,3.197754383087158,control,-0.2500000000000022,-0.24999999999999778
,-0.010153430507755957,0.0015556779463901111,,,0.03877437602735477,-128.7402626532154,0.012417248805205628,1.8917020224648171,1.9024754892443372,1.8970887558545773,3.2031075954437256,state,,
-0.5,,,-0.7142927886315902,-0.7142927886315902,,,,,,,3.2031266689300537,control,-0.2500000000000011,-0.2499999999999989
,0.0010584072643339975,0.0032762970057832914,,,0.031319079640394126,-132.52583411502263,0.012272667252034936,1.1788865443398004,1.1695341441042806,1.1742103442220406,3.2085556983947754,state,,
-0.5,,,-0.7300069328589583,-0.7300069328589583,,,,,,,3.208571434020996,control,-0.2500000000000011,-0.2499999999999989
,-0.000916566601848519,0.010497790154358682,,,0.022715594331764743,-135.24485576729654,0.012190341761189587,0.44892560075350335,0.46049738275095614,0.45471149175222975,3.213188409805298,state,,
-0.5,,,-0.7454067942017792,-0.7454067942017792,,,,,,,3.213197946548462,control,-0.25,-0.25
,-0.005357951247932897,-0.008866401783159073,,,0.01660932632283156,-138.89056912036924,0.011726117831695625,-0.3105081558722016,-0.2850212120745612,-0.2977646839733814,3.218419313430786,state,,
-0.5,,,-0.7604986583177437,-0.7604986583177437,,,,,,,3.2184295654296875,control,-0.25,-0.25
,0.0008263406279513276,0.004114792408270928,,,0.012548308632185456,-141.67744620301107,0.011570170031895985,-1.0649093087582504,-1.0361035739170168,-1.0505064413376335,3.223604679107666,state,,
-0.5,,,-0.7752886851513888,-0.7752886851513888,,,,,,,3.2236156463623047,control,-0.2500000000000011,-0.2499999999999989
,0.00423342338076004,0.0065846665197366,,,0.004390431253682563,-145.42580598654692,0.011384639699028531,-1.8345505296783318,-1.8400344104697242,-1.8372924700740279,3.228682518005371,state,,
-0.5,,,-0.7897829114483611,-0.7897829114483611,,,,,,,3.2287039756774902,control,-0.2500000000000011,-0.2499999999999989
,-0.0023378404164849545,0.004716975172006887,,,-0.000609785219587931,-148.59854303048726,0.011144077251817722,-2.63731789045426,-2.6242438367334433,-2.6307808635938517,3.2338719367980957,state,,
-0.5,,,-0.8039872532193939,-0.8039872532193939,,,,,,,3.233882188796997,control,-0.25,-0.25
,-0.003868968498925449,-0.00017947114375268145,,,-0.010532104804945501,-150.5413904335916,0.010680638078265081,-3.4146401105845157,-3.414178274514565,-3.4144091925495403,3.2391202449798584,state,,
-0.5,,,-0.817907508155006,-0.817907508155006,,,,,,,3.2391304969787598,control,-0.25,-0.25
,0.0005248305256163921,-0.003094787331002651,,,-0.019285410841548715,-153.34573416285286,0.010180310065818382,-4.225628652390881,-4.2259121076648665,-4.225770380027874,3.244218111038208,state,,
-0.5,,,-0.8315493579919059,-0.8315493579919059,,,,,,,3.244227409362793,control,-0.25,-0.25
,0.004209912298355615,0.00654536448079018,,,-0.024815659472576655,-156.86891751042168,0.009919546241406127,-5.046617669911154,-5.085758674285737,-5.066188172098445,3.2493677139282227,state,,
-0.5,,,-0.8449183708320678,-0.8449183708320678,,,,,,,3.249377727508545,control,-0.25,-0.25
,-0.007921035941439954,0.001201553638712925,,,-0.030392677922017046,-159.74063725537872,0.009446602328017391,-5.917202742888983,-5.903989652378598,-5.91059619763379,3.2544779777526855,state,,
0.49999359966510937,,,-0.7980200034154263,-0.7980200034154263,,,,,,,3.2544877529144287,control,0.24999679983255024,0.24999679983255912
,0.0072325027418749235,-0.0003527320732156235,,,-0.03639694958733292,-160.05220666688277,0.009030727713058104,-6.716538574255584,-6.715093450072244,-6.7158160121639146,3.2597250938415527,state,,
0.49999359966510937,,,-0.7520596033471177,-0.7520596033471177,,,,,,,3.2597343921661377,control,0.24999679983255912,0.24999679983255024
,0.0026721973287252678,0.0033559948314639187,,,-0.04722298161680556,-157.5675768062,0.008529913379251958,-7.471662764283474,-7.456556803290077,-7.464109783786776,3.264878988265991,state,,
0.49999359966510937,,,-0.7070184112801754,-0.7070184112801754,,,,,,,3.264918804168701,control,0.24999679983255468,0.24999679983255468
,0.01112975205176275,0.008962057299460502,,,-0.054651170294090015,-153.9926911340052,0.008222637102969247,-8.176938265116938,-8.177416068653027,-8.177177166884983,3.27008318901062,state,,
0.49999359966510937,,,-0.6628780430545719,-0.6628780430545719,,,,,,,3.270094871520996,control,0.24999679983255468,0.24999679983255468
,-0.0015644629007321629,0.000435858489118975,,,-0.060944743150191494,-148.81940607256158,0.0076557468587446,-8.835125458856625,-8.842752157728514,-8.83893880829257,3.275404691696167,state,,
0.49999359966510937,,,-0.6196204821934804,-0.6196204821934804,,,,,,,3.275416612625122,control,0.24999679983255468,0.24999679983255468
,-0.0014979719851756894,-0.0038451741796995094,,,-0.0653163291821359,-142.48589322113423,0.0070297483320065565,-9.453043165040334,-9.448091408268004,-9.45056728665417,3.2806026935577393,state,,
0.49999359966510937,,,-0.5772280725496107,-0.5772280725496107,,,,,,,3.280613899230957,control,0.24999679983256357,0.2499967998325458
,0.008529507177887035,0.0005889797071136699,,,-0.07309340858566245,-135.94737602711456,0.00648186839448212,-10.025304124401885,-10.027176742793683,-10.026240433597785,3.285780906677246,state,,
0.49999359966510937,,,-0.5356835110986184,-0.5356835110986184,,,,,,,3.285792350769043,control,0.24999679983256357,0.2499967998325458
,0.0021246061490780063,0.00268664782477387,,,-0.08182674484246853,-129.1251728556361,0.005878616102101262,-10.553736978537204,-10.572838145711126,-10.563287562124165,3.290778875350952,state,,
0.49999359966510937,,,-0.4949698408766461,-0.4949698408766461,,,,,,,3.290790319442749,control,0.24999679983255468,0.24999679983255468
,0.005654823425257863,0.004023606399956725,,,-0.08629067643205418,-122.18618056061841,0.005383194775862407,-11.060834101420168,-11.066727843668616,-11.063780972544393,3.295872926712036,state,,
0.49999359966510937,,,-0.4550704440591131,-0.4550704440591131,,,,,,,3.2958829402923584,control,0.24999679983256357,0.2499967998325458
,0.006015550155627567,-0.003312308567421411,,,-0.09602363493056648,-115.13358449536463,0.004634263284894193,-11.535663699494137,-11.518742985465177,-11.527203342479657,3.3012921810150146,state,,
0.49999359966510937,,,-0.4159690351779308,-0.4159690351779308,,,,,,,3.3013081550598145,control,0.24999679983255468,0.24999679983255468
,-0.0014886658437015384,-0.0018594445296158102,,,-0.09853295868713903,-107.03141358621171,0.003971922191385199,-11.938647457325851,-11.928173253502173,-11.933410355414011,3.306213855743408,state,,
0.49999359966510937,,,-0.37764965447437215,-0.37764965447437215,,,,,,,3.306225061416626,control,0.2499967998325458,0.24999679983256357
,0.005383281673184541,0.006002556857243675,,,-0.10788726472802862,-99.56287791621263,0.003367266614436782,-12.301411951724322,-12.323306664358128,-12.312359308041225,3.3115105628967285,state,,
0.49999359966510937,,,-0.3400966613848847,-0.3400966613848847,,,,,,,3.3115222454071045,control,0.24999679983255468,0.24999679983255468
,0.007916395964130938,-0.00626118755965938,,,-0.11283686364910815,-92.21101499398799,0.0026102356275056107,-12.660018665126781,-12.652793035894334,-12.656405850510557,3.316749334335327,state,,
0.49999359966510937,,,-0.30329472815718705,-0.30329472815718705,,,,,,,3.3167612552642822,control,0.24999679983255468,0.24999679983255468
,-0.016283702868542242,0.004335952388236903,,,-0.1167359405228456,-84.75021625164595,0.0018826550969119385,-12.952219662720266,-12.970609600965801,-12.961414631843034,3.3219237327575684,state,,
0.49999359966510937,,,-0.26722883359404326,-0.26722883359404326,,,,,,,3.3219351768493652,control,0.24999679983256357,0.2499967998325458
,-0.007631532600957276,-0.0021358017252459637,,,-0.11824452941850742,-76.95365843223021,0.0011436082236784128,-13.226844826246609,-13.217348878549403,-13.222096852398007,3.326828956604004,state,,
0.49999359966510937,,,-0.23188425692216239,-0.23188425692216239,,,,,,,3.3268394470214844,control,0.24999679983256357,0.2499967998325458
,-0.0008065141488314532,-0.00011726465296421187,,,-0.12577872994469086,-70.13304841518712,0.00037662038627591716,-13.455867343163064,-13.472550085961918,-13.464208714562492,3.3320114612579346,state,,
0.49999359966510937,,,-0.19724657178371913,-0.19724657178371913,,,,,,,3.332082509994507,control,0.24999679983256357,0.2499967998325458
,-0.006109935276222299,0.008161768015872038,,,-0.12800366967242716,-62.28804685480732,-0.00018877542528922687,-13.652690026588509,-13.648893715704933,-13.65079187114672,3.3372855186462402,state,,
0.49999359966510937,,,-0.16330164034804473,-0.16330164034804473,,,,,,,3.337296724319458,control,0.24999679983255468,0.24999679983255468
,-0.0012334411471123404,0.0026421603436825912,,,-0.12853654985454246,-55.223217870121,-0.0007853579209999231,-13.810303670538538,-13.818631759453769,-13.814467714996153,3.3424441814422607,state,,
0.49999359966510937,,,-0.13003560754108384,-0.13003560754108384,,,,,,,3.342458724975586,control,0.24999679983255468,0.24999679983255468
,0.000270474098418207,-0.0020688021078294106,,,-0.13214684791217618,-47.8682463047305,-0.0015120078559828806,-13.942265457433052,-13.931236419420113,-13.936750938426583,3.347585439682007,state,,
0.49999359966510937,,,-0.09743489539026218,-0.09743489539026218,,,,,,,3.3475959300994873,control,0.24999679983255468,0.24999679983255468
,-0.0032088068028272793,-0.00021465219388608334,,,-0.1328487374994371,-42.12004796985126,-0.0021736138181666447,-14.053353543930134,-14.058377976847815,-14.055865760388976,3.352635622024536,state,,
0.49999359966510937,,,-0.06548619748245693,-0.06548619748245693,,,,,,,3.352644443511963,control,0.24999679983256357,0.2499967998325458
,0.00025463465841054375,0.006276829915624026,,,-0.13853686441873406,-34.753297264208975,-0.0027813611523603153,-14.107005120019389,-14.117768415534917,-14.112386767777153,3.3577778339385986,state,,
0.49999359966510937,,,-0.0341764735328078,-0.0341764735328078,,,,,,,3.3577873706817627,control,0.24999679983255468,0.24999679983255468
,-3.2725519667897794e-05,0.005285954825688064,,,-0.1414206869718786,-27.602321889759867,-0.0033678795643129647,-14.137665242127706,-14.135508896569801,-14.136587069348753,3.363020420074463,state,,
0.49999359966510937,,,-0.0034929440621516428,-0.0034929440621516428,,,,,,,3.363029956817627,control,0.2499967998325458,0.24999679983256357
,-0.0058290603353665475,0.008044745172489199,,,-0.13948067060153096,-21.329920200601332,-0.0038497478660059364,-14.1371492513518,-14.149667342574213,-14.143408296963006,3.368216037750244,state,,
0.49999359966510937,,,0.02657691481909139,0.02657691481909139,,,,,,,3.368225574493408,control,0.2499967998325458,0.24999679983256357
,-0.008391922360913313,-0.0022693818323648546,,,-0.13451269660331563,-15.22144373069717,-0.004460973106965041,-14.121168519010542,-14.123423667233288,-14.122296093121914,3.373495101928711,state,,
0.49999359966510937,,,0.056045376522709564,0.056045376522709564,,,,,,,3.3735063076019287,control,0.2499967998325458,0.24999679983256357
,0.008735436684280319,-0.0002992924454923593,,,-0.13394382248878395,-8.890080997345336,-0.004961997461432283,-14.059303134780608,-14.072656326332522,-14.065979730556565,3.378737211227417,state,,
0.49999359966510937,,,0.08492446899225536,0.08492446899225536,,,,,,,3.378749370574951,control,0.24999679983255468,0.24999679983255468
,0.0033282155418679705,0.000830671580440783,,,-0.13072173387719915,-2.0103504050158643,-0.0054150113439422635,-13.94649810912211,-13.986576229859226,-13.966537169490667,3.3839190006256104,state,,
0.49999359966510937,,,0.11322597961241025,0.11322597961241025,,,,,,,3.3839304447174072,control,0.2499967998325458,0.24999679983256357
,0.0036688666279595084,-0.0027396300802406885,,,-0.1347807139251998,3.650174688562781,-0.006056186666399516,-13.867152175263696,-13.84924030700426,-13.858196241133978,3.3889708518981934,state,,
0.49999359966510937,,,0.14096146002016205,0.14096146002016205,,,,,,,3.388982057571411,control,0.24999679983255468,0.24999679983255468
,-0.005595356829028432,-0.003193018920866538,,,-0.1310553743715871,9.213166131264082,-0.006622102993881237,-13.733159890567297,-13.714025413091251,-13.723592651829275,3.3941986560821533,state,,
0.49999359966510937,,,0.1681422308197588,0.1681422308197588,,,,,,,3.394209861755371,control,0.24999679983256357,0.2499967998325458
,0.0022290002246584143,0.009825800212517758,,,-0.13300645433102193,14.669415217522626,-0.006974926181293843,-13.562376023763475,-13.564437325156112,-13.563406674459793,3.399258613586426,state,,
0.49999359966510937,,,0.1947793862033636,0.1947793862033636,,,,,,,3.3992700576782227,control,0.24999679983255468,0.24999679983255468
,0.0030361584979951874,0.012315405295301356,,,-0.13521065432364504,21.08767221172334,-0.0072832152178421775,-13.34874068328764,-13.36289647818248,-13.35581858073506,3.404507875442505,state,,
0.49999359966510937,,,0.22088379847929632,0.22088379847929632,,,,,,,3.404520034790039,control,0.24999679983255468,0.24999679983255468
,0.0009474450897106367,0.0022038693397159193,,,-0.13321264646775868,26.61778973986274,-0.007713286706953138,-13.134287565676026,-13.135142590298964,-13.134715077987494,3.4097228050231934,state,,
0.49999359966510937,,,0.2464661225097104,0.2464661225097104,,,,,,,3.4097347259521484,control,0.2499967998325458,0.24999679983256357
,0.0015593375049930461,-0.005950987928138271,,,-0.13691338728772887,31.978607133294698,-0.008388661705432052,-12.8874865527016,-12.891517414504898,-12.88950198360325,3.414942979812622,state,,
0.49999359966510937,,,0.2715368000595162,0.2715368000595162,,,,,,,3.414954423904419,control,0.24999679983256357,0.2499967998325458
,-0.0072089414487575285,0.0010365933202524324,,,-0.1317564073648488,36.773339333267025,-0.0088224775130515,-12.62758949598268,-12.631060011805655,-12.629324753894167,3.420412063598633,state,,
0.49999359966510937,,,0.29610606405832585,0.29610606405832585,,,,,,,3.4204261302948,control,0.24999679983255468,0.24999679983255468
,0.008015156647621488,0.0025877496627779166,,,-0.128294915747999,42.481175574253754,-0.009115214527455213,-12.32520313019088,-12.326948551432496,-12.326075840811688,3.425238609313965,state,,
0.49999359966510937,,,0.32018394277715934,0.32018394277715934,,,,,,,3.4252490997314453,control,0.24999679983255468,0.24999679983255468
,-0.006341286879352676,0.001737908484515835,,,-0.12541526900437022,47.842450358419384,-0.009519479814250146,-12.007786217956715,-11.995286283447689,-12.001536250702202,3.430459976196289,state,,
0.49999359966510937,,,0.3437802639216161,0.3437802639216161,,,,,,,3.430471420288086,control,0.24999679983255468,0.24999679983255468
,-0.0044733923147781095,0.005795590583046397,,,-0.12379350743574814,52.36813697864876,-0.009838108993216405,-11.676561134160224,-11.65877291815882,-11.667667026159522,3.4357287883758545,state,,
0.49999359966510937,,,0.3669046586431838,0.3669046586431838,,,,,,,3.4357807636260986,control,0.24999679983255468,0.24999679983255468
,0.002433273682023698,-0.001950695273398672,,,-0.12286436640206433,57.55516549910037,-0.010249159217811667,-11.290140610620004,-11.304533540910334,-11.297337075765169,3.4410910606384277,state,,
0.49999359966510937,,,0.3895665654703201,0.3895665654703201,,,,,,,3.4411041736602783,control,0.24999679983255468,0.24999679983255468
,0.0011586676146639152,0.0007851579420559725,,,-0.12305080364648933,62.97494251589305,-0.010628965877938842,-10.889717967009473,-10.902689898826257,-10.896203932917864,3.446011543273926,state,,
0.49999359966510937,,,0.41177523416091366,0.41177523416091366,,,,,,,3.4460227489471436,control,0.2499967998325458,0.24999679983256357
,-0.007137860974934505,-2.6277709724348613e-05,,,-0.11432355861727395,66.87339729081333,-0.01089607760697254,-10.49564995532794,-10.503932268029901,-10.49979111167892,3.4511587619781494,state,,
0.49999359966510937,,,0.43353972947769537,0.43353972947769537,,,,,,,3.45117449760437,control,0.24999679983255468,0.24999679983255468
,-0.0076145013511189075,-0.0011446706715375562,,,-0.11181882148656518,71.82831595481088,-0.01126693592451136,-10.064267442323244,-10.059311661887788,-10.061789552105516,3.456427574157715,state,,
0.49999359966510937,,,0.4548689348881415,0.4548689348881415,,,,,,,3.4564387798309326,control,0.24999679983255468,0.24999679983255468
,-0.00023145567748951445,0.0012229908851685673,,,-0.10998775449829445,77.09847435923476,-0.011533105947036973,-9.600787657976378,-9.584052350454035,-9.592420004215207,3.4613304138183594,state,,
0.49999359966510937,,,0.4757715561903787,0.4757715561903787,,,,,,,3.4613404273986816,control,0.24999679983255468,0.24999679983255468
,0.0017867279191072932,0.00775560446236192,,,-0.10430682088562544,81.16013193588404,-0.01156977063450665,-9.116004224303348,-9.127947888674147,-9.121976056488748,3.4663968086242676,state,,
0.49999359966510937,,,0.49625612506657113,0.49625612506657113,,,,,,,3.4664053916931152,control,0.24999679983256357,0.2499967998325458
,-0.002804157881637382,-0.006483165661976562,,,-0.09969513577346362,85.2892756898704,-0.011898289604232268,-8.623725697208616,-8.635898931033386,-8.629812314121,3.471703290939331,state,,
0.49999359966510937,,,0.5163310025652397,0.5163310025652397,,,,,,,3.4717135429382324,control,0.2499967998325458,0.24999679983256357
,-0.0036903789134493377,-0.00017516303551549489,,,-0.09648105236751481,89.77669768447582,-0.012115733853909771,-8.106516232546744,-8.11250234041435,-8.109509286480547,3.476764440536499,state,,
0.49999359966510937,,,0.5360043825139349,0.5360043825139349,,,,,,,3.476773500442505,control,0.24999679983255468,0.24999679983255468
,-0.0005660242710548301,-0.006178004778353847,,,-0.08662049779782002,93.41049237573353,-0.012265109113768876,-7.578124378054061,-7.591121993690749,-7.584623185872404,3.481773614883423,state,,
0.49999359966510937,,,0.5552842948636563,0.5552842948636563,,,,,,,3.4817826747894287,control,0.24999679983255024,0.24999679983255912
,-0.0008971558748302083,-0.009360990971517368,,,-0.0816833603469916,98.47404468138419,-0.012525662493277086,-7.007643271678535,-7.015684777442699,-7.011664024560616,3.4868834018707275,state,,
0.49999359966510937,,,0.5741786089663832,0.5741786089663832,,,,,,,3.4868927001953125,control,0.24999679983255024,0.24999679983255912
,-0.0036799993899319793,-0.0011991363589008675,,,-0.07822013597996652,101.57610946732018,-0.01265613250744932,-6.4530680308565795,-6.455757134696847,-6.454412582776714,3.4921772480010986,state,,
0.49999359966510937,,,0.5926950367870555,0.5926950367870555,,,,,,,3.492187261581421,control,0.24999679983255912,0.24999679983255024
,0.00044051334084349,-0.0036887731609938253,,,-0.07116447382261694,105.54165907839625,-0.012709013456613332,-5.872084707972313,-5.855096502261373,-5.863590605116842,3.4973645210266113,state,,
0.49999359966510937,,,0.6108411360513144,0.6108411360513144,,,,,,,3.4973740577697754,control,0.24999679983255024,0.24999679983255912
,-0.0014719856525631037,0.014091570621575816,,,-0.0660672246883946,110.07252571959081,-0.01245043898586741,-5.2376255833217735,-5.244608405228746,-5.241116994275259,3.5024373531341553,state,,
0.49999359966510937,,,0.6286243133302881,0.6286243133302881,,,,,,,3.5024704933166504,control,0.24999679983255024,0.24999679983255912
,-0.003290584005185359,-0.004859598000075296,,,-0.062145871583030324,113.58989201136276,-0.012561584617593222,-4.625091575189045,-4.6092822468477825,-4.617186911018414,3.507775068283081,state,,
0.49999359966510937,,,0.6460518270636824,0.6460518270636824,,,,,,,3.507791519165039,control,0.24999679983255468,0.24999679983255468
,0.0051874656205276705,0.0004192630032687797,,,-0.058420606217631885,117.90759879169401,-0.012494312593423696,-3.961675183358,-3.9561857753796654,-3.9589304793688327,3.5127832889556885,state,,
0.49999359966510937,,,0.6631307905224088,0.6631307905224088,,,,,,,3.51279354095459,control,0.24999679983255468,0.24999679983255468
,-0.0012504050604187232,-0.0015413484955942975,,,-0.053718522488790575,121.04961716209198,-0.012474337127764898,-3.304752111749167,-3.302599124380703,-3.303675618064935,3.51780104637146,state,,
0.49999359966510937,,,0.6798681747119606,0.6798681747119606,,,,,,,3.517810344696045,control,0.24999679983255468,0.24999679983255468
,0.005680879219309732,0.0017612232900543646,,,-0.04403072215355056,124.23529360961135,-0.012216716302793737,-2.6338038424017736,-2.629791226889155,-2.6317975346454645,3.523094892501831,state,,
0.49999359966510937,,,0.6962708112177214,0.6962708112177214,,,,,,,3.523104429244995,control,0.2499967998325569,0.24999679983255246
,-0.0026259885661402884,-0.0041232335271884305,,,-0.036085347754752,127.71364035594776,-0.012123465983213056,-1.9410519877822592,-1.934687462255782,-1.9378697250190204,3.528282642364502,state,,
0.49999359966510937,,,0.712345394993367,0.712345394993367,,,,,,,3.5282955169677734,control,0.24999679983255357,0.2499967998325558
,-0.0020552073070769744,-0.006439605029322392,,,-0.02728537222781602,132.0130783407185,-0.012014405700724503,-1.217885261013184,-1.200868044059007,-1.2093766525360956,3.533292293548584,state,,
0.49999359966510937,,,0.7280984870934997,0.7280984870934997,,,,,,,3.533301830291748,control,0.2499967998325558,0.24999679983255357
,0.003398693208392491,0.0060330922365860245,,,-0.018203798669920692,134.95037700292315,-0.011586512047328558,-0.5009942822590261,-0.47475813249851756,-0.4878762073787718,3.5385007858276367,state,,
0.49999359966510937,,,0.7435365173516297,0.7435365173516297,,,,,,,3.538525342941284,control,0.2499967998325544,0.24999679983255496
,0.0013518852110397223,0.0060959595761400885,,,-0.012852357875457871,137.6735096115463,-0.011213169666683415,0.24032097364512484,0.24734171078421496,0.2438313422146699,3.5435752868652344,state,,
0.49999359966510937,,,0.7586657870045972,0.7586657870045972,,,,,,,3.5435843467712402,control,0.24999679983255468,0.24999679983255468
,0.00031799743546642863,0.003310244414725034,,,-0.0011530224144549392,141.66867496277285,-0.0107503670635817,1.0179736769516845,1.0135458199288192,1.0157597484402519,3.5487377643585205,state,,
0.49999359966510937,,,0.7734924712645053,0.7734924712645053,,,,,,,3.5487475395202637,control,0.24999679983255468,0.24999679983255468
,0.006242222256898153,-0.0013078707625481132,,,0.003342673956471947,144.469219749512,-0.01042890029642149,1.780688512866319,1.7846672907412595,1.7826779018037893,3.5539021492004395,state,,
0.49999359966510937,,,0.7880226218392151,0.7880226218392151,,,,,,,3.553913116455078,control,0.24999679983255468,0.24999679983255468
,-0.0031716995947870265,5.411027537143614e-05,,,0.009484396201104334,147.47722298582352,-0.010102728559618683,2.5756630542523764,2.560212695992517,2.5679378751224466,3.559030294418335,state,,
0.49999359966510937,,,0.8022621694024308,0.8022621694024308,,,,,,,3.5590403079986572,control,0.24999679983255468,0.24999679983255468
,-0.0006498046271857687,0.0014489041665391269,,,0.015846797122958105,150.55986219304324,-0.009703829689123006,3.369664054325003,3.369933771369903,3.369798912847453,3.5642340183258057,state,,
0.49999359966510937,,,0.8162169260143822,0.8162169260143822,,,,,,,3.5642435550689697,control,0.24999679983255468,0.24999679983255468
,0.0012412786715267534,-0.006075035477634296,,,0.020659451633876273,153.0887557945445,-0.009439167907071833,4.187820213041613,4.163162354045216,4.175491283543415,3.5694732666015625,state,,
0.49999359966510937,,,0.8298925874940946,0.8298925874940946,,,,,,,3.569486141204834,control,0.24999679983255468,0.24999679983255468
,-0.002329050896983077,0.006297847175594338,,,0.029659058696622484,156.97207138649077,-0.00886715769434648,5.015094456003199,5.029218599357353,5.022156527680276,3.574589252471924,state,,
0.49999359966510937,,,0.8432947357442127,0.8432947357442127,,,,,,,3.574599027633667,control,0.24999679983255468,0.24999679983255468
,-0.007562141543161291,-0.0038427772135329837,,,0.034948407607920576,160.29106176452973,-0.008565716545872048,5.871967129270618,5.8809032886831,5.876435208976859,3.5798232555389404,state,,
-0.32852661565917396,,,0.7964288410293283,0.7964288410293283,,,,,,,3.579832077026367,control,-0.16426330782958698,-0.16426330782958698
,-0.007031666589258857,0.0028705739212304873,,,0.04554312966055447,159.81056472715397,-0.008007037129025426,6.6724758879318395,6.663205481565545,6.667840684748692,3.584883689880371,state,,
-0.5,,,0.7505002642087417,0.7505002642087417,,,,,,,3.5848937034606934,control,-0.25,-0.25
,-0.0014486117355268957,0.00845948778122433,,,0.052998269147206296,156.84705678108307,-0.007326716350031631,7.410342074977168,7.3994784746291895,7.4049102748031785,3.5900442600250244,state,,
-0.5,,,0.7054902589245668,0.7054902589245668,,,,,,,3.5900936126708984,control,-0.25,-0.25
,-0.005761932557858264,-0.007517218824961964,,,0.05815461505789404,153.0967355082446,-0.006999309135379963,8.111581222307969,8.10983024862985,8.110705735468908,3.5951430797576904,state,,
-0.5,,,0.6613804537460755,0.6613804537460755,,,,,,,3.5951526165008545,control,-0.24999999999999112,-0.2500000000000089
,-0.001086092770919935,-0.0034852565635883244,,,0.0655583783688341,148.2814103181413,-0.006497515315546336,8.772543391593684,8.778405621205572,8.775474506399629,3.6002047061920166,state,,
-0.5,,,0.618152844671154,0.618152844671154,,,,,,,3.6002140045166016,control,-0.2500000000000089,-0.24999999999999112
,0.00025999069862206713,-0.002294091137191705,,,0.06970285204174848,141.87360200606838,-0.006004167349012781,9.376655659869236,9.389062499540357,9.382859079704797,3.6058077812194824,state,,
-0.5,,,0.5757897877777308,0.5757897877777308,,,,,,,3.605851650238037,control,-0.2500000000000089,-0.24999999999999112
,-0.007034379020527404,0.006227623687503535,,,0.07864679119168494,136.30454740088962,-0.005297939838247663,9.97664214191258,9.974852977753336,9.975747559832957,3.6107988357543945,state,,
-0.5,,,0.5342739920221762,0.5342739920221762,,,,,,,3.6108126640319824,control,-0.24999999999999112,-0.2500000000000089
,-0.006074739449629459,0.0036403169504353405,,,0.08670011618014324,128.03804738576278,-0.004621183714745643,10.478276916116677,10.490467809511532,10.484372362814105,3.615931749343872,state,,
-0.5,,,0.4935885121817326,0.4935885121817326,,,,,,,3.615946054458618,control,-0.25,-0.25
,0.006538194101583452,-0.0017849417510650328,,,0.0945570729600021,121.6897911907909,-0.00392958442313612,10.998284979460943,10.985286387386473,10.991785683423707,3.621011734008789,state,,
-0.5,,,0.45371674193809797,0.45371674193809797,,,,,,,3.6210250854492188,control,-0.24999999999999112,-0.2500000000000089
,-0.009674436206460526,-0.003302043421109478,,,0.10101932756830662,114.67891106214434,-0.003390501762241453,11.469715227617884,11.437482004271205,11.453598615944545,3.6264262199401855,state,,
-0.5,,,0.414642407099336,0.414642407099336,,,,,,,3.6264419555664062,control,-0.25,-0.25
,-0.007037291366324907,-0.004999962147078565,,,0.1038111923345381,106.39227310119988,-0.0029177097035664483,11.863950291587818,11.84339779269382,11.853674042140819,3.6314404010772705,state,,
-0.5,,,0.37634955895734923,0.37634955895734923,,,,,,,3.6314544677734375,control,-0.25,-0.25
,-0.001677931376645349,-0.0075902867859857365,,,0.104705311835688,99.79065919980052,-0.00248788457774985,12.239416394108972,12.255702385212297,12.247559389660633,3.6362626552581787,state,,
-0.5,,,0.3388225677782022,0.3388225677782022,,,,,,,3.636273145675659,control,-0.24999999999999112,-0.2500000000000089
,0.0010497800361843643,-0.00015944919366110477,,,0.1080090937449179,92.39479387484279,-0.0018546353524236086,12.583919877778609,12.59972913530929,12.59182450654395,3.6416125297546387,state,,
-0.5,,,0.3020461164226381,0.3020461164226381,,,,,,,3.6416263580322266,control,-0.2500000000000089,-0.24999999999999112
,0.00619528393606335,-0.0051754722370314235,,,0.11222949109216662,83.99973867327571,-0.0012539999106336993,12.876818608035567,12.879604885213347,12.878211746624457,3.646712064743042,state,,
-0.5,,,0.2660051940941853,0.2660051940941853,,,,,,,3.6467247009277344,control,-0.25,-0.25
,-0.0014540339118356955,-0.0031703146295026107,,,0.11913560941660065,76.78619078521227,-0.0006092303770807067,13.138229617995172,13.156441422382784,13.147335520188978,3.6517772674560547,state,,
-0.5,,,0.23068509021230163,0.23068509021230163,,,,,,,3.6517908573150635,control,-0.25,-0.25
,0.0036944386596708067,0.002794371927893807,,,0.12589650247623033,69.56218354075247,0.00020251037950540956,13.376716740210643,13.38362884319735,13.380172791703997,3.656802177429199,state,,
-0.5,,,0.1960713884080556,0.1960713884080556,,,,,,,3.65681529045105,control,-0.25,-0.25
,0.003683497551402382,0.0022337880885311286,,,0.1340704671770272,61.87388806143775,0.0010496176379092108,13.58788368352012,13.546474734605448,13.567179209062784,3.6618025302886963,state,,
-0.5,,,0.16214996063989448,0.16214996063989448,,,,,,,3.6618144512176514,control,-0.25,-0.25
,0.006296644984566147,0.006168563460598294,,,0.1351203507374772,55.89542563856867,0.0018662884893896818,13.76322424784937,13.739788057324132,13.751506152586751,3.666902780532837,state,,
-0.5,,,0.1289069614270966,0.1289069614270966,,,,,,,3.666912794113159,control,-0.25,-0.25
,-0.0039061110207164952,-0.0013600113825237086,,,0.13829002610573807,48.00718074219442,0.00249963382269179,13.878542259617953,13.853451219462018,13.865996739539986,3.6723554134368896,state,,
-0.5,,,0.09632882219855465,0.09632882219855465,,,,,,,3.6723663806915283,control,-0.25,-0.25
,0.0008868799643606115,-0.0016434015216083234,,,0.13738835402625163,41.321156269848984,0.003082731519648526,13.965563031636487,13.966819241260541,13.966191136448515,3.677372694015503,state,,
-0.5,,,0.06440224575458356,0.06440224575458356,,,,,,,3.677382230758667,control,-0.2500000000000089,-0.24999999999999112
,-0.0030572921068720994,0.00032588984428331573,,,0.14357077085313238,34.49501176525247,0.0038022251942114193,14.020435177475234,14.039614285041097,14.030024731258166,3.6823930740356445,state,,
-0.5,,,0.03311420083949189,0.03311420083949189,,,,,,,3.6824023723602295,control,-0.2500000000000089,-0.24999999999999112
,0.0016417065149819546,-0.010346467016322832,,,0.14040111527451501,28.10310191639574,0.004182654278791476,14.078659252019358,14.058960420012266,14.068809836015813,3.6872472763061523,state,,
-0.5,,,0.0024519168227020507,0.0024519168227020507,,,,,,,3.68725323677063,control,-0.2500000000000089,-0.24999999999999112
,0.004563710849171114,0.001977368648871632,,,0.13833888449451467,21.2631230808344,0.0048131945461449225,14.07304675057339,14.059480863801872,14.066263807187632,3.692465305328369,state,,
-0.5,,,-0.027597121513751988,-0.027597121513751988,,,,,,,3.692473888397217,control,-0.2500000000000089,-0.24999999999999112
,-0.000873225903702432,-0.003824523173892836,,,0.14171727007193843,14.777272884317496,0.005384413415413865,14.04028938866725,14.033559930765346,14.036924659716298,3.697580099105835,state,,
-0.5,,,-0.05704517908347695,-0.05704517908347695,,,,,,,3.69758677482605,control,-0.25,-0.25
,0.00221398610757055,-0.00411198666925335,,,0.14171767834511276,8.490991926908487,0.005909116144884727,13.9698952184861,13.988765482608363,13.979330350547231,3.7025954723358154,state,,
-0.5,,,-0.0859042755018074,-0.0859042755018074,,,,,,,3.702601194381714,control,-0.25,-0.25
,-0.0003305514000425533,0.00020234840224158773,,,0.139362820558467,2.843435346641886,0.00643626533840317,13.907302684351677,13.900025060981088,13.903663872666382,3.7077300548553467,state,,
-0.5,,,-0.11418618999177126,-0.11418618999177126,,,,,,,3.707754135131836,control,-0.24999999999999112,-0.2500000000000089
,-0.00447086104262818,0.006167243760121104,,,0.13797455490660096,-3.9288412143875995,0.007041157040242797,13.779940012032734,13.772531063021509,13.776235537527121,3.712895631790161,state,,
-0.5,,,-0.14190246619193583,-0.14190246619193583,,,,,,,3.712902069091797,control,-0.25,-0.25
,-0.004882829401239572,-0.002158141883081256,,,0.1366579867449827,-9.379546136167951,0.007470959448638056,13.641202740954931,13.643971546410299,13.642587143682615,3.7182159423828125,state,,
-0.5,,,-0.16906441686809712,-0.16906441686809712,,,,,,,3.7182252407073975,control,-0.25,-0.25
,-0.0001062121973251486,0.007951641083385357,,,0.1386469887479565,-15.753867464202688,0.0081766832847267,13.463834822275727,13.460899840804911,13.46236733154032,3.7232258319854736,state,,
-0.5,,,-0.19568312853073516,-0.19568312853073516,,,,,,,3.7232327461242676,control,-0.25,-0.25
,-0.0060079394084657225,0.007189790681992573,,,0.13688007622479137,-20.487701103634947,0.008743068945184073,13.288439568309037,13.280735479037181,13.28458752367311,3.7282917499542236,state,,
-0.5,,,-0.22176946596012045,-0.22176946596012045,,,,,,,3.7282984256744385,control,-0.2500000000000089,-0.24999999999999112
,-0.0009879233136682697,0.0076447416840697245,,,0.1364079230515748,-26.621785312890097,0.009361743913721673,13.054733279680843,13.052969949887498,13.05385161478417,3.7334930896759033,state,,
-0.5,,,-0.24733407664091803,-0.24733407664091803,,,,,,,3.733499765396118,control,-0.25,-0.25
,0.006207058444844942,-0.0020473503067418557,,,0.13404446726307553,-32.36728775458996,0.009800430806679904,12.79571615210279,12.805429177091034,12.800572664596912,3.738670587539673,state,,
-0.5,,,-0.2723873951080997,-0.2723873951080997,,,,,,,3.7386770248413086,control,-0.25,-0.25
,0.0017319850266008816,-0.009355960270853133,,,0.1306753353585316,-37.02318166254287,0.010029192008835244,12.544988671336998,12.537723135238966,12.541355903287982,3.7438762187957764,state,,
-0.5,,,-0.2969396472059377,-0.2969396472059377,,,,,,,3.743884801864624,control,-0.25,-0.25
,-0.003964536021771094,0.0007694006207751371,,,0.1268755205835837,-42.97882360370255,0.010373751989785868,12.225233092215456,12.238116507479289,12.231674799847372,3.7489681243896484,state,,
-0.5,,,-0.3210008542618189,-0.3210008542618189,,,,,,,3.7489945888519287,control,-0.25,-0.25
,0.0011959987044900902,-0.0047383219827969655,,,0.1236173399914278,-47.27009362304068,0.010639959302955856,11.929516519185412,11.924536777134982,11.927026648160197,3.7544004917144775,state,,
-0.5,,,-0.3445808371765825,-0.3445808371765825,,,,,,,3.7544105052948,control,-0.25,-0.25
,0.008167181031657467,-0.0014673555318852737,,,0.12264716576375521,-53.57987276784648,0.011044296037890977,11.565308089256833,11.552099971242297,11.558704030249565,3.759483575820923,state,,
-0.5,,,-0.36768922043305086,-0.36768922043305086,,,,,,,3.759493350982666,control,-0.25,-0.25
,-0.006878789905578049,-0.0028143039988173064,,,0.11952471766477829,-57.94864918705936,0.011254905758379776,11.204296231916228,11.194562864236103,11.199429548076164,3.764643907546997,state,,
-0.5,,,-0.3903354360243898,-0.3903354360243898,,,,,,,3.7646539211273193,control,-0.24999999999999112,-0.2500000000000089
,-0.0035075335557222605,0.002080483624689606,,,0.11738266159810551,-62.545061376191754,0.011582033552890714,10.82660264457932,10.800497493733438,10.81355006915638,3.7698893547058105,state,,
-0.5,,,-0.412528727303902,-0.412528727303902,,,,,,,3.76990008354187,control,-0.25,-0.25
,-0.004378147059399383,0.0008825505847286948,,,0.11357647768329594,-67.5336473440095,0.011829300968521642,10.402161380408545,10.390810661300707,10.396486020854626,3.7750144004821777,state,,
-0.5,,,-0.434278152757824,-0.434278152757824,,,,,,,3.775078773498535,control,-0.25,-0.25
,-9.841623103142888e-05,-0.0025155190851137666,,,0.10767372930304414,-71.5429738090045,0.01197868753904466,9.978013161480975,9.97190831706361,9.974960739272293,3.7802047729492188,state,,
-0.5,,,-0.45559258970266747,-0.45559258970266747,,,,,,,3.7802162170410156,control,-0.25,-0.25
,0.005889859502161379,0.002276298931735791,,,0.10575165014500486,-77.26555223706531,0.01231121704447574,9.492108259562219,9.503002367800327,9.497555313681273,3.7853715419769287,state,,
-0.5,,,-0.4764807379086141,-0.4764807379086141,,,,,,,3.7853806018829346,control,-0.25,-0.25
,-0.0060621743348302694,-0.00449801190627886,,,0.10752005904434941,-80.77444629078097,0.012488749113438192,9.025366895124852,9.05030770264296,9.037837298883908,3.790517807006836,state,,
-0.5,,,-0.4969511231504419,-0.4969511231504419,,,,,,,3.790527105331421,control,-0.2500000000000089,-0.24999999999999112
,-0.003646368413812563,-0.0049820644832648244,,,0.10223351396335414,-85.07359997333124,0.012535744576998391,8.535588328161301,8.55250395793528,8.544046143048291,3.7959394454956055,state,,
-0.5,,,-0.517012100687433,-0.517012100687433,,,,,,,3.795950174331665,control,-0.2500000000000089,-0.24999999999999112
,-0.004241096730561198,-0.009260296295380745,,,0.09774881387527279,-89.8947092701682,0.012488469323737778,8.035894546758119,7.999789971481202,8.01784225911966,3.801091432571411,state,,
-0.5,,,-0.5366718586736843,-0.5366718586736843,,,,,,,3.8011040687561035,control,-0.25000000000000444,-0.24999999999999556
,-0.0024328398437908926,-0.0010021396332705326,,,0.09275010065204799,-93.64902466250012,0.01257641023745685,7.478188180744357,7.50150252034684,7.489845350545599,3.8061888217926025,state,,
-0.5,,,-0.5559384215002106,-0.5559384215002106,,,,,,,3.8062005043029785,control,-0.25000000000000444,-0.24999999999999556
,0.0028835381474359907,-0.005635000031433515,,,0.08569708262730902,-98.35101546016797,0.01254945018025196,6.924112236050742,6.922399294874487,6.923255765462614,3.8113362789154053,state,,
-0.5,,,-0.5748196530702063,-0.5748196530702063,,,,,,,3.811385154724121,control,-0.25,-0.25
,-0.002826233489125934,-0.004795920823345427,,,0.07721041464283102,-102.37074720147172,0.01243225393897886,6.357047970770133,6.337804052834002,6.347426011802067,3.8165879249572754,state,,
-0.5,,,-0.5933232600088022,-0.5933232600088022,,,,,,,3.8166000843048096,control,-0.24999999999999556,-0.25000000000000444
,6.719955620635866e-05,0.010145667290587608,,,0.0660257736367694,-106.44904199645462,0.012519466305701317,5.749285210607571,5.751260237830521,5.750272724219046,3.821756362915039,state,,
-0.5,,,-0.6114567948086261,-0.6114567948086261,,,,,,,3.821767568588257,control,-0.25000000000000444,-0.24999999999999556
,-0.0015363047580507214,0.0016290089372082291,,,0.06185212171838531,-109.63437570379794,0.012523774314134333,5.153239983261783,5.149569387154147,5.1514046852079645,3.826948404312134,state,,
-0.5,,,-0.6292276589124536,-0.6292276589124536,,,,,,,3.8269619941711426,control,-0.24999999999999556,-0.25000000000000444
,0.0032751995625510118,0.0006750849721606255,,,0.0588960545850031,-113.86590065892598,0.012550527361437146,4.51943132426139,4.510025416880212,4.514728370570801,3.831890106201172,state,,
-0.5,,,-0.6466431057342045,-0.6466431057342045,,,,,,,3.8319008350372314,control,-0.24999999999999556,-0.25000000000000444
,-0.004375912105014116,-0.001259004305344553,,,0.05573262509900611,-117.25802673150497,0.012465264107469749,3.872853867822058,3.876047879596124,3.8744508737090912,3.8370118141174316,state,,
-0.5,,,-0.6637102436195204,-0.6637102436195204,,,,,,,3.8370230197906494,control,-0.2500000000000022,-0.24999999999999778
,0.0035100051217416416,0.011146784332879337,,,0.053104404885444906,-121.07714968247993,0.012666120431565479,3.1943633050306794,3.22220048637803,3.2082818957043546,3.84228777885437,state,,
-0.5,,,-0.68043603874713,-0.68043603874713,,,,,,,3.842298746109009,control,-0.25,-0.25
,0.0012861690200360485,-0.0017424138671318186,,,0.045379762211643394,-124.6078424328606,0.012489754397331276,2.540447718734408,2.517652207593335,2.5290499631638714,3.8476014137268066,state,,
-0.5,,,-0.6968273179721874,-0.6968273179721874,,,,,,,3.8476133346557617,control,-0.25,-0.25
,-0.0016821783791739942,-0.007602696378590695,,,0.03799289351615157,-128.9683816819328,0.012155117304964063,1.7974140556467495,1.8322017786544522,1.8148079171506009,3.8527655601501465,state,,
-0.5,,,-0.7128907716127437,-0.7128907716127437,,,,,,,3.8527770042419434,control,-0.25,-0.25
,-0.0010939195696204591,0.00222057349460787,,,0.027566996014948462,-131.7396381887165,0.011915468782792624,1.1127471921177083,1.111260425970288,1.112003809043998,3.8579213619232178,state,,
-0.5,,,-0.7286329561804888,-0.7286329561804888,,,,,,,3.8579323291778564,control,-0.2499999999999989,-0.2500000000000011
,0.008933831831675239,-0.0032873383399469047,,,0.022460865037933056,-135.13192975494033,0.011710771481270385,0.379167853992005,0.38554047231189376,0.38235416315194937,3.8632259368896484,state,,
-0.5,,,-0.744060297056879,-0.744060297056879,,,,,,,3.8632395267486572,control,-0.25,-0.25
,0.0035312721170952578,-0.0007079767280498471,,,0.014575377967701097,-138.69282827315453,0.011435947446122738,-0.3671855967264068,-0.36838127990571923,-0.367783438316063,3.8683972358703613,state,,
-0.5,,,-0.7591790911157414,-0.7591790911157414,,,,,,,3.8684089183807373,control,-0.25,-0.25
,0.001315091849634823,-0.004273756601107862,,,0.011563311818629476,-141.46416089468303,0.011145196168717526,-1.1147560320851844,-1.1236667106273877,-1.1192113713562861,3.873575448989868,state,,
-0.5,,,-0.7739955092934266,-0.7739955092934266,,,,,,,3.873586893081665,control,-0.2499999999999989,-0.2500000000000011
,0.002227212653933328,0.005889773890038307,,,0.006566135193592712,-144.83833230498612,0.011000318703615187,-1.902024839454258,-1.8921844380659936,-1.8971046387601258,3.8786494731903076,state,,
-0.5,,,-0.7885155991075581,-0.7885155991075581,,,,,,,3.8786842823028564,control,-0.25,-0.25
,-0.005308315942381427,0.011304325151720333,,,-0.0014102273177364838,-148.3113047878137,0.010817360891330547,-2.685541649749692,-2.7023288232215243,-2.693935236485608,3.883781909942627,state,,
-0.5,,,-0.8027452871254069,-0.8027452871254069,,,,,,,3.8837926387786865,control,-0.25,-0.25
,0.007343873783988661,-0.0030119190222643393,,,-0.007157653217211658,-150.38456764234257,0.010472797109451855,-3.475252317819083,-3.4824578379009763,-3.47885507786003,3.888873338699341,state,,
-0.5,,,-0.8166903813828988,-0.8166903813828988,,,,,,,3.888882637023926,control,-0.24999999999999778,-0.2500000000000022
,0.009160939668194234,-0.002942594953083511,,,-0.018379976787536268,-153.36900510113452,0.010009526371248157,-4.281383332410345,-4.305014469104131,-4.293198900757238,3.894017457962036,state,,
-0.5,,,-0.8303565737552409,-0.8303565737552409,,,,,,,3.894028425216675,control,-0.25000000000000444,-0.24999999999999556
,-0.007407374004102023,-0.0014248572176927816,,,-0.02161576474205744,-157.07829320802682,0.009569350493519695,-5.139051806892179,-5.136199234215343,-5.137625520553761,3.899233818054199,state,,
-0.5,,,-0.843749442280136,-0.843749442280136,,,,,,,3.8992433547973633,control,-0.25,-0.25
,-0.0030611728953524927,0.007247441709846821,,,-0.027552869943337544,-159.28290711137237,0.009260076694175967,-5.966781934880608,-5.971473217405951,-5.969127576143279,3.9046289920806885,state,,
0.49997218537374466,,,-0.7968744534345332,-0.7968744534345332,,,,,,,3.90464186668396,control,0.24998609268687233,0.24998609268687233
,-0.0019139888699559046,-0.00027816173780082285,,,-0.03899029715129887,-159.76452327722362,0.008683929562078141,-6.778669215810111,-6.772561487942322,-6.775615351876216,3.9097421169281006,state,,
0.49997218537374466,,,-0.7509369643658426,-0.7509369643658426,,,,,,,3.9097542762756348,control,0.24998609268687233,0.24998609268687233
,0.0025683657001277817,0.0018974777642608504,,,-0.048037028795741135,-157.12576178066107,0.008185959212385487,-7.5002491627549475,-7.538244771640397,-7.519246967197672,3.9149324893951416,state,,
0.49997218537374466,,,-0.7059182250785256,-0.7059182250785256,,,,,,,3.914945363998413,control,0.24998609268687233,0.24998609268687233
,-0.005621874629530065,-0.0024871463031898968,,,-0.05306102458954508,-153.91591920152786,0.007593818040435354,-8.231579110474565,-8.24390155333288,-8.237740331903723,3.920123815536499,state,,
0.49997218537374466,,,-0.6617998605769551,-0.6617998605769551,,,,,,,3.9201385974884033,control,0.2499860926868812,0.24998609268686345
,-0.004039053361270609,0.00054625910121927,,,-0.06112106729964238,-148.2004089001992,0.006994757524441739,-8.895261492444227,-8.880292917015387,-8.887777204729808,3.9251973628997803,state,,
0.49997218537374466,,,-0.6185638633654159,-0.6185638633654159,,,,,,,3.9252078533172607,control,0.2499860926868812,0.24998609268686345
,-0.007271484768917395,-0.008779909319445925,,,-0.06585843996795493,-141.84111374556608,0.006239096892499537,-9.499006107421298,-9.492536787805939,-9.495771447613619,3.930403709411621,state,,
0.49997218537374466,,,-0.5761925860981075,-0.5761925860981075,,,,,,,3.9304144382476807,control,0.24998609268687233,0.24998609268687233
,0.0006792400552343821,0.0023049681283131363,,,-0.07452757234948311,-136.25448932025049,0.005659643851202945,-10.091853615899458,-10.084406394032907,-10.088130004966182,3.935518264770508,state,,
0.49997218537374466,,,-0.5346687343761454,-0.5346687343761454,,,,,,,3.9355287551879883,control,0.24998609268686345,0.2499860926868812
,-0.011326970610815588,-0.004821555195370805,,,-0.07881906779567839,-129.31507143065815,0.004917514243807179,-10.63007439197459,-10.618447800402565,-10.624261096188578,3.9407718181610107,state,,
0.49997218537374466,,,-0.4939753596886224,-0.4939753596886224,,,,,,,3.9407835006713867,control,0.24998609268687233,0.24998609268687233
,0.0032097669965366815,0.008651296233759645,,,-0.08586652372389794,-121.8264031882253,0.004470870217084094,-11.110791079808438,-11.117623430859275,-11.114207255333856,3.945957660675049,state,,
0.49997218537374466,,,-0.45409585249484996,-0.45409585249484996,,,,,,,3.945969343185425,control,0.24998609268686345,0.2499860926868812
,-0.004085616535669431,0.005948583333661456,,,-0.0879304894455077,-114.71018002650422,0.003996397187598625,-11.573181084201275,-11.575818808264888,-11.574499946233082,3.951179027557373,state,,
0.49997218537374466,,,-0.4150139354449529,-0.4150139354449529,,,,,,,3.95119047164917,control,0.2499860926868812,0.24998609268686345
,0.00276570673638829,0.005588064413696093,,,-0.09272281428651671,-107.001879011775,0.003509572190026844,-11.98742341187988,-11.986232428837152,-11.986827920358515,3.9561574459075928,state,,
0.49997218537374466,,,-0.37671365673605384,-0.37671365673605384,,,,,,,3.9561688899993896,control,0.24998609268686345,0.2499860926868812
,-0.000533974125836609,-0.0018032942869845598,,,-0.101443406776981,-99.67875949408727,0.002766719374717176,-12.372771175404507,-12.364570126234845,-12.368670650819677,3.9615707397460938,state,,
0.49997218537374466,,,-0.3391793836013327,-0.3391793836013327,,,,,,,3.9615817070007324,control,0.2499860926868812,0.24998609268686345
,0.0032337330025091083,-0.00373984173697375,,,-0.11189183280906177,-92.05746686366814,0.001952602032367503,-12.709422270949123,-12.705900420350703,-12.707661345649914,3.9666922092437744,state,,
0.49997218537374466,,,-0.3023957959293061,-0.3023957959293061,,,,,,,3.966702938079834,control,0.2499860926868812,0.24998609268686345
,-0.005818749191447433,-0.0069665222729554275,,,-0.11607948844613103,-84.31820750808359,0.0011047398116984907,-12.992813672969568,-13.019342816948802,-13.006078244959184,3.972043037414551,state,,
0.49997218537374466,,,-0.26634788001071996,-0.26634788001071996,,,,,,,3.972095251083374,control,0.24998609268686345,0.2499860926868812
,0.0015788549252949465,0.004826295682051589,,,-0.11833158550873556,-76.47705896781024,0.0005669239796314337,-13.263881730147641,-13.263453839508369,-13.263667784828005,3.976922035217285,state,,
0.49997218537374466,,,-0.23102092241050556,-0.23102092241050556,,,,,,,3.976933717727661,control,0.24998609268687233,0.24998609268687233
,0.0029974814265894007,-0.002879908563579217,,,-0.1225381571470184,-68.90159191213803,-0.0001437953644579914,-13.484595605409485,-13.490621277739898,-13.487608441574691,3.9818994998931885,state,,
0.49997218537374466,,,-0.19640050396229544,-0.19640050396229544,,,,,,,3.98197340965271,control,0.24998609268687233,0.24998609268687233
,-0.008168446498108719,-0.0005557811945943998,,,-0.12539634531703692,-62.47300720902737,-0.0008730549267777461,-13.678980574554418,-13.716338174168238,-13.697659374361328,3.987090826034546,state,,
0.49997218537374466,,,-0.16247249388304952,-0.16247249388304952,,,,,,,3.9871034622192383,control,0.24998609268687233,0.24998609268687233
,-0.0011591350277614795,-0.0023860826735280856,,,-0.12985635077822077,-54.92715136978113,-0.00161649115096785,-13.858213800755891,-13.8461844103296,-13.852199105542745,3.9922680854797363,state,,
0.49997218537374466,,,-0.12922304400538853,-0.12922304400538853,,,,,,,3.992279052734375,control,0.24998609268686345,0.2499860926868812
,0.0020659032286069003,0.0019699302749160547,,,-0.12908646239941793,-47.92537097544343,-0.002154870466340498,-13.984151641470278,-13.976626687329095,-13.980389164399686,3.997572660446167,state,,
0.49997218537374466,,,-0.09663858312528076,-0.09663858312528076,,,,,,,3.997584104537964,control,0.24998609268686345,0.2499860926868812
,-0.004063764946316918,-0.0065980279138850295,,,-0.12937047494611825,-41.626792702570334,-0.0029049447655050244,-14.103077166822802,-14.07347911568648,-14.08827814125464,4.002705812454224,state,,
0.49997218537374466,,,-0.06470581146277514,-0.06470581146277514,,,,,,,4.002716064453125,control,0.24998609268687233,0.24998609268687233
,0.0036916404580431997,0.0018208965769525194,,,-0.12549885769298116,-35.1313991683599,-0.0033422893215522597,-14.155762473539658,-14.165353002993875,-14.160557738266768,4.0079872608184814,state,,
0.49997218537374466,,,-0.03341169523351964,-0.03341169523351964,,,,,,,4.00799822807312,control,0.2499860926868812,0.24998609268686345
,-0.005106852730522419,0.0007301694869800398,,,-0.13336766069481162,-27.293232865793385,-0.004078169481414939,-14.175849106089608,-14.168702116735904,-14.172275611412756,4.013199090957642,state,,
0.49997218537374466,,,-0.002743461328849249,-0.002743461328849249,,,,,,,4.013210296630859,control,0.24998609268687233,0.24998609268687233
,0.0009323163464091969,0.0010752609973754012,,,-0.13179755830132228,-21.235367616382653,-0.004593152177915701,-14.195387662229036,-14.168689396954633,-14.182038529591836,4.0183937549591064,state,,
0.49997218537374466,,,0.027311407897727735,0.027311407897727735,,,,,,,4.018404722213745,control,0.2499860926868812,0.24998609268686345
,0.0020839190654621527,0.002653063562735674,,,-0.13163835606613156,-14.667329515337043,-0.005081208251155919,-14.150240321311387,-14.151442886986192,-14.15084160414879,4.023554801940918,state,,
0.49997218537374466,,,0.05676517973977318,0.05676517973977318,,,,,,,4.023566007614136,control,0.24998609268687233,0.24998609268687233
,-0.0007795736924539464,0.006324749451425267,,,-0.134119989939913,-8.805441798775558,-0.005565940811699373,-14.095581734670736,-14.107566210426512,-14.101573972548625,4.028714895248413,state,,
0.49997218537374466,,,0.08562987614497772,0.08562987614497772,,,,,,,4.028726100921631,control,0.2499860926868812,0.24998609268686345
,0.0018612391153522087,0.005481471443804567,,,-0.13603648194168727,-2.125109676501152,-0.006037598724221718,-14.004406711486066,-14.007350754625087,-14.005878733055576,4.033700466156006,state,,
0.49997218537374466,,,0.11391727862207816,0.11391727862207816,,,,,,,4.033711194992065,control,0.24998609268687233,0.24998609268687233
,0.003433639262236175,-0.003782051496258665,,,-0.13727222509351433,3.033975757987213,-0.006655600662004775,-13.913928968785287,-13.90326994999955,-13.908599459392418,4.039082288742065,state,,
0.49997218537374466,,,0.1416389330496366,0.1416389330496366,,,,,,,4.0390944480896,control,0.24998609268687233,0.24998609268687233
,-0.005242994991128688,0.003759548690375582,,,-0.13864899088472032,9.510941631381073,-0.007194592691094662,-13.756799768032918,-13.759121507440478,-13.757960637736698,4.0439417362213135,state,,
0.49997218537374466,,,0.16880615438864385,0.16880615438864385,,,,,,,4.043952703475952,control,0.24998609268687233,0.24998609268687233
,0.000148485326530697,-0.0004541736484811658,,,-0.13711010389718412,15.171915328194029,-0.007707988308295647,-13.607594345683008,-13.57641338719625,-13.59200386643963,4.049200773239136,state,,
0.49997218537374466,,,0.19543003130087097,0.19543003130087097,,,,,,,4.049238920211792,control,0.24998609268687233,0.24998609268687233
,0.005288716807572498,-0.0003656270038311958,,,-0.13435717302551392,21.266919993006038,-0.008138866034683482,-13.389261764295616,-13.388066744538982,-13.3886642544173,4.05455207824707,state,,
0.49997218537374466,,,0.22152143067485355,0.22152143067485355,,,,,,,4.054564476013184,control,0.2499860926868812,0.24998609268686345
,0.0010176178231640367,0.0004868551148306751,,,-0.13582463158948638,26.68550151431426,-0.008650037677152063,-13.170370781870972,-13.167623905087964,-13.168997343479468,4.059707164764404,state,,
0.49997218537374466,,,0.24709100206135648,0.24709100206135648,,,,,,,4.05971884727478,control,0.24998609268687233,0.24998609268687233
,-0.005492337387309877,-0.006796315774745539,,,-0.134441544657457,32.589754229630195,-0.009283348098504188,-12.912120815106883,-12.912038128574496,-12.91207947184069,4.064955234527588,state,,
0.49997218537374466,,,0.27214918202012933,0.27214918202012933,,,,,,,4.064966917037964,control,0.24998609268687233,0.24998609268687233
,-0.005862423590841231,0.00470415533986647,,,-0.13328875890548553,37.14939240779658,-0.009691126255249254,-12.670431299823926,-12.637095928826344,-12.653763614325136,4.070432901382446,state,,
0.49997218537374466,,,0.2967061983797268,0.2967061983797268,,,,,,,4.070446491241455,control,0.2499860926868812,0.24998609268686345
,0.00040816827169999815,-0.0015626058696179218,,,-0.12990596826267164,42.59128998580987,-0.010109185424310567,-12.350652241001573,-12.357741107922477,-12.354196674462024,4.075405597686768,state,,
0.49997218537374466,,,0.3207720744121323,0.3207720744121323,,,,,,,4.075416326522827,control,0.24998609268686345,0.2499860926868812
,-0.0034403499862638,-0.003117569161702074,,,-0.12969946423027984,47.810599082207304,-0.010624873687688384,-12.026100784248635,-12.03805080541011,-12.032075794829373,4.080395460128784,state,,
0.49997218537374466,,,0.3443566329238896,0.3443566329238896,,,,,,,4.080405235290527,control,0.24998609268687233,0.24998609268687233
,0.0037176650799228403,-0.0027541446023553557,,,-0.1297487504477367,51.71493550400041,-0.011074562270184028,-11.717874263537812,-11.704849082876509,-11.711361673207161,4.085750341415405,state,,
0.49997218537374466,,,0.3674695002654118,0.3674695002654118,,,,,,,4.085792064666748,control,0.2499860926868812,0.24998609268686345
,-0.006014662819482033,0.0010535289200083022,,,-0.12290747203319854,58.199027651255705,-0.01137584460403554,-11.32696149063667,-11.307376515925291,-11.31716900328098,4.090750455856323,state,,
0.49997218537374466,,,0.3901201102601035,0.3901201102601035,,,,,,,4.090762138366699,control,0.24998609268687233,0.24998609268687233
,-0.0032672049357383927,-0.0032372214297363994,,,-0.11685301674878078,62.76615790704634,-0.011712976314674104,-10.936810613432122,-10.92448954286865,-10.930650078150386,4.096022367477417,state,,
0.49997218537374466,,,0.4123177080549014,0.4123177080549014,,,,,,,4.096033811569214,control,0.24998609268686345,0.2499860926868812
,0.004543804401617334,-0.0019214286992067738,,,-0.11322326740194347,67.24939055561583,-0.011980945826557558,-10.52486337815428,-10.521237145180173,-10.523050261667226,4.101232528686523,state,,
0.49997218537374466,,,0.43407135389380336,0.43407135389380336,,,,,,,4.101243734359741,control,0.24998609268687233,0.24998609268687233
,-0.0003238740207596017,-0.002121142987345555,,,-0.11148542958952903,72.58377567395605,-0.012304413844895607,-10.075813353699438,-10.074650660907517,-10.075232007303477,4.1062843799591064,state,,
0.49997218537374466,,,0.45538992681592727,0.45538992681592727,,,,,,,4.106294870376587,control,0.24998609268686345,0.2499860926868812
,-0.0032157564069284906,0.003983206765482808,,,-0.1056260889590075,76.5304261718864,-0.012436543328159853,-9.62933624662214,-9.630197719185606,-9.629766982903874,4.1113433837890625,state,,
0.49997218537374466,,,0.4762821282796087,0.4762821282796087,,,,,,,4.111353874206543,control,0.2499860926868812,0.24998609268686345
,0.0018721061989038137,0.01209086458411138,,,-0.10203512460529893,81.07325253664722,-0.012395467658822924,-9.158658909963318,-9.145539876165984,-9.15209939306465,4.116602182388306,state,,
0.49997218537374466,,,0.49675648571401654,0.49675648571401654,,,,,,,4.116613864898682,control,0.24998609268687233,0.24998609268687233
,0.0046569625500612576,-5.296998166839148e-05,,,-0.10067548976973179,84.98640104562189,-0.01258817370315116,-8.671525501371713,-8.65824988865017,-8.664887695010941,4.1215903759002686,state,,
0.49997218537374466,,,0.5168213559997362,0.5168213559997362,,,,,,,4.121600151062012,control,0.24998609268687233,0.24998609268687233
,0.0012655102127709884,-0.0010195402233855646,,,-0.09425133735567542,89.76244970680354,-0.012709694899416838,-8.140768088270029,-8.139356454108922,-8.140062271189475,4.127116918563843,state,,
0.49997218537374466,,,0.5364849288797415,0.5364849288797415,,,,,,,4.127131700515747,control,0.24998609268686345,0.2499860926868812
,0.002604428191498697,-0.0020956467593158264,,,-0.09271181792293946,94.68413335298554,-0.01290746611162151,-7.5971242836132316,-7.579496869110982,-7.588310576362106,4.132169961929321,state,,
0.49997218537374466,,,0.5557552303021467,0.5557552303021467,,,,,,,4.132181167602539,control,0.2499860926868679,0.24998609268687677
,-0.00803215844934114,0.011193198111299684,,,-0.08606117046761784,98.03001352092492,-0.012821213448582829,-7.044902949153438,-7.044915394817386,-7.044909171985412,4.1373066902160645,state,,
0.49997218537374466,,,0.5746401256961038,0.5746401256961038,,,,,,,4.13731837272644,control,0.24998609268687233,0.24998609268687233
,-0.005701733552913041,-0.000791520090293713,,,-0.07928851008408352,101.86903671667686,-0.012906837413152896,-6.466588306517325,-6.4823397666370575,-6.474464036577191,4.142462968826294,state,,
0.49997218537374466,,,0.5931473231821818,0.5931473231821818,,,,,,,4.1424736976623535,control,0.24998609268687233,0.24998609268687233
,0.00218571123452509,-0.004726019643079589,,,-0.07338882229703807,106.37024000444212,-0.012989931696273663,-5.864435695525241,-5.877512226962852,-5.870973961244047,4.147451400756836,state,,
0.49997218537374466,,,0.6112843767185382,0.6112843767185382,,,,,,,4.147460699081421,control,0.24998609268687677,0.2499860926868679
,-0.00111658103263072,-0.00306454800227655,,,-0.06809485284743595,109.83352456756188,-0.013048547201397776,-5.277262404132991,-5.256110501168611,-5.266686452650801,4.152669191360474,state,,
0.49997218537374466,,,0.6290586891841674,0.6290586891841674,,,,,,,4.152693271636963,control,0.24998609268687233,0.24998609268687233
,0.0032815158149190806,0.0077043827115442325,,,-0.060937172710905756,112.86023630013051,-0.012809206858126797,-4.664350217604001,-4.6440770979857895,-4.654213657794895,4.157680511474609,state,,
0.49997218537374466,,,0.646477515400484,0.646477515400484,,,,,,,4.157689571380615,control,0.24998609268687233,0.24998609268687233
,-0.00044789831893448653,-0.004316559786994411,,,-0.05768038652417377,117.90483077351081,-0.012870462722754671,-3.9707314581462345,-3.9980731204419415,-3.984402289294088,4.162770748138428,state,,
0.49997218537374466,,,0.6635479650924744,0.6635479650924744,,,,,,,4.1627795696258545,control,0.24998609268687233,0.24998609268687233
,-0.0027113652530457418,-0.01165063468428172,,,-0.053394589280436014,120.53671177507087,-0.013046446350504295,-3.3398840055435137,-3.3397780810883666,-3.3398310433159404,4.168098449707031,state,,
0.49997218537374466,,,0.6802770057906249,0.6802770057906249,,,,,,,4.168111801147461,control,0.24998609268687455,0.2499860926868701
,0.001715603861652182,-0.006440076639908994,,,-0.04478866739753514,125.54949441676496,-0.012979719172857092,-2.6260512893353107,-2.6385540259147473,-2.6323026576250292,4.173315763473511,state,,
0.49997218537374466,,,0.6966714656748124,0.6966714656748124,,,,,,,4.173325300216675,control,0.24998609268687455,0.2499860926868701
,-0.00039969640272189517,-0.00345857572311921,,,-0.037899583191003686,128.28226959218023,-0.012867694833829239,-1.9477612392509023,-1.9470344445721208,-1.9473978419115117,4.178462982177734,state,,
0.49997218537374466,,,0.7127380363613162,0.7127380363613162,,,,,,,4.1784727573394775,control,0.24998609268687344,0.24998609268687122
,0.002240942155130896,-0.001759261115381221,,,-0.03511841634222552,131.61482719467554,-0.012757185557770811,-1.2390369860149288,-1.233531822746218,-1.2362844043805734,4.1835408210754395,state,,
0.49997218537374466,,,0.7284832756340899,0.7284832756340899,,,,,,,4.1835503578186035,control,0.24998609268687233,0.24998609268687233
,0.004026728260348579,-0.0014030823871550664,,,-0.02714500123999427,134.5807397712023,-0.012508953720525726,-0.5080365748478006,-0.5243169067347923,-0.5161767407912965,4.18867564201355,state,,
0.49997218537374466,,,0.7439136101214081,0.7439136101214081,,,,,,,4.188685417175293,control,0.24998609268687288,0.24998609268687177
,0.0019826231564500315,0.002054896664257473,,,-0.019975717097802076,138.12256800427878,-0.012194069379218173,0.22374638865118437,0.23786570398432122,0.2308060463177528,4.193708419799805,state,,
0.49997218537374466,,,0.7590353379189799,0.7590353379189799,,,,,,,4.193716764450073,control,0.2499860926868722,0.24998609268687247
,0.00018050512422014572,0.002856165037187271,,,-0.012193832513129476,141.3620405085697,-0.011836303264741912,0.9905098422744235,0.9878382678604144,0.989174055067419,4.199357986450195,state,,
0.49997218537374466,,,0.7738546311606004,0.7738546311606004,,,,,,,4.199371814727783,control,0.24998609268687233,0.24998609268687233
,-0.00479070903667392,-0.00011040519787287287,,,-0.007395930190387961,144.2598311752543,-0.011600737550920916,1.759710357826859,1.753475605790205,1.756592981808532,4.20442533493042,state,,
0.49997218537374466,,,0.7883775385373883,0.7883775385373883,,,,,,,4.204438924789429,control,0.24998609268687233,0.24998609268687233
,-0.00951717609330714,-0.003506544308766034,,,0.0013411340723808894,147.63724234604763,-0.011363803737246011,2.5432422739135774,2.5538224497010713,2.5485323618073243,4.209348201751709,state,,
0.49997218537374466,,,0.8026099877666406,0.8026099877666406,,,,,,,4.209357023239136,control,0.24998609268687233,0.24998609268687233
,-0.0005103644016356396,-0.001745247447481135,,,0.009176988939019705,151.0916489419517,-0.011007661860805335,3.3555725086538226,3.362365881417819,3.3589691950358205,4.214341163635254,state,,
0.49997218537374466,,,0.8165577880113079,0.8165577880113079,,,,,,,4.214349985122681,control,0.24998609268687455,0.2499860926868701
,0.006825585017514025,-0.00029902345477785376,,,0.015555936654288545,153.80661394238058,-0.010568763857945737,4.170047213231741,4.172377336291655,4.171212274761698,4.219776630401611,state,,
0.49997218537374466,,,0.8302266322510817,0.8302266322510817,,,,,,,4.219787836074829,control,0.2499860926868679,0.24998609268687677
,-0.002535399314951998,0.0026673624080286334,,,0.02711081690521753,156.81560496843605,-0.010015742171049799,5.006614997984596,4.999744760326338,5.003179879155467,4.224886417388916,state,,
0.49997218537374466,,,0.8436220996060602,0.8436220996060602,,,,,,,4.224895715713501,control,0.24998609268687233,0.24998609268687233
,-0.0016268599456706802,0.008174221463784041,,,0.03495834198796012,159.55579432951524,-0.009384144080783908,5.840784357731601,5.8483562802392015,5.844570318985401,4.230000734329224,state,,
-0.45246886809210574,,,0.7967496576139389,0.7967496576139389,,,,,,,4.230010271072388,control,-0.22623443404604843,-0.2262344340460573
,-0.0006193667678104507,-0.009454897313365932,,,0.041931353289884954,159.78477787419203,-0.009064531195517454,6.63826730639617,6.656009882920954,6.647138594658562,4.235378742218018,state,,
-0.5,,,0.7508146644616601,0.7508146644616601,,,,,,,4.235389232635498,control,-0.25000000000000444,-0.24999999999999556
,-0.002210417265102622,0.005281794529230789,,,0.05202921795978775,156.81962763324887,-0.008391256645672458,7.386757159085214,7.381332642993155,7.384044901039184,4.240442991256714,state,,
-0.5,,,0.7057983711724268,0.7057983711724268,,,,,,,4.240452289581299,control,-0.24999999999999556,-0.25000000000000444
,7.78712599742884e-05,-0.0017442830654434897,,,0.06067973227931239,153.51321908123245,-0.007825108662037932,8.105347199609707,8.092628540294042,8.098987869951873,4.245778322219849,state,,
-0.5,,,0.6616824037489782,0.6616824037489782,,,,,,,4.245790481567383,control,-0.24999999999999112,-0.2500000000000089
,0.003754933132253073,-0.0006400875394439899,,,0.0660853480769192,148.63449994037381,-0.00724659047527188,8.753766833430051,8.775259452432495,8.764513142931273,4.250791072845459,state,,
-0.5,,,0.6184487556739986,0.6184487556739986,,,,,,,4.250799894332886,control,-0.25,-0.25
,-9.746093337457359e-05,0.0059702765864171215,,,0.07200910386811146,142.62594490252317,-0.0065483982083972166,9.381456987999416,9.382570499865633,9.382013743932525,4.255927085876465,state,,
-0.5,,,0.5760797805605186,0.5760797805605186,,,,,,,4.255964994430542,control,-0.2500000000000089,-0.24999999999999112
,-0.005447223950516513,-0.0030770240490006796,,,0.07690083613611598,136.13926700313482,-0.006064038157180609,9.953681827973599,9.965260959536279,9.959471393754939,4.2612144947052,state,,
-0.5,,,0.5345581849493082,0.5345581849493082,,,,,,,4.261224746704102,control,-0.25,-0.25
,-0.002223111209979551,-0.008838928892315722,,,0.08500029078386012,128.70937679349356,-0.005582694320295125,10.47831688846948,10.491218916276434,10.484767902372958,4.266339063644409,state,,
-0.5,,,0.493867021250322,0.493867021250322,,,,,,,4.266349792480469,control,-0.2500000000000089,-0.24999999999999112
,0.0029898557508683298,-0.004650920466109599,,,0.09081210162488755,121.50788718487928,-0.005001689978766538,10.971594250334768,10.983789892492766,10.977692071413767,4.271561145782471,state,,
-0.5,,,0.45398968082531554,0.45398968082531554,,,,,,,4.271570920944214,control,-0.25,-0.25
,0.002751229167944486,-0.0051986454592667895,,,0.09897851348857159,114.86531035597619,-0.004367508631087295,11.458016572185565,11.434580886764207,11.446298729474886,4.276608943939209,state,,
-0.5,,,0.4149098872088093,0.4149098872088093,,,,,,,4.276618719100952,control,-0.25,-0.25
,-0.0050626084833386795,-0.0013572106781904508,,,0.09973447380693157,107.52757460549441,-0.0038445949601407597,11.871268818564696,11.863037003281763,11.86715291092323,4.281793117523193,state,,
-0.5,,,0.3766116894646331,0.3766116894646331,,,,,,,4.281802415847778,control,-0.25,-0.25
,0.0096133861794318,0.0007882449473145119,,,0.10401038811013802,99.1945260619275,-0.0031074355485935876,12.232451974197485,12.228549934921569,12.230500954559528,4.28716254234314,state,,
-0.5,,,0.33907945567534037,0.33907945567534037,,,,,,,4.287174701690674,control,-0.2500000000000089,-0.24999999999999112
,0.007229803380361595,0.0038333214811723487,,,0.10894285221015358,91.34613542766729,-0.002311769079808444,12.558330883840142,12.566310346603858,12.562320615222,4.292199611663818,state,,
-0.5,,,0.30229786656183355,0.30229786656183355,,,,,,,4.292209148406982,control,-0.24999999999999112,-0.2500000000000089
,-0.003040222963236079,0.002273110467844141,,,0.11632985290487222,84.52956814217472,-0.0015627920088275,12.876487951536559,12.87647088464826,12.876479418092408,4.297350645065308,state,,
-0.5,,,0.26625190923059683,0.26625190923059683,,,,,,,4.297360897064209,control,-0.24999999999999112,-0.2500000000000089
,-0.001257680867425416,-0.0029440285564862017,,,0.1216386242511966,76.30109648406781,-0.0009188354753415099,13.135334617358792,13.118714795970847,13.12702470666482,4.302516222000122,state,,
-0.5,,,0.2309268710459849,0.2309268710459849,,,,,,,4.302526950836182,control,-0.25,-0.25
,-0.0006394443899799357,-0.006631315851456665,,,0.1235090046031872,69.78168022218779,-0.0003961014881069555,13.371369404276027,13.372977346445111,13.37217337536057,4.307480573654175,state,,
-0.5,,,0.1963083336250652,0.1963083336250652,,,,,,,4.307490348815918,control,-0.25,-0.25
,0.007836125877503809,0.007956297622375392,,,0.1304508133029721,62.51339592015164,0.0005631328224449473,13.567240115461754,13.570883919567644,13.5690620175147,4.312877178192139,state,,
-0.5,,,0.16238216695256388,0.16238216695256388,,,,,,,4.312887907028198,control,-0.2500000000000089,-0.24999999999999112
,-0.0029783514376865066,-0.0026258859391691852,,,0.1312839398695657,55.69685410476253,0.0011351523887478579,13.742126549468301,13.735988761666368,13.739057655567334,4.318037748336792,state,,
-0.5,,,0.1291345236135126,0.1291345236135126,,,,,,,4.318094968795776,control,-0.25,-0.25
,0.004774015545847382,0.004141667175887083,,,0.13550924846642548,47.453394103084435,0.0019525975073521413,13.838599393516802,13.851652377159231,13.845125885338017,4.323303937911987,state,,
-0.5,,,0.09655183314124235,0.09655183314124235,,,,,,,4.32334566116333,control,-0.2500000000000089,-0.24999999999999112
,-0.0018934427821064848,0.001099372134694864,,,0.1368683947954208,41.17677648585938,0.0026096308413077855,13.953133695734504,13.949094895864318,13.95111429579941,4.328493118286133,state,,
-0.5,,,0.06462079647841751,0.06462079647841751,,,,,,,4.328502655029297,control,-0.24999999999999112,-0.2500000000000089
,0.006843250396914421,0.0004908525085961593,,,0.14202456605195116,34.31115615989793,0.0033916062477963504,14.012369956173263,14.014430714570748,14.013400335372005,4.333584785461426,state,,
-0.5,,,0.03332838054884915,0.03332838054884915,,,,,,,4.333595037460327,control,-0.24999999999999112,-0.2500000000000089
,-0.005282520793469557,0.0033002515041630283,,,0.14512854929581223,28.475043425281562,0.004103244571527148,14.063428772372836,14.062353094592838,14.062890933482837,4.339076042175293,state,,
-0.5,,,0.0026618129378721683,0.0026618129378721683,,,,,,,4.339099645614624,control,-0.25,-0.25
,0.008644459841683431,0.004062157575864834,,,0.14152781086640837,21.46882607377054,0.004796026985753996,14.042841280033102,14.07461402289644,14.058727651464771,4.344017744064331,state,,
-0.5,,,-0.027391423320885275,-0.027391423320885275,,,,,,,4.3440282344818115,control,-0.25,-0.25
,-0.013337124837033407,-0.004363926389444233,,,0.14310894573624483,15.190985302751955,0.005243780382895503,14.035925278214364,14.033609999612407,14.034767638913387,4.349339246749878,state,,
-0.5,,,-0.05684359485446756,-0.05684359485446756,,,,,,,4.349348783493042,control,-0.2500000000000089,-0.24999999999999112
,0.0028095562406790387,0.0033257902122763956,,,0.14008141133021,8.329375285939474,0.005858590517474936,13.964200899554722,13.970216300782532,13.967208600168627,4.354659080505371,state,,
-0.5,,,-0.08570672295737822,-0.08570672295737822,,,,,,,4.354671001434326,control,-0.25,-0.25
,-0.00984785004372596,-0.0028287492022817367,,,0.13553172569200814,1.8931807233668048,0.006206765934839663,13.877449063570154,13.871029508133846,13.874239285852,4.359729051589966,state,,
-0.5,,,-0.11399258849823066,-0.11399258849823066,,,,,,,4.359774112701416,control,-0.24999999999999112,-0.2500000000000089
,-0.007249052103090924,-0.00496166401588674,,,0.1332824388424865,-3.6018360676722327,0.006552532235184023,13.76410795982748,13.77344043426643,13.768774197046955,4.36490797996521,state,,
-0.5,,,-0.14171273672826604,-0.14171273672826604,,,,,,,4.3649187088012695,control,-0.25,-0.25
,0.002435468903072173,0.003440816921830123,,,0.1345623659209058,-8.863519447296408,0.007180665622766532,13.648135638678893,13.633292977171724,13.640714307925307,4.370287895202637,state,,
-0.5,,,-0.1688784819937007,-0.1688784819937007,,,,,,,4.370298624038696,control,-0.24999999999999112,-0.2500000000000089
,-0.004302793004391077,0.010121146375862668,,,0.13305138731665095,-15.634547470717385,0.00781930232756145,13.462671030815214,13.446883594379988,13.454777312597601,4.375521421432495,state,,
-0.5,,,-0.1955009123538267,-0.1955009123538267,,,,,,,4.375531435012817,control,-0.25,-0.25
,-0.0008761252828638438,0.0056266980832858846,,,0.13558488128035143,-21.076849358034472,0.008462655642512633,13.272223765211612,13.25332851697027,13.262776141090942,4.380375385284424,state,,
-0.5,,,-0.22159089410675015,-0.22159089410675015,,,,,,,4.380385160446167,control,-0.2500000000000089,-0.24999999999999112
,-0.0030906247778417755,-0.004627476490881234,,,0.13314444640542772,-26.00941939149759,0.008796740344042575,13.051829554286318,13.056619953386068,13.054224753836193,4.385667562484741,state,,
-0.5,,,-0.24715907622461514,-0.24715907622461514,,,,,,,4.385676860809326,control,-0.25,-0.25
,-0.0035093234275875387,-0.0034471408312762553,,,0.12781692600443056,-31.627510882147597,0.009071816363634798,12.812689265265016,12.800655727290001,12.806672496277509,4.390691518783569,state,,
-0.5,,,-0.27221589470012286,-0.27221589470012286,,,,,,,4.390701055526733,control,-0.25,-0.25
,0.003282024176340004,-0.0014018082967594745,,,0.12816868514707003,-36.82622236876843,0.009520120988333746,12.539663419109896,12.539939223596571,12.539801321353234,4.396143436431885,state,,
-0.5,,,-0.29677157680612043,-0.29677157680612043,,,,,,,4.396162986755371,control,-0.2500000000000089,-0.24999999999999112
,0.0036375554811002965,0.0033112890355790803,,,0.12393461495376053,-43.25669490851043,0.00995734739124007,12.212607749633937,12.2297396457641,12.221173697699019,4.401022911071777,state,,
-0.5,,,-0.32083614526999804,-0.32083614526999804,,,,,,,4.401032447814941,control,-0.25,-0.25
,0.0034214732182938712,0.00619809221295428,,,0.12263403278597075,-48.19216050547662,0.010477212137675499,11.891780494209335,11.911544546890504,11.90166252054992,4.406110048294067,state,,
-0.5,,,-0.3444194223645981,-0.3444194223645981,,,,,,,4.406142711639404,control,-0.25,-0.25
,-0.01565137142291552,-0.0031161521432035207,,,0.12524357066854977,-53.32639746539137,0.010745822479364599,11.55470358363725,11.551929644573569,11.553316614105409,4.411506414413452,state,,
-0.5,,,-0.3675310339173061,-0.3675310339173061,,,,,,,4.41155219078064,control,-0.24999999999999112,-0.2500000000000089
,-0.007612954199229629,0.005986694070016715,,,0.11930445728271004,-57.36288282977079,0.011075367543012,11.214686062958497,11.189833017262798,11.202259540110648,4.416764497756958,state,,
-0.5,,,-0.39018041323896,-0.39018041323896,,,,,,,4.416774749755859,control,-0.25,-0.25
,-0.004122885644227691,-0.004007435369122635,,,0.12159520457515077,-63.169852675844325,0.011378246275718864,10.792292969898455,10.795685992486762,10.793989481192607,4.422248601913452,state,,
-0.5,,,-0.41237680497418083,-0.41237680497418083,,,,,,,4.422262668609619,control,-0.24999999999999112,-0.2500000000000089
,-0.009361733448138175,0.010364354562684551,,,0.1104824589986643,-66.91243393763443,0.011639522484833142,10.393169317529072,10.406555243932399,10.399862280730735,4.426942825317383,state,,
-0.5,,,-0.43412926887469716,-0.43412926887469716,,,,,,,4.426981210708618,control,-0.25,-0.25
,0.0019248496428196714,0.004633738321052004,,,0.10984103939024331,-72.2496999607865,0.012033173178423465,9.942195687089658,9.965141420727733,9.953668553908695,4.432108402252197,state,,
-0.5,,,-0.4554466834972032,-0.4554466834972032,,,,,,,4.432118654251099,control,-0.25,-0.25
,-0.000588331611840645,-0.006288332097529247,,,0.1071296462178401,-77.00435404597357,0.012151894074452453,9.486015480488179,9.499932746799557,9.492974113643868,4.437171697616577,state,,
-0.5,,,-0.47633774982725907,-0.47633774982725907,,,,,,,4.437183618545532,control,-0.25,-0.25
,-0.007275518094402711,-0.0005911451884848766,,,0.09774675152277951,-80.7722937839448,0.012174330659687805,9.034724685614178,9.02356335692001,9.029144021267093,4.44225287437439,state,,
-0.5,,,-0.4968109948307139,-0.4968109948307139,,,,,,,4.4422619342803955,control,-0.25,-0.25
,-0.0014520672841719495,-0.0037483860394301807,,,0.09492177205624719,-84.91479194995463,0.012269388143032495,8.543585861370095,8.533694449690632,8.538640155530363,4.447518825531006,state,,
-0.5,,,-0.5168747749340996,-0.5168747749340996,,,,,,,4.4475297927856445,control,-0.24999999999999112,-0.2500000000000089
,-0.0009610219365794953,-0.005033540737535424,,,0.0897152563361741,-90.25037149817321,0.012279669959173192,7.995444585644895,8.009495238562296,8.002469912103596,4.452656984329224,state,,
-0.5,,,-0.5365372794354176,-0.5365372794354176,,,,,,,4.452666521072388,control,-0.25,-0.25
,-0.0011756272202379184,0.0016953117322780155,,,0.08594863968632308,-93.98707534048901,0.012417105694219183,7.472414246722427,7.473711846604868,7.473063046663647,4.458006858825684,state,,
-0.5,,,-0.5558065338467093,-0.5558065338467093,,,,,,,4.458017587661743,control,-0.24999999999999556,-0.25000000000000444
,0.0029467384849285396,0.0018150211369573183,,,0.08716786168996893,-97.33031968822952,0.012668375058950963,6.936220048443936,6.9301840752196755,6.933202061831805,4.463189363479614,state,,
-0.5,,,-0.5746904031697752,-0.5746904031697752,,,,,,,4.463199853897095,control,-0.24999999999999556,-0.25000000000000444
,-0.0036788839821908685,0.0010602432671860567,,,0.08057335594878956,-102.21120538899234,0.01269720404422495,6.326227931271208,6.362700721313888,6.344464326292548,4.468355655670166,state,,
-0.5,,,-0.5931965951063797,-0.5931965951063797,,,,,,,4.4683661460876465,control,-0.25,-0.25
,0.004887047643361838,0.0008503408671800157,,,0.07315125461498603,-106.03994271980224,0.012735908345257006,5.74536727935325,5.761289451634051,5.75332836549365,4.473725318908691,state,,
-0.5,,,-0.6113326632042521,-0.6113326632042521,,,,,,,4.473739862442017,control,-0.25,-0.25
,-0.0004691934264987199,-0.0014715758205807595,,,0.06814600270226658,-110.00023040915109,0.01270410680171109,5.138892946166895,5.141701608363724,5.14029727726531,4.4786481857299805,state,,
-0.5,,,-0.6291060099401671,-0.6291060099401671,,,,,,,4.478658437728882,control,-0.25,-0.25
,0.0035970764250418566,-0.0001975178858427419,,,0.0654801375674497,-113.85306289269829,0.01275022855300005,4.516145246091479,4.503279212579846,4.509712229335662,4.483798503875732,state,,
-0.5,,,-0.6465238897413638,-0.6465238897413638,,,,,,,4.483808279037476,control,-0.24999999999999556,-0.25000000000000444
,0.009079262759078421,-0.007150739313254038,,,0.059926271478353825,-117.58135572620432,0.012634771819300587,3.8667471845077936,3.8581884701521716,3.862467827329983,4.489450216293335,state,,
-0.5,,,-0.6635934119465365,-0.6635934119465365,,,,,,,4.489469289779663,control,-0.2500000000000022,-0.24999999999999778
,-0.0004319982011147257,0.008904695527335478,,,0.05250965453949662,-120.96678209384817,0.012683723196147436,3.2050128979636625,3.20249346758099,3.203753182772326,4.494044065475464,state,,
-0.5,,,-0.6803215437076058,-0.6803215437076058,,,,,,,4.49409294128418,control,-0.24999999999999778,-0.2500000000000022
,0.004075690687466993,-0.004620306990506001,,,0.04705569979340181,-124.84017600295905,0.012517912452244939,2.5064505835329958,2.5293600645466583,2.517905324039827,4.4993650913238525,state,,
-0.5,,,-0.6967151128334537,-0.6967151128334537,,,,,,,4.499375820159912,control,-0.24999999999999778,-0.2500000000000022
,0.0010427816887372096,-0.003911938630526304,,,0.04251255222625005,-127.59343929115963,0.012337988715414082,1.8357459155422338,1.8364912472357098,1.8361185813889718,4.5046305656433105,state,,
-0.5,,,-0.7127808105767846,-0.7127808105767846,,,,,,,4.504641532897949,control,-0.25,-0.25
,-0.010089525392741126,0.0023071979931684828,,,0.03283366816647914,-132.09309845416985,0.012066931658926815,1.099911233030657,1.1081663456012245,1.1040387893159407,4.5095367431640625,state,,
-0.5,,,-0.7285251943652489,-0.7285251943652489,,,,,,,4.509547710418701,control,-0.2499999999999989,-0.2500000000000011
,0.0012531612009554734,0.00540003149437817,,,0.022212752636653215,-135.50507115312493,0.01187624405610978,0.371370160583879,0.3730502423700932,0.37221020147698614,4.514699697494507,state,,
-0.5,,,-0.7439546904779439,-0.7439546904779439,,,,,,,4.51470947265625,control,-0.2500000000000003,-0.24999999999999972
,-0.005916801754303625,0.003510453902403367,,,0.014408355013439423,-138.33713636878227,0.011606712683392362,-0.3516500713361076,-0.37744832504383863,-0.3645491981899731,4.519745588302612,state,,
-0.5,,,-0.7590755966683851,-0.7590755966683851,,,,,,,4.519754409790039,control,-0.25,-0.25
,-0.0037364410695499453,0.0076978086320083966,,,0.006788521331318047,-142.11378384203132,0.011402065968760212,-1.1326048122750978,-1.1378458452617828,-1.1352253287684402,4.525097846984863,state,,
-0.5,,,-0.7738940847350174,-0.7738940847350174,,,,,,,4.525111198425293,control,-0.2500000000000011,-0.2499999999999989
,0.0016784552291496408,0.005077877471606599,,,-0.0013657013399547687,-144.55876459249617,0.011144791473406135,-1.903926391258459,-1.8899380666435865,-1.8969322289510226,4.530237436294556,state,,
-0.5,,,-0.7884162030403171,-0.7884162030403171,,,,,,,4.530270576477051,control,-0.2500000000000011,-0.2499999999999989
,-0.0027318601316981233,0.006307846369235363,,,-0.008351411416750703,-147.1005925284242,0.010866738943962742,-2.6735109586328147,-2.672268320651875,-2.672889639642345,4.535374164581299,state,,
-0.5,,,-0.8026478789795108,-0.8026478789795108,,,,,,,4.535382509231567,control,-0.25,-0.25
,0.003993947449506809,0.00018950410352975896,,,-0.015084071016143685,-151.22527589387204,0.010501547588956484,-3.4925347103232447,-3.496790077160155,-3.4946623937416996,4.540540456771851,state,,
-0.5,,,-0.8165949213999206,-0.8165949213999206,,,,,,,4.5405497550964355,control,-0.2500000000000022,-0.24999999999999778
,-0.009187239201936828,0.003730292953149324,,,-0.021571855167954273,-153.26009408037126,0.010083532687994865,-4.288949600451623,-4.297746402370416,-4.29334800141102,4.545726299285889,state,,
-0.5,,,-0.8302630229719222,-0.8302630229719222,,,,,,,4.545734882354736,control,-0.25,-0.25
,-0.002712613020499467,0.00450911909588404,,,-0.026556521065678435,-157.077077152331,0.009735452389101108,-5.134976180381366,-5.143988938684079,-5.1394825595327225,4.550731897354126,state,,
-0.5,,,-0.8436577625124838,-0.8436577625124838,,,,,,,4.550739765167236,control,-0.25,-0.25
,0.0057881051445699125,0.002672027455228119,,,-0.0339158641725973,-159.54685732553332,0.009350262450613437,-5.9724631097322565,-5.980586127171624,-5.97652461845194,4.556232213973999,state,,
0.4999487250135427,,,-0.7967846072622341,-0.7967846072622341,,,,,,,4.5562427043914795,control,0.2499743625067669,0.2499743625067758
,0.0027143257711483566,-0.0017227578206943956,,,-0.04270747042854155,-159.98734590816952,0.008802917593951807,-6.7819190219610945,-6.7850248610849,-6.783471941522997,4.561168193817139,state,,
0.4999487250135427,,,-0.7508489151169894,-0.7508489151169894,,,,,,,4.56117844581604,control,0.2499743625067669,0.2499743625067758
,-0.0016731246757489568,-0.006363027735347908,,,-0.05355302570357493,-157.63521204257836,0.008062583779047255,-7.529229757082491,-7.53919550008475,-7.534212628583621,4.56643533706665,state,,
0.4999487250135427,,,-0.7058319368146495,-0.7058319368146495,,,,,,,4.5664451122283936,control,0.2499743625067758,0.2499743625067669
,-0.010413077277911251,0.0009158879995340715,,,-0.0631260797538519,-152.8980501365264,0.007380243445606184,-8.2335616458274,-8.213055565990146,-8.223308605908773,4.5715858936309814,state,,
0.4999487250135427,,,-0.6617152980783565,-0.6617152980783565,,,,,,,4.571597576141357,control,0.24997436250677135,0.24997436250677135
,-0.00677448325782395,0.0028058214957433557,,,-0.0726339113959379,-148.48329609296167,0.006728100811569816,-8.887370131307849,-8.903554055725664,-8.895462093516755,4.576937913894653,state,,
0.4999487250135427,,,-0.6184809921167893,-0.6184809921167893,,,,,,,4.57695198059082,control,0.24997436250676247,0.24997436250678023
,0.005053261913306336,0.0008045931844851881,,,-0.07513189730282072,-141.95661807847216,0.006236787164753377,-9.499358136861453,-9.503381617361741,-9.501369877111596,4.581793546676636,state,,
0.4999487250135427,,,-0.5761113722744535,-0.5761113722744535,,,,,,,4.5818030834198,control,0.24997436250676247,0.24997436250678023
,0.0030142134220545375,-0.006176989210924968,,,-0.07767661190029784,-136.45697296364375,0.0055973114509822244,-10.085965025049909,-10.106285317754494,-10.096125171402202,4.586833477020264,state,,
0.4999487250135427,,,-0.5345891448289645,-0.5345891448289645,,,,,,,4.586861610412598,control,0.24997436250677135,0.24997436250677135
,0.005033304984239102,0.001743835286855215,,,-0.08344296633837088,-128.5437092585101,0.005054205057995308,-10.619920607671904,-10.60587982078526,-10.612900214228581,4.592008590698242,state,,
0.4999487250135427,,,-0.4938973619323851,-0.4938973619323851,,,,,,,4.59201717376709,control,0.24997436250676247,0.24997436250678023
,-0.006771369400073543,-0.008118761834508785,,,-0.09129642381491021,-121.93670527468747,0.004180099169382146,-11.113018233684036,-11.121841778909356,-11.117430006296697,4.597394943237305,state,,
0.4999487250135427,,,-0.4540194146937374,-0.4540194146937374,,,,,,,4.597425699234009,control,0.24997436250678023,0.24997436250676247
,0.0048391776868448215,0.004171178713094447,,,-0.09423766818808987,-114.574991054531,0.0037001394401362125,-11.580641315903158,-11.565637965681985,-11.573139640792572,4.602275133132935,state,,
0.4999487250135427,,,-0.4149390263998627,-0.4149390263998627,,,,,,,4.602283954620361,control,0.24997436250678023,0.24997436250676247
,-0.0022946784623762728,0.0022362621272592055,,,-0.10053783420364686,-106.40296725272178,0.0030575989194998356,-11.97887675787088,-11.97130859961697,-11.975092678743925,4.607510805130005,state,,
0.4999487250135427,,,-0.3766402458718654,-0.3766402458718654,,,,,,,4.607519626617432,control,0.24997436250677135,0.24997436250677135
,0.0001994264672559345,-0.0009658347948955358,,,-0.10889004129225259,-99.02345044994264,0.0023140416307328563,-12.349577722224696,-12.355944824404181,-12.352761273314439,4.6125195026397705,state,,
0.4999487250135427,,,-0.33910744095442813,-0.33910744095442813,,,,,,,4.61252760887146,control,0.24997436250677135,0.24997436250677135
,-0.0007207007118115623,0.008546984189013977,,,-0.11159843568818573,-92.62226549184803,0.0018299260233337617,-12.72422795555194,-12.703761200450169,-12.713994578001055,4.617636442184448,state,,
0.4999487250135427,,,-0.30232529213533954,-0.30232529213533954,,,,,,,4.617644309997559,control,0.24997436250677135,0.24997436250677135
,-0.0012889108250089957,0.0014593244320923616,,,-0.11911689973265593,-84.7689690891133,0.0011077936145594328,-13.002408663477725,-13.023291995003312,-13.012850329240518,4.622812509536743,state,,
0.4999487250135427,,,-0.2662787862926328,-0.2662787862926328,,,,,,,4.622821092605591,control,0.24997436250676247,0.24997436250678023
,0.004660563261310387,0.0024115500576499037,,,-0.11952392294379914,-76.50773366000519,0.0005709018644699473,-13.260663102264896,-13.2671516018985,-13.263907352081699,4.628164529800415,state,,
0.4999487250135427,,,-0.23095321056678011,-0.23095321056678011,,,,,,,4.628173589706421,control,0.24997436250678023,0.24997436250676247
,-0.0008485253855052382,0.008095853900854957,,,-0.12378740923604495,-69.60334139676546,2.8341289927573545e-05,-13.493088597857337,-13.510985888725704,-13.502037243291522,4.633168458938599,state,,
0.4999487250135427,,,-0.19633414635544452,-0.19633414635544452,,,,,,,4.63319206237793,control,0.24997436250678023,0.24997436250676247
,0.004937679865492879,-0.0017117002375409047,,,-0.12600475528957764,-62.02161232714854,-0.0006214618967358007,-13.689369438889543,-13.693587239242374,-13.69147833906596,4.638244152069092,state,,
0.4999487250135427,,,-0.16240746342833562,-0.16240746342833562,,,,,,,4.6382529735565186,control,0.24997436250678023,0.24997436250676247
,0.004821568653008708,-0.0007335718784950831,,,-0.12741097865554757,-55.5920886312988,-0.0012352073488049373,-13.860967466639929,-13.873252002220788,-13.867109734430358,4.643348932266235,state,,
0.4999487250135427,,,-0.12915931415976892,-0.12915931415976892,,,,,,,4.643357515335083,control,0.24997436250676247,0.24997436250678023
,0.005178559976345647,0.0020218417474656782,,,-0.1278190341096636,-48.61963987417917,-0.0017692903430619716,-13.998334529612952,-14.000141400959448,-13.9992379652862,4.648536920547485,state,,
0.4999487250135427,,,-0.09657612787657355,-0.09657612787657355,,,,,,,4.648545265197754,control,0.24997436250677135,0.24997436250677135
,-0.005246408626189152,0.004962512301438931,,,-0.1326044335446526,-41.548585951289894,-0.0024072422175244975,-14.08233962612507,-14.106543527020795,-14.094441576572933,4.65384840965271,state,,
0.4999487250135427,,,-0.06464460531904208,-0.06464460531904208,,,,,,,4.653857707977295,control,0.24997436250678023,0.24997436250676247
,-0.005445959631693535,-0.0009431025929278761,,,-0.1350267011840776,-33.574555211606935,-0.0031185927066529925,-14.132570390177461,-14.138237033367021,-14.135403711772241,4.658717632293701,state,,
0.4999487250135427,,,-0.03335171321266124,-0.03335171321266124,,,,,,,4.65872597694397,control,0.24997436250677135,0.24997436250677135
,0.0031981840591356015,2.904602728101945e-05,,,-0.13854582282756123,-27.866476858632158,-0.0037678082821228152,-14.186744385294597,-14.181034029749851,-14.183889207522224,4.66426420211792,state,,
0.4999487250135427,,,-0.0026846789484080147,-0.0026846789484080147,,,,,,,4.664276838302612,control,0.24997436250677135,0.24997436250677135
,-0.0004882661090402318,0.005987839628113138,,,-0.14223716072069265,-20.831985771506528,-0.004341543435508694,-14.168937390174873,-14.183246076854253,-14.176091733514564,4.66933012008667,state,,
0.4999487250135427,,,0.027369014630560143,0.027369014630560143,,,,,,,4.669338703155518,control,0.24997436250678023,0.24997436250676247
,0.0020031959234610495,-0.007196445188759797,,,-0.139526492001656,-14.829603658462062,-0.005016988238678243,-14.152846019236073,-14.156571727654198,-14.154708873445134,4.674435615539551,state,,
0.4999487250135427,,,0.05682163433794894,0.05682163433794894,,,,,,,4.674449920654297,control,0.24997436250676247,0.24997436250678023
,0.004272751785734184,0.0010698192345411372,,,-0.14424106814292656,-8.614995456142573,-0.005647479967859972,-14.101246892374562,-14.096503686121418,-14.098875289247989,4.67955756187439,state,,
0.4999487250135427,,,0.08568520165118995,0.08568520165118995,,,,,,,4.679566144943237,control,0.24997436250676247,0.24997436250678023
,0.005507898930611321,-0.0005498597178696781,,,-0.14314714412087876,-2.61466369431332,-0.006190307626891661,-14.021010187619055,-14.011890535802772,-14.016450361710913,4.684529781341553,state,,
0.4999487250135427,,,0.11397149761816615,0.11397149761816615,,,,,,,4.684537887573242,control,0.24997436250676247,0.24997436250678023
,-0.001244843013362904,0.0014888983274922013,,,-0.14250941774561174,3.162906336933803,-0.006738568593820968,-13.913281909871438,-13.904083984274536,-13.908682947072986,4.689669132232666,state,,
0.4999487250135427,,,0.14169206766580283,0.14169206766580283,,,,,,,4.689677953720093,control,0.24997436250676247,0.24997436250678023
,0.001000294614934051,-0.002013667600400868,,,-0.13832648455217317,9.796042960621064,-0.0072484372770042485,-13.746928532142373,-13.761337636024646,-13.75413308408351,4.694850206375122,state,,
0.4999487250135427,,,0.1688582263124868,0.1688582263124868,,,,,,,4.694859266281128,control,0.24997436250677135,0.24997436250677135
,-0.008622278730492726,-0.0028512532042032097,,,-0.1334296844624363,15.201181396634482,-0.0078000082071046405,-13.59992461859172,-13.584278835571448,-13.592101727081584,4.700173854827881,state,,
0.4999487250135427,,,0.19548106178623706,0.19548106178623706,,,,,,,4.700222492218018,control,0.24997436250677135,0.24997436250677135
,-0.0003703187901759232,0.0027620849462261067,,,-0.130719398048068,20.888333503140842,-0.00819583967992653,-13.393798533947907,-13.400493911210658,-13.397146222579282,4.705329179763794,state,,
0.4999487250135427,,,0.2215714405505123,0.2215714405505123,,,,,,,4.705342054367065,control,0.24997436250677135,0.24997436250677135
,0.005990324654588905,-0.008739286857864943,,,-0.1300782415249664,26.830535496525297,-0.008779214896084124,-13.172770959186398,-13.164069966987384,-13.16842046308689,4.7103376388549805,state,,
0.4999487250135427,,,0.24714001173950206,0.24714001173950206,,,,,,,4.710346698760986,control,0.24997436250677135,0.24997436250677135
,0.00038023231517012653,-0.010968388324219326,,,-0.12837612679637855,32.38731974938908,-0.009409098379781895,-12.915475239793937,-12.92061455257826,-12.918044896186098,4.715342998504639,state,,
0.4999487250135427,,,0.272197211504712,0.272197211504712,,,,,,,4.715351104736328,control,0.24997436250677135,0.24997436250677135
,-0.010219849638809387,0.007296517897623932,,,-0.12680131228603794,37.665039915616845,-0.009760217766048348,-12.653992112665652,-12.63745223000819,-12.64572217133692,4.720605373382568,state,,
0.4999487250135427,,,0.2967532672746177,0.2967532672746177,,,,,,,4.720614194869995,control,0.24997436250677135,0.24997436250677135
,-0.0033579359971203826,0.0028485089056539577,,,-0.12477052363311283,42.84065381815713,-0.010118880425824563,-12.34356958787631,-12.354723309391078,-12.349146448633693,4.728103399276733,state,,
0.4999487250135427,,,0.32081820192912536,0.32081820192912536,,,,,,,4.728113412857056,control,0.24997436250676247,0.24997436250678023
,-0.005654033203207948,-0.000922078067861018,,,-0.12585249008764363,47.5865910516681,-0.010611294707711254,-12.035554181949657,-12.03580493073762,-12.035679556343638,4.730894088745117,state,,
0.4999487250135427,,,0.3444018378905428,0.3444018378905428,,,,,,,4.730903625488281,control,0.24997436250677135,0.24997436250677135
,-0.0004868855296309379,-0.009261124169837329,,,-0.12553024760523193,52.63856614306271,-0.011186851599250296,-11.687791762091734,-11.696372327530396,-11.692082044811066,4.735875129699707,state,,
0.4999487250135427,,,0.3675138011327319,0.3675138011327319,,,,,,,4.7358832359313965,control,0.24997436250678023,0.24997436250676247
,-0.0062835208111790995,-0.0009869516992001579,,,-0.11922086768795404,57.993759683598945,-0.011516007705075229,-11.305679941809485,-11.328085446338632,-11.316882694074058,4.741084575653076,state,,
0.4999487250135427,,,0.39016352511007724,0.39016352511007724,,,,,,,4.741094589233398,control,0.24997436250677135,0.24997436250677135
,0.006554265741769672,-0.00896741643470705,,,-0.11758564251673742,61.927332988237595,-0.0119563085642119,-10.949063357486473,-10.940219173689757,-10.944641265588114,4.746166944503784,state,,
0.4999487250135427,,,0.41236025460787573,0.41236025460787573,,,,,,,4.746175765991211,control,0.24997436250676247,0.24997436250678023
,-0.0029304913849001026,-0.008801932847326265,,,-0.11252399389058601,67.3055227566945,-0.01237693682357419,-10.522638759443709,-10.522395446858338,-10.522517103151024,4.7513415813446045,state,,
0.4999487250135427,,,0.43411304951571816,0.43411304951571816,,,,,,,4.751350164413452,control,0.24997436250678023,0.24997436250676247
,0.004781909018442139,0.001295785820402205,,,-0.11120365006440025,71.54192292548464,-0.012596240453624386,-10.093382316444005,-10.10138385504754,-10.097383085745772,4.756470203399658,state,,
0.4999487250135427,,,0.45543078852540375,0.45543078852540375,,,,,,,4.756478309631348,control,0.24997436250676247,0.24997436250678023
,0.008357381602973312,-0.0020534789572786457,,,-0.10683697063384616,76.33818070855388,-0.012777883365552665,-9.638816926370398,-9.639897811131918,-9.639357368751158,4.761617183685303,state,,
0.4999487250135427,,,0.47632217275489563,0.47632217275489563,,,,,,,4.7616496086120605,control,0.24997436250677135,0.24997436250677135
,-0.0024689158860435293,-0.005835899823788436,,,-0.09918281562065755,80.54848456821188,-0.013017766207859854,-9.167886170611832,-9.171325586971674,-9.169605878791753,4.766841650009155,state,,
0.4999487250135427,,,0.49679572929979776,0.49679572929979776,,,,,,,4.766850709915161,control,0.24997436250677135,0.24997436250677135
,0.005185226465866792,-0.0002096160350148187,,,-0.09563834841833717,85.32956938688551,-0.013138252053553253,-8.664687818277775,-8.66904158899017,-8.666864703633973,4.772139549255371,state,,
0.4999487250135427,,,0.5168598147138018,0.5168598147138018,,,,,,,4.7721521854400635,control,0.24997436250677135,0.24997436250677135
,0.00196085730970915,-0.0047606886811165615,,,-0.09119839832825763,90.1839715831494,-0.013329066725386403,-8.146901002541613,-8.130468267836529,-8.13868463518907,4.777266025543213,state,,
0.4999487250135427,,,0.5365226184195258,0.5365226184195258,,,,,,,4.777276277542114,control,0.24997436250677135,0.24997436250677135
,-0.0032844616012385587,-0.004952413403481789,,,-0.08643750408234323,94.08896191315954,-0.013530252386266112,-7.604494763750573,-7.60768518474654,-7.606089974248556,4.78232741355896,state,,
0.4999487250135427,,,0.5557921660511352,0.5557921660511352,,,,,,,4.782336235046387,control,0.24997436250677135,0.24997436250677135
,-0.0014064669006642605,0.0024399768531769075,,,-0.08200359239485977,98.44582600676998,-0.013559565538621102,-7.043571519675366,-7.045466877378509,-7.044519198526937,4.787521839141846,state,,
0.4999487250135427,,,0.5746763227301126,0.5746763227301126,,,,,,,4.787530183792114,control,0.24997436250677135,0.24997436250677135
,0.004156390740786737,-0.0018391875725766653,,,-0.07604079434375555,102.39967861964445,-0.013573370614180518,-6.468277112692621,-6.470909460645653,-6.469593286669137,4.792628765106201,state,,
0.4999487250135427,,,0.5931827962755104,0.5931827962755104,,,,,,,4.792638063430786,control,0.24997436250677135,0.24997436250677135
,0.0035261679089567998,0.002864137039884035,,,-0.0671740153036337,106.19931126296484,-0.01341550107611415,-5.88129116604779,-5.874956231237282,-5.878123698642536,4.797985792160034,state,,
0.4999487250135427,,,0.6113191403500002,0.6113191403500002,,,,,,,4.797997713088989,control,0.2499743625067758,0.2499743625067669
,-0.005047340831262276,0.0016950358603850758,,,-0.060877735466992995,109.25902801884601,-0.013355421795829634,-5.2722941680573845,-5.293969139807309,-5.283131653932347,4.8027427196502686,state,,
0.4999487250135427,,,0.6290927575430002,0.6290927575430002,,,,,,,4.802764177322388,control,0.2499743625067758,0.2499743625067669
,-0.007914654734529984,0.004393947969362858,,,-0.05858169419153556,113.67790458360147,-0.013318866290794268,-4.651271404609387,-4.637555647780539,-4.644413526194963,4.807833433151245,state,,
0.4999487250135427,,,0.6465109023921403,0.6465109023921403,,,,,,,4.807839393615723,control,0.24997436250677135,0.24997436250677135
,-0.007145446435727054,-0.004563744291269887,,,-0.05300192377989352,117.35073123332218,-0.013365110725465717,-4.001800858484905,-3.9966091782872604,-3.9992050183860828,4.812795639038086,state,,
0.4999487250135427,,,0.6635806843442975,0.6635806843442975,,,,,,,4.812800168991089,control,0.24997436250677357,0.24997436250676913
,-0.002563955500912365,-0.0035555360524703707,,,-0.05310584387145289,121.62320364853356,-0.013446836631548598,-3.3285683560898236,-3.3176126233760743,-3.323090489732949,4.81798791885376,state,,
0.4999487250135427,,,0.6803090706574115,0.6803090706574115,,,,,,,4.817993402481079,control,0.24997436250677135,0.24997436250677135
,-0.004752741762448917,-0.010368517442092377,,,-0.04840770393455061,124.38860195352933,-0.013571780302460056,-2.662530075507583,-2.6517395224514155,-2.6571347989794996,4.823102235794067,state,,
0.4999487250135427,,,0.6967028892442633,0.6967028892442633,,,,,,,4.823106050491333,control,0.24997436250677357,0.24997436250676913
,-0.0029798762751227816,0.0033440640542413114,,,-0.042459222447801814,128.19243976671137,-0.013377770972850847,-1.9498876208923108,-1.9613776612620166,-1.9556326410771638,4.828159809112549,state,,
0.4999487250135427,,,0.712768831459378,0.712768831459378,,,,,,,4.8281636238098145,control,0.24997436250677246,0.24997436250677024
,-0.003686044062527906,0.006486385278647414,,,-0.03592032542081654,132.03562685244484,-0.013093286256735294,-1.2310342330993083,-1.2375423361462878,-1.234288284622798,4.833279371261597,state,,
0.4999487250135427,,,0.7285134548301905,0.7285134548301905,,,,,,,4.833282709121704,control,0.24997436250677135,0.24997436250677135
,0.0029876691385927346,0.004455718118881326,,,-0.025691423085451883,134.5622380463633,-0.012694953365486731,-0.5208035531612231,-0.5217261034640527,-0.5212648283126379,4.83844780921936,state,,
0.4999487250135427,,,0.7439431857335866,0.7439431857335866,,,,,,,4.838451623916626,control,0.24997436250677135,0.24997436250677135
,-0.006655597217792367,-0.0002360337137236711,,,-0.01845657564924423,138.34314064815828,-0.012474587234667529,0.23736072595059785,0.22389089159064515,0.2306258087706215,4.843500852584839,state,,
0.4999487250135427,,,0.7590643220189149,0.7590643220189149,,,,,,,4.843504905700684,control,0.24997436250677135,0.24997436250677135
,-0.004531027122810227,-0.001529912510239037,,,-0.01390921099287028,141.8551139434779,-0.012286509319776357,0.9844042638767045,1.0071880750906876,0.9957961694836961,4.848502159118652,state,,
0.4999487250135427,,,0.7738830355785367,0.7738830355785367,,,,,,,4.84850549697876,control,0.24997436250677135,0.24997436250677135
,-0.0030109416047638523,0.00182477729542765,,,-0.005061315777044614,144.52153027852185,-0.01191817617080542,1.7524528282662997,1.7692294814989546,1.7608411548826273,4.853665113449097,state,,
0.4999487250135427,,,0.7884053748669659,0.7884053748669659,,,,,,,4.853668689727783,control,0.24997436250677024,0.24997436250677246
,0.0005116617997125714,-9.771429516937819e-05,,,-0.0006778269778803668,147.59283497792876,-0.011614897291305444,2.5492921383053924,2.546081186169546,2.547686662237469,4.858765363693237,state,,
0.4999487250135427,,,0.8026372673696266,0.8026372673696266,,,,,,,4.858768939971924,control,0.24997436250677357,0.24997436250676913
,-0.0016016603594828942,0.005724328961098554,,,0.004590705516308643,150.74076485090882,-0.011185648724225967,3.3505285478624924,3.352454145079817,3.3514913464711547,4.863858222961426,state,,
0.4999487250135427,,,0.8165845220222341,0.8165845220222341,,,,,,,4.863861799240112,control,0.24997436250677135,0.24997436250677135
,0.0022457543911089946,0.0007939289300319808,,,0.009929310901378642,154.37972117975545,-0.010800710373082074,4.179215677039663,4.183395805186497,4.18130574111308,4.868942737579346,state,,
0.4999487250135427,,,0.8302528315817894,0.8302528315817894,,,,,,,4.8689539432525635,control,0.2499743625067669,0.2499743625067758
,0.001296555953904942,-0.0016913114681380962,,,0.018825035619158846,157.10488820889782,-0.010377600916207713,5.022706125067421,4.997698999935531,5.010202562501476,4.874085903167725,state,,
0.4999487250135427,,,0.8436477749501536,0.8436477749501536,,,,,,,4.874089241027832,control,0.2499743625067669,0.2499743625067758
,0.0019312368951814407,0.0049702696468504745,,,0.025724065049473083,159.0493280379427,-0.009831874481422292,5.842813727688201,5.829978119761629,5.836395923724915,4.879163503646851,state,,
-0.5,,,0.7967748194511505,0.7967748194511505,,,,,,,4.879166841506958,control,-0.25,-0.25
,-0.0017110865794964375,-0.006608711648991047,,,0.03249626045574655,160.06829435090015,-0.00950792785582884,6.651803436120814,6.654106059948277,6.652954748034546,4.884313106536865,state,,
-0.5,,,0.7508393230621274,0.7508393230621274,,,,,,,4.884316682815552,control,-0.25,-0.25
,-0.003641531158377568,-0.008993420455892047,,,0.04068872998911195,157.80885680525336,-0.009186786697733713,7.412815558793306,7.399262374528898,7.406038966661102,4.8894124031066895,state,,
-0.5,,,0.7058225366008848,0.7058225366008848,,,,,,,4.889415740966797,control,-0.25,-0.25
,-0.0061044202578141036,-0.0018997706263813704,,,0.05020240824872735,153.50643703928156,-0.00869141231373221,8.101845699893154,8.10834632921973,8.105096014556441,4.894482612609863,state,,
-0.5,,,0.661706085868867,0.661706085868867,,,,,,,4.8944854736328125,control,-0.24999999999999112,-0.2500000000000089
,-0.0015269224705916065,0.006688267983106743,,,0.057012631179843475,147.9897946849298,-0.008021264943015458,8.747732820291395,8.766756975677746,8.75724489798457,4.899629831314087,state,,
-0.5,,,0.6184719641514896,0.6184719641514896,,,,,,,4.899633407592773,control,-0.25,-0.25
,0.0049205414775914565,-0.0016554525302915387,,,0.06517385776445175,141.6280442586261,-0.007410507096618132,9.37228178454782,9.35598764859494,9.36413471657138,4.904695749282837,state,,
-0.5,,,0.5761025248684598,0.5761025248684598,,,,,,,4.904708385467529,control,-0.25,-0.25
,0.003607731341997084,0.003993675380949307,,,0.06944298520826456,135.6739557062923,-0.006756601107861009,9.936222320500592,9.959262144762933,9.947742232631763,4.909844160079956,state,,
-0.5,,,0.5345804743710906,0.5345804743710906,,,,,,,4.909847736358643,control,-0.25,-0.25
,-0.00877902728884538,0.005080027358679062,,,0.07517600535977083,129.00559372043418,-0.006136682319125748,10.490206640315485,10.4830732076773,10.486639923996393,4.914997100830078,state,,
-0.5,,,0.4938888648836687,0.4938888648836687,,,,,,,4.9150004386901855,control,-0.25,-0.25
,-0.003846606035220148,-0.006563966977962795,,,0.08468461766668561,121.49927087943968,-0.005603267540005843,10.97776450665656,10.971574373213048,10.974669439934804,4.920285940170288,state,,
-0.5,,,0.4540110875859953,0.4540110875859953,,,,,,,4.920290470123291,control,-0.24999999999999112,-0.2500000000000089
,0.0016602417008601481,0.004642469797738451,,,0.09554069504726934,114.44329487387444,-0.004757307471257905,11.422810772908294,11.446362363775354,11.434586568341825,4.925245761871338,state,,
-0.5,,,0.4149308658342754,0.4149308658342754,,,,,,,4.925249099731445,control,-0.2500000000000089,-0.24999999999999112
,0.009972734112491988,0.0025488168168668964,,,0.10012850443159185,106.47091627230247,-0.003980688186104204,11.83055232329466,11.849561283583968,11.840056803439314,4.930400133132935,state,,
-0.5,,,0.3766322485175899,0.3766322485175899,,,,,,,4.930403709411621,control,-0.25,-0.25
,-0.0046796769423158675,0.007612622404695297,,,0.10613666870207122,99.10576685848596,-0.003182810612550526,12.20366102928884,12.233070259010791,12.218365644149817,4.9355199337005615,state,,
-0.5,,,0.3390996035472381,0.3390996035472381,,,,,,,4.935538291931152,control,-0.2500000000000089,-0.24999999999999112
,-0.009480541276809931,-0.000768248670963578,,,0.11219728471690127,92.48132828957716,-0.002561664266372025,12.568676167421982,12.582005975083336,12.575341071252659,4.9405553340911865,state,,
-0.5,,,0.3023176114762933,0.3023176114762933,,,,,,,4.940558910369873,control,-0.25,-0.25
,0.004353436115969489,-0.002070825815011051,,,0.11383277601044262,84.2164715906475,-0.0019353784720666082,12.882692826167789,12.847075472727838,12.864884149447814,4.945629119873047,state,,
-0.5,,,0.2662712592467674,0.2662712592467674,,,,,,,4.945633172988892,control,-0.2500000000000089,-0.24999999999999112
,0.0010439296947856703,0.0033458380224578054,,,0.1181952192651913,76.94895125807192,-0.001181707123301618,13.143219937740472,13.124705516745825,13.133962727243148,4.950820446014404,state,,
-0.5,,,0.23094583406183208,0.23094583406183208,,,,,,,4.950825214385986,control,-0.24999999999999112,-0.2500000000000089
,-0.0029681303905352992,-0.004277125602432193,,,0.12131706661309949,69.71666089086362,-0.0006185176676573394,13.365836563087996,13.369044547943519,13.367440555515756,4.955994606018066,state,,
-0.5,,,0.19632691738059543,0.19632691738059543,,,,,,,4.956000089645386,control,-0.24999999999999112,-0.2500000000000089
,0.004620280012711265,-0.0009100214555142506,,,0.1270814826353244,62.5301058730177,0.00012176112011294429,13.566870472860943,13.564556545922338,13.56571350939164,4.9611499309539795,state,,
-0.5,,,0.16240037903298352,0.16240037903298352,,,,,,,4.961155414581299,control,-0.25,-0.25
,0.007985135545831728,-0.0029657355140313237,,,0.12834422388871664,54.946313869889956,0.0007700281804039938,13.703254916397645,13.736235644148822,13.719745280273234,4.966472625732422,state,,
-0.5,,,0.12915237145232383,0.12915237145232383,,,,,,,4.966479778289795,control,-0.25,-0.25
,-0.001194262216291722,0.007192562706516457,,,0.13110566865446274,48.66178057178848,0.0015626885413877972,13.870371411875947,13.855694046504711,13.86303272919033,4.971649408340454,state,,
-0.5,,,0.09656932402327736,0.09656932402327736,,,,,,,4.971681118011475,control,-0.2500000000000089,-0.24999999999999112
,-0.0010752976509665665,0.0051980174683990575,,,0.13865661677767968,41.23927942654203,0.002415043979474167,13.9426214068906,13.959571296281235,13.951096351585917,4.977015018463135,state,,
-0.5,,,0.06463793754281182,0.06463793754281182,,,,,,,4.97702431678772,control,-0.25,-0.25
,0.0030249500559283884,-0.00791322064521,,,0.14177060147935197,34.357087427696875,0.0029833929929120543,14.022753209678193,14.003943392585871,14.013348301132032,4.982349157333374,state,,
-0.5,,,0.033345178791955574,0.033345178791955574,,,,,,,4.982359409332275,control,-0.25,-0.25
,0.0011572848521054847,-0.0048638905784943376,,,0.13911292679475223,27.62720092565896,0.003480082753182394,14.052060405172675,14.036689265698628,14.04437483543565,4.98747706413269,state,,
-0.5,,,0.002678275216116466,0.002678275216116466,,,,,,,4.9874866008758545,control,-0.24999999999999112,-0.2500000000000089
,-0.007144005044698351,-0.008099491094235977,,,0.1386517119763682,21.215687924153244,0.0038770933286629834,14.043702924959831,14.053118827775487,14.048410876367658,4.99272608757019,state,,
-0.5,,,-0.027375290288205862,-0.027375290288205862,,,,,,,4.992736339569092,control,-0.24999999999999112,-0.2500000000000089
,-0.005680416640768388,0.0028695699208969535,,,0.14198668362632766,15.159860980901154,0.004556276485383409,14.024534206287385,14.031123197751413,14.027828702019399,4.997907876968384,state,,
-0.5,,,-0.056827784482441746,-0.056827784482441746,,,,,,,4.997917413711548,control,-0.25,-0.25
,0.00229961895367838,0.0034493214623385234,,,0.14049752311130276,9.27724439294414,0.005209376145577283,13.966477406766096,13.994702939544593,13.980590173155345,5.003219842910767,state,,
-0.5,,,-0.08569122879279291,-0.08569122879279291,,,,,,,5.003229856491089,control,-0.2500000000000089,-0.24999999999999112
,-0.001901285392743336,-0.004859846788603421,,,0.13676455982701305,2.5981744883979694,0.005610624371909987,13.881439954707394,13.89312073837431,13.887280346540852,5.008371829986572,state,,
-0.5,,,-0.11397740421693704,-0.11397740421693704,,,,,,,5.008381366729736,control,-0.24999999999999112,-0.2500000000000089
,-0.0023925755288520707,0.001911280643419657,,,0.13370587377736337,-3.6230310798335656,0.006121464366767903,13.772281928689072,13.768021329959323,13.770151629324197,5.0135297775268555,state,,
-0.5,,,-0.1416978561325983,-0.1416978561325983,,,,,,,5.013540029525757,control,-0.24999999999999112,-0.2500000000000089
,-0.0008818148489908158,-0.005590626284023035,,,0.13781986058310405,-10.31672167430597,0.006626034332635832,13.614622630377179,13.609446622400554,13.612034626388866,5.018755912780762,state,,
-0.5,,,-0.16886389900994633,-0.16886389900994633,,,,,,,5.018766403198242,control,-0.24999999999999112,-0.2500000000000089
,0.005269706136527834,-0.0026972686053355188,,,0.13997357527589008,-15.223571386033427,0.007199912029565495,13.467956485794003,13.4476871757973,13.457821830795652,5.0239341259002686,state,,
-0.5,,,-0.1954866210297474,-0.1954866210297474,,,,,,,5.023944616317749,control,-0.25,-0.25
,-0.003293331598946672,-0.0012267058436078615,,,0.13692770261334336,-21.60702195465648,0.007629991491015921,13.239552872123905,13.256829027525008,13.248190949824457,5.029204607009888,state,,
-0.5,,,-0.22157688860915245,-0.22157688860915245,,,,,,,5.029216289520264,control,-0.25,-0.25
,0.003819946400852614,-0.009199871076150662,,,0.13414143119911445,-26.928645782414286,0.007946643822983022,13.030682552649917,13.027020341682197,13.028851447166058,5.034241199493408,state,,
-0.5,,,-0.2471453508369694,-0.2471453508369694,,,,,,,5.034252405166626,control,-0.2500000000000089,-0.24999999999999112
,0.005715786815223033,-0.002764524899736934,,,0.13368378231509287,-31.109582027521853,0.008424623911360889,12.809681819712754,12.803841920311958,12.806761870012355,5.039492607116699,state,,
-0.5,,,-0.27220244382023,-0.27220244382023,,,,,,,5.03950309753418,control,-0.24999999999999112,-0.2500000000000089
,-0.003301479880879428,0.004036508566279038,,,0.13339507967157785,-37.0186831075831,0.00895357828608864,12.515094949461986,12.540149430262613,12.5276221898623,5.044679880142212,state,,
-0.5,,,-0.2967583949438254,-0.2967583949438254,,,,,,,5.0446906089782715,control,-0.25,-0.25
,0.008892052864795616,-0.0008841202976603986,,,0.1316790340350477,-42.24738957604123,0.009440479921183843,12.234711080928678,12.231624506949174,12.233167793938925,5.049793004989624,state,,
-0.5,,,-0.3208232270449489,-0.3208232270449489,,,,,,,5.049803256988525,control,-0.24999999999999112,-0.2500000000000089
,0.0011305489179378341,0.006797177311200567,,,0.12387139070341427,-47.60891816865153,0.009869361410275484,11.895832682989239,11.923750967593605,11.909791825291421,5.0550217628479,state,,
-0.5,,,-0.3444067625040499,-0.3444067625040499,,,,,,,5.055031776428223,control,-0.24999999999999112,-0.2500000000000089
,0.005949339033811308,-0.0006292134775742969,,,0.12282194708915024,-52.269123625766184,0.01028782034274592,11.570131906905024,11.578421560555432,11.574276733730228,5.060315370559692,state,,
-0.5,,,-0.3675186272539689,-0.3675186272539689,,,,,,,5.060325860977173,control,-0.25,-0.25
,-0.0001687519162547785,-0.00017522561829654297,,,0.11821228164767571,-57.47773139843403,0.010582779603664775,11.195517874122494,11.21246314462423,11.203990509373362,5.0654895305633545,state,,
-0.5,,,-0.3901682547088895,-0.3901682547088895,,,,,,,5.065499544143677,control,-0.25,-0.25
,-0.0004552568849942602,0.003515855722075515,,,0.11409847593758576,-63.07547752411377,0.01092582960135572,10.796055792990417,10.802988657300084,10.79952222514525,5.070777416229248,state,,
-0.5,,,-0.41236488961471174,-0.41236488961471174,,,,,,,5.070787668228149,control,-0.24999999999999112,-0.2500000000000089
,-0.00363063972854721,0.005734760097727713,,,0.11196431250164207,-68.13278807014974,0.01130005591210108,10.375668948951054,10.38106842620747,10.378368687579261,5.075904846191406,state,,
-0.5,,,-0.4341175918224175,-0.4341175918224175,,,,,,,5.075952768325806,control,-0.24999999999999112,-0.2500000000000089
,-0.00572527089400801,0.004244371376366874,,,0.10746921526022758,-72.56201386541517,0.011564713446706272,9.951622167122002,9.938508433505046,9.945065300313523,5.081031560897827,state,,
-0.5,,,-0.45543523998596913,-0.45543523998596913,,,,,,,5.0810418128967285,control,-0.24999999999999112,-0.2500000000000089
,0.007752163832467006,0.00033839024476194643,,,0.10145382744343523,-76.59015200754025,0.011798465801093371,9.493631370640637,9.502378090555762,9.4980047305982,5.08626127243042,state,,
-0.5,,,-0.4763265351862498,-0.4763265351862498,,,,,,,5.0862717628479,control,-0.2500000000000089,-0.24999999999999112
,-0.007358534531119469,0.001318558418721916,,,0.09814380904207337,-81.18738020614012,0.011959481980275568,9.015383199562894,9.02241814110638,9.018900670334638,5.09138298034668,state,,
-0.5,,,-0.4968000044825248,-0.4968000044825248,,,,,,,5.09139347076416,control,-0.2500000000000089,-0.24999999999999112
,0.0010475296503906601,0.004089354240909671,,,0.09206990447131116,-85.07627386375462,0.012158297925128066,8.535914959492795,8.52733631278532,8.531625636139058,5.096611499786377,state,,
-0.5,,,-0.5168640043928743,-0.5168640043928743,,,,,,,5.096621990203857,control,-0.2500000000000089,-0.24999999999999112
,-0.010016083507751905,-0.002446309244832769,,,0.09181093958942836,-89.72842811213567,0.012239022630304307,8.000622139000606,8.01726218322499,8.008942161112799,5.101830005645752,state,,
-0.5,,,-0.5365267243050168,-0.5365267243050168,,,,,,,5.101840019226074,control,-0.2500000000000089,-0.24999999999999112
,0.0007944093647448199,-0.0029449867328465553,,,0.08745017299907054,-93.6850486423361,0.01230382664408554,7.469347266609385,7.485743426128796,7.477545346369091,5.107003211975098,state,,
-0.5,,,-0.5557961898189164,-0.5557961898189164,,,,,,,5.107012987136841,control,-0.25000000000000444,-0.24999999999999556
,0.002701828454041436,0.004273330299169325,,,0.08569607067192954,-97.63530493667494,0.012547604834976637,6.937941193905435,6.915055886321217,6.926498540113326,5.112223863601685,state,,
-0.5,,,-0.5746802660225381,-0.5746802660225381,,,,,,,5.112252712249756,control,-0.25,-0.25
,0.0021133490330745523,0.0002223394793715935,,,0.07884254628461718,-101.92313620346837,0.012593792439801929,6.341547731049419,6.355732078891718,6.348639904970568,5.117330312728882,state,,
-0.5,,,-0.5931866607020874,-0.5931866607020874,,,,,,,5.117340564727783,control,-0.25,-0.25
,-0.0022175264225052617,0.001228121294268362,,,0.07111817875310182,-106.05013422614005,0.012574132154634541,5.762887256739869,5.742524783852132,5.752706020296,5.122577428817749,state,,
-0.5,,,-0.6113229274880456,-0.6113229274880456,,,,,,,5.1225879192352295,control,-0.25,-0.25
,-0.005024509444998713,-0.0014780475654160433,,,0.06887062524170756,-109.72765989214925,0.012558172900665906,5.158807804130019,5.132268359921953,5.145538082025986,5.127603530883789,state,,
-0.5,,,-0.6290964689382847,-0.6290964689382847,,,,,,,5.127613544464111,control,-0.25,-0.25
,0.0008317807127833631,0.004047057493216432,,,0.06456187725797782,-113.57339215555535,0.012635369192824812,4.5109154058464345,4.52201337674417,4.516464391295303,5.132741212844849,state,,
-0.5,,,-0.6465145395595191,-0.6465145395595191,,,,,,,5.132751226425171,control,-0.25000000000000444,-0.24999999999999556
,0.009409534007597134,0.009840994489371601,,,0.0640206693972665,-117.9946287231545,0.012938437319685796,3.8529163585205244,3.8593338059761266,3.8561250822483255,5.137843132019043,state,,
-0.5,,,-0.6635842487683288,-0.6635842487683288,,,,,,,5.137852668762207,control,-0.25,-0.25
,-0.0001805452852301707,0.0008748643220896876,,,0.060432893299445074,-121.29489227701382,0.012932615916426414,3.194943631877056,3.199306958228909,3.1971252950529827,5.142933130264282,state,,
-0.5,,,-0.6803125637929622,-0.6803125637929622,,,,,,,5.1429712772369385,control,-0.2500000000000022,-0.24999999999999778
,0.0006072438377718992,-0.006850697558170868,,,0.055241494346443785,-124.88107339907097,0.012738852553053376,2.517183626927618,2.51410453870799,2.515644082817804,5.147959232330322,state,,
-0.5,,,-0.696706312517103,-0.696706312517103,,,,,,,5.147967338562012,control,-0.2500000000000022,-0.24999999999999778
,-0.0015685849428608081,0.0011710517335118444,,,0.04610691075361849,-128.19128452889214,0.012575500913601314,1.8296050587920718,1.8144029687568453,1.8220040137744586,5.153201341629028,state,,
-0.5,,,-0.712772186266761,-0.712772186266761,,,,,,,5.153209924697876,control,-0.2500000000000011,-0.2499999999999989
,-0.010270093993075047,-0.005555250595422366,,,0.03796571524666303,-130.90709034946525,0.012201481020938678,1.123460916285864,1.1250294236040106,1.1242451699449374,5.158820152282715,state,,
-0.5,,,-0.7285167425414257,-0.7285167425414257,,,,,,,5.158832788467407,control,-0.2500000000000011,-0.2499999999999989
,-0.004599432433321355,-0.0014712182852786196,,,0.024484168295385512,-134.90698768426947,0.011803546692444138,0.3869078440977194,0.38519193241062255,0.38604988825417097,5.1637654304504395,state,,
-0.5,,,-0.7439464076905973,-0.7439464076905973,,,,,,,5.163774728775024,control,-0.25,-0.25
,0.003833336026309647,-0.005715269708479521,,,0.01836447132886912,-138.79062149232556,0.011482235642498367,-0.37562515846133243,-0.3638011834957663,-0.3697131709785494,5.1687726974487305,state,,
-0.5,,,-0.7590674795367853,-0.7590674795367853,,,,,,,5.168782711029053,control,-0.24999999999999972,-0.2500000000000003
,0.002930567487966178,-0.0019322130089796808,,,0.012197511824329058,-141.92489886210143,0.01119993955241214,-1.1380147990354406,-1.1204276788268521,-1.1292212389311462,5.1739583015441895,state,,
-0.5,,,-0.7738861299460497,-0.7738861299460497,,,,,,,5.173968315124512,control,-0.2500000000000011,-0.2499999999999989
,0.006878246635761355,0.00724031556148119,,,0.0014252714491226962,-144.50481535150243,0.010998328195287215,-1.8950641074505803,-1.8905478163372291,-1.8928059618939046,5.179115295410156,state,,
-0.5,,,-0.7884084073471287,-0.7884084073471287,,,,,,,5.1791462898254395,control,-0.2500000000000011,-0.2499999999999989
,0.00696204943851302,0.003897630667841075,,,-0.0024004849031065436,-147.74477939950873,0.010828898822994208,-2.677900198588385,-2.6882907779305576,-2.6830954882594713,5.183996915817261,state,,
-0.5,,,-0.8026402392001861,-0.8026402392001861,,,,,,,5.184005498886108,control,-0.25,-0.25
,0.002374387979627576,-0.0013453525102116548,,,-0.007010919524382331,-150.78790841151067,0.010496592089555272,-3.4855091743363045,-3.4854266912430383,-3.485467932789671,5.189556360244751,state,,
-0.5,,,-0.8165874344161824,-0.8165874344161824,,,,,,,5.189568996429443,control,-0.2500000000000022,-0.24999999999999778
,-0.00041730847269450894,0.001976589393221073,,,-0.02067270204780136,-154.17529039757304,0.010003763925758028,-4.303545226282195,-4.316967260717331,-4.310256243499763,5.194355010986328,state,,
-0.5,,,-0.8302556857278588,-0.8302556857278588,,,,,,,5.194363117218018,control,-0.25,-0.25
,-0.0009583603586984666,0.0005412602429544574,,,-0.031042833644507606,-157.19126971566106,0.009490646941259838,-5.1364838874546255,-5.151942900048839,-5.144213393751732,5.1996495723724365,state,,
-0.5,,,-0.8436505720133016,-0.8436505720133016,,,,,,,5.1996588706970215,control,-0.25,-0.25
,-0.0016945918505692351,0.006789299427713328,,,-0.03765347243641065,-159.38212448178268,0.00912459225368611,-5.965447463305912,-5.986537642140318,-5.975992552723115,5.2049925327301025,state,,
0.4999487250135427,,,-0.7967775605730355,-0.7967775605730355,,,,,,,5.205004453659058,control,0.24997436250677135,0.24997436250677135
,-0.0016758067273126614,-0.003538238726067181,,,-0.046610069087995074,-159.48357199595745,0.008493742962277409,-6.7609011841525835,-6.789148815922282,-6.775025000037433,5.209973335266113,state,,
0.4999487250135427,,,-0.7508420093615747,-0.7508420093615747,,,,,,,5.209982872009277,control,0.24997436250677135,0.24997436250677135
,-0.002638030202171924,-0.007315370724653177,,,-0.057740182768347414,-157.66302749975017,0.007709785556794604,-7.521912055642206,-7.546818488292135,-7.53436527196717,5.214863538742065,state,,
0.4999487250135427,,,-0.7058251691743432,-0.7058251691743432,,,,,,,5.214871406555176,control,0.2499743625067669,0.2499743625067758
,0.000113784255753198,0.0019539810018872165,,,-0.06776236902212153,-153.1247119713297,0.007102246640186401,-8.236912611700545,-8.218605982015328,-8.227759296857936,5.22031569480896,state,,
0.4999487250135427,,,-0.6617086657908563,-0.6617086657908563,,,,,,,5.220328330993652,control,0.24997436250677135,0.24997436250677135
,0.006986712227803536,-0.0012787700299072347,,,-0.07586586510084538,-149.18956167075646,0.006488097683387811,-8.904891565618263,-8.917262920376016,-8.91107724299714,5.225441932678223,state,,
0.4999487250135427,,,-0.6184744924750392,-0.6184744924750392,,,,,,,5.22545313835144,control,0.24997436250677135,0.24997436250677135
,0.0034450130462314816,0.010284854806581778,,,-0.08088030133097736,-141.94809386657087,0.006098265645716438,-9.495398031288994,-9.515734314115603,-9.505566172702299,5.230453252792358,state,,
0.4999487250135427,,,-0.5761050026255383,-0.5761050026255383,,,,,,,5.2304651737213135,control,0.24997436250677135,0.24997436250677135
,-0.0019745677774681593,0.0010139000482656106,,,-0.08336996478114263,-136.47210275652964,0.0055309973009076505,-10.090269506819663,-10.111277655452163,-10.100773581135913,5.2355828285217285,state,,
0.4999487250135427,,,-0.5345829025730275,-0.5345829025730275,,,,,,,5.235594987869263,control,0.24997436250677135,0.24997436250677135
,0.0014126157865492553,0.002530771022093731,,,-0.08817266167183646,-128.73380105909456,0.00496879125382325,-10.621267207149575,-10.621300172456557,-10.621283689803066,5.240866661071777,state,,
0.4999487250135427,,,-0.49389124452156696,-0.49389124452156696,,,,,,,5.240877866744995,control,0.24997436250677135,0.24997436250677135
,0.001142102794220581,-0.0016890945913480906,,,-0.09303329519150888,-121.72062998582481,0.004312738317868467,-11.121420819538189,-11.1151166913142,-11.118268755426193,5.245789289474487,state,,
0.4999487250135427,,,-0.4540134196311356,-0.4540134196311356,,,,,,,5.245805501937866,control,0.24997436250676247,0.24997436250678023
,0.008403195417581813,-0.0036635165579064948,,,-0.10417385491621056,-113.87491416485037,0.0035345384773298057,-11.554641755591314,-11.570908005909104,-11.562774880750208,5.250963449478149,state,,
0.4999487250135427,,,-0.41493315123851293,-0.41493315123851293,,,,,,,5.250972270965576,control,0.24997436250676247,0.24997436250678023
,0.009251994053259034,-0.004767803368028326,,,-0.11083742338349789,-107.20462700036164,0.0027948782331371352,-12.000069357539756,-11.985204839150116,-11.992637098344936,5.256200551986694,state,,
0.4999487250135427,,,-0.3766344882137427,-0.3766344882137427,,,,,,,5.256209850311279,control,0.24997436250677135,0.24997436250677135
,-0.0049823070284958975,0.0030163118277509314,,,-0.11391361053768917,-99.1339250355518,0.002149708580954102,-12.359039052057282,-12.360675972603914,-12.3598575123306,5.261196613311768,state,,
0.4999487250135427,,,-0.33910179844946786,-0.33910179844946786,,,,,,,5.261204719543457,control,0.24997436250678023,0.24997436250676247
,0.0009544920975188626,-0.0034451220544720906,,,-0.11334537966686778,-91.8045097275765,0.001501180935001378,-12.688486955495687,-12.715970631193741,-12.702228793344714,5.266347646713257,state,,
0.4999487250135427,,,-0.30231976248047854,-0.30231976248047854,,,,,,,5.2663562297821045,control,0.24997436250677135,0.24997436250677135
,0.002624979280375385,0.000489149954066946,,,-0.1199680416496478,-83.50513781721774,0.0008064807806526463,-12.983394083625614,-12.99193766841767,-12.98766587602164,5.271510601043701,state,,
0.4999487250135427,,,-0.2662733672308689,-0.2662733672308689,,,,,,,5.271519422531128,control,0.24997436250676247,0.24997436250678023
,-0.005767283654519331,0.0008224425493988767,,,-0.12547907090181426,-77.08924327771605,5.9861850734869664e-05,-13.271551213099642,-13.2704487056572,-13.270999959378422,5.276817321777344,state,,
0.4999487250135427,,,-0.23094789988625156,-0.23094789988625156,,,,,,,5.2768261432647705,control,0.24997436250678023,0.24997436250676247
,-0.009781075082225714,-0.001020723501700417,,,-0.1317668408952705,-69.3538357184255,-0.0007787901707223836,-13.487523855908044,-13.501788750054754,-13.494656302981399,5.281967878341675,state,,
0.4999487250135427,,,-0.1963289418885265,-0.1963289418885265,,,,,,,5.281976938247681,control,0.24997436250677135,0.24997436250677135
,0.003423710662787502,0.003935893267698314,,,-0.129468794695919,-62.43699884834838,-0.0012653694178926336,-13.701896597570105,-13.691616241189568,-13.696756419379836,5.287136077880859,state,,
0.4999487250135427,,,-0.16240236305075598,-0.16240236305075598,,,,,,,5.287177085876465,control,0.24997436250677135,0.24997436250677135
,-0.015680911168130918,-0.003926155910495775,,,-0.1325099333756945,-55.75948255861458,-0.002128295067435067,-13.86959215333682,-13.868963565991443,-13.86927785966413,5.292278528213501,state,,
0.4999487250135427,,,-0.12915431578974085,-0.12915431578974085,,,,,,,5.292287111282349,control,0.24997436250676247,0.24997436250678023
,-0.0014507198690664014,0.00032751123274061584,,,-0.13651324101701173,-48.09819388252302,-0.002823897714878618,-13.984133866067136,-13.991537399435568,-13.987835632751352,5.297468423843384,state,,
0.4999487250135427,,,-0.09657122947394603,-0.09657122947394603,,,,,,,5.2974770069122314,control,0.24997436250677135,0.24997436250677135
,-0.0007023402626579567,-0.0056466430764588365,,,-0.13705556773231023,-41.2165578503355,-0.003559642588803636,-14.074072067558927,-14.094715498230745,-14.084393782894836,5.302793502807617,state,,
0.4999487250135427,,,-0.0646398048844671,-0.0646398048844671,,,,,,,5.3028035163879395,control,0.24997436250677135,0.24997436250677135
,0.009967085895695846,0.008127819199448598,,,-0.13989662321265342,-34.15925721772273,-0.003995411582592314,-14.13813363663654,-14.147605645217181,-14.142869640926861,5.307939052581787,state,,
0.4999487250135427,,,-0.033347008786777765,-0.033347008786777765,,,,,,,5.307950019836426,control,0.24997436250677135,0.24997436250677135
,0.00720722613945529,-0.002778427470145151,,,-0.1375665275133412,-27.84376757054544,-0.004553415968935768,-14.175042346428995,-14.188106332051388,-14.181574339240193,5.3131067752838135,state,,
0.4999487250135427,,,-0.0026800686110422106,-0.0026800686110422106,,,,,,,5.313117504119873,control,0.24997436250678023,0.24997436250676247
,-0.0011616455019275624,0.0014049036534313519,,,-0.14089920928227553,-21.152545431748145,-0.005189393701953179,-14.188706250802545,-14.172979666252218,-14.180842958527382,5.318294286727905,state,,
0.4999487250135427,,,0.027373532761178633,0.027373532761178633,,,,,,,5.318304538726807,control,0.24997436250678023,0.24997436250676247
,-0.005555913987918068,-0.0009626728949658468,,,-0.14213264792274746,-14.770561755709863,-0.005862558047108537,-14.160160101967083,-14.146086582890122,-14.153123342428604,5.323437690734863,state,,
0.4999487250135427,,,0.05682606210595506,0.05682606210595506,,,,,,,5.323448181152344,control,0.24997436250678023,0.24997436250676247
,0.001433920087199062,0.0024627665428820465,,,-0.1412858379029746,-8.71901486359939,-0.006370135716687521,-14.10811308279218,-14.092697030454666,-14.100405056623423,5.32866358757019,state,,
0.4999487250135427,,,0.08568954086383596,0.08568954086383596,,,,,,,5.328673839569092,control,0.24997436250677135,0.24997436250677135
,-0.0007010748597825061,0.001372549013083533,,,-0.13610086139861843,-2.8908289573128974,-0.0068105954409215215,-14.032281934555435,-14.011919549015738,-14.022100741785586,5.33384895324707,state,,
0.4999487250135427,,,0.11397575004655923,0.11397575004655923,,,,,,,5.333859443664551,control,0.24997436250676247,0.24997436250678023
,0.0013720942417956082,-0.0006707980186163748,,,-0.13322184615874247,3.601596074796081,-0.007286650187419683,-13.899159269035895,-13.902365946484574,-13.900762607760235,5.33901309967041,state,,
0.4999487250135427,,,0.14169623504562806,0.14169623504562806,,,,,,,5.339024305343628,control,0.24997436250678023,0.24997436250676247
,-0.0015534397971577226,0.0002014228160476458,,,-0.13647947440645564,9.361581851853217,-0.007870394164638517,-13.75929820733958,-13.765265147950828,-13.762281677645204,5.34419584274292,state,,
0.4999487250135427,,,0.1688623103447155,0.1688623103447155,,,,,,,5.3442063331604,control,0.24997436250677135,0.24997436250677135
,-0.0060444302713363275,0.014432227325608296,,,-0.13792276994334282,15.212392418092325,-0.008190335762748939,-13.600916962310817,-13.585285384256416,-13.593101173283618,5.349512338638306,state,,
0.4999487250135427,,,0.19548506413782119,0.19548506413782119,,,,,,,5.349558353424072,control,0.24997436250678023,0.24997436250676247
,-0.0024392508688761434,0.010477430613903906,,,-0.13882043708739222,20.455841031723168,-0.008546426962180468,-13.409995030638592,-13.404744752469874,-13.407369891554232,5.354681968688965,state,,
0.4999487250135427,,,0.22157536285506477,0.22157536285506477,,,,,,,5.354693651199341,control,0.24997436250676247,0.24997436250678023
,0.008733540473573007,-0.0028589390455696735,,,-0.1379331314197558,26.34497948475716,-0.009027868746446337,-13.188039780998196,-13.175793108192114,-13.181916444595155,5.359790325164795,state,,
0.4999487250135427,,,0.24714385559796348,0.24714385559796348,,,,,,,5.359801292419434,control,0.24997436250677135,0.24997436250677135
,-0.00023889928581295763,0.003864707514893056,,,-0.13574267026861533,32.445865050570006,-0.009410413506211121,-12.90888284236335,-12.936294177313838,-12.922588509838594,5.3648998737335205,state,,
0.4999487250135427,,,0.2722009784860042,0.2722009784860042,,,,,,,5.364910364151001,control,0.24997436250676247,0.24997436250678023
,0.0014111742757085572,0.0030449144170871436,,,-0.13097879885990485,37.22465641679526,-0.009724793183426832,-12.665169864886428,-12.655646937034883,-12.660408400960655,5.370115041732788,state,,
0.4999487250135427,,,0.2967569589162842,0.2967569589162842,,,,,,,5.370125770568848,control,0.24997436250677135,0.24997436250677135
,0.006835720697311923,0.003065290358949243,,,-0.12793317684283384,42.40483102029951,-0.010004090680830552,-12.356248250036353,-12.375630162836602,-12.365939206436478,5.374991178512573,state,,
0.4999487250135427,,,0.32082181973795854,0.32082181973795854,,,,,,,5.375000953674316,control,0.24997436250677135,0.24997436250677135
,-0.004192056873872782,0.001891247237340981,,,-0.12670553525587314,47.97921220173333,-0.010403855869422985,-12.028450177983284,-12.046198048931613,-12.037324113457448,5.380370378494263,state,,
0.4999487250135427,,,0.34440538334319937,0.34440538334319937,,,,,,,5.380380868911743,control,0.24997436250676247,0.24997436250678023
,0.0025529566361150095,-0.002223531568025058,,,-0.12208036149100415,52.85216157547864,-0.010746279288422563,-11.690730027748806,-11.70028578735768,-11.695507907553242,5.385388135910034,state,,
0.4999487250135427,,,0.3675172756763354,0.3675172756763354,,,,,,,5.3853981494903564,control,0.24997436250676247,0.24997436250678023
,0.005623608658874224,-0.00420133614501503,,,-0.11828020809365758,57.49781581334762,-0.011090020160565747,-11.336069027996452,-11.332092861806025,-11.334080944901238,5.390719175338745,state,,
0.4999487250135427,,,0.3901669301628087,0.3901669301628087,,,,,,,5.390733480453491,control,0.24997436250677135,0.24997436250677135
,0.005530671581678294,-0.0002068366475472469,,,-0.1193533567797418,62.39952112085243,-0.011434668760948298,-10.944678929763828,-10.943461622976292,-10.94407027637006,5.395752906799316,state,,
0.4999487250135427,,,0.4123635915595525,0.4123635915595525,,,,,,,5.39576268196106,control,0.24997436250676247,0.24997436250678023
,-0.004337760794307622,0.003921393098726597,,,-0.11492864595492411,67.6591598489045,-0.011661633751171033,-10.518717826065723,-10.525411627695942,-10.522064726880831,5.400683879852295,state,,
0.4999487250135427,,,0.4341163197283614,0.4341163197283614,,,,,,,5.400691986083984,control,0.24997436250676247,0.24997436250678023
,0.0044101796238399694,0.0007170900547968059,,,-0.10988487141578844,72.30930942969752,-0.011844213638990145,-10.097712638948009,-10.075304862136695,-10.086508750542352,5.405833005905151,state,,
0.4999487250135427,,,0.4554339933337942,0.4554339933337942,,,,,,,5.405841827392578,control,0.24997436250677135,0.24997436250677135
,-0.00027509337297530767,-0.004508661836897903,,,-0.10428788913181805,76.21072176491353,-0.012118929343260575,-9.648186069492558,-9.638538402305148,-9.643362235898852,5.4111716747283936,state,,
0.4999487250135427,,,0.47632531346711826,0.47632531346711826,,,,,,,5.411183595657349,control,0.24997436250676247,0.24997436250678023
,-0.0016344005550727196,0.0030174363115077524,,,-0.10091514076565732,80.70585180957988,-0.012276656599259847,-9.173101009773722,-9.163480510638276,-9.168290760205998,5.416375637054443,state,,
0.4999487250135427,,,0.4967988071977759,0.4967988071977759,,,,,,,5.4164087772369385,control,0.24997436250676247,0.24997436250678023
,0.0014012834690719153,0.0025194140759810645,,,-0.09481054197225985,86.16040195467863,-0.012345407147007902,-8.657074790082818,-8.644278987195378,-8.650676888639097,5.421347379684448,state,,
0.4999487250135427,,,0.5168628310538204,0.5168628310538204,,,,,,,5.421355962753296,control,0.24997436250676247,0.24997436250678023
,-0.004981875487634921,0.008159390724025247,,,-0.09095149010711426,90.08828067006937,-0.012371578716579457,-8.128875238262271,-8.146567469631256,-8.137721353946763,5.426601409912109,state,,
0.4999487250135427,,,0.536525574432744,0.536525574432744,,,,,,,5.426612377166748,control,0.24997436250676247,0.24997436250678023
,-0.0010341195932991897,0.006363664431026099,,,-0.08509440838027525,94.67561418910785,-0.01234138611955419,-7.582373142776608,-7.600294062192615,-7.591333602484612,5.431663274765015,state,,
0.4999487250135427,,,0.5557950629440891,0.5557950629440891,,,,,,,5.431671857833862,control,0.2499743625067758,0.2499743625067669
,-0.005051030638176491,0.004881543900068885,,,-0.08365641982533639,97.84111747190092,-0.012431035795252553,-7.041294664887867,-7.06220026639632,-7.0517474656420935,5.436658620834351,state,,
0.4999487250135427,,,0.5746791616852073,0.5746791616852073,,,,,,,5.436667203903198,control,0.24997436250677135,0.24997436250677135
,-0.0010859146446731511,-0.001688428783593627,,,-0.07745216051711673,102.2212073191323,-0.012506700390595447,-6.46513000567587,-6.476730262342294,-6.470930134009082,5.442155838012695,state,,
0.4999487250135427,,,0.5931855784515031,0.5931855784515031,,,,,,,5.442169427871704,control,0.24997436250677135,0.24997436250677135
,0.0009228310212469623,0.006192239806418266,,,-0.06862809789632322,106.02961727441426,-0.01233549130165324,-5.882021547146269,-5.878317094187052,-5.88016932066666,5.446996212005615,state,,
0.4999487250135427,,,0.611321866882473,0.611321866882473,,,,,,,5.447004795074463,control,0.2499743625067669,0.2499743625067758
,-0.0037701596721754645,0.010425233599023951,,,-0.06804518879865068,109.34296190353068,-0.012249642869642847,-5.2865466793699465,-5.274895307749894,-5.28072099355992,5.452472686767578,state,,
0.4999487250135427,,,0.6290954295448236,0.6290954295448236,,,,,,,5.452514171600342,control,0.24997436250677135,0.24997436250677135
,-0.0012878798121316265,-0.0016522432184296035,,,-0.06553162045379277,113.76866211630252,-0.012328917275318345,-4.654710502544416,-4.6281704503113,-4.641440476427858,5.457539081573486,state,,
0.4999487250135427,,,0.6465135209539271,0.6465135209539271,,,,,,,5.457547903060913,control,0.24997436250677135,0.24997436250677135
,0.005420950008906949,0.005443954636299164,,,-0.058980573035903684,117.34255903615208,-0.012129927731890465,-4.004105372679105,-3.9915893176360986,-3.997847345157602,5.46258020401001,state,,
0.4999487250135427,,,0.6635832505348486,0.6635832505348486,,,,,,,5.462615013122559,control,0.24997436250677357,0.24997436250676913
,-0.006470497915957879,0.005290994326898397,,,-0.05271092453898769,120.92373135411093,-0.011999753591954196,-3.3293959822864165,-3.343069139194276,-3.3362325607403465,5.467789173126221,state,,
0.4999487250135427,,,0.6803115855241516,0.6803115855241516,,,,,,,5.467798709869385,control,0.24997436250677357,0.24997436250676913
,0.0005609682766201801,-0.0018663908803692925,,,-0.04938961745084539,125.03662299611281,-0.011982575241731632,-2.642208736390806,-2.6489727480835703,-2.645590742237188,5.473094463348389,state,,
0.4999487250135427,,,0.6967053538136686,0.6967053538136686,,,,,,,5.4731059074401855,control,0.24997436250677135,0.24997436250677135
,0.0023962854364463263,0.0018830610289627275,,,-0.040595355117061915,127.85438955740193,-0.011754027913118414,-1.9653430097942917,-1.9576022837644216,-1.9614726467793566,5.478415489196777,state,,
0.4999487250135427,,,0.7127712467373952,0.7127712467373952,,,,,,,5.478430986404419,control,0.24997436250677135,0.24997436250677135
,-0.0033845636924290617,0.005370691368075342,,,-0.030981982127620267,132.1231790670323,-0.011448345583301722,-1.232494800406113,-1.2333389121869753,-1.2329168562965442,5.4832165241241455,state,,
0.4999487250135427,,,0.7285158218026473,0.7285158218026473,,,,,,,5.483225584030151,control,0.24997436250677246,0.24997436250677024
,-0.0009635537727937093,-1.641433922793695e-05,,,-0.020177366005779518,135.27500605027387,-0.011159307473636729,-0.5047797516176167,-0.5079781316420707,-0.5063789416298436,5.48858118057251,state,,
0.4999487250135427,,,0.7439455053665943,0.7439455053665943,,,,,,,5.48859167098999,control,0.2499743625067708,0.2499743625067719
,-0.00038295397196338456,-0.007447659663812547,,,-0.014009774853686839,137.90210319906964,-0.011051835637455135,0.2350065257949166,0.21487972237878664,0.22494312408685163,5.493613004684448,state,,
0.4999487250135427,,,0.7590665952592625,0.7590665952592625,,,,,,,5.49362587928772,control,0.2499743625067712,0.2499743625067715
,-0.005637829462257093,-0.006206542733039673,,,-0.006758664156437003,141.51983712444724,-0.010910068213841126,0.9862758891806317,0.9939647776405629,0.9901203334105972,5.4986958503723145,state,,
0.4999487250135427,,,0.7738852633540773,0.7738852633540773,,,,,,,5.4987053871154785,control,0.2499743625067719,0.2499743625067708
,-0.001501717124948971,-0.007244775974271973,,,0.002065746661322666,145.0573723200675,-0.010691914709675183,1.7807586084590923,1.7626590241116815,1.771708816285387,5.504181385040283,state,,
0.4999487250135427,,,0.7884075580869957,0.7884075580869957,,,,,,,5.5041961669921875,control,0.24997436250677135,0.24997436250677135
,-0.0013941437799602238,-0.0033980139084370357,,,0.01113800486089234,147.5663834770765,-0.010357572876074573,2.5487209909066357,2.550224782017043,2.5494728864618397,5.509402751922607,state,,
0.4999487250135427,,,0.8026394069252558,0.8026394069252558,,,,,,,5.509418249130249,control,0.24997436250676913,0.24997436250677357
,-0.006637648334051822,-0.0027320268434994077,,,0.017763724484849783,151.2070046565429,-0.010062191671082089,3.37193825299845,3.354962137818083,3.3634501954082667,5.514002799987793,state,,
0.4999487250135427,,,0.8165866187867508,0.8165866187867508,,,,,,,5.51401424407959,control,0.24997436250676913,0.24997436250677357
,-0.0007177486029546138,0.0035429586721303424,,,0.018730164753505873,153.5432071695629,-0.009695755889639272,4.159118835244841,4.177577262869489,4.168348049057165,5.519210577011108,state,,
0.4999487250135427,,,0.8302548864110157,0.8302548864110157,,,,,,,5.519240379333496,control,0.2499743625067669,0.2499743625067758
,-0.00110606104339796,-0.00047372575369169687,,,0.022810452518613668,156.76195964863876,-0.009345560429787222,5.004477853974452,5.00229391415311,5.003385884063781,5.524470329284668,state,,
0.4999487250135427,,,0.8436497886827955,0.8436497886827955,,,,,,,5.524479150772095,control,0.24997436250677135,0.24997436250677135
,-0.009000719837538597,-0.0012329715353000949,,,0.030949835634480366,159.392860686227,-0.008971914336688458,5.837394680192684,5.847049875780702,5.842222277986693,5.5296008586883545,state,,
-0.5,,,0.7967767929091395,0.7967767929091395,,,,,,,5.5296101570129395,control,-0.24999999999999556,-0.25000000000000444
,-0.00047373995096893824,-4.472043667565807e-05,,,0.036542689723302005,159.47125659648268,-0.008532652777783352,6.626562285676935,6.655090255588353,6.640826270632644,5.534774303436279,state,,
-0.5,,,0.7508412570509566,0.7508412570509566,,,,,,,5.534783601760864,control,-0.25,-0.25
,-0.0028463123930772593,0.0056868889830950856,,,0.04328731745073021,157.0721911176159,-0.00796235305906621,7.384200518886383,7.391809307602509,7.388004913244446,5.539735317230225,state,,
-0.5,,,0.7058244319099375,0.7058244319099375,,,,,,,5.5397443771362305,control,-0.25,-0.25
,-0.009624133538562972,-0.004726671230089179,,,0.056220367040741986,153.562841231638,-0.007487284784784294,8.10689968123449,8.09303248129231,8.0999660812634,5.544843435287476,state,,
-0.5,,,0.6617079432717387,0.6617079432717387,,,,,,,5.544852018356323,control,-0.25,-0.25
,-0.004783776003204148,-0.006577050861444882,,,0.063764745775701,148.99121606808498,-0.007067205927270851,8.771000628064279,8.773324346594821,8.772162487329549,5.549853563308716,state,,
-0.5,,,0.6184737844063039,0.6184737844063039,,,,,,,5.549861907958984,control,-0.24999999999999112,-0.2500000000000089
,-0.00530623446769315,-0.00010338821452015245,,,0.06971834656337858,142.13312790135515,-0.0065348354866712425,9.381337278375677,9.366019248917954,9.373678263646816,5.5550196170806885,state,,
-0.5,,,0.5761043087181777,0.5761043087181777,,,,,,,5.555028676986694,control,-0.2500000000000089,-0.24999999999999112
,0.009044064156961533,0.0006813243131750265,,,0.07380314903947179,136.2058182286732,-0.0059010818266038625,9.9713031575779,9.949439425273717,9.960371291425808,5.560109615325928,state,,
-0.5,,,0.5345822225438142,0.5345822225438142,,,,,,,5.560119152069092,control,-0.25,-0.25
,-0.0012057182431158867,9.201564299158176e-05,,,0.08101638190237845,128.97742125026525,-0.005282940352652903,10.492557296340369,10.48787247706507,10.49021488670272,5.5652618408203125,state,,
-0.5,,,0.4938905780929378,0.4938905780929378,,,,,,,5.565270662307739,control,-0.2500000000000089,-0.24999999999999112
,0.0038615947588207266,0.005202667555383155,,,0.08807451213559041,121.48283733347634,-0.0045124545547786474,10.964409500929174,10.992288630456237,10.978349065692704,5.5704026222229,state,,
-0.5,,,0.454012766531079,0.454012766531079,,,,,,,5.570413589477539,control,-0.24999999999999112,-0.2500000000000089
,-0.004536655560076449,-0.0029767749011472976,,,0.09454107777203374,114.66909532404242,-0.003949188113986268,11.438937000403227,11.447563939871744,11.443250470137485,5.575486898422241,state,,
-0.5,,,0.4149325112004575,0.4149325112004575,,,,,,,5.575495004653931,control,-0.25,-0.25
,0.0016272599777353302,-0.005174204824305033,,,0.1010699653175636,106.94473770196586,-0.0033592442407855885,11.85737845560957,11.852695922132451,11.85503718887101,5.580613613128662,state,,
-0.5,,,0.37663386097644835,0.37663386097644835,,,,,,,5.580622434616089,control,-0.25,-0.25
,0.007209753728238197,0.001759332589956376,,,0.10884867514048008,99.58621247096767,-0.0025532715782749637,12.237407243026908,12.234300126548833,12.23585368478787,5.585692644119263,state,,
-0.5,,,0.33910118375691933,0.33910118375691933,,,,,,,5.585700750350952,control,-0.24999999999999112,-0.2500000000000089
,0.0026374884321444074,0.002040701732023426,,,0.11346320246490875,91.69337533187611,-0.001818896563318673,12.569483570872189,12.56792074288117,12.568702156876679,5.590814113616943,state,,
-0.5,,,0.30231916008178095,0.30231916008178095,,,,,,,5.590822458267212,control,-0.24999999999999112,-0.2500000000000089
,0.004048485937101006,0.003207526606038434,,,0.11666079638981375,84.47933855421516,-0.0010734929896656037,12.880291909059366,12.87227586767385,12.876283888366608,5.595951080322266,state,,
-0.5,,,0.2662727768801453,0.2662727768801453,,,,,,,5.595959663391113,control,-0.25,-0.25
,0.004330326430490117,0.001373744074649762,,,0.12137867058538934,77.09420518197769,-0.00032812684027263314,13.140736475405681,13.147697256830408,13.144216866118045,5.601181507110596,state,,
-0.5,,,0.2309473213425424,0.2309473213425424,,,,,,,5.601190567016602,control,-0.25,-0.25
,-0.006019989419200879,0.009067477236296766,,,0.12458860432907606,69.38536343565846,0.0004605298582012192,13.355497902530315,13.381409410174388,13.36845365635235,5.606264352798462,state,,
-0.5,,,0.19632837491569155,0.19632837491569155,,,,,,,5.6062726974487305,control,-0.24999999999999112,-0.2500000000000089
